Distance,Speed,Throttle,Brake,nGear,X,Y,Driver,MiniSector
0.0,288.49333333333334,100.0,0.0,7.0,1071.215562715443,-999.7308832507813,VER,1
90.0,308.4249984,100.0,0.0,8.0,151.99914727532914,-1080.2604643466198,VER,1
110.0,311.28333226666666,100.0,0.0,8.0,-146.7843993004034,-1106.8791003178815,VER,1
130.0,313.0,100.0,0.0,8.0,-286.8060523928828,-1119.076390082503,VER,1
140.0,315.1333333333333,100.0,0.0,8.0,-356.0,-1125.0,VER,1
150.0,317.0,100.0,0.0,8.0,-443.23039008666376,-1132.5932223149252,VER,1
170.0,317.96999936,100.0,0.0,8.0,-624.4346334890008,-1148.476440063122,VER,1
180.0,319.0,100.0,0.0,8.0,-805.9074058642816,-1164.3791474508535,VER,1
190.0,319.0181818181818,100.0,0.0,8.0,-813.0,-1165.0,VER,1
210.0,319.51818123636366,100.0,0.0,8.0,-1007.0,-1182.0,VER,1
220.0,319.9636363636364,100.0,0.0,8.0,-1186.618014308484,-1197.7831178147096,VER,2
240.0,320.7,100.0,0.0,8.0,-1468.0,-1222.0,VER,2
250.0,321.0,100.0,0.0,8.0,-1561.0665086519741,-1230.1249517259123,VER,2
280.0,320.975,100.0,0.0,8.0,-1855.8900056083462,-1256.8156841560985,VER,2
300.0,320.0,100.0,0.0,8.0,-1966.019011723722,-1266.1252690543652,VER,2
320.0,320.0,100.0,0.0,8.0,-2118.930892654831,-1279.312595175133,VER,2
340.0,319.1125,100.0,0.0,8.0,-2420.3362243524566,-1305.8685393826922,VER,2
370.0,317.97142857142853,100.0,0.0,8.0,-2710.213178126332,-1331.6659958375235,VER,2
390.0,316.37142857142857,100.0,0.0,8.0,-2942.0,-1352.0,VER,2
400.0,316.0,100.0,0.0,8.0,-2992.1640873354177,-1356.386132932575,VER,2
420.0,316.0,100.0,0.0,8.0,-3161.414956897587,-1371.1429031089497,VER,2
430.0,316.0,100.0,0.0,8.0,-3310.0,-1384.0,VER,2
440.0,316.0,100.0,0.0,8.0,-3422.0622013491293,-1393.6448694767244,VER,3
460.0,314.0,100.0,0.0,8.0,-3705.013057156855,-1418.0618391955613,VER,3
470.0,313.3,92.22222222222223,0.0,8.0,-3727.0,-1420.0,VER,3
490.0,305.15,1.6666666666666714,0.5,8.0,-3918.8000860014904,-1437.3354937225774,VER,3
510.0,259.0,0.0,1.0,8.0,-4067.919634406125,-1450.2473642159955,VER,3
520.0,249.0071242655948,0.0,1.0,8.0,-4155.0,-1458.0,VER,3
530.0,231.04167466666667,0.0,1.0,8.0,-4311.705954908393,-1472.5735669363462,VER,3
550.0,198.54167466666667,0.0,1.0,8.0,-4469.39331741957,-1484.5464214055007,VER,3
560.0,178.3000192,0.0,1.0,8.0,-4577.0,-1488.0,VER,3
570.0,160.76667306666667,0.0,1.0,4.0,-4656.479694387492,-1486.059777320503,VER,3
580.0,143.83333653333335,0.0,1.0,3.25,-4779.4699074901255,-1476.27167949293,VER,3
590.0,127.51667413333334,0.0,1.0,2.5,-4895.910317178718,-1446.6995600398627,VER,3
600.0,118.8,0.0,1.0,2.0,-4964.362382711713,-1410.2884200549422,VER,3
610.0,107.82639075555555,0.0,1.0,2.0,-5036.8560004351275,-1339.3082982879332,VER,3
620.0,95.56429165714286,0.0,1.0,2.0,-5093.888782081147,-1253.7165231231957,VER,3
630.0,83.47999999999999,0.0,1.0,1.0,-5118.067455424223,-1169.9671860574538,VER,3
640.0,76.04000256,0.0,0.2,1.0,-5124.43336671818,-1053.7026097566536,VER,3
650.0,71.03000064,2.9333333333333336,0.0,1.0,-5099.180159595196,-962.1357488888368,VER,3
660.0,76.82660753427398,11.95806144815655,0.0,1.0,-5032.84250420385,-859.2988038221325,VER,4
670.0,81.33999999999999,14.893333333333333,0.0,1.0,-4978.894220330219,-820.9060787958188,VER,4
680.0,86.165625,21.934375,0.0,1.0,-4854.828339161664,-795.3436217915,VER,4
690.0,98.21999999999998,38.06,0.0,1.0,-4676.518844848894,-823.7529567204087,VER,4
700.0,108.78,29.59,0.25,1.0,-4595.846675688551,-857.143926824459,VER,4
710.0,103.3,0.0,1.0,1.0,-4506.0,-886.0,VER,4
720.0,92.578293127999,0.0,1.0,1.0,-4396.56589362415,-905.7641668540169,VER,4
730.0,80.21166848,0.0,0.3333333333333333,1.0,-4292.621784136729,-904.5386090773632,VER,4
740.0,74.65083445333333,0.0,0.0,1.0,-4203.594760918775,-855.319163427,VER,4
750.0,73.4888888888889,7.597777777777779,0.0,1.0,-4156.806277848723,-757.2638335063124,VER,4
760.0,80.02916373333333,15.0187464,0.0,1.0,-4140.980066968252,-679.8438945163481,VER,4
770.0,87.83999999999999,26.679999999999996,0.0,1.0,-4143.513038970513,-564.0292479201049,VER,4
780.0,100.81666666666666,37.3,0.0,1.0,-4173.382616439063,-463.3199328164309,VER,4
790.0,112.2,43.35,0.0,2.0,-4214.022576833924,-392.2945388458894,VER,4
800.0,121.8,53.1,0.0,2.0,-4280.717993901702,-313.91480970170426,VER,4
810.0,131.0,60.0,0.0,3.0,-4362.806986794585,-212.1162866688336,VER,4
820.0,144.2,97.71428571428571,0.0,3.0,-4413.454467494247,-135.9587653949012,VER,4
830.0,150.0,100.0,0.0,3.0,-4436.031168381249,-95.60016342132664,VER,4
840.0,165.83255401304135,100.0,0.0,3.6666666666666665,-4474.321658604952,-4.0191445283636,VER,4
850.0,180.3834554627154,100.0,0.0,4.0,-4516.0,129.0,VER,4
860.0,187.0,100.0,0.0,4.0,-4534.283410340038,232.81302133809828,VER,4
870.0,194.99,100.0,0.0,4.0,-4555.0,378.0,VER,4
880.0,204.0,100.0,0.0,5.0,-4561.054385124697,430.22449836765276,VER,5
890.0,206.07272727272726,100.0,0.0,5.0,-4562.0,447.0,VER,5
900.0,214.70909090909092,100.0,0.0,5.0,-4567.0,566.0,VER,5
910.0,223.0,100.0,0.0,5.0,-4565.754242764143,685.9402022618749,VER,5
920.0,229.09,100.0,0.0,5.0,-4561.23661904869,794.5099839605359,VER,5
940.0,234.23,100.0,0.0,5.0,-4554.0,933.0,VER,5
950.0,238.41500000000002,100.0,0.0,5.5,-4545.598980353044,1056.2823621670889,VER,5
960.0,241.125,100.0,0.0,6.0,-4540.0,1119.0,VER,5
970.0,248.8125,100.0,0.0,6.0,-4518.334487698679,1287.1214645609143,VER,5
980.0,251.8788803431986,100.0,0.0,6.0,-4498.08391553874,1397.4827835700758,VER,5
1010.0,258.6437472,100.0,0.0,6.0,-4434.025499954137,1639.6276428371984,VER,5
1020.0,264.0,100.0,0.0,7.0,-4375.123404569575,1784.248679499083,VER,5
1030.0,265.90499712,100.0,0.0,7.0,-4333.0,1865.0,VER,5
1040.0,267.0,100.0,0.0,7.0,-4306.772449469552,1908.8756098255353,VER,5
1050.0,267.8343744,100.0,0.0,7.0,-4243.1499357781195,1995.0594030280704,VER,5
1070.0,273.87142582857143,100.0,0.0,7.0,-4036.1879878301534,2210.602582727519,VER,5
1090.0,275.74285714285713,100.0,0.0,7.0,-3949.988377105637,2278.0298471624,VER,5
1110.0,278.1142820571429,100.0,0.0,7.0,-3826.0,2362.0,VER,6
1120.0,280.0,100.0,0.0,7.0,-3649.507438214438,2456.657577517921,VER,6
1130.0,280.0,100.0,0.0,7.0,-3464.576816511428,2544.5152674345095,VER,6
1140.0,281.05714102857144,100.0,0.0,7.0,-3345.0,2586.0,VER,6
1150.0,282.0,100.0,0.0,7.0,-3245.735222015291,2617.543232960292,VER,6
1160.0,282.67999744,100.0,0.0,7.0,-3193.0,2634.0,VER,6
1180.0,285.64,100.0,0.0,7.0,-2967.649542298237,2701.2206293364543,VER,6
1200.0,287.8909090909091,100.0,0.0,7.0,-2782.0,2758.0,VER,6
1210.0,289.7090909090909,100.0,0.0,7.0,-2629.0,2806.0,VER,6
1220.0,290.0,100.0,0.0,7.0,-2604.114971650164,2813.8768857564205,VER,6
1230.0,290.0,100.0,0.0,7.0,-2472.9437149822006,2855.8717644065723,VER,6
1250.0,290.5222215111111,100.0,0.0,7.0,-2307.0,2912.0,VER,6
1260.0,291.0,100.0,0.0,8.0,-2082.617565510004,2991.705597831117,VER,6
1290.0,291.09791626666663,100.0,0.0,8.0,-1938.1626830979815,3044.777101875271,VER,6
1300.0,292.0,100.0,0.0,8.0,-1786.7025780794952,3101.9185822443933,VER,6
1320.0,292.0,100.0,0.0,8.0,-1642.2114640450345,3157.151143742726,VER,7
1330.0,292.0,100.0,0.0,8.0,-1563.0,3188.0,VER,7
1340.0,292.0,100.0,0.0,8.0,-1469.7180308046613,3225.113261951985,VER,7
1360.0,293.0,100.0,0.0,8.0,-1209.680676081832,3331.114588976437,VER,7
1370.0,292.8833333333333,100.0,0.0,8.0,-1191.0,3339.0,VER,7
1380.0,292.10833333333335,100.0,0.0,8.0,-1072.8506758480034,3389.767536604949,VER,7
1400.0,292.0,85.9,0.0,8.0,-912.0,3459.0,VER,7
1420.0,290.03999999999996,65.1,0.0,8.0,-747.7468700711295,3534.2303582140376,VER,7
1430.0,263.44166666666666,0.0,1.0,8.0,-547.8449040870255,3623.296733401291,VER,7
1450.0,201.46666666666667,0.0,1.0,8.0,-309.0,3729.0,VER,7
1460.0,197.0,0.0,1.0,8.0,-297.288134913063,3734.2483452535334,VER,7
1470.0,188.0,0.0,1.0,8.0,-228.06379909736305,3765.5779282649773,VER,7
1480.0,163.2977682346152,0.0,1.0,8.0,-93.18439685896281,3821.0765694794404,VER,7
1490.0,142.0,0.0,1.0,5.0,39.08463870759766,3860.958998553666,VER,7
1500.0,135.60417066666668,0.0,1.0,4.0,119.52516762964902,3872.1160203301997,VER,7
1510.0,124.17361244444446,0.0,1.0,3.0,219.2186901201229,3864.286625485827,VER,7
1520.0,115.17500373333334,0.0,1.0,3.0,287.3841985829917,3840.2225568563163,VER,7
1530.0,108.89444693333334,0.0,0.5,3.0,371.00936440857396,3781.3403490618184,VER,7
1540.0,106.96285744761906,6.505712761904761,0.0,3.0,437.2948895373807,3708.9630105412543,VER,8
1550.0,107.7224108137931,21.61551271724138,0.0,3.0,482.0749414320104,3640.5294875088716,VER,8
1590.0,132.62758620689655,59.43448275862069,0.0,3.0,575.7225843659771,3299.9609024602487,VER,8
1600.0,143.1749952,76.29999177142858,0.0,3.0,582.8792722741375,3230.391949626817,VER,8
1610.0,155.6749952,97.7285632,0.0,3.0,591.0558680370352,3126.291063935841,VER,8
1620.0,164.5687464,100.0,0.0,4.0,603.1025868360789,3013.258746533049,VER,8
1640.0,184.73958133333335,100.0,0.0,4.0,625.5357508707688,2823.444152732061,VER,8
1650.0,190.79748788542312,100.0,0.0,4.0,638.0,2733.0,VER,8
1660.0,198.31314851800525,100.0,0.0,4.0,651.0,2635.0,VER,8
1670.0,208.14,100.0,0.0,5.0,670.6532955164678,2500.25594625098,VER,8
1680.0,214.09,100.0,0.0,5.0,687.0509849664473,2397.3544717411482,VER,8
1700.0,221.825,100.0,0.0,5.0,721.6749474882643,2192.187370541098,VER,8
1720.0,235.91666666666669,100.0,0.0,5.0,754.3426031147212,2029.7538333444325,VER,8
1730.0,241.55,100.0,0.0,5.0,783.0,1903.0,VER,8
1750.0,246.96666666666667,100.0,0.0,5.0,818.0,1772.0,VER,8
1760.0,250.8,100.0,0.0,6.0,873.286685869899,1607.8393909003348,VER,9
1780.0,254.0,100.0,0.0,6.0,929.5723871788397,1460.723241719932,VER,9
1790.0,255.3665471089785,100.0,0.0,6.0,956.0,1408.0,VER,9
1800.0,257.33499904,100.0,0.0,6.0,1017.7686082689956,1290.78417116078,VER,9
1820.0,259.46999808,100.0,0.0,6.0,1099.0,1162.0,VER,9
1830.0,261.1196425142857,100.0,0.0,6.0,1181.9882494282558,1058.0537669047344,VER,9
1850.0,262.0,99.46407719999999,0.0,6.0,1312.0520353356512,931.6132191453737,VER,9
1870.0,262.0,51.918769600000005,0.0,6.0,1498.9751577971274,807.9728793362832,VER,9
1880.0,260.4,53.13333333333333,0.0,6.0,1587.0,767.0,VER,9
1890.0,259.0,55.0,0.0,6.0,1643.5933386910697,742.3543286490176,VER,9
1900.0,256.85000137142856,47.75000228571429,0.0,6.0,1738.7121150371968,713.53649757652,VER,9
1920.0,254.06428708571428,43.10714514285714,0.0,6.0,2007.112577451809,666.2700931581863,VER,9
1940.0,254.0,53.0,0.0,6.0,2142.079595845142,659.4155995922501,VER,9
1950.0,252.2,61.4,0.0,6.0,2234.5,673.5,VER,9
1960.0,251.0,67.0,0.0,6.0,2312.4283018043725,688.6231809329407,VER,9
1970.0,251.0,74.2,0.0,6.0,2426.0,721.0,VER,9
1980.0,251.075,80.575,0.0,6.0,2513.928468486788,754.3012394925936,VER,10
2000.0,252.0,100.0,0.0,6.0,2775.40408020846,904.9299475030398,VER,10
2010.0,252.2093744,100.0,0.0,6.0,2818.0,933.0,VER,10
2020.0,253.10124928,100.0,0.0,6.0,2885.626812287475,994.8867757686929,VER,10
2050.0,255.95124928,100.0,0.0,6.0,3074.28060720935,1195.3148770983394,VER,10
2060.0,254.44166826666665,56.366711466666665,0.0,6.0,3237.0,1315.0,VER,10
2070.0,254.0,44.0,0.0,6.0,3262.6394273818605,1332.010950413388,VER,10
2080.0,253.08250048,47.66999808,0.0,6.0,3317.841100530939,1357.1920282491355,VER,10
2100.0,251.1375008,49.8624992,0.0,6.0,3477.246977361963,1416.258451695187,VER,10
2110.0,248.7821449142857,50.73928502857143,0.0,6.0,3630.0,1444.0,VER,10
2120.0,248.0,51.0,0.0,6.0,3689.0165460683797,1447.5187094782507,VER,10
2130.0,248.0,64.0,0.0,6.0,3860.8765704019825,1445.9758229400645,VER,10
2140.0,248.45,69.4,0.0,6.0,3894.0,1444.0,VER,10
2150.0,250.85,98.2,0.0,6.0,4026.2512012617935,1421.6855650065825,VER,10
2170.0,252.13333333333333,100.0,0.0,6.0,4187.694049711407,1373.0577160245907,VER,10
2190.0,253.74444444444444,100.0,0.0,6.0,4371.641956063153,1283.0411415454992,VER,10
2200.0,254.34,100.0,0.0,6.0,4439.0,1239.0,VER,11
2210.0,255.18333333333334,100.0,0.0,6.0,4537.113956723902,1161.5189970865997,VER,11
2220.0,256.0,100.0,0.0,7.0,4640.829018610186,1064.562118226326,VER,11
2240.0,256.0,100.0,0.0,7.0,4735.297252404878,964.7927707198635,VER,11
2250.0,256.0,100.0,0.0,7.0,4828.0,859.0,VER,11
2260.0,256.0,100.0,0.0,7.0,4881.403560211504,793.3612544908734,VER,11
2270.0,256.45357074285715,100.0,0.0,7.0,4953.0,703.0,VER,11
2280.0,257.0,100.0,0.0,7.0,5012.898338995186,626.3145336812455,VER,11
2290.0,257.0,100.0,0.0,7.0,5077.0,546.0,VER,11
2300.0,257.11749952,100.0,0.0,7.0,5111.793832877511,504.302654660749,VER,11
2310.0,258.0,100.0,0.0,7.0,5202.556856837543,399.13688090843124,VER,11
2320.0,258.4593744,100.0,0.0,7.0,5295.0,294.0,VER,11
2330.0,259.0,100.0,0.0,7.0,5428.884768839842,141.1360863513913,VER,11
2340.0,259.3666666666667,100.0,0.0,7.0,5486.0,76.0,VER,11
2350.0,260.0,100.0,0.0,7.0,5545.482969408285,8.616040009432574,VER,11
2360.0,260.0,100.0,0.0,7.0,5583.81551492681,-33.9238690290715,VER,11
2370.0,260.1333333333333,100.0,0.0,7.0,5601.0,-53.0,VER,11
2380.0,260.74444373333336,100.0,0.0,7.0,5707.0,-171.0,VER,11
2390.0,261.0,100.0,0.0,7.0,5751.867320435158,-221.46645161195556,VER,11
2400.0,261.0,100.0,0.0,7.0,5811.271182712778,-288.4581337329635,VER,11
2410.0,261.6714276571429,100.0,0.0,7.0,5919.0,-410.0,VER,11
2420.0,262.0,100.0,0.0,7.0,5963.37025259258,-460.5263554304862,VER,12
2430.0,261.81111182222224,81.11118222222223,0.0,7.0,5996.0,-498.0,VER,12
2440.0,261.2,20.0,0.0,7.0,6100.0,-619.0,VER,12
2450.0,256.9666666666667,0.0,1.0,7.0,6153.93942055886,-681.0395214534474,VER,12
2470.0,227.9125024,0.0,1.0,7.0,6287.452952575114,-845.5585986199743,VER,12
2480.0,222.1625024,0.0,1.0,6.5,6388.138405264552,-1027.0230057360534,VER,12
2510.0,206.53000192000002,1.0,0.0,5.0,6427.32922984756,-1190.6871475198068,VER,12
2520.0,203.13000191999998,1.0,0.0,5.0,6422.736315111302,-1361.7455060986513,VER,12
2530.0,198.0,1.0,0.0,5.0,6413.806240866277,-1456.0847297876278,VER,12
2540.0,192.8718768,30.0593648,0.0,5.0,6383.830803158986,-1523.239890766558,VER,12
2570.0,196.2801249793177,29.007825028955253,0.0,5.0,6238.0,-1814.0,VER,12
2580.0,197.0,28.0,0.0,5.0,6207.08133787656,-1854.4584700453117,VER,12
2590.0,198.61666666666667,60.333333333333336,0.0,5.0,6134.843366727623,-1931.2423132404115,VER,12
2600.0,200.8,73.4,0.0,5.0,6071.0,-1986.0,VER,12
2610.0,203.0,80.0,0.0,5.0,6009.961214459865,-2026.6061313309065,VER,12
2620.0,209.3875,99.4625,0.0,5.0,5885.250320468606,-2083.404279859332,VER,12
2630.0,214.65714285714284,100.0,0.0,5.0,5786.0,-2118.0,VER,12
2640.0,219.0,100.0,0.0,5.0,5720.76999538704,-2134.094731853726,VER,13
2650.0,222.2375,100.0,0.0,5.0,5646.0,-2149.0,VER,13
2660.0,226.0,100.0,0.0,6.0,5539.73549105719,-2169.407111041631,VER,13
2670.0,227.7081838862231,100.0,0.0,6.0,5509.0,-2175.0,VER,13
2680.0,235.50626454676672,100.0,0.0,6.0,5360.951606009347,-2198.2066787764265,VER,13
2700.0,241.39166506666666,100.0,0.0,6.0,5146.927336533045,-2218.4627339934796,VER,13
2710.0,244.3812464,100.0,0.0,6.0,5035.0,-2224.0,VER,13
2730.0,249.0943162181818,100.0,0.0,6.0,4783.805439218727,-2231.3961213556704,VER,13
2760.0,257.0,100.0,0.0,6.0,4504.588304653912,-2243.4830185799397,VER,13
2770.0,258.84000000000003,100.0,0.0,6.0,4406.425301985532,-2249.5326448204946,VER,13
2800.0,263.9166648888889,100.0,0.0,6.5,4191.839671616366,-2263.2782646600517,VER,13
2810.0,265.8,100.0,0.0,7.0,4063.0,-2272.0,VER,13
2820.0,267.0,100.0,0.0,7.0,3979.780081011545,-2277.6128943367885,VER,13
2830.0,267.8374992,100.0,0.0,7.0,3880.7366114557303,-2284.309277513621,VER,13
2840.0,268.50999808,100.0,0.0,7.0,3811.0,-2289.0,VER,13
2850.0,270.30999808,100.0,0.0,7.0,3632.0,-2300.0,VER,13
2860.0,271.0,100.0,0.0,7.0,3562.7115060775413,-2304.11795112537,VER,14
2870.0,271.5218744,100.0,0.0,7.0,3436.0,-2312.0,VER,14
2890.0,272.2203116,100.0,0.0,7.0,3302.323781229574,-2321.67441772357,VER,14
2910.0,274.7515616,100.0,0.0,7.0,3093.415221957639,-2339.414228247775,VER,14
2920.0,276.0,100.0,0.0,7.0,2889.361975204254,-2359.5146641962538,VER,14
2930.0,276.3624992,100.0,0.0,7.0,2814.0,-2367.0,VER,14
2940.0,277.0,100.0,0.0,7.0,2740.2804340008843,-2374.0960724524925,VER,14
2950.0,277.6687488,100.0,0.0,7.0,2691.0,-2379.0,VER,14
2970.0,279.0,98.6781304,0.0,7.0,2509.9406551182956,-2398.010035586256,VER,14
2980.0,279.0,88.3562608,0.0,7.0,2368.0,-2413.0,VER,14
2990.0,279.0,82.0,0.0,7.0,2282.1985922950953,-2422.7709017239545,VER,14
3000.0,272.9091083636364,69.51367214545455,0.0,7.0,2230.0,-2429.0,VER,14
3010.0,247.4545629090909,17.331853963636362,0.0,7.0,2007.0,-2457.0,VER,14
3020.0,239.0,0.0,1.0,7.0,1945.5720613467843,-2464.680214524415,VER,14
3030.0,213.69174312986135,0.0,1.0,7.0,1842.0,-2478.0,VER,14
3040.0,188.51879868573772,0.0,1.0,7.0,1746.2577282282373,-2492.3289673435333,VER,14
3050.0,160.50714285714287,0.0,1.0,6.5,1593.999161404102,-2517.5978522536698,VER,14
3060.0,134.98125,0.0,1.0,4.5,1519.595296573797,-2533.010327718958,VER,14
3070.0,122.97,0.0,1.0,2.5,1451.5702704246876,-2550.174701588462,VER,14
3080.0,105.91897531067033,0.0,1.0,2.0,1343.2525743212561,-2591.109375631034,VER,15
3090.0,92.4125024,0.0,1.0,1.0,1254.0203808778895,-2670.25508027024,VER,15
3100.0,80.3666688,0.0,1.0,1.0,1223.094950305127,-2747.223971081399,VER,15
3110.0,76.3142857142857,4.217657396825397,0.3333333333333333,1.0,1229.2592824643627,-2819.200941931675,VER,15
3120.0,80.33999872,12.839998079999997,0.0,1.0,1280.1408582750564,-2920.5011257217398,VER,15
3130.0,87.61666559999999,31.483329422222223,0.0,1.0,1343.8779467576699,-2990.4604945337637,VER,15
3140.0,95.88570270476191,40.34284921904762,0.0,1.0,1397.0,-3031.0,VER,15
3160.0,127.34880518095238,61.87023512380952,0.0,1.5,1688.2775268349872,-3206.9393541980608,VER,15
3170.0,132.2249984,71.06249600000001,0.0,2.5,1758.9713681263274,-3247.2432208372975,VER,15
3180.0,143.21874400000002,90.218744,0.0,3.0,1830.484596654511,-3291.045029820845,VER,15
3190.0,154.89166506666666,100.0,0.0,3.3333333333333335,1941.454048974142,-3366.051595650808,VER,15
3200.0,163.87999232,100.0,0.0,4.0,2047.0,-3453.0,VER,15
3210.0,174.24061840000002,100.0,0.0,4.0,2118.0461634376825,-3529.7705650568114,VER,15
3220.0,185.0,100.0,0.0,4.0,2161.912953901662,-3592.0870801274327,VER,15
3230.0,187.89166506666666,100.0,0.0,4.0,2204.8923756439535,-3671.3757629751735,VER,15
3240.0,190.93332906666666,100.0,0.0,4.0,2236.0,-3746.0,VER,15
3250.0,196.6333312,100.0,0.0,4.5,2269.7013621033075,-3883.0796358348443,VER,15
3260.0,201.40999424,100.0,0.0,5.0,2284.0,-3974.0,VER,15
3270.0,204.0,100.0,0.0,5.0,2290.637913295641,-4049.314065997406,VER,15
3280.0,205.07526680448467,100.0,0.0,5.0,2294.0,-4099.0,VER,15
3290.0,208.175,100.0,0.0,5.0,2291.3039483175094,-4264.969625538745,VER,15
3300.0,210.0,100.0,0.0,5.0,2287.760641565599,-4329.963487958192,VER,16
3310.0,211.75166666666667,100.0,0.0,5.0,2252.3823847293356,-4500.765193832708,VER,16
3330.0,214.0,100.0,0.0,5.0,2191.2726543962117,-4722.141947795812,VER,16
3340.0,217.04000000000002,100.0,0.0,5.0,2165.662940852894,-4776.452162684548,VER,16
3360.0,219.5373129195817,100.0,0.0,5.0,2111.8413170169633,-4904.474836990679,VER,16
3370.0,221.0,100.0,1.0,5.0,2071.253804284538,-4987.178734923747,VER,16
3380.0,219.015628,60.31256,1.0,5.0,2034.0,-5054.0,VER,16
3390.0,214.86094559999998,0.0,1.0,5.0,1971.2102526477888,-5153.490677838955,VER,16
3400.0,193.7671956,0.0,1.0,5.0,1836.1060476128368,-5324.821320555268,VER,16
3420.0,178.17857828571428,0.0,1.0,4.0,1771.5677769536956,-5391.954784479753,VER,16
3430.0,165.0,0.0,1.0,4.0,1677.4380246716998,-5460.033584066172,VER,16
3440.0,161.72,0.0,0.0,4.0,1563.5318967287237,-5498.179041778568,VER,16
3460.0,153.93333333333334,2.4,0.0,4.0,1363.5245786375697,-5506.056319685802,VER,16
3470.0,150.7828116,30.6968696,0.0,4.0,1278.8656801216202,-5491.242530992028,VER,16
3480.0,153.5140604,45.101558,0.0,4.0,1135.2694736442645,-5430.111138352411,VER,16
3490.0,160.0,59.0,0.0,4.0,1054.7020047793044,-5383.248116180937,VER,16
3500.0,162.79165866666668,65.32775964444444,0.0,4.0,1039.0,-5370.0,VER,16
3510.0,175.15749568,93.12249664000001,0.0,4.0,930.3012897624665,-5277.160202709534,VER,16
3520.0,185.1749952,100.0,0.0,5.0,848.5028364351219,-5201.672211813309,VER,17
3540.0,196.82249664,100.0,0.0,5.0,721.0458459342776,-5086.000670705993,VER,17
3550.0,204.8374976,100.0,0.0,5.0,638.7863410174707,-5011.462100044428,VER,17
3560.0,209.7562464,100.0,0.0,5.0,579.0191457798933,-4958.826551454611,VER,17
3570.0,219.0,100.0,0.0,5.0,467.24589470414804,-4859.066663361026,VER,17
3580.0,219.11666346666667,100.0,0.0,5.0,465.0,-4857.0,VER,17
3590.0,223.78333013333332,100.0,0.0,5.0,422.0,-4816.0,VER,17
3600.0,225.0,100.0,0.0,6.0,398.0681574785698,-4795.026393206571,VER,17
3610.0,234.77499093333333,100.0,0.0,6.0,297.0,-4707.0,VER,17
3620.0,242.0,100.0,0.0,6.0,220.4252890365246,-4637.63148366595,VER,17
3630.0,246.48691083236932,100.0,0.0,6.0,146.52577523478135,-4572.040716225555,VER,17
3650.0,251.46239472083505,100.0,0.0,6.0,0.0,-4441.0,VER,17
3660.0,253.0,100.0,0.0,6.0,-64.41473136482168,-4382.986290484785,VER,17
3670.0,258.22,100.0,0.0,6.0,-182.82822131794015,-4276.610503226363,VER,17
3690.0,262.44444444444446,100.0,0.0,6.0,-288.0,-4183.0,VER,17
3700.0,264.0,100.0,0.0,7.0,-336.4499027017803,-4140.0957621457255,VER,17
3740.0,267.794070626425,100.0,0.0,7.0,-698.0,-3853.0,VER,18
3750.0,268.0,100.0,0.0,7.0,-719.0540887932505,-3840.6242923336945,VER,18
3770.0,267.1013891555556,100.0,0.0,7.0,-932.4100317342395,-3749.044049876981,VER,18
3780.0,266.0,100.0,0.0,7.0,-1074.4900568937346,-3722.132839476117,VER,18
3790.0,265.86500096,100.0,0.0,7.0,-1095.0,-3720.0,VER,18
3800.0,264.9156256,100.0,0.0,7.0,-1237.5946291518553,-3713.248248793695,VER,18
3810.0,263.9156256,100.0,0.0,7.0,-1349.9517946814217,-3716.1766215980333,VER,18
3820.0,263.0,100.0,0.0,7.0,-1539.4711115902808,-3755.9500923590385,VER,18
3830.0,262.8250016,100.0,0.0,7.0,-1575.0,-3765.0,VER,18
3850.0,261.0,100.0,0.0,7.0,-1788.6208509859428,-3846.7935946855346,VER,18
3860.0,260.0,100.0,0.0,7.0,-1857.313453190759,-3888.003205904606,VER,18
3880.0,260.0,100.0,0.0,7.0,-1958.3094965204186,-3946.325084636297,VER,18
3890.0,260.8895829333334,100.0,0.0,7.0,-2111.0572966462387,-4021.6751606491653,VER,18
3900.0,261.73499904,100.0,0.0,7.0,-2283.0,-4099.0,VER,18
3910.0,262.0,100.0,0.0,7.0,-2323.745651460118,-4115.940766634792,VER,18
3930.0,261.9437504,100.0,0.0,7.0,-2482.800587011924,-4159.390960324534,VER,18
3940.0,261.2208341333333,100.0,0.0,7.0,-2606.0,-4182.0,VER,18
3950.0,261.0,100.0,0.0,7.0,-2644.082243765481,-4187.532365940493,VER,18
3960.0,261.0,100.0,0.0,7.0,-2750.0,-4197.0,VER,19
3970.0,261.0,100.0,0.0,7.0,-2825.004598699773,-4197.982444309562,VER,19
3980.0,259.3785728,100.0,0.0,7.0,-3009.0,-4188.0,VER,19
3990.0,259.0,100.0,0.0,7.0,-3042.8658802096243,-4184.51189161337,VER,19
4000.0,258.9343768,98.90628000000001,0.0,7.0,-3164.355764904353,-4161.667779411795,VER,19
4020.0,253.0,0.0,1.0,7.0,-3464.2879940730077,-4071.567033021159,VER,19
4030.0,244.86430902857143,0.0,1.0,7.0,-3505.0,-4058.0,VER,19
4040.0,217.734384,0.0,1.0,7.0,-3556.554895671803,-4034.1136559271736,VER,19
4050.0,204.0,0.0,1.0,7.0,-3612.075763725369,-4000.2450328698887,VER,19
4060.0,196.21666986666668,0.0,1.0,7.0,-3732.830681436988,-3920.8613258788278,VER,19
4070.0,185.25500671999998,0.0,1.0,6.5,-3794.7307963679204,-3868.5842050689716,VER,19
4080.0,171.5187552,0.0,1.0,5.0,-3872.3799600332736,-3786.778913512324,VER,19
4090.0,158.34375733333334,0.0,1.0,4.0,-3928.1781768114247,-3712.799656074165,VER,19
4100.0,145.17782802570287,0.0,1.0,3.0,-3984.1870645724775,-3619.5138394691803,VER,19
4110.0,131.4,0.0,1.0,3.0,-4023.876711623041,-3525.7985290376278,VER,19
4120.0,126.06,0.0,1.0,3.0,-4046.251730184448,-3430.001173176727,VER,19
4130.0,119.49333333333334,0.0,0.6666666666666666,3.0,-4046.4721843984894,-3322.0723564562936,VER,19
4140.0,114.09252799371752,0.0,0.0,3.0,-4022.274912470975,-3214.0955180530323,VER,19
4150.0,109.796876,0.31874773333333334,0.0,3.0,-3985.214842832762,-3137.7093516949226,VER,19
4160.0,109.0,6.622909866666667,0.0,3.0,-3917.0,-3051.0,VER,19
4170.0,110.99499775999999,19.56499712,0.0,3.0,-3849.2910820207053,-2992.5394820455854,VER,19
4180.0,116.3499968,26.54999497142857,0.0,3.0,-3733.154053902687,-2940.2734413849557,VER,20
4190.0,122.8499968,36.76428068571428,0.0,3.0,-3688.695746981567,-2924.622236958494,VER,20
4200.0,128.3374976,44.723209142857144,0.0,3.0,-3613.5710766539537,-2902.5112479132877,VER,20
4210.0,136.2937488,60.2937488,0.0,3.0,-3468.6809588984856,-2868.4181379242805,VER,20
4230.0,158.28714604444443,98.6937424,0.0,3.0,-3309.6635050865493,-2835.4080228779408,VER,20
4240.0,168.0,100.0,0.0,4.0,-3221.0565987551136,-2817.791447530498,VER,20
4250.0,181.107136,100.0,0.0,4.0,-3115.1059533422012,-2797.9384807656993,VER,20
4260.0,196.0,100.0,0.0,4.0,-2991.335840445964,-2775.1852657972413,VER,20
4270.0,199.14165973333334,100.0,0.0,4.0,-2946.0,-2767.0,VER,20
4280.0,208.7652743111111,100.0,0.0,4.5,-2795.018401563157,-2742.21495373811,VER,20
4290.0,213.1749952,100.0,0.0,5.0,-2648.811244083372,-2719.4335416204613,VER,20
4310.0,229.0,100.0,0.0,5.0,-2462.101464710389,-2691.296410355413,VER,20
4320.0,233.6812416,100.0,0.0,5.0,-2408.0,-2683.0,VER,20
4330.0,236.0,100.0,0.0,6.0,-2380.4163415817447,-2678.6823824580924,VER,20
4340.0,238.7937488,100.0,0.0,6.0,-2253.590300867762,-2658.3108019540077,VER,20
4350.0,246.27221475555555,100.0,0.0,6.0,-2116.0,-2636.0,VER,20
4370.0,253.0,100.0,0.0,6.0,-1995.8848013718862,-2617.0550002905743,VER,20
4380.0,258.4406232,100.0,0.0,6.0,-1866.7277258335762,-2596.6902298870764,VER,20
4390.0,260.5031232,100.0,0.0,6.0,-1787.8591314272608,-2583.8341773239226,VER,20
4400.0,263.6458293333333,100.0,0.0,6.0,-1676.0,-2565.0,VER,21
4410.0,266.0,100.0,0.0,7.0,-1592.6739568506775,-2550.6461858900557,VER,21
4420.0,272.95477286088635,100.0,0.0,7.0,-1464.884657480319,-2528.8044773654665,VER,21
4430.0,276.45454545454544,100.0,0.0,7.0,-1363.0,-2512.0,VER,21
4460.0,284.2328481399026,100.0,0.0,7.0,-1049.5033164183992,-2460.7653212779906,VER,21
4490.0,289.78793947757924,100.0,0.0,7.0,-834.0,-2423.0,VER,21
4500.0,292.0,100.0,0.0,7.0,-688.0074650089914,-2397.8757948597995,VER,21
4510.0,293.2249984,100.0,0.0,7.0,-530.0,-2371.0,VER,21
4520.0,294.0,100.0,0.0,7.0,-468.2007198215809,-2360.6558814990844,VER,21
4530.0,295.7249984,100.0,0.0,7.0,-368.0,-2344.0,VER,21
4540.0,296.0,100.0,0.0,8.0,-342.86954521869234,-2339.6983034731247,VER,21
4550.0,298.0,100.0,0.0,8.0,-135.2355299894944,-2303.6224867044184,VER,21
4560.0,299.3374976,100.0,0.0,8.0,-25.0,-2284.0,VER,21
4570.0,301.0,100.0,0.0,8.0,91.76514421546857,-2262.5786428628326,VER,21
4590.0,301.80999808,100.0,0.0,8.0,256.2273642074821,-2231.4025174929093,VER,21
4600.0,304.0,100.0,0.0,8.0,384.8953139661648,-2207.4618336639946,VER,21
4630.0,304.0,100.0,0.0,8.0,666.0840981521801,-2156.094498128629,VER,22
4640.0,304.0,100.0,0.0,8.0,766.2011939393226,-2137.701084021056,VER,22
4660.0,304.0,100.0,0.0,8.0,896.5111548284772,-2113.642277823583,VER,22
4680.0,304.0,100.0,0.0,8.0,1180.3117451247022,-2061.409566652486,VER,22
4690.0,304.0,100.0,0.0,8.0,1291.8218001477783,-2040.6011801244354,VER,22
4710.0,305.0,100.0,0.0,8.0,1362.4978435311893,-2027.4544970471134,VER,22
4730.0,305.0,100.0,0.0,8.0,1666.9934558605953,-1972.827074940278,VER,22
4740.0,305.0,100.0,0.0,8.0,1774.3523969467483,-1953.3488910358037,VER,22
4760.0,305.73928502857143,100.0,0.0,8.0,1899.0,-1930.0,VER,22
4770.0,306.0,100.0,0.0,8.0,1945.9749127333362,-1921.3017928491254,VER,22
4780.0,305.0,100.0,0.0,8.0,2116.7387843450315,-1890.0129492232347,VER,22
4790.0,305.23499904,100.0,0.0,8.0,2166.0,-1881.0,VER,22
4800.0,306.0,100.0,0.0,8.0,2356.8661303773497,-1846.4569255852314,VER,22
4820.0,306.0,100.0,0.0,8.0,2513.8347038473057,-1821.1829907895344,VER,22
4840.0,306.0,100.0,0.0,8.0,2709.0563789721314,-1790.8120498700823,VER,23
4850.0,306.0,100.0,0.0,8.0,2857.130141877806,-1767.8016438338016,VER,23
4860.0,306.0,100.0,0.0,8.0,2913.0,-1759.0,VER,23
4870.0,306.0,100.0,0.0,8.0,3044.1214202682304,-1738.1159324204568,VER,23
4890.0,306.0,100.0,0.0,8.0,3182.0,-1717.0,VER,23
4900.0,306.0,100.0,0.0,8.0,3281.3054238248387,-1701.531510965522,VER,23
4910.0,306.0,100.0,0.0,8.0,3459.0933728223154,-1673.7567916745015,VER,23
4930.0,305.5660745142857,95.17860571428571,0.0,8.0,3705.2292079126055,-1636.2442900854048,VER,23
4950.0,293.47501439999996,0.0,1.0,8.0,3853.99295537967,-1613.6776026925447,VER,23
4970.0,267.0,0.0,1.0,8.0,3969.441867915738,-1596.0274541179226,VER,23
4980.0,255.53482778464328,0.0,1.0,8.0,4078.0,-1580.0,VER,23
4990.0,240.24791153091647,0.0,1.0,8.0,4203.711299156237,-1560.2963138605433,VER,23
5000.0,198.58333333333331,0.0,1.0,7.5,4384.058220542778,-1521.1012909369501,VER,23
5010.0,174.6224109232245,0.0,1.0,6.0,4447.626663189978,-1504.5754409624685,VER,23
5020.0,156.0,0.0,1.0,4.0,4507.53832648254,-1486.0567413279662,VER,23
5030.0,150.63214902857143,0.0,1.0,4.0,4583.912602353015,-1455.696669023482,VER,23
5040.0,124.09500288,0.0,1.0,2.6666666666666665,4679.884522461388,-1389.6161753435026,VER,23
5050.0,117.10833493333334,0.0,1.0,2.0,4734.000392642103,-1326.4471020179449,VER,23
5060.0,107.0019103695238,0.0,1.0,2.0,4773.921770870688,-1235.633884887299,VER,24
5070.0,95.10833493333332,0.0,0.3333333333333333,1.3333333333333333,4796.854560264986,-1134.0915294342942,VER,24
5080.0,84.88541866666667,0.0,0.0,1.0,4794.225809022152,-1029.87370732759,VER,24
5090.0,79.9468756,0.0,0.0,1.0,4770.038521913596,-937.2943504509909,VER,24
5100.0,80.01944391111111,8.939233777777778,0.0,1.0,4731.498229167923,-862.388595816441,VER,24
5110.0,85.95185114074074,18.582406162962965,0.0,1.0,4641.521632297518,-769.6464898782106,VER,24
5120.0,91.5062464,23.89582933333333,0.0,1.0,4589.0,-741.0,VER,24
5130.0,99.62155967999999,30.44145685333333,0.0,1.0,4497.092231431374,-717.5564608502983,VER,24
5140.0,110.68880591238094,39.399993599999995,0.0,1.6666666666666667,4396.5436457978685,-710.8826444116997,VER,24
5150.0,118.92321051428571,54.335712914285715,0.0,2.0,4326.427941912994,-712.6941975177939,VER,24
5160.0,132.1749952,59.190623200000005,0.0,2.25,4211.261071114501,-718.4540947005216,VER,24
5170.0,146.5303533714286,73.3499904,0.0,3.0,4106.505517899919,-726.4909264382724,VER,24
5180.0,155.1732105142857,95.3499904,0.0,3.0,4013.6377060652644,-736.2454610924265,VER,24
5190.0,166.1749952,100.0,0.0,3.5,3909.261097228351,-747.8547978831341,VER,24
5200.0,177.6125,100.0,0.0,4.0,3798.0474623739883,-760.1916145759576,VER,24
5210.0,186.975,100.0,0.0,4.0,3688.0,-773.0,VER,24
5220.0,191.0,100.0,0.0,4.0,3642.082486741582,-777.895351947546,VER,24
5230.0,201.49169806470528,100.0,0.0,4.5,3520.4015156718187,-789.2365917796261,VER,24
5240.0,208.2874944,100.0,0.0,5.0,3362.0,-803.0,VER,24
5250.0,211.0,100.0,0.0,5.0,3303.849505092794,-808.1179614380931,VER,24
5270.0,222.1499958857143,100.0,0.0,5.0,3168.6622376517585,-819.8703565756388,VER,24
5280.0,230.01427748571427,100.0,0.0,5.0,3052.0,-829.0,VER,25
5290.0,234.74444231111113,100.0,0.0,6.0,2896.0920887682882,-842.4234365245891,VER,25
5310.0,242.0,100.0,0.0,6.0,2701.9502098776084,-859.4494426698498,VER,25
5320.0,248.40908218181818,100.0,0.0,6.0,2624.0,-866.0,VER,25
5330.0,252.49999127272727,100.0,0.0,6.0,2540.0,-873.0,VER,25
5340.0,257.2531232,100.0,0.0,6.0,2436.58623762727,-882.1476801798115,VER,25
5360.0,262.5031232,100.0,0.0,6.0,2234.5583674251984,-899.6254915915299,VER,25
5380.0,266.2428544,100.0,0.0,6.0,2049.0,-915.0,VER,25
5390.0,268.1906232,100.0,0.0,7.0,1961.8672871383665,-922.6091397577744,VER,25
5410.0,273.0843744,100.0,0.0,7.0,1674.4302489194417,-947.7459150125895,VER,25
5420.0,274.0,100.0,0.0,7.0,1542.4570481836745,-959.1583959153478,VER,25
5450.0,278.05249856,100.0,0.0,7.0,1357.1075789002448,-974.822867496436,VER,25
5460.0,281.0,100.0,0.0,7.0,1229.2170690165833,-985.5934828222578,VER,25
5470.0,281.2791658666667,100.0,0.0,7.0,1178.0,-990.0,VER,25
5480.0,281.94166613333334,100.0,0.0,7.0,1036.866666068839,-1002.4026988727711,VER,25
0.0,284.10000128,99.0,0.0,7.0,962.3519300133661,-1009.1844748313263,HAM,1
10.0,287.4909090909091,99.0,0.0,7.0,891.4065862130199,-1015.7226176984547,HAM,1
30.0,292.07272727272726,99.0,0.0,7.0,715.0,-1031.0,HAM,1
40.0,296.0,99.0,0.0,7.0,556.8885571230089,-1044.5011908754464,HAM,1
60.0,298.61,99.0,0.0,7.0,414.4455149838285,-1056.9112999771723,HAM,1
80.0,302.29,99.0,0.0,7.0,235.0,-1073.0,HAM,1
90.0,305.54499999999996,99.0,0.0,7.5,78.13638948818203,-1086.9496242417983,HAM,1
100.0,306.85,99.0,0.0,8.0,-1.0,-1094.0,HAM,1
120.0,309.925,99.0,0.0,8.0,-211.13719069541622,-1112.4506146234726,HAM,1
130.0,310.9192535621324,99.0,0.0,8.0,-343.0,-1124.0,HAM,1
140.0,311.0,99.0,0.0,8.0,-354.1539235508131,-1124.9681258542128,HAM,1
160.0,311.9796872,99.0,0.0,8.0,-624.6391437325665,-1148.5156586062199,HAM,1
170.0,313.0874976,99.0,0.0,8.0,-706.0,-1156.0,HAM,1
180.0,315.0,99.0,0.0,8.0,-841.2207465155194,-1167.652396428038,HAM,1
200.0,315.0,99.0,0.0,8.0,-981.2497792762437,-1179.6803762412474,HAM,1
210.0,316.3374976,99.0,0.0,8.0,-1108.0,-1191.0,HAM,1
220.0,317.0,99.0,0.0,8.0,-1165.8734618601477,-1196.093439235041,HAM,2
240.0,317.0,99.0,0.0,8.0,-1481.2707366666937,-1223.3664009289857,HAM,2
260.0,317.0,99.0,0.0,8.0,-1582.0,-1232.0,HAM,2
270.0,317.0,99.0,0.0,8.0,-1635.699868765462,-1236.6897321316048,HAM,2
280.0,317.0,99.0,0.0,8.0,-1776.0,-1249.0,HAM,2
290.0,317.0,99.0,0.0,8.0,-1893.447424959714,-1259.299616946671,HAM,2
300.0,317.0,99.0,0.0,8.0,-2017.9943925579923,-1270.2293692871751,HAM,2
320.0,316.4714294857143,99.0,0.0,8.0,-2162.0,-1283.0,HAM,2
330.0,315.91500032,99.0,0.0,8.0,-2305.788072479999,-1296.2563267239282,HAM,2
360.0,315.09000000000003,99.0,0.0,8.0,-2614.3438880380586,-1322.7394241724921,HAM,2
380.0,314.05454545454546,99.0,0.0,8.0,-2825.0,-1341.0,HAM,2
400.0,313.07272727272726,99.0,0.0,8.0,-3013.0490089701607,-1358.2195551638242,HAM,2
410.0,312.26000128,99.0,0.0,8.0,-3154.0,-1370.0,HAM,2
420.0,312.0,99.0,0.0,8.0,-3194.504681049032,-1373.420766242782,HAM,2
440.0,311.4777784888889,99.0,0.0,8.0,-3361.0,-1388.0,HAM,3
450.0,311.0,99.0,0.0,8.0,-3614.897694857711,-1410.6352086108093,HAM,3
470.0,311.0,99.0,0.0,8.0,-3766.392720996203,-1423.8572973254256,HAM,3
480.0,308.6500096,88.62087573333334,0.0,8.0,-3791.0,-1426.0,HAM,3
490.0,299.0,46.0,1.0,8.0,-3943.4959477007233,-1439.4329463516106,HAM,3
500.0,277.30419946666666,21.65837013333333,1.0,8.0,-4054.0,-1449.0,HAM,3
510.0,255.7830252474267,0.0,1.0,8.0,-4156.0549644370785,-1457.6695994287647,HAM,3
520.0,243.56603841936715,0.0,1.0,8.0,-4225.053537061039,-1464.2991916522715,HAM,3
540.0,194.95,0.0,1.0,8.0,-4419.302881421955,-1481.4209130061283,HAM,3
550.0,179.95,0.0,1.0,8.0,-4523.018017780079,-1487.3211858158097,HAM,3
560.0,165.31,0.0,1.0,8.0,-4625.0,-1487.0,HAM,3
570.0,150.16,0.0,1.0,8.0,-4720.88399605276,-1483.70687730583,HAM,3
580.0,138.84166666666667,0.0,1.0,6.0,-4829.919780303282,-1467.4143387671868,HAM,3
590.0,120.63333333333333,0.0,1.0,4.0,-4961.041621978768,-1412.913694575906,HAM,3
600.0,106.1772862879807,0.0,1.0,2.0,-5016.143294558426,-1365.796913576327,HAM,3
610.0,97.01389155555556,0.0,1.0,2.0,-5081.132680006704,-1274.336852417592,HAM,3
620.0,86.86805688888889,0.0,1.0,1.0,-5120.649325951742,-1160.9513492288208,HAM,3
630.0,80.68958453333333,0.0,0.25,1.0,-5126.986089880312,-1074.7196784169744,HAM,3
640.0,77.25555626666667,1.7444437333333334,0.0,1.0,-5111.0178594052,-987.7241021600702,HAM,3
650.0,75.16428617142857,13.698569142857142,0.0,1.0,-5078.366951139936,-917.5182972074332,HAM,3
660.0,77.16896176551724,21.679305710344828,0.0,1.0,-5041.0,-868.0,HAM,4
680.0,91.76551724137931,39.710344827586205,0.0,1.0,-4804.06090926037,-788.7798067877594,HAM,4
690.0,99.67142582857143,51.88392342857143,0.0,1.0,-4669.830240874475,-828.2321060508488,HAM,4
700.0,103.7156268,36.0250336,1.0,1.0,-4564.965277331471,-868.3396935379063,HAM,4
710.0,96.60833493333332,1.0,1.0,1.0,-4461.5744787739495,-895.5359797466195,HAM,4
720.0,91.70563862940003,0.6722340899142907,1.0,1.0,-4395.5,-907.0,HAM,4
730.0,84.33,0.0,1.0,1.0,-4299.296335748265,-905.4965105660808,HAM,4
740.0,78.09722222222223,0.0,0.25,1.0,-4199.779811606106,-849.4231659564384,HAM,4
750.0,77.70555555555556,24.694444444444443,0.0,1.0,-4154.793668373602,-751.4339169911636,HAM,4
760.0,81.80735427065711,37.62206281197132,0.0,1.0,-4137.87667355892,-647.5685467095375,HAM,4
770.0,89.66332885333333,51.924995200000005,0.0,1.0,-4143.366174663702,-562.6067328737017,HAM,4
780.0,101.19642514285715,63.23928502857143,0.0,1.0,-4166.427957709005,-479.5510816870931,HAM,4
790.0,110.13124640000001,65.0874976,0.0,1.0,-4199.440637000856,-415.88849707563753,HAM,4
800.0,123.44999680000001,74.49999786666666,0.0,1.6666666666666667,-4269.5539432327205,-324.60938105123233,HAM,4
810.0,134.79999573333333,87.46666544761905,0.0,2.0,-4343.623838718616,-238.47602821682474,HAM,4
820.0,149.6999936,93.91428388571428,0.0,2.5,-4440.485284039047,-85.3381718274313,HAM,4
840.0,165.42857142857144,99.0,0.0,3.0,-4484.163761316564,18.28133516658398,HAM,4
850.0,175.07142857142856,99.0,0.0,3.5,-4506.687443154295,96.85720349604897,HAM,4
860.0,187.2,99.0,0.0,4.0,-4530.0,199.0,HAM,4
870.0,194.9,99.0,0.0,4.0,-4541.997165346083,269.4836187542903,HAM,4
880.0,206.0,99.0,0.0,5.0,-4564.289668145444,514.3532195602694,HAM,5
890.0,208.3031184,99.0,0.0,5.0,-4567.0,557.0,HAM,5
900.0,217.0,99.0,0.0,5.0,-4567.3686134021345,632.997496682885,HAM,5
910.0,217.87749376,99.0,0.0,5.0,-4567.0,642.0,HAM,5
930.0,229.78874688000002,99.0,0.0,5.0,-4556.644537502323,873.2393744643821,HAM,5
940.0,237.11666346666667,99.88958293333334,0.0,5.5,-4544.025218230516,1076.530698995948,HAM,5
960.0,240.75249856,100.0,0.0,6.0,-4536.987700255544,1149.1243866463653,HAM,5
970.0,247.5187472,99.0687504,0.0,6.0,-4514.136625758247,1313.4395160768395,HAM,5
990.0,253.2178550857143,99.86964251428572,0.0,6.0,-4475.163627094829,1494.867880237895,HAM,5
1010.0,256.525,100.0,0.0,6.0,-4408.770555820719,1706.0370279901097,HAM,5
1030.0,262.65,100.0,0.0,6.0,-4342.915600299659,1847.566942246566,HAM,5
1050.0,265.4666666666667,100.0,0.0,7.0,-4244.189078141593,1994.4055757486058,HAM,5
1070.0,271.10555555555555,100.0,0.0,7.0,-4096.644089007976,2155.944686820012,HAM,5
1080.0,272.34,100.0,0.0,7.0,-4032.0,2214.0,HAM,5
1090.0,273.0,100.0,0.0,7.0,-3951.2293240348677,2276.8059676363973,HAM,5
1100.0,273.73333333333335,100.0,0.0,7.0,-3898.0,2315.0,HAM,6
1110.0,275.0,100.0,0.0,7.0,-3812.6655314364198,2372.4111974991083,HAM,6
1120.0,276.85,100.0,0.0,7.0,-3700.0,2434.0,HAM,6
1130.0,278.0,100.0,0.0,7.0,-3597.0308317730073,2482.9174600602664,HAM,6
1140.0,279.61410739457006,100.0,0.0,7.0,-3362.720456970654,2579.5209706912296,HAM,6
1150.0,280.9071414857143,99.54642925714286,0.0,7.0,-3202.0,2631.0,HAM,6
1170.0,282.0,99.0,0.0,7.0,-3102.526414184612,2660.6621863974337,HAM,6
1180.0,282.7791658666667,99.0,0.0,7.0,-2991.0,2694.0,HAM,6
1190.0,283.23499904,99.0,0.0,7.0,-2933.7760496765595,2711.5398356638907,HAM,6
1200.0,285.0,99.0,0.0,7.0,-2810.332669351409,2749.380646279047,HAM,6
1210.0,286.3781232,99.0,0.0,7.0,-2690.0,2787.0,HAM,6
1230.0,288.0,99.0,0.0,7.0,-2445.2839979798937,2865.6016981126204,HAM,6
1250.0,288.0,99.0,0.0,7.0,-2307.633379116848,2911.293701658812,HAM,6
1260.0,288.0,99.0,0.0,7.0,-2232.5842234111933,2938.1880384432084,HAM,6
1280.0,288.0,99.0,0.0,7.0,-2053.0,3002.0,HAM,6
1290.0,288.0,99.0,0.0,7.0,-1950.6990069940316,3040.5502277729965,HAM,6
1300.0,288.0,99.0,0.0,7.0,-1864.0475770391713,3073.367364501043,HAM,6
1320.0,288.0,99.0,0.0,7.0,-1691.092647620586,3138.528679388955,HAM,7
1330.0,288.0,99.0,0.0,7.0,-1604.0,3172.0,HAM,7
1350.0,288.0,99.0,0.0,7.0,-1359.8156118782351,3268.7801578528624,HAM,7
1360.0,288.0,99.0,0.0,7.0,-1271.0,3305.0,HAM,7
1380.0,288.0,99.0,0.0,7.0,-1108.2107418024502,3374.610528209224,HAM,7
1400.0,288.0,99.0,0.0,7.0,-850.1270834529903,3486.5708455608874,HAM,7
1430.0,286.0,69.0,1.0,7.0,-655.6890438527687,3575.0495021634792,HAM,7
1440.0,281.06502016,53.7250624,1.0,7.0,-611.0,3595.0,HAM,7
1450.0,265.68251008,6.112531199999999,1.0,7.0,-437.51459816627596,3671.872734639168,HAM,7
1460.0,220.0,0.0,1.0,7.0,-334.5468956999824,3717.615223592957,HAM,7
1470.0,189.2312608,0.0,1.0,7.0,-276.5880765846813,3743.2856515629564,HAM,7
1490.0,147.19092517786797,0.0,1.0,7.0,-15.0,3848.0,HAM,7
1500.0,137.3,0.0,1.0,5.0,46.00468076851427,3862.8524349010077,HAM,7
1510.0,126.10000000000001,0.0,1.0,2.6666666666666665,143.13718664163483,3871.6898292020487,HAM,7
1520.0,120.075,0.0,0.75,2.0,256.70712622745145,3852.591696397012,HAM,7
1530.0,113.9,3.642857142857143,0.0,2.0,337.8957489825602,3807.1271836785177,HAM,7
1540.0,111.29304559241488,24.0832436650672,0.0,2.0,419.9070374722816,3729.8754200036983,HAM,8
1550.0,113.13699297453853,44.12368355603194,0.0,2.0,478.2669518780074,3648.839661281889,HAM,8
1560.0,117.49305422222221,54.88471928888889,0.0,2.0,523.0442354945751,3554.478393795389,HAM,8
1570.0,121.968744,63.1437392,0.0,2.0,540.0,3502.0,HAM,8
1580.0,129.3374976,74.97272552727273,0.0,2.0,566.119832832702,3374.89349159777,HAM,8
1590.0,139.0,82.0,0.0,3.0,584.2143707507294,3222.2310716374873,HAM,8
1600.0,147.28,93.96000000000001,0.0,3.0,588.423792216746,3163.845407257101,HAM,8
1620.0,168.64999253333332,98.93333191111111,0.0,3.0,601.2676021720636,3031.358326143607,HAM,8
1630.0,180.2,99.0,0.0,3.5,613.4486954052215,2919.5157503644314,HAM,8
1640.0,191.03999232,99.0,0.0,4.0,627.7986203492543,2804.954533402048,HAM,8
1660.0,205.15999488,99.0,0.0,4.5,654.6403633069656,2613.9367457231547,HAM,8
1670.0,210.1312464,99.0,0.0,5.0,672.0,2491.0,HAM,8
1680.0,213.0,99.0,0.0,5.0,686.5829305362777,2399.5519458310164,HAM,8
1690.0,215.203116,99.0,0.0,5.0,691.0,2372.0,HAM,8
1700.0,226.757808,99.0,0.0,5.0,716.9656203588988,2217.012269331468,HAM,8
1710.0,232.0,99.0,0.0,5.0,750.9100867107494,2048.517573246268,HAM,8
1720.0,233.812496,99.0,0.0,5.0,764.0,1986.0,HAM,8
1730.0,237.0,99.0,0.0,6.0,777.3994862638714,1924.5002389754163,HAM,8
1740.0,240.343744,98.6656256,0.0,6.0,788.0,1883.0,HAM,8
1750.0,247.367186,98.0734372,0.0,6.0,831.1253323051801,1730.0720275492909,HAM,8
1770.0,251.117186,98.8234372,0.0,6.0,885.3354518313532,1572.1919124202266,HAM,9
1780.0,252.60908916363636,99.0,0.0,6.0,918.0,1492.0,HAM,9
1800.0,255.57727185454547,99.0,0.0,6.0,1020.4813495518569,1286.4622793196422,HAM,9
1820.0,257.4060142705633,99.0,0.0,6.0,1109.0,1148.0,HAM,9
1830.0,258.80451118412566,99.0,0.0,6.0,1195.778475247888,1042.832100916018,HAM,9
1850.0,259.0,99.0,0.0,6.0,1383.4153391898408,877.4432186054578,HAM,9
1870.0,260.175,99.0,0.0,6.0,1468.0,825.0,HAM,9
1880.0,260.83000000000004,99.0,0.0,6.0,1575.588021369705,771.7104992574978,HAM,9
1890.0,260.0,99.0,0.0,6.0,1685.0042020815965,727.8984186920989,HAM,9
1910.0,259.9066666666667,68.65666666666667,0.0,6.0,1844.1216726976008,688.8215463045248,HAM,9
1920.0,257.79104497571825,71.6268650728453,0.0,6.0,1991.0734875016913,667.6490873842894,HAM,9
1940.0,255.0,80.0,0.0,6.0,2159.002522607534,672.0614396732568,HAM,9
1950.0,254.52954589090908,81.41136232727273,0.0,6.0,2337.0,695.0,HAM,9
1970.0,254.0,84.63124640000001,0.0,6.0,2463.8049119824263,734.0687270673311,HAM,9
1980.0,254.0,92.0,0.0,6.0,2583.3473745101305,786.8083928803185,HAM,10
1990.0,254.0,93.95416106666667,0.0,6.0,2628.0,809.0,HAM,10
2000.0,254.0,99.0,0.0,6.0,2733.9909234402053,871.2953218001347,HAM,10
2010.0,254.31428571428572,99.0,0.0,6.0,2782.0,905.0,HAM,10
2020.0,255.0,99.0,0.0,6.0,2884.4360825325093,994.4522936530609,HAM,10
2030.0,255.0,99.0,0.0,6.0,3005.578107174569,1122.1752041683615,HAM,10
2040.0,256.6749984,99.0,0.0,6.0,3091.0289933316617,1212.0591552127548,HAM,10
2060.0,257.0,99.97499946666667,0.0,6.0,3168.4841014224958,1270.4933104599104,HAM,10
2080.0,256.87142887619046,98.22857325714286,0.0,6.0,3326.633099040962,1359.7027412920402,HAM,10
2130.0,255.17380998095237,88.04285988571428,0.0,6.0,3826.0,1450.0,HAM,10
2140.0,255.0,87.0,0.0,6.0,3877.593846538513,1445.8269840000826,HAM,10
2150.0,254.1937504,91.031248,0.0,6.0,4013.169817748032,1424.089490478319,HAM,10
2160.0,254.0,100.0,0.0,6.0,4155.688508312494,1384.7980077052944,HAM,10
2170.0,254.0,100.0,0.0,6.0,4257.893274886913,1343.7576173125015,HAM,10
2180.0,253.86500096,100.0,0.0,6.0,4276.0,1335.0,HAM,10
2190.0,253.0,100.0,0.0,6.0,4398.024620561383,1264.912454879054,HAM,10
2200.0,253.0,100.0,0.0,6.0,4491.0,1201.0,HAM,11
2220.0,253.0218744,100.0,0.0,6.0,4606.409149942737,1099.569632282121,HAM,11
2230.0,254.0,100.0,0.0,6.0,4682.833681626277,1021.2606151483212,HAM,11
2240.0,252.55416746666668,100.0,0.0,6.0,4767.257604661088,928.8076344637816,HAM,11
2250.0,252.7249984,99.75833386666666,0.0,6.0,4838.0,847.0,HAM,11
2270.0,254.8624992,99.04583360000001,0.0,6.0,4951.245248348558,704.8024698624039,HAM,11
2280.0,255.0,99.0,0.0,6.0,5034.5980204218995,599.4404525888883,HAM,11
2300.0,255.03763340224234,99.0,0.0,6.0,5119.356278780933,494.96035030139063,HAM,11
2320.0,258.0,99.0,0.0,6.0,5262.385453108305,331.44367810393715,HAM,11
2330.0,258.0,99.0,0.0,6.0,5328.180967709947,257.4566836074065,HAM,11
2340.0,258.02916666666664,99.0,0.0,6.666666666666667,5474.263087636745,89.47619379639718,HAM,11
2360.0,259.0,99.0,0.0,7.0,5656.512389150401,-117.87841320275245,HAM,11
2380.0,258.02,99.0,0.0,7.0,5704.658708015775,-169.53162938156638,HAM,11
2390.0,259.0,99.0,0.0,7.0,5788.252387661987,-262.008366981748,HAM,11
2400.0,259.53731291958167,99.0,0.0,7.0,5841.0,-321.0,HAM,11
2410.0,260.0,99.0,0.0,7.0,5886.721729429558,-372.4904560374295,HAM,11
2420.0,259.6031256,99.0,0.0,7.0,5946.0,-440.0,HAM,12
2430.0,258.8312512,99.0,0.0,7.0,6040.073955421718,-549.6264646041575,HAM,12
2450.0,255.7062512,99.0,0.5,7.0,6230.3477369562315,-770.6497119137766,HAM,12
2470.0,237.81429394285715,7.0,1.0,7.0,6307.25170192209,-873.5003413529121,HAM,12
2490.0,220.7250048,6.7875008,1.0,6.0,6381.4761373865695,-1013.3611757860065,HAM,12
2500.0,215.04000000000002,7.6,1.0,6.0,6416.218912436624,-1136.9651836235157,HAM,12
2510.0,213.0,11.0,0.0,6.0,6426.771646663163,-1233.7678727023426,HAM,12
2520.0,204.85,12.133333333333333,0.0,5.0,6410.245882723754,-1431.9760964109864,HAM,12
2540.0,196.0,20.0,0.0,5.0,6398.12137144113,-1507.4626818234372,HAM,12
2550.0,195.2390628,58.8077972,0.0,5.0,6334.8083963749905,-1645.7754698227632,HAM,12
2560.0,195.4406232,72.3218696,0.0,5.0,6288.0,-1740.0,HAM,12
2570.0,198.0,80.0,0.0,5.0,6235.283727258273,-1821.0263805674765,HAM,12
2580.0,199.11666346666667,81.86110577777778,0.0,5.0,6219.0,-1839.0,HAM,12
2590.0,204.12249664,90.03499904,0.0,5.0,6104.452922104174,-1958.6907197190867,HAM,12
2600.0,211.0,92.0,0.0,5.0,6018.638555184904,-2022.108959289092,HAM,12
2610.0,211.78333013333332,93.37082773333333,0.0,5.0,5990.0,-2037.0,HAM,12
2620.0,215.46999807999998,99.0,0.0,5.0,5823.222802185357,-2104.7100528963256,HAM,12
2630.0,219.0,99.0,0.0,5.0,5765.279680726039,-2124.6715419386674,HAM,12
2640.0,226.6749952,99.0,0.0,5.0,5723.881434209844,-2132.6573390877093,HAM,13
2650.0,228.3781232,99.0,0.0,5.0,5628.0,-2153.0,HAM,13
2660.0,230.07777564444444,99.0,0.0,6.0,5517.200802892336,-2173.6164155312836,HAM,13
2680.0,236.37777351111112,99.0,0.0,6.0,5334.0,-2202.0,HAM,13
2690.0,238.0,99.0,0.0,6.0,5286.092395271756,-2207.563052343722,HAM,13
2700.0,240.29999786666667,99.57499946666667,0.0,6.0,5149.0,-2219.0,HAM,13
2710.0,242.0,100.0,0.0,6.0,5045.946920568511,-2223.8076362228776,HAM,13
2720.0,246.48041147141893,99.11041706666667,0.0,6.0,4947.243687579351,-2226.629188222619,HAM,13
2740.0,250.71866226736256,99.0,0.0,6.0,4752.0,-2232.0,HAM,13
2750.0,252.0,99.0,0.0,6.0,4665.793904052223,-2235.52860718009,HAM,13
2760.0,255.48000000000002,99.0,0.0,6.0,4507.6068039539605,-2242.920525190919,HAM,13
2780.0,259.44444444444446,99.0,0.0,6.0,4369.0,-2251.0,HAM,13
2790.0,261.0,99.0,0.0,6.0,4305.307169131443,-2255.147363268278,HAM,13
2830.0,263.9227764849094,99.0,0.0,6.5,3831.5596209352643,-2286.809774683543,HAM,13
2850.0,267.18888675555553,99.0,0.0,7.0,3608.0,-2301.0,HAM,13
2860.0,268.0,99.0,0.0,7.0,3554.287932045824,-2304.2649022463984,HAM,14
2870.0,268.06749952,99.0,0.0,7.0,3425.193262208659,-2312.3114899074526,HAM,14
2890.0,269.0843744,99.0,0.0,7.0,3275.36138502829,-2323.2841012191916,HAM,14
2900.0,270.0843744,99.0,0.0,7.0,3159.7230633977097,-2332.7430295802988,HAM,14
2910.0,271.0874992,99.0,0.0,7.0,2940.001554420286,-2354.1172819726376,HAM,14
2930.0,273.0,99.0,0.0,7.0,2682.774217721979,-2379.872149572709,HAM,14
2950.0,274.01666666666665,99.0,0.0,7.0,2604.8490442298835,-2387.8117736432364,HAM,14
2970.0,275.0,99.0,0.0,7.0,2499.4040525230826,-2398.5461053822382,HAM,14
2980.0,275.0,99.0,0.0,7.0,2331.5599740793527,-2417.2623405046525,HAM,14
2990.0,275.0,99.0,0.0,7.0,2137.0,-2440.0,HAM,14
3000.0,275.0,99.0,1.0,7.0,2093.7946297871263,-2445.3008938781004,HAM,14
3020.0,241.7937728,0.9437504,1.0,7.0,1965.422216490484,-2463.1976766545467,HAM,14
3030.0,194.2937728,0.11041706666666667,1.0,7.0,1852.6469666092391,-2476.8283785638387,HAM,14
3040.0,171.87500799999998,0.0,1.0,7.0,1741.1311953212726,-2492.7589463602653,HAM,14
3050.0,147.73216,0.0,1.0,7.0,1609.0,-2515.0,HAM,14
3060.0,137.5500032,0.007291466666666666,1.0,7.0,1549.638660606506,-2526.530509365446,HAM,14
3070.0,119.0,1.0,1.0,4.0,1387.9662339769657,-2572.0109893999784,HAM,14
3080.0,110.17054262857143,1.0,1.0,2.6666666666666665,1353.355780207671,-2584.6935583669124,HAM,15
3090.0,93.75694577777779,1.0,1.0,1.6666666666666667,1286.173223272097,-2630.7663667615047,HAM,15
3100.0,86.507252544,2.91499776,1.0,1.0,1233.016886031797,-2710.1566226428754,HAM,15
3110.0,79.73079187494594,17.46691629978374,0.0,1.0,1226.069971059235,-2805.056110160979,HAM,15
3120.0,82.43333333333334,32.46666666666667,0.0,1.0,1255.7204661073822,-2888.0708595514675,HAM,15
3130.0,87.66333333333334,44.406666666666666,0.0,1.0,1305.304379478908,-2953.73382288535,HAM,15
3140.0,101.80184000785309,63.74120800942371,0.0,1.0,1403.5120098525294,-3035.039808744511,HAM,15
3150.0,111.1749952,74.1749952,0.0,1.0,1483.0,-3086.0,HAM,15
3160.0,118.41804942222223,81.12082773333333,0.0,2.0,1597.752793758383,-3153.3327015858467,HAM,15
3170.0,138.0,99.0,0.0,2.0,1806.1383763304384,-3271.660842352316,HAM,15
3180.0,150.53998592,99.0,0.0,2.0,1851.0,-3304.0,HAM,15
3190.0,160.49999542857142,99.0,0.0,3.0,1976.8097931027764,-3392.8309722849262,HAM,15
3200.0,169.7857097142857,99.0,0.0,3.0,2027.2674676080107,-3435.231582771101,HAM,15
3210.0,176.0,99.0,0.0,4.0,2096.0503438198566,-3503.3650688999196,HAM,15
3220.0,176.57856731428572,99.0,0.0,4.0,2106.0,-3515.0,HAM,15
3230.0,182.4406232,99.0,0.0,4.0,2196.9507118581014,-3652.8186461943615,HAM,15
3240.0,185.0,99.0,0.0,4.0,2225.9944421865007,-3713.070785997817,HAM,15
3250.0,188.7937488,99.9484372,0.0,4.0,2260.728453453855,-3839.2079901483144,HAM,15
3260.0,190.5874976,99.47083413333333,0.0,4.0,2275.0,-3915.0,HAM,15
3270.0,192.0,99.0,0.0,4.0,2283.4148495407176,-3975.681355159438,HAM,15
3280.0,193.7476181333333,99.87380906666665,0.0,4.333333333333333,2293.400954234708,-4107.012073125787,HAM,15
3290.0,197.0,100.0,0.0,5.0,2292.8267962137484,-4235.798109275548,HAM,15
3300.0,198.20833066666665,100.0,0.0,5.0,2290.0,-4282.0,HAM,16
3310.0,201.9097208888889,100.0,0.0,5.0,2269.011450562738,-4430.709699903602,HAM,16
3320.0,204.0437488,99.0,0.0,5.0,2236.6719952161475,-4566.429912407595,HAM,16
3340.0,208.0,99.0,0.0,5.0,2183.8169268488055,-4730.487577146492,HAM,16
3350.0,209.6687488,99.0,0.0,5.0,2161.389498580713,-4787.545977348446,HAM,16
3360.0,210.9312496,99.0,0.0,5.0,2112.099674166636,-4903.363026830306,HAM,16
3370.0,209.44166826666665,53.80837973333334,0.0,5.0,2058.0,-5011.0,HAM,16
3380.0,208.0,12.0,1.0,5.0,2006.963503968921,-5098.141316868188,HAM,16
3390.0,200.0,12.0,1.0,5.0,1956.4342153506045,-5173.08332645864,HAM,16
3400.0,193.45834133333332,13.9624976,1.0,5.0,1921.8360830460772,-5218.806944415371,HAM,16
3410.0,183.1187536,14.235417066666667,1.0,4.5,1843.1940919204665,-5315.53469947292,HAM,16
3420.0,175.78392035433524,15.738693215221595,1.0,4.0,1766.306395624018,-5396.135482580646,HAM,16
3430.0,171.8090909090909,16.0,1.0,4.0,1719.0,-5435.0,HAM,16
3440.0,161.8835759300487,16.55301433226871,0.0,4.0,1554.7879061952262,-5501.484319385276,HAM,16
3460.0,158.5530151306052,32.37317812962536,0.0,4.0,1391.8909128832338,-5505.056332164905,HAM,16
3470.0,159.6124992,56.7687392,0.0,4.0,1249.3324813361453,-5482.194910430044,HAM,16
3480.0,162.5874976,69.7624928,0.0,4.0,1181.0,-5454.0,HAM,16
3490.0,163.0,71.0,0.0,4.0,1168.4137040302494,-5446.917077190014,HAM,16
3500.0,169.78333013333332,84.56041386666666,0.0,4.0,1039.3935833063529,-5367.835162556796,HAM,16
3510.0,179.0,87.5,0.0,4.0,933.5582885770276,-5282.691088866308,HAM,16
3520.0,183.07999744,92.55998208,0.0,4.0,867.0,-5219.0,HAM,17
3530.0,184.0,99.0,0.0,4.0,827.6712833186785,-5182.463688648705,HAM,17
3540.0,196.70499712,99.88250048,0.0,5.0,689.6082078626437,-5057.7230933866995,HAM,17
3550.0,202.0,99.0,0.0,5.0,636.9416015409474,-5010.61930904591,HAM,17
3560.0,210.0874976,99.98250048,0.0,5.0,570.6709614283251,-4951.494809113228,HAM,17
3580.0,216.17249664000002,99.0,0.0,5.0,440.05033530203673,-4834.4877667448145,HAM,17
3590.0,222.0,99.0,0.0,5.0,397.33396023542855,-4796.204743906411,HAM,17
3600.0,232.07499794285712,99.0,0.0,6.0,369.29403711530904,-4771.155783579723,HAM,17
3620.0,238.5437488,99.0,0.0,6.0,166.61693474443513,-4590.043180339097,HAM,17
3630.0,240.0,99.0,0.0,6.0,111.75732474721045,-4540.836352791126,HAM,17
3640.0,244.43571017142858,99.0,0.0,6.0,51.0,-4486.0,HAM,17
3650.0,246.0,99.0,0.0,6.0,20.15083053457399,-4458.285998437026,HAM,17
3660.0,250.35249856000002,99.0,0.0,6.0,-100.25420396719021,-4350.409331203848,HAM,17
3670.0,253.0,99.0,0.0,6.0,-193.79373531342304,-4266.714277503696,HAM,17
3680.0,253.5062464,99.0,0.0,6.0,-208.0,-4254.0,HAM,17
3690.0,256.23928502857143,99.0,0.0,6.0,-296.19968618849316,-4174.974667741795,HAM,17
3700.0,257.76428434285714,99.0,0.0,6.0,-410.0,-4073.0,HAM,17
3710.0,258.0,99.0,0.0,6.0,-427.7522322863025,-4057.3575268639956,HAM,17
3720.0,260.0,99.0,0.0,6.0,-533.3868265687653,-3967.852570198659,HAM,17
3730.0,260.0,99.0,0.0,7.0,-627.8038838221139,-3897.484118463938,HAM,17
3740.0,260.1468744,99.0,0.0,7.0,-656.0,-3879.0,HAM,18
3750.0,260.7921872,99.0,0.0,7.0,-779.398405139322,-3807.820086762912,HAM,18
3770.0,261.0,99.0,0.0,7.0,-956.82808099383,-3742.7401174095803,HAM,18
3780.0,259.9035721142857,99.0,0.0,7.0,-1170.0708050256683,-3715.3327798354885,HAM,18
3800.0,257.88250048,99.0,0.0,7.0,-1303.5708024406777,-3712.633817812427,HAM,18
3820.0,257.0,99.0,0.0,7.0,-1413.7706883733474,-3728.5457818027385,HAM,18
3830.0,256.1810591274745,99.0,0.0,7.0,-1521.0,-3749.0,HAM,18
3840.0,255.0891365379226,99.0,0.0,7.0,-1661.5628957733495,-3797.1351981220096,HAM,18
3850.0,254.38333333333333,99.0,0.0,7.0,-1854.0,-3886.0,HAM,18
3860.0,254.0,99.0,0.0,7.0,-1922.892644269434,-3919.8815297553365,HAM,18
3870.0,254.0,99.0,0.0,7.0,-1968.132128069287,-3946.482782049335,HAM,18
3880.0,254.0,99.0,0.0,7.0,-2008.0,-3969.0,HAM,18
3890.0,254.3968744,99.0,0.0,7.0,-2128.8101810830262,-4030.9066807565196,HAM,18
3900.0,255.0,99.0,0.0,7.0,-2193.787214652216,-4061.906311276358,HAM,18
3910.0,255.5964278857143,99.59642788571429,0.0,7.0,-2302.0,-4106.0,HAM,18
3920.0,256.0,100.0,0.0,6.0,-2377.3415981934586,-4131.340180482552,HAM,18
3930.0,255.18250048,100.0,0.0,6.0,-2489.1997003378974,-4160.465403905209,HAM,18
3940.0,254.55416746666666,100.0,0.0,6.0,-2588.0,-4179.0,HAM,18
3950.0,254.0,100.0,0.0,6.0,-2676.8246540202904,-4191.605498789334,HAM,18
3960.0,254.0,100.0,0.0,6.0,-2798.2728062653837,-4197.072558124922,HAM,19
3980.0,252.32857234285714,100.0,0.0,6.0,-3038.17371190462,-4184.78074152192,HAM,19
4000.0,251.9156256,100.0,0.0,6.0,-3168.578963110147,-4160.689657592642,HAM,19
4020.0,249.07188159999998,96.203152,1.0,6.0,-3381.879024268982,-4105.99927714598,HAM,19
4030.0,237.1437632,47.406304,1.0,6.0,-3492.0,-4064.0,HAM,19
4040.0,222.9703236,9.0484396,1.0,6.0,-3586.5045067641577,-4017.511802986448,HAM,19
4050.0,197.1281472,4.1593792,1.0,6.0,-3751.0,-3907.0,HAM,19
4060.0,191.0,3.0,1.0,6.0,-3775.556818811512,-3888.838281649721,HAM,19
4070.0,186.13541866666668,3.9729162666666666,1.0,6.0,-3812.476380971248,-3851.41292892085,HAM,19
4080.0,164.76667306666667,3.019443911111111,1.0,5.0,-3879.833791716599,-3778.404955717969,HAM,19
4090.0,141.43333973333333,4.9638883555555555,1.0,4.0,-3976.2591409035977,-3634.7855285168143,HAM,19
4100.0,133.078128,6.194791466666667,1.0,3.0,-4010.5516523096,-3561.815794792254,HAM,19
4110.0,121.82812799999999,6.944791466666667,1.0,2.5,-4043.439755238459,-3449.4004607025036,HAM,19
4120.0,117.80904972190477,7.302380495238094,1.0,2.0,-4049.0019701393408,-3375.2127860186606,HAM,19
4130.0,112.55500031999999,9.0,0.0,2.0,-4035.7219018079813,-3261.6675921903134,HAM,19
4140.0,110.54017942857143,9.072914666666668,0.0,2.0,-4002.333388191009,-3170.935238684089,HAM,19
4150.0,108.71049068571429,22.170755714285715,0.0,2.0,-3954.345926535078,-3094.005063335295,HAM,19
4160.0,111.33571291428572,39.33928228571429,0.0,2.0,-3885.8462347491204,-3023.9490333305707,HAM,19
4170.0,115.22333269333335,50.89333077333333,0.0,2.0,-3805.208677316361,-2972.1223922708086,HAM,19
4180.0,120.8,59.6,0.0,2.0,-3721.5,-2936.0,HAM,20
4190.0,127.15214319276005,70.91839378009016,0.0,2.0,-3608.3110876916926,-2901.878662696859,HAM,20
4200.0,137.062496,80.031248,0.0,2.5,-3461.049853839201,-2866.7635850406696,HAM,20
4220.0,156.12499657142857,96.02499931428571,0.0,3.0,-3351.152238637387,-2844.2379079545267,HAM,20
4230.0,165.57526030899473,97.77857097142856,0.0,3.0,-3206.045181694102,-2815.312871134707,HAM,20
4250.0,177.0,98.0,0.0,4.0,-3039.901247009408,-2783.9381818561765,HAM,20
4260.0,187.68180363636364,98.42727214545455,0.0,4.0,-2978.0,-2773.0,HAM,20
4270.0,199.80936795151516,98.89999980606062,0.0,4.666666666666667,-2861.9626045102464,-2753.4607247340423,HAM,20
4290.0,212.0890592,99.0,0.0,5.0,-2676.3525445416362,-2723.5839258711567,HAM,20
4310.0,223.8642816,99.0,0.0,5.0,-2509.8392553386,-2698.726503105472,HAM,20
4320.0,228.1749952,99.0,0.0,5.0,-2414.0,-2684.0,HAM,20
4330.0,233.7593696,99.0,0.0,6.0,-2221.8901405086917,-2652.916723785861,HAM,20
4340.0,242.0,99.0,0.0,6.0,-2110.230223926702,-2635.160750854885,HAM,20
4360.0,251.0874976,99.0,0.0,6.0,-1941.8272320304593,-2609.288105281295,HAM,20
4380.0,256.27916586666663,99.0,0.0,6.0,-1810.135993254928,-2587.8876649851727,HAM,20
4390.0,258.0,99.0,0.0,6.0,-1636.1896554874115,-2557.9351535714222,HAM,20
4410.0,262.6749952,99.0,0.0,6.0,-1456.0,-2527.0,HAM,21
4420.0,268.0,99.0,0.0,7.0,-1275.7586377257792,-2497.7963155354687,HAM,21
4430.0,271.20999424,99.0,0.0,7.0,-1202.0,-2486.0,HAM,21
4440.0,274.0,99.0,0.0,7.0,-1149.3258801751185,-2477.461796219767,HAM,21
4460.0,279.1678564571429,99.0,0.0,7.0,-1019.9353085330742,-2455.5846562676984,HAM,21
4480.0,280.8107136,99.0,0.0,7.0,-846.1477663947859,-2425.422817641342,HAM,21
4490.0,284.73999616,99.0,0.0,7.0,-680.0,-2397.0,HAM,21
4500.0,285.0,99.0,0.0,7.0,-669.8801468790693,-2395.2303141578514,HAM,21
4510.0,286.1928557714286,99.0,0.0,7.0,-502.6560332559885,-2365.7962181972553,HAM,21
4530.0,289.47857005714286,99.0,0.0,7.0,-319.9722725008246,-2336.26104414973,HAM,21
4550.0,292.2999978666667,99.0,0.0,7.0,-126.0,-2303.0,HAM,21
4560.0,293.5944433777778,99.0,0.0,7.0,-33.326173945712895,-2285.5225441317143,HAM,21
4580.0,294.33499904,99.0,0.0,7.0,153.1830861136578,-2249.770167906004,HAM,21
4590.0,296.0,99.0,0.0,7.0,323.7203748501219,-2218.5280068443135,HAM,21
4600.0,296.7280324509717,99.0,0.0,7.0,410.0,-2203.0,HAM,21
4610.0,298.0,99.0,0.0,7.0,526.6273245686202,-2182.149342322489,HAM,21
4630.0,299.425,99.0,0.0,7.0,671.0,-2156.0,HAM,22
4640.0,300.0,99.0,0.0,8.0,742.2115560753563,-2142.6646887443303,HAM,22
4650.0,300.0,99.0,0.0,8.0,884.0,-2116.0,HAM,22
4670.0,300.0,99.0,0.0,8.0,1068.9898507101761,-2082.08732154457,HAM,22
4690.0,299.5406256,99.0,0.0,8.0,1195.0,-2059.0,HAM,22
4700.0,299.0,99.0,0.0,8.0,1425.2338573948955,-2016.8053876071313,HAM,22
4710.0,299.7093744,99.0,0.0,8.0,1548.2102263617114,-1994.258681182363,HAM,22
4730.0,299.0,99.0,0.0,8.0,1691.0485123458973,-1968.0417551226913,HAM,22
4740.0,299.0,99.0,0.0,8.0,1768.0,-1954.0,HAM,22
4750.0,299.0,99.0,0.0,8.0,1827.6398942675428,-1943.1365615586635,HAM,22
4760.0,299.73999872,99.0,0.0,8.0,1965.0,-1918.0,HAM,22
4770.0,300.0,99.0,0.0,8.0,2006.9132929385116,-1910.213630840437,HAM,22
4790.0,300.1671872,99.0,0.0,8.0,2225.966547352822,-1869.6690517117001,HAM,22
4810.0,300.9484372,99.0,0.0,8.0,2526.279545292973,-1818.6713653148395,HAM,22
4830.0,300.02708373333337,99.0,0.0,8.0,2656.183956394857,-1799.2125261089923,HAM,22
4860.0,300.9875003428572,99.0,0.0,8.0,2993.4631958751584,-1746.55608559249,HAM,23
4880.0,300.0,99.0,0.0,8.0,3169.6923948369176,-1718.7378911801986,HAM,23
4900.0,300.83392822857144,99.0,0.0,8.0,3314.104675433269,-1696.2693156346509,HAM,23
4910.0,295.4416789333333,87.0375264,0.0,8.0,3426.0,-1679.0,HAM,23
4950.0,256.0541728,2.268763199999995,0.5,8.0,3908.2354722130303,-1605.3799347708973,HAM,23
4960.0,237.22002688,0.0,1.0,8.0,4002.0,-1592.0,HAM,23
4970.0,227.0,0.0,1.0,8.0,4046.4419553140715,-1585.5690478165966,HAM,23
4980.0,200.4250112,0.0,1.0,8.0,4164.940511453674,-1567.2102996660956,HAM,23
4990.0,175.9250112,0.0,1.0,8.0,4268.720577173157,-1547.3582101222182,HAM,23
5000.0,164.2218792,0.0,1.0,8.0,4371.331086522925,-1524.0131473440467,HAM,23
5010.0,146.37500799999998,0.0,1.0,6.5,4496.429532187861,-1487.7019885380946,HAM,23
5020.0,140.0,0.0,1.0,4.0,4598.926789183104,-1450.7786521448766,HAM,23
5030.0,128.8250048,1.0,1.0,2.0,4634.393642765133,-1427.5009352913305,HAM,23
5040.0,114.01562799999999,1.4656248,1.0,2.0,4718.75442766411,-1343.9682868453972,HAM,23
5050.0,106.51971430747365,2.0,1.0,2.0,4774.804606276895,-1236.8873113844093,HAM,23
5060.0,99.92537416083663,2.512437639860563,1.0,2.0,4793.833650746819,-1159.5801219109305,HAM,24
5070.0,91.52678742857142,2.0107149714285715,0.75,2.0,4796.699688921364,-1056.7529701751623,HAM,24
5080.0,87.44333397333332,11.118329173333334,0.0,2.0,4776.589849344154,-950.737037062996,HAM,24
5090.0,87.78333226666666,20.6999936,0.0,2.0,4744.812441794645,-883.347368956693,HAM,24
5100.0,91.15749936,31.78999872,0.0,2.0,4680.407116097076,-805.1860404574716,HAM,24
5110.0,98.83499904,40.61166634666667,0.0,2.0,4585.142318185076,-738.061504707394,HAM,24
5120.0,102.10937200000001,49.131246399999995,0.0,2.0,4505.061541522658,-717.1803670497823,HAM,24
5130.0,112.44106765714285,59.45178262857143,0.0,2.0,4417.472983471774,-711.0517877181412,HAM,24
5140.0,123.0874976,73.32707893333333,0.0,2.0,4306.335378291816,-712.5381319777839,HAM,24
5150.0,131.5968672,82.5968672,0.0,2.0,4227.0,-717.0,HAM,24
5160.0,144.46428342857143,89.46428342857143,0.0,2.6666666666666665,4128.983353732022,-724.3495944591097,HAM,24
5170.0,157.0,99.0,0.0,3.0,3945.8180236571125,-743.987933262694,HAM,24
5180.0,159.15415786666668,99.0,0.0,3.0,3920.0,-747.0,HAM,24
5190.0,173.14499328,99.0,0.0,3.0,3835.991093055947,-756.5972706076125,HAM,24
5200.0,182.0,99.0,0.0,4.0,3791.2968883121375,-761.426013919513,HAM,24
5210.0,192.00713874285714,99.0,0.0,4.0,3666.992756047255,-774.7192558776517,HAM,24
5220.0,199.2593696,99.0,0.0,4.0,3541.0,-788.0,HAM,24
5230.0,203.82249664,99.0,0.0,5.0,3452.526212186143,-795.8404354675592,HAM,24
5240.0,210.562496,99.0,0.0,5.0,3341.056575008104,-805.3222765634489,HAM,24
5260.0,223.47916266666667,99.0,0.0,5.0,3152.6548914885184,-820.7818593138154,HAM,24
5270.0,225.0,99.0,0.0,5.0,3064.0,-828.0,HAM,24
5280.0,225.0,99.0,0.0,5.0,2960.246470221198,-837.3345243062902,HAM,25
5290.0,225.0,99.0,0.0,5.0,2874.41794220201,-844.6701868808408,HAM,25
5300.0,233.08498944000002,99.0,0.0,5.0,2765.0,-854.0,HAM,25
5310.0,241.88498944,99.0,0.0,5.0,2582.0,-870.0,HAM,25
5320.0,247.0,99.0,0.0,6.0,2489.631927650869,-878.0422492127639,HAM,25
5330.0,251.0,99.0,0.0,6.0,2346.602772362008,-890.2969025783417,HAM,25
5340.0,252.4499968,99.0,0.0,6.0,2302.0,-894.0,HAM,25
5350.0,255.0,99.0,0.0,6.0,2247.2273623681394,-898.3100543279671,HAM,25
5370.0,262.2410697142857,99.0,0.0,6.0,2087.67012396974,-911.6153400494461,HAM,25
5380.0,265.69642514285715,99.0,0.0,6.0,1814.0,-936.0,HAM,25
5390.0,267.0,99.0,0.0,7.0,1736.12317333385,-942.8217543386802,HAM,25
5400.0,269.0,99.0,0.0,7.0,1640.5431238374672,-950.5151095427009,HAM,25
5420.0,270.5583317333333,99.0,0.0,7.0,1562.0,-957.0,HAM,25
5430.0,272.0375,99.0,0.0,7.0,1430.7619513026432,-968.6701619989489,HAM,25
5450.0,274.1374976,99.0,0.0,7.0,1195.0,-989.0,HAM,25
5460.0,275.0,99.0,0.0,7.0,1133.9842682635544,-994.3004969935016,HAM,25
5470.0,276.7343744,99.0,0.0,7.0,1048.4564226819653,-1001.8344097788203,HAM,25
0.0,292.92,100.0,0.0,7.0,1046.9322627722113,-1001.9877868210644,HAD,1
10.0,295.0,100.0,0.0,8.0,867.9734493497516,-1017.8149889626532,HAD,1
20.0,295.72,100.0,0.0,8.0,798.0,-1024.0,HAD,1
30.0,297.0,100.0,0.0,8.0,668.1211088982894,-1035.4758777400102,HAD,1
50.0,303.4,100.0,0.0,8.0,427.778459188581,-1056.5807230970054,HAD,1
70.0,309.0,100.0,0.0,8.0,268.0744542657945,-1070.2397552258728,HAD,1
80.0,309.84,100.0,0.0,8.0,191.0,-1077.0,HAD,1
100.0,311.49,100.0,0.0,8.0,1.0,-1094.0,HAD,1
110.0,312.0,100.0,0.0,8.0,-57.52441672412965,-1099.1680132299507,HAD,1
120.0,312.8363636363636,100.0,0.0,8.0,-136.0,-1106.0,HAD,1
130.0,314.2909090909091,100.0,0.0,8.0,-276.0,-1118.0,HAD,1
150.0,316.15999999999997,100.0,0.0,8.0,-454.003038314905,-1133.7625285714225,HAD,1
170.0,318.12777777777774,100.0,0.0,8.0,-656.4247338257591,-1151.452956310291,HAD,1
190.0,318.75555555555553,100.0,0.0,8.0,-856.0,-1169.0,HAD,1
200.0,319.0,100.0,0.0,8.0,-934.7394400857373,-1175.7906317897286,HAD,1
220.0,319.66457666917586,100.0,0.0,8.0,-1122.0,-1192.0,HAD,2
230.0,320.0734071265874,100.0,0.0,8.0,-1237.7187805864787,-1202.6273980056349,HAD,2
250.0,320.811634315636,100.0,0.0,8.0,-1566.0,-1231.0,HAD,2
260.0,321.0,100.0,0.0,8.0,-1623.4926935863127,-1236.0484741917717,HAD,2
280.0,320.275,100.0,0.0,8.0,-1743.0,-1247.0,HAD,2
290.0,320.0,100.0,0.0,8.0,-1806.8129713401718,-1252.562535581047,HAD,2
300.0,320.0,100.0,0.0,8.0,-1955.6942520082846,-1265.2431818502923,HAD,2
310.0,319.34,100.0,0.0,8.0,-2079.0,-1276.0,HAD,2
320.0,319.0,100.0,0.0,8.0,-2139.1230959418504,-1281.3961789836956,HAD,2
330.0,318.6305557333333,100.0,0.0,8.0,-2256.0,-1292.0,HAD,2
350.0,318.0375000888889,100.0,0.0,8.0,-2461.997145936233,-1310.1230840526314,HAD,2
360.0,317.6305557333333,100.0,0.0,8.0,-2600.0,-1322.0,HAD,2
380.0,317.0097223111111,100.0,0.0,8.0,-2796.039703361178,-1339.2634534970102,HAD,2
400.0,317.0,100.0,0.0,8.0,-2988.927520408914,-1355.839118973575,HAD,2
420.0,316.0843752,100.0,0.0,8.0,-3136.9593333324406,-1368.9579712219688,HAD,2
440.0,315.8343752,100.0,0.0,8.0,-3374.160573139825,-1389.238791452305,HAD,3
450.0,315.0,100.0,0.0,8.0,-3567.377493717954,-1406.1498211422474,HAD,3
460.0,314.66785737142857,96.67857371428572,0.0,8.0,-3702.0,-1418.0,HAD,3
480.0,314.0,90.0,0.0,8.0,-3854.2932625053254,-1431.3591075478807,HAD,3
490.0,297.0,0.0,1.0,8.0,-3914.4819087163314,-1436.6094157832574,HAD,3
500.0,292.7416704,0.0,1.0,8.0,-3953.0,-1440.0,HAD,3
510.0,283.0,0.0,1.0,8.0,-4068.418071132479,-1450.2133731315623,HAD,3
520.0,258.2136482909091,0.0,1.0,8.0,-4155.0,-1458.0,HAD,3
530.0,214.79090909090908,0.0,1.0,8.0,-4269.823112301876,-1469.106760399055,HAD,3
540.0,188.76,0.0,1.0,8.0,-4396.962893934398,-1479.6659412690683,HAD,3
550.0,165.2,0.0,1.0,7.0,-4568.851132042723,-1487.7309977233713,HAD,3
560.0,154.0,0.0,1.0,4.0,-4632.514024996028,-1489.4952792016284,HAD,3
570.0,143.925,0.0,1.0,3.5,-4706.367698280122,-1482.7318771299892,HAD,3
580.0,137.28,0.0,1.0,3.0,-4836.873281717941,-1466.2504450246345,HAD,3
590.0,122.07777777777778,0.0,1.0,2.5,-4894.492866224075,-1447.100882469266,HAD,3
600.0,113.32666666666667,0.0,1.0,2.0,-4960.999325875143,-1412.1681450003318,HAD,3
610.0,104.55,0.0,1.0,1.0,-5032.408201852715,-1348.0434683658543,HAD,3
620.0,93.8,0.0,0.5,1.0,-5099.782746145359,-1240.5841810333936,HAD,3
630.0,82.40420573791017,0.0,0.5,1.0,-5122.863796987863,-1150.1919228770266,HAD,3
640.0,75.60729166666667,0.09375,0.0,1.0,-5123.954617697252,-1048.1366619774474,HAD,3
650.0,73.49791666666667,7.595833333333333,0.0,1.0,-5096.27517810234,-952.3207079235839,HAD,3
660.0,76.210249728,15.317249151999999,0.0,1.0,-5041.524173855365,-871.7536651344614,HAD,4
670.0,81.66428525714286,20.664285257142858,0.0,1.0,-4955.47376782804,-805.8663086726363,HAD,4
680.0,88.83365986285715,26.19776697142857,0.0,1.0,-4833.120788999331,-792.0347330623592,HAD,4
690.0,94.0,32.0,0.0,1.0,-4607.299048713488,-836.3929492957002,HAD,4
700.0,105.80260337777779,20.85521208888889,0.75,1.0,-4588.561597152764,-860.0883456398726,HAD,4
710.0,101.6857142857143,0.0,1.0,1.0,-4497.185439196719,-887.6115371349883,HAD,4
720.0,91.515,0.0,0.8,1.0,-4388.848107357399,-907.2818401415045,HAD,4
730.0,83.7375,0.0,0.0,1.0,-4291.996055170569,-903.7237610806616,HAD,4
740.0,78.15285714285714,0.0,0.0,1.0,-4206.704769770252,-857.6607313397744,HAD,4
750.0,73.51625,9.4,0.0,1.0,-4163.101614134444,-783.2285545351194,HAD,4
770.0,86.81041666666667,25.766666666666666,0.0,1.0,-4143.597346279212,-556.903560116628,HAD,4
780.0,92.88571428571429,34.09285714285714,0.0,1.0,-4160.181738021924,-500.840536165796,HAD,4
790.0,102.52333333333334,42.644999999999996,0.0,1.25,-4206.042860009742,-406.8478918431623,HAD,4
800.0,110.71666666666667,51.71666666666667,0.0,2.0,-4263.625559369623,-331.84173305843575,HAD,4
810.0,126.79555555555555,62.58222222222222,0.0,2.0,-4329.933988910485,-256.3162217800546,HAD,4
820.0,138.0,69.0,0.0,3.0,-4377.992061326689,-191.65398324702824,HAD,4
830.0,146.1909090909091,81.52727272727273,0.0,3.0,-4437.0,-92.0,HAD,4
840.0,155.0,95.0,0.0,3.0,-4470.992094208162,-21.366232258667218,HAD,4
850.0,174.14666495999998,99.94166613333334,0.0,3.6666666666666665,-4498.350643868143,67.85656854097232,HAD,4
860.0,182.520832,100.0,0.0,4.0,-4521.0,156.0,HAD,4
870.0,185.92708266666665,100.0,0.0,4.0,-4537.29577018807,239.68883213462004,HAD,4
880.0,198.13541333333333,100.0,0.0,4.0,-4554.0,369.0,HAD,5
890.0,207.51041333333333,100.0,0.0,4.0,-4567.0,553.0,HAD,5
900.0,211.0,100.0,0.0,5.0,-4569.672241149215,604.8628657249188,HAD,5
910.0,218.0,100.0,0.0,5.0,-4568.761627120232,676.1872668555649,HAD,5
920.0,221.6187488,100.0,0.0,5.0,-4563.0,748.0,HAD,5
930.0,224.65,100.0,0.0,5.0,-4558.454117622221,838.7973341273259,HAD,5
940.0,231.8,100.0,0.0,5.0,-4553.0,953.0,HAD,5
950.0,238.40555555555557,100.0,0.0,6.0,-4537.095687655832,1139.8826221876816,HAD,5
970.0,248.0,100.0,0.0,6.0,-4498.353193415851,1401.899694151024,HAD,5
990.0,251.0,100.0,0.0,6.0,-4474.0,1506.0,HAD,5
1000.0,253.0,100.0,0.0,6.0,-4458.858031929525,1565.266434065296,HAD,5
1020.0,262.1714285714286,100.0,0.0,6.0,-4411.960961016221,1701.689381115646,HAD,5
1030.0,264.7,100.0,0.0,6.0,-4340.0,1854.0,HAD,5
1040.0,265.0,100.0,0.0,7.0,-4331.3080329252725,1870.3273294722585,HAD,5
1050.0,269.9,100.0,0.0,7.0,-4245.912796713702,1993.6409170903846,HAD,5
1060.0,273.04,100.0,0.0,7.0,-4095.0,2159.0,HAD,5
1070.0,274.0,100.0,0.0,7.0,-4053.7118484614275,2201.0866560079985,HAD,5
1090.0,277.0,100.0,0.0,7.0,-3919.829232852708,2311.561869891457,HAD,5
1100.0,277.6,100.0,0.0,7.0,-3810.0,2372.0,HAD,6
1110.0,278.0,100.0,0.0,7.0,-3709.6366652555457,2424.928963718292,HAD,6
1130.0,281.3833333333333,100.0,0.0,7.0,-3485.6860983668084,2533.6444807813473,HAD,6
1140.0,282.9666666666667,100.0,0.0,7.0,-3338.053239283577,2587.9635456568776,HAD,6
1160.0,283.975,100.0,0.0,7.0,-3214.4483935808585,2627.097337787131,HAD,6
1180.0,287.38571428571424,100.0,0.0,7.0,-2927.939290540064,2713.7218135288435,HAD,6
1200.0,290.0,100.0,0.0,7.0,-2794.322685401777,2753.659768827384,HAD,6
1210.0,290.0,100.0,0.0,7.0,-2704.5229578806525,2781.880823068475,HAD,6
1220.0,290.8666666666667,100.0,0.0,7.0,-2651.0,2799.0,HAD,6
1230.0,293.6,100.0,0.0,7.0,-2436.2319281562377,2868.4385945320646,HAD,6
1250.0,294.0,100.0,0.0,8.0,-2206.742622438082,2946.7980472736012,HAD,6
1260.0,294.9125,100.0,0.0,8.0,-2116.918774220794,2978.9037534472163,HAD,6
1290.0,295.0,100.0,0.0,8.0,-1940.242124404854,3043.6649516836874,HAD,6
1300.0,295.0,100.0,0.0,8.0,-1854.0165424812974,3076.624991149747,HAD,6
1310.0,295.0,100.0,0.0,8.0,-1757.0,3114.0,HAD,6
1330.0,295.0,100.0,0.0,8.0,-1590.4872630997284,3177.354437883292,HAD,7
1350.0,295.0,100.0,0.0,8.0,-1367.4226532037612,3266.3599171318383,HAD,7
1360.0,295.25681803636365,100.0,0.0,8.0,-1266.0,3308.0,HAD,7
1380.0,295.80227258181816,100.0,0.0,8.0,-1098.0,3379.0,HAD,7
1390.0,296.0,100.0,0.0,8.0,-1009.7917556280323,3417.4371982951407,HAD,7
1400.0,296.0,100.0,0.0,8.0,-816.6884357155617,3502.578807234415,HAD,7
1420.0,291.4,69.6,0.0,8.0,-703.6252550645142,3553.4442411349983,HAD,7
1440.0,273.0,0.0,1.0,8.0,-567.9292725749148,3614.0185363624787,HAD,7
1450.0,238.57666666666668,0.0,1.0,8.0,-441.59923901910844,3670.222085198641,HAD,7
1480.0,162.2,0.0,1.0,7.0,-45.60973407890499,3838.9486346978724,HAD,7
1490.0,149.4,0.0,1.0,7.0,38.0,3862.0,HAD,7
1500.0,141.0,0.0,1.0,3.0,123.35828675927132,3867.6395408915014,HAD,7
1510.0,129.16,0.0,1.0,2.5,228.29275008490015,3863.3250515851714,HAD,7
1520.0,123.57,0.0,1.0,2.0,251.0,3856.0,HAD,7
1530.0,111.805,0.0,0.75,2.0,381.4087577860174,3768.1616484242577,HAD,7
1540.0,103.08571428571429,17.742857142857144,0.0,2.0,452.5162313765295,3689.2141823438415,HAD,8
1550.0,103.97999999999999,23.88,0.0,2.0,483.6049476370007,3639.937489899855,HAD,8
1560.0,108.91111111111111,37.044444444444444,0.0,2.0,528.0698397819509,3537.2475166580157,HAD,8
1570.0,118.16583005722049,48.685092228580054,0.0,2.0,562.6609994600368,3391.5420356637715,HAD,8
1580.0,129.61,52.76,0.0,2.0,575.1349646984295,3310.761455195443,HAD,8
1590.0,138.12727272727273,66.10454545454544,0.0,3.0,581.9844499163734,3229.7934854115056,HAD,8
1600.0,147.07272727272726,77.84545454545454,0.0,3.0,591.0,3129.0,HAD,8
1610.0,151.0,83.0,0.0,3.0,595.8408345640871,3081.694577734355,HAD,8
1620.0,167.0,96.6,0.0,3.0,607.5815072269108,2972.845780434859,HAD,8
1640.0,183.87708106666665,100.0,0.0,4.0,625.233618825068,2828.5442516575936,HAD,8
1650.0,199.2437488,100.0,0.0,4.0,645.5277075310205,2674.5608091890126,HAD,8
1670.0,210.1187488,100.0,0.0,4.5,669.0601675806682,2512.4747317258675,HAD,8
1680.0,215.67499804444444,100.0,0.0,5.0,685.0,2409.0,HAD,8
1690.0,221.26666666666665,100.0,0.0,5.0,702.4423862446049,2298.312823102686,HAD,8
1700.0,228.0,100.0,0.0,5.0,722.6591345135691,2184.5388472492286,HAD,8
1710.0,228.65,100.0,0.0,5.0,729.0,2152.0,HAD,8
1720.0,230.825,100.0,0.0,5.0,751.875457356382,2042.118881218957,HAD,8
1730.0,236.65714285714284,100.0,0.0,5.0,772.0,1949.0,HAD,8
1740.0,243.0,100.0,0.0,6.0,795.5301354588555,1852.683045279462,HAD,8
1750.0,245.8,100.0,0.0,6.0,816.0,1779.0,HAD,8
1770.0,253.65,100.0,0.0,6.0,885.3386191513787,1573.0296060359403,HAD,9
1780.0,255.53333333333333,100.0,0.0,6.0,913.0,1503.0,HAD,9
1790.0,258.0,100.0,0.0,6.0,971.6056490217829,1380.3846314928505,HAD,9
1800.0,260.9555555555556,100.0,0.0,6.0,1035.0,1261.0,HAD,9
1810.0,265.0,100.0,0.0,6.0,1091.8624068822826,1169.548976886617,HAD,9
1820.0,265.0,94.14545454545454,0.0,6.0,1123.0,1129.0,HAD,9
1830.0,265.0,83.96363636363637,0.0,6.0,1198.0,1040.0,HAD,9
1850.0,265.28,71.44,0.0,6.0,1329.9738622681684,919.1500575166533,HAD,9
1860.0,266.0,70.0,0.0,6.0,1414.7750600733002,857.6307405215731,HAD,9
1870.0,265.55,62.35,0.0,6.0,1460.0,830.0,HAD,9
1880.0,264.0875,37.4875,0.0,6.0,1614.7543773306202,755.4240542924621,HAD,9
1900.0,260.64,34.08,0.0,6.0,1740.0,713.0,HAD,9
1910.0,256.6,33.028571428571425,0.0,6.0,1897.0631759014323,679.8441108369861,HAD,9
1930.0,251.1,47.17142857142857,0.0,6.0,2060.1941076692683,666.5356220003707,HAD,9
1950.0,248.4,68.4,0.0,6.0,2354.0266055279326,698.3321431691015,HAD,9
1970.0,248.98571428571427,79.9,0.0,6.0,2542.6730430445396,767.7015301546807,HAD,9
1990.0,248.0,85.0,0.0,6.0,2619.4978737857396,799.0379945645225,HAD,10
2000.0,248.9093752,85.0,0.0,6.0,2700.082654379756,850.2041409406913,HAD,10
2010.0,250.0,86.5,0.0,6.0,2883.385957540523,994.8459130404513,HAD,10
2020.0,250.0,91.0,0.0,6.0,2955.6569814612776,1063.084127943057,HAD,10
2040.0,250.75555555555556,63.044444444444444,0.0,6.0,3032.0,1154.0,HAD,10
2050.0,251.0,54.0,0.0,6.0,3072.380458359311,1191.9255282747959,HAD,10
2060.0,251.0,54.0,0.0,6.0,3167.0,1270.0,HAD,10
2070.0,250.6578128,51.2625024,0.0,6.0,3248.209067203289,1322.1843896601022,HAD,10
2090.0,247.9187504,30.0406248,0.0,6.0,3498.075208715222,1420.4602055963724,HAD,10
2100.0,246.0,31.0,0.0,6.0,3587.749554755713,1443.5629027696418,HAD,10
2120.0,242.1903854769231,40.79615163076923,0.0,6.0,3726.0,1450.0,HAD,10
2140.0,239.0,49.7125,0.0,6.0,3890.1487499803225,1444.35379719595,HAD,10
2150.0,239.0,68.0,0.0,6.0,3984.2093797026073,1433.1298489304852,HAD,10
2160.0,241.0681818181818,78.3,0.0,6.0,4148.9907820501785,1387.9230230162739,HAD,10
2180.0,243.1818181818182,87.6,0.0,6.0,4314.0,1316.0,HAD,10
2190.0,246.0,100.0,0.0,6.0,4436.811526061804,1247.3043018218766,HAD,10
2210.0,246.98000000000002,100.0,0.0,6.0,4520.172934639918,1176.0469362050728,HAD,11
2220.0,249.94444444444446,100.0,0.0,6.0,4651.0,1054.0,HAD,11
2230.0,252.0,100.0,0.0,6.0,4717.422661294894,986.0902049886328,HAD,11
2240.0,252.63333333333333,100.0,0.0,6.0,4776.0,920.0,HAD,11
2260.0,253.88333333333333,100.0,0.0,6.0,4911.0,757.0,HAD,11
2270.0,254.0,100.0,0.0,6.0,4923.306673289617,741.4557839444352,HAD,11
2280.0,255.62857142857143,100.0,0.0,6.0,4990.0,656.0,HAD,11
2290.0,257.0,100.0,0.0,6.0,5088.491956117007,533.3340333129197,HAD,11
2300.0,257.0,100.0,0.0,6.0,5139.660495247159,471.3907643536746,HAD,11
2320.0,257.93,100.0,0.0,6.0,5362.0,218.0,HAD,11
2330.0,258.0,100.0,0.0,6.0,5378.985580371442,198.66080871037298,HAD,11
2340.0,259.0,100.0,0.0,6.0,5498.132026531115,62.14169355609672,HAD,11
2350.0,259.0,100.0,0.0,6.0,5566.636624762203,-15.486633026819622,HAD,11
2370.0,259.85,100.0,0.0,6.0,5677.0,-137.0,HAD,11
2380.0,260.0,100.0,0.0,6.0,5708.372587853151,-172.13885170324818,HAD,11
2390.0,260.10833333333335,100.0,0.0,6.0,5852.468837764608,-334.3894558225337,HAD,11
2410.0,261.0,100.0,0.0,6.0,5933.2960036975455,-425.0626844714888,HAD,11
2420.0,261.0,65.17,0.0,6.0,5975.0,-473.0,HAD,12
2440.0,259.59074700999224,16.565835744531984,1.0,6.0,6098.144336177489,-617.2594440883029,HAD,12
2450.0,250.95907369886376,1.6565818434919501,1.0,6.0,6200.177434558002,-734.7898351842994,HAD,12
2470.0,234.23249728000002,0.0,1.0,6.0,6285.592671049473,-845.1076679657964,HAD,12
2480.0,220.41692681290496,0.0,1.0,6.0,6374.12692804777,-996.8979206025913,HAD,12
2500.0,209.0,0.0,0.0,5.0,6423.499634244418,-1130.4246332989326,HAD,12
2510.0,207.04000000000002,8.82,0.0,5.0,6426.076890547501,-1206.9919331172675,HAD,12
2520.0,201.40500096,4.3375008,0.0,5.0,6427.578982866197,-1314.727087310116,HAD,12
2530.0,194.12250111999998,6.94749952,0.0,5.0,6411.644160480501,-1428.7436159933213,HAD,12
2540.0,194.0,32.593744,0.0,5.0,6390.145209429074,-1507.2144411540282,HAD,12
2550.0,192.13500032000002,52.85249728,0.0,5.0,6323.712373733992,-1678.8015693211105,HAD,12
2560.0,196.85625,67.15625,0.0,5.0,6288.33060862785,-1742.6469343330623,HAD,12
2580.0,205.9,85.47999999999999,0.0,5.0,6190.064363603651,-1870.9442879637504,HAD,12
2590.0,210.2,83.2,0.0,5.0,6116.125984099379,-1948.5877844281245,HAD,12
2600.0,214.9142857142857,83.9857142857143,0.0,5.0,6014.0743855195515,-2024.180423571386,HAD,12
2620.0,218.76666666666665,86.825,0.0,5.0,5885.136772947028,-2084.7202584039424,HAD,12
2630.0,223.45,96.6,0.0,5.0,5695.626542143168,-2138.7542239152644,HAD,12
2640.0,226.0,100.0,0.0,5.0,5600.493331077663,-2162.231040300783,HAD,13
2660.0,233.90714285714284,100.0,0.0,5.5,5485.0350407906335,-2178.645753383181,HAD,13
2670.0,235.88,100.0,0.0,6.0,5274.929234709748,-2209.5661297206475,HAD,13
2690.0,244.0,100.0,0.0,6.0,5153.887418903009,-2220.415934771777,HAD,13
2700.0,246.1,100.0,0.0,6.0,5091.0,-2222.0,HAD,13
2710.0,249.28181818181818,100.0,0.0,6.0,4953.0,-2226.0,HAD,13
2720.0,251.46666666666667,100.0,0.0,6.0,4867.760206193634,-2228.5747168516737,HAD,13
2740.0,258.45,100.0,0.0,6.0,4590.531371410146,-2239.411514982834,HAD,13
2760.0,262.0,100.0,0.0,6.0,4395.63551199089,-2249.6752788239296,HAD,13
2780.0,264.94,100.0,0.0,6.5,4287.327146775206,-2257.1815850299727,HAD,13
2790.0,268.0,100.0,0.0,7.0,4126.533447220521,-2267.9451846846023,HAD,13
2810.0,271.6,100.0,0.0,7.0,3959.1131174805123,-2279.0566116877803,HAD,13
2820.0,272.0,100.0,0.0,7.0,3854.158692178661,-2286.0500960073323,HAD,13
2830.0,273.26666666666665,100.0,0.0,7.0,3763.0,-2292.0,HAD,13
2840.0,274.0,100.0,0.0,7.0,3699.740775054358,-2296.0503545097454,HAD,13
2860.0,274.87857142857143,100.0,0.0,7.0,3511.4614963797812,-2307.222937407558,HAD,14
2870.0,275.9154231770502,100.0,0.0,7.0,3412.0,-2313.0,HAD,14
2880.0,277.1267858285714,100.0,0.0,7.0,3226.984014895261,-2327.3580848319234,HAD,14
2900.0,278.0,100.0,0.0,7.0,3024.6652805009207,-2344.4584675443243,HAD,14
2910.0,279.0,100.0,0.0,7.0,2967.715971934957,-2350.4160370277236,HAD,14
2920.0,279.46443528985833,100.0,0.0,7.0,2904.0,-2357.0,HAD,14
2930.0,280.0,100.0,0.0,7.0,2805.140321783347,-2367.1388630376573,HAD,14
2940.0,280.1066666666666,100.0,0.0,7.0,2696.660385576639,-2378.6250704410354,HAD,14
2960.0,282.0,100.0,0.0,7.0,2405.9638918675473,-2409.799225810746,HAD,14
2980.0,282.0,100.0,0.0,7.0,2272.9888030773163,-2423.888039073245,HAD,14
2990.0,278.81250133333333,36.25002666666667,0.0,7.0,2221.0,-2430.0,HAD,14
3000.0,260.5,0.0,1.0,7.0,2129.394403397293,-2441.498085503681,HAD,14
3010.0,227.0,0.0,1.0,7.0,2042.692179057367,-2452.5485998554705,HAD,14
3020.0,196.32857142857142,0.0,1.0,7.0,1909.0840439115052,-2469.9380039904872,HAD,14
3030.0,168.42000000000002,0.0,1.0,7.0,1782.1923158793993,-2487.2659130810116,HAD,14
3040.0,155.2,0.0,1.0,7.0,1695.0,-2501.0,HAD,14
3050.0,138.64666666666668,0.0,1.0,4.333333333333333,1561.068121910317,-2524.3012292907047,HAD,14
3060.0,119.62777777777778,0.0,1.0,2.3333333333333335,1473.8539349888204,-2544.4401857037187,HAD,14
3070.0,114.0,0.0,1.0,2.0,1391.674179172923,-2570.569967648179,HAD,14
3080.0,103.97777777777777,0.0,1.0,1.3333333333333333,1306.2612586042515,-2612.155572983965,HAD,15
3090.0,91.106,0.0,0.8,1.0,1244.2006173902469,-2685.420979254276,HAD,15
3100.0,82.17916666666666,0.85,0.0,1.0,1222.9347711260652,-2792.7673895769835,HAD,15
3110.0,79.37333333333333,14.738333333333333,0.0,1.0,1251.1695977180239,-2877.9950281723595,HAD,15
3120.0,86.92,29.11,0.0,1.0,1325.5502118383918,-2974.3656912520964,HAD,15
3130.0,95.64999999999999,39.208333333333336,0.0,1.0,1407.1729556911216,-3038.811110523218,HAD,15
3140.0,103.9,47.71666666666667,0.0,1.0,1461.4617145978632,-3073.4898318936393,HAD,15
3150.0,117.90773081819145,58.10224456494676,0.0,2.0,1637.8909381914962,-3177.8259765936273,HAD,15
3160.0,127.700748720319,69.9937663032445,0.0,2.0,1749.1711376401888,-3241.5805692570393,HAD,15
3170.0,149.964288,79.6892864,0.0,2.5,1849.8361677919174,-3303.3028828139527,HAD,15
3180.0,151.4125024,80.3208352,0.0,3.0,1862.0,-3311.0,HAD,15
3190.0,160.15770697457617,86.98028662817798,0.0,3.0,1974.7248221193945,-3390.239662295055,HAD,15
3200.0,167.02508982937007,86.12186377132875,0.0,3.5,2056.9811491879295,-3463.1429521337745,HAD,15
3210.0,180.3249984,93.92321325714286,0.0,4.0,2143.2493286984336,-3563.2812252389367,HAD,15
3220.0,186.18,100.0,0.0,4.0,2205.410771542549,-3668.2775156718217,HAD,15
3230.0,191.76,100.0,0.0,4.0,2253.0,-3802.0,HAD,15
3250.0,198.0,100.0,0.0,5.0,2277.243561820248,-3902.5873068943188,HAD,15
3260.0,198.94166666666666,100.0,0.0,5.0,2285.6363845498217,-3996.284733642308,HAD,15
3270.0,204.70000000000002,100.0,0.0,5.0,2294.3820251235315,-4134.322074314708,HAD,15
3290.0,207.88333333333333,100.0,0.0,5.0,2289.207033521779,-4294.1287997285835,HAD,15
3300.0,211.6,100.0,0.0,5.0,2269.2767583781915,-4427.842450900501,HAD,16
3310.0,212.4,100.0,0.0,5.0,2252.0,-4506.0,HAD,16
3320.0,213.0,100.0,0.0,5.0,2226.1200403863186,-4602.787162390554,HAD,16
3330.0,216.26,100.0,0.0,5.0,2189.1490490920487,-4713.740604906753,HAD,16
3350.0,218.97,100.0,0.0,5.0,2105.9702615137953,-4917.204862406752,HAD,16
3360.0,218.52,52.0,0.0,5.0,2052.0,-5023.0,HAD,16
3380.0,215.5625,0.0,1.0,5.0,1978.5234856352681,-5142.4454821510035,HAD,16
3390.0,198.975,0.0,1.0,5.0,1918.4244354881098,-5224.299466500376,HAD,16
3400.0,184.1,0.0,1.0,5.0,1862.094850200346,-5293.343707155058,HAD,16
3410.0,177.6,0.0,1.0,4.5,1796.033779986769,-5367.098067983086,HAD,16
3420.0,163.54,0.0,1.0,4.0,1699.497200834319,-5445.765641107492,HAD,16
3430.0,159.48000000000002,0.0,1.0,4.0,1611.6306921998398,-5486.566227560108,HAD,16
3440.0,154.73333333333335,0.0,0.5,4.0,1497.0494690715773,-5508.283919288411,HAD,16
3450.0,150.9777777777778,27.95555555555556,0.0,4.0,1400.6070467808966,-5507.920292257145,HAD,16
3460.0,150.0,49.24166666666667,0.0,4.0,1281.1762590202004,-5489.511473621332,HAD,16
3470.0,156.17142857142858,55.48571428571429,0.0,4.0,1152.0,-5440.0,HAD,16
3480.0,159.0,58.0,0.0,4.0,1113.7698888127522,-5423.489354825384,HAD,16
3490.0,169.32793094510617,66.45012531872325,0.0,4.0,1018.7963733456119,-5354.227807703999,HAD,16
3500.0,174.7750016,80.37000448,0.0,4.0,919.0,-5267.0,HAD,16
3510.0,180.0,95.0,0.0,4.0,863.0561295098939,-5214.981419426967,HAD,16
3520.0,183.609376,98.609376,0.0,4.0,814.4398396336719,-5170.586215900266,HAD,17
3540.0,198.21052756522866,100.0,0.0,4.0,641.0,-5015.0,HAD,17
3550.0,206.0,100.0,0.0,4.0,597.8169809480013,-4975.607965998745,HAD,17
3560.0,216.1142857142857,100.0,0.0,4.5,535.5199160103376,-4919.824683861483,HAD,17
3570.0,221.28571428571428,100.0,0.0,5.0,472.0,-4864.0,HAD,17
3580.0,227.85714285714286,100.0,0.0,5.0,387.67914871001733,-4787.799094008551,HAD,17
3600.0,233.6,100.0,0.0,5.5,306.44881123517666,-4714.84813239567,HAD,17
3620.0,241.275,100.0,0.0,6.0,151.4678001149041,-4577.095109425431,HAD,17
3630.0,252.0,100.0,0.0,6.0,59.31724015438184,-4494.02742548667,HAD,17
3640.0,252.76666666666668,100.0,0.0,6.0,24.0,-4462.0,HAD,17
3650.0,254.0,100.0,0.0,6.0,-49.28460999096405,-4395.767192170183,HAD,17
3660.0,257.1666666666667,100.0,0.0,6.0,-134.0,-4320.0,HAD,17
3670.0,259.4875,100.0,0.0,6.0,-195.9403397768632,-4265.404840854999,HAD,17
3690.0,265.05454545454546,100.0,0.0,6.0,-358.69659776816025,-4119.956034216186,HAD,17
3700.0,266.56363636363636,100.0,0.0,6.0,-451.0,-4038.0,HAD,17
3720.0,268.9636363636364,100.0,0.0,6.5,-601.3805582850048,-3915.28966597547,HAD,17
3740.0,268.3142857142857,100.0,0.0,7.0,-723.0,-3838.0,HAD,18
3750.0,268.0375,100.0,0.0,7.0,-784.2095848183584,-3805.9082878526187,HAD,18
3760.0,269.0,100.0,0.0,7.0,-905.6737339607068,-3755.7471698524423,HAD,18
3780.0,268.85625,100.0,0.0,7.0,-1187.0577526724578,-3717.574544221661,HAD,18
3800.0,268.0,100.0,0.0,7.0,-1333.4431808631416,-3703.7071964630927,HAD,18
3810.0,265.21000000000004,100.0,0.0,7.0,-1438.20831255727,-3730.702465504084,HAD,18
3830.0,264.1,100.0,0.0,7.0,-1684.4874839477436,-3803.7970280633617,HAD,18
3850.0,263.42727272727274,100.0,0.0,7.0,-1789.0,-3853.0,HAD,18
3860.0,263.0,100.0,0.0,7.0,-1911.4801614481032,-3917.350010873573,HAD,18
3870.0,263.0,100.0,0.0,7.0,-1949.0,-3937.0,HAD,18
3880.0,263.0,100.0,0.0,7.0,-2108.806144824817,-4021.113119767217,HAD,18
3890.0,263.7,100.0,0.0,7.0,-2185.0,-4058.0,HAD,18
3900.0,264.575,100.0,0.0,7.0,-2279.0,-4098.0,HAD,18
3910.0,265.0,100.0,0.0,7.0,-2325.3505565964697,-4114.836880158083,HAD,18
3920.0,263.3,100.0,0.0,7.0,-2419.8628804754094,-4143.54560269359,HAD,18
3930.0,263.0,100.0,0.0,7.0,-2547.8701621471455,-4172.530282669379,HAD,18
3940.0,262.0,100.0,0.0,7.0,-2667.0201612580718,-4190.194414095603,HAD,18
3950.0,262.0,100.0,0.0,7.0,-2733.0,-4196.0,HAD,18
3960.0,262.0,100.0,0.0,7.0,-2849.0,-4199.0,HAD,19
3970.0,262.0,100.0,0.0,7.0,-2898.9661526607824,-4197.380639838022,HAD,19
3980.0,261.04499968,100.0,0.0,7.0,-3037.0,-4184.0,HAD,19
3990.0,260.24499968,100.0,0.0,7.0,-3152.0,-4164.0,HAD,19
4000.0,260.0,100.0,0.0,7.0,-3186.8582816526673,-4156.979641395802,HAD,19
4010.0,250.5855826651879,82.8828775730689,0.0,7.0,-3307.0,-4128.0,HAD,19
4050.0,201.425,0.0,1.0,7.0,-3816.794899301621,-3847.034831564196,HAD,19
4060.0,183.0,0.0,1.0,7.0,-3857.7648535562275,-3807.584562903937,HAD,19
4070.0,179.98125,0.0,1.0,5.0,-3903.305516816737,-3748.69004516081,HAD,19
4080.0,164.8875,0.0,1.0,4.5,-3961.643470641545,-3659.8205770588684,HAD,19
4090.0,140.9714285714286,0.0,1.0,3.5,-4029.170281996173,-3512.9270377071402,HAD,19
4100.0,127.78571428571428,0.0,1.0,3.0,-4044.8451051779034,-3446.5503028362837,HAD,19
4110.0,117.94,0.0,1.0,3.0,-4050.047690897569,-3353.0205658306004,HAD,19
4120.0,114.71428571428572,0.0,1.0,3.0,-4040.70676636339,-3279.858252348316,HAD,19
4130.0,106.14285714285714,0.0,1.0,3.0,-4015.552773426729,-3197.8208233346604,HAD,19
4140.0,101.31666666666666,2.7375,0.25,3.0,-3961.665644007562,-3103.6369182073777,HAD,19
4150.0,100.475,17.8,0.0,3.0,-3897.4392320373177,-3034.9660086293675,HAD,19
4160.0,105.91111111111111,32.64074074074074,0.0,3.0,-3808.6374527064495,-2974.3213129008163,HAD,19
4170.0,113.35555555555555,43.73888888888889,0.0,3.0,-3703.340050909329,-2930.456750646257,HAD,19
4180.0,120.1,46.85,0.0,3.0,-3624.0377462249326,-2905.74781946453,HAD,20
4190.0,129.4,54.46666666666667,0.0,3.0,-3522.1703166976795,-2881.1670563250077,HAD,20
4200.0,138.6,68.2,0.0,3.0,-3431.5708108047925,-2860.394874850291,HAD,20
4210.0,153.65,77.6,0.0,3.0,-3333.0,-2840.0,HAD,20
4220.0,161.0,86.0,0.0,3.0,-3257.158497938199,-2825.035062346322,HAD,20
4230.0,170.77612092374,95.77612092374,0.0,3.0,-3173.734684039183,-2808.7467418916767,HAD,20
4240.0,178.1625024,97.91000064,0.0,3.0,-3130.0,-2800.0,HAD,20
4250.0,186.2921892,100.0,0.0,4.0,-3021.8157600424047,-2780.4954614316807,HAD,20
4260.0,197.2093784,100.0,0.0,4.0,-2913.0,-2762.0,HAD,20
4270.0,205.75000319999998,100.0,0.0,4.0,-2769.26091664175,-2738.6300171968396,HAD,20
4280.0,211.0,100.0,0.0,5.0,-2692.520517737954,-2726.284928616338,HAD,20
4300.0,221.86206899318992,100.0,0.0,5.0,-2575.817028899415,-2708.511340655028,HAD,20
4310.0,230.48000000000002,100.0,0.0,5.0,-2352.2939110211355,-2673.925626593261,HAD,20
4320.0,236.0,100.0,0.0,6.0,-2286.3077442113117,-2663.1852315824553,HAD,20
4330.0,236.0,100.0,0.0,6.0,-2234.2713534643876,-2654.6389097890874,HAD,20
4350.0,248.53333333333333,100.0,0.0,6.0,-1989.332638198669,-2616.0043533453086,HAD,20
4360.0,255.0,100.0,0.0,6.0,-1869.5553758396022,-2597.3566200960763,HAD,20
4370.0,259.0,100.0,0.0,6.0,-1800.8215034929049,-2586.2130192948116,HAD,20
4380.0,259.8888888888889,100.0,0.0,6.0,-1782.0,-2583.0,HAD,20
4390.0,264.3333333333333,100.0,0.0,6.0,-1667.0,-2563.0,HAD,20
4400.0,269.0,100.0,0.0,7.0,-1540.299373466135,-2541.6178185782637,HAD,21
4410.0,272.5833333333333,100.0,0.0,7.0,-1416.0,-2521.0,HAD,21
4420.0,274.0,100.0,0.0,7.0,-1369.9813003838049,-2513.3152200000845,HAD,21
4430.0,276.3,100.0,0.0,7.0,-1296.0,-2501.0,HAD,21
4440.0,281.32,100.0,0.0,7.0,-1037.2803497092882,-2458.2250439305653,HAD,21
4460.0,285.0,100.0,0.0,7.0,-859.2674008590167,-2427.7190090058375,HAD,21
4470.0,289.0,100.0,0.0,7.0,-724.8046405975178,-2403.698085901406,HAD,21
4480.0,289.65,100.0,0.0,7.0,-686.0,-2397.0,HAD,21
4500.0,293.0,100.0,0.0,7.0,-458.1911358410871,-2359.131431559187,HAD,21
4510.0,296.075,100.0,0.0,8.0,-333.8494545296612,-2338.6402146285286,HAD,21
4530.0,299.0,100.0,0.0,8.0,-217.9547201004131,-2318.9819746717476,HAD,21
4550.0,301.575,100.0,0.0,8.0,-89.47654787980355,-2296.0392007544015,HAD,21
4560.0,302.325,100.0,0.0,8.0,-18.0,-2283.0,HAD,21
4570.0,303.0,100.0,0.0,8.0,69.78457168653355,-2266.1471618288715,HAD,21
4580.0,304.43333333333334,100.0,0.0,8.0,220.0,-2237.0,HAD,21
4590.0,305.0,100.0,0.0,8.0,292.45934482238226,-2223.7014483801227,HAD,21
4600.0,306.195,100.0,0.0,8.0,497.88041124826447,-2187.1294417517092,HAD,21
4630.0,308.745,100.0,0.0,8.0,721.2307120085443,-2145.9954041264164,HAD,22
4660.0,309.0,100.0,0.0,8.0,1060.0,-2083.0,HAD,22
4670.0,309.0,100.0,0.0,8.0,1166.1868504412178,-2063.2970312511898,HAD,22
4690.0,309.0,100.0,0.0,8.0,1381.0072812965977,-2023.8722306691063,HAD,22
4710.0,309.0,100.0,0.0,8.0,1504.8244149421762,-2002.0419335196734,HAD,22
4720.0,309.0,100.0,0.0,8.0,1612.661643233332,-1982.6927212565208,HAD,22
4750.0,309.0,100.0,0.0,8.0,1888.0,-1932.0,HAD,22
4760.0,309.0,100.0,0.0,8.0,2077.9443249436326,-1897.6190538513574,HAD,22
4850.0,310.0,100.0,0.0,8.0,2921.602403537984,-1757.0872270855784,HAD,23
4860.0,310.0,100.0,0.0,8.0,3077.4221432984127,-1733.0468372727992,HAD,23
4870.0,310.0,100.0,0.0,8.0,3156.0,-1721.0,HAD,23
4890.0,310.0,100.0,0.0,8.0,3303.627376119358,-1698.1569832521755,HAD,23
4900.0,310.0,100.0,0.0,8.0,3411.0,-1681.0,HAD,23
4910.0,310.0,100.0,0.0,8.0,3499.8137939074654,-1667.1641184179446,HAD,23
4920.0,310.0,100.0,1.0,8.0,3733.410968664612,-1631.7915701562963,HAD,23
4930.0,303.35,65.0,1.0,8.0,3832.0,-1617.0,HAD,23
4950.0,279.75,0.0,1.0,8.0,3950.084329393307,-1599.4895423072248,HAD,23
4960.0,241.0,0.0,1.0,8.0,4016.8678670987574,-1589.6636113034385,HAD,23
4970.0,218.8125,0.0,1.0,8.0,4153.665635473479,-1568.7110425486046,HAD,23
4980.0,199.07999999999998,0.0,1.0,7.0,4227.704919760224,-1555.5900983881168,HAD,23
4990.0,177.48000000000002,0.0,1.0,7.0,4318.2272199383515,-1536.4753674545636,HAD,23
5000.0,166.0,0.0,1.0,6.0,4464.300440030429,-1498.7956794259567,HAD,23
5010.0,145.5,0.0,1.0,4.0,4536.684352732802,-1476.613615263192,HAD,23
5020.0,132.35,0.0,1.0,3.0,4606.125116308893,-1443.4165212307682,HAD,23
5030.0,120.15238095238095,0.0,1.0,2.6666666666666665,4686.2767582987,-1382.4286528593695,HAD,23
5040.0,103.47142857142858,0.0,1.0,1.3333333333333333,4758.585797202713,-1271.2867585211623,HAD,23
5050.0,93.60952380952381,0.0,1.0,1.0,4790.073708224361,-1184.558398228357,HAD,23
5060.0,86.60000000000001,0.35000000000000003,0.0,1.0,4797.339160537136,-1063.370778608453,HAD,24
5070.0,82.34666666666668,5.96,0.0,1.0,4782.3017666625,-971.9309779891374,HAD,24
5080.0,82.0,8.471991892977101,0.0,1.0,4765.76777136796,-922.6085143809177,HAD,24
5090.0,84.03125039999999,16.375000533333335,0.0,1.0,4737.5604351381635,-871.5228534375738,HAD,24
5100.0,88.10416773333333,20.718750933333336,0.0,1.0,4687.053292924297,-807.9115490814825,HAD,24
5110.0,93.8875008,25.64821577142857,0.0,1.0,4591.6600333925,-742.9838047156018,HAD,24
5120.0,104.52037647240095,40.39028235430072,0.0,1.0,4501.2898035912185,-717.7721133077035,HAD,24
5130.0,113.88,49.86,0.0,1.5,4410.82023703054,-709.9866943454085,HAD,24
5140.0,120.86,55.879999999999995,0.0,2.0,4344.463168058517,-711.0572064275466,HAD,24
5150.0,131.44375,64.5875,0.0,2.0,4219.619959383495,-717.9147952370004,HAD,24
5160.0,146.3,80.33,0.0,3.0,4133.010057620301,-723.8233395139441,HAD,24
5170.0,157.4142857142857,92.15714285714286,0.0,3.0,4038.9900483697493,-733.3011349695241,HAD,24
5180.0,166.45,99.55,0.0,3.0,3934.385700164435,-744.7613339502586,HAD,24
5190.0,177.45,100.0,0.0,3.5,3799.5116651664507,-760.7424010917938,HAD,24
5200.0,186.2125,100.0,0.0,4.0,3713.8376637911997,-770.0575043215281,HAD,24
5210.0,194.95,100.0,0.0,4.0,3516.0,-790.0,HAD,24
5220.0,196.0,100.0,0.0,5.0,3497.2928725015904,-791.8209434669286,HAD,24
5230.0,204.0,100.0,0.0,5.0,3431.868258486355,-797.7891514652352,HAD,24
5240.0,213.975,100.0,0.0,5.0,3332.126356273292,-805.6045250214557,HAD,24
5250.0,218.78571428571428,100.0,0.0,5.0,3267.0,-811.0,HAD,24
5260.0,230.78571428571428,100.0,0.0,5.0,3126.5875989388096,-823.2056841047969,HAD,24
5280.0,236.9,100.0,0.0,5.5,2970.6271932481704,-836.2913756572417,HAD,25
5290.0,240.62,100.0,0.0,6.0,2777.8871106715487,-853.2733008869649,HAD,25
5300.0,248.0,100.0,0.0,6.0,2673.5372493551686,-862.3870053151306,HAD,25
5320.0,252.21428571428572,100.0,0.0,6.0,2568.2501807932913,-871.270504414458,HAD,25
5330.0,255.8,100.0,0.0,6.0,2454.0,-881.0,HAD,25
5340.0,259.0,100.0,0.0,6.0,2323.0503817044278,-892.2049694119848,HAD,25
5350.0,259.93,100.0,0.0,6.5,2125.3850509710214,-909.0677216501338,HAD,25
5370.0,265.0,100.0,0.0,7.0,1995.6983854143123,-919.9259757309874,HAD,25
5380.0,266.0,100.0,0.0,7.0,1885.1842622452705,-929.1524968217989,HAD,25
5390.0,267.8,100.0,0.0,7.0,1841.0,-933.0,HAD,25
5400.0,271.0,100.0,0.0,7.0,1755.733997894606,-940.6193657221784,HAD,25
5410.0,273.0,100.0,0.0,7.0,1579.1961337651264,-956.1978790935657,HAD,25
5420.0,273.9090923636364,100.0,0.0,7.0,1519.0,-961.0,HAD,25
5450.0,278.12500032,100.0,0.0,7.0,1165.0734712967867,-991.2968809077336,HAD,25
5460.0,279.0,100.0,0.0,7.0,1063.9323035591606,-1000.4816567390172,HAD,25
5470.0,279.3749994666667,100.0,0.0,7.0,1048.783671053778,-1001.9253226616017,HAD,25
0.0,283.93958346666665,100.0,0.0,7.0,1044.5316254529625,-1002.0418350791675,ANT,1
10.0,286.8624992,100.0,0.0,7.0,742.0,-1029.0,ANT,1
20.0,288.0,100.0,0.0,7.0,674.7272074103181,-1034.9210457291413,ANT,1
40.0,294.2250048,100.0,0.0,7.0,580.0,-1043.0,ANT,1
50.0,297.0,100.0,0.0,7.0,495.29719697077377,-1050.5101417520093,ANT,1
60.0,298.37106782548216,100.0,0.0,7.0,399.0,-1059.0,ANT,1
70.0,299.0,100.0,0.0,7.0,356.4598432935514,-1062.6845590059916,ANT,1
80.0,302.95833066666665,100.0,0.0,7.0,200.0,-1076.0,ANT,1
90.0,304.0,100.0,0.0,7.0,158.18625000114812,-1079.5725657352532,ANT,1
100.0,305.2099655994228,100.0,0.0,7.0,14.0,-1092.0,ANT,1
110.0,306.0,100.0,0.0,8.0,-80.06312121221077,-1100.2287068972548,ANT,1
120.0,307.2093768,100.0,0.0,8.0,-188.0,-1110.0,ANT,1
130.0,308.1468744,100.0,0.0,8.0,-273.0,-1118.0,ANT,1
140.0,309.0,100.0,0.0,8.0,-368.5911244912549,-1126.5472830872964,ANT,1
160.0,312.21111324444445,100.0,0.0,8.0,-703.0,-1155.0,ANT,1
170.0,313.0,100.0,0.0,8.0,-750.1715615454766,-1159.1376369924014,ANT,1
190.0,313.0,100.0,0.0,8.0,-878.710465147051,-1170.7050481200226,ANT,1
200.0,313.7857152,100.0,0.0,8.0,-998.0,-1181.0,ANT,1
220.0,315.0,100.0,0.0,8.0,-1131.5096705859773,-1193.034276602249,ANT,2
230.0,315.0,100.0,0.0,8.0,-1283.0685776830496,-1206.5278601874816,ANT,2
250.0,315.63888924444444,100.0,0.0,8.0,-1591.0,-1233.0,ANT,2
260.0,316.0,100.0,0.0,8.0,-1662.525171786898,-1239.5543751787282,ANT,2
280.0,316.0,100.0,0.0,8.0,-1731.0,-1246.0,ANT,2
290.0,316.0,100.0,0.0,8.0,-1939.3949437301058,-1264.0464291615194,ANT,2
310.0,315.1458330666667,100.0,0.0,8.0,-2173.7161982251573,-1284.0033311731881,ANT,2
330.0,314.1785709714286,100.0,0.0,8.0,-2289.0,-1294.0,ANT,2
340.0,314.0,100.0,0.0,8.0,-2330.566747195302,-1297.8111412744272,ANT,2
350.0,313.5312496,100.0,0.0,8.0,-2486.0,-1312.0,ANT,2
360.0,313.0,100.0,0.0,8.0,-2622.4443888378983,-1323.5645734014447,ANT,2
380.0,312.4687496,100.0,0.0,8.0,-2780.0,-1337.0,ANT,2
390.0,312.0,100.0,0.0,8.0,-2989.1506798325477,-1355.9490182278412,ANT,2
400.0,311.87499968,100.0,0.0,8.0,-3056.0,-1362.0,ANT,2
430.0,310.79166613333336,100.0,0.0,8.0,-3384.3877683338815,-1390.6550375263782,ANT,2
450.0,309.0,100.0,0.0,8.0,-3499.1040622176833,-1400.6367290736775,ANT,3
460.0,309.0,100.0,0.0,8.0,-3581.700232660791,-1407.8429340931596,ANT,3
470.0,304.0,95.0,0.0,8.0,-3712.3011121733743,-1419.1589401276888,ANT,3
480.0,289.9062336,62.343712,0.0,8.0,-3825.0,-1429.0,ANT,3
500.0,264.9218668,4.453105999999998,0.5,8.0,-4068.244062218047,-1450.4399599120843,ANT,3
520.0,218.4687424,0.0,1.0,8.0,-4306.889661711074,-1472.150385250375,ANT,3
530.0,206.0,0.0,1.0,8.0,-4340.459542079416,-1475.4529635637723,ANT,3
540.0,189.3895856,0.0,1.0,8.0,-4402.992182712165,-1481.1370892038067,ANT,3
550.0,167.4321453714286,0.0,1.0,6.5,-4542.323135914694,-1487.0316607723178,ANT,3
560.0,153.98408087272728,0.0,1.0,5.0,-4694.0,-1485.0,ANT,3
570.0,142.0929672062819,0.0,1.0,3.0,-4747.108236704201,-1481.1459223849815,ANT,3
580.0,130.1995433214757,0.0,1.0,2.0,-4820.882309235058,-1468.396853663547,ANT,3
590.0,114.23696286432114,0.0,1.0,2.0,-4935.319886508719,-1428.4843770327047,ANT,3
600.0,106.671876,0.0,1.0,2.0,-5020.783491436054,-1364.0826643973678,ANT,3
610.0,95.91015540000001,0.0,1.0,1.25,-5070.6057137723365,-1293.5330592600926,ANT,3
620.0,86.953124,0.0,1.0,1.0,-5115.827165956909,-1180.2610153790906,ANT,3
630.0,79.74999893333334,0.0,0.3333333333333333,1.0,-5127.90752101102,-1096.3074602352601,ANT,3
640.0,73.743332864,0.6,0.2,1.0,-5109.999625308339,-989.0450326549842,ANT,3
650.0,72.34393976242424,12.390912310303031,0.0,1.0,-5070.890995954866,-908.0361692429534,ANT,3
660.0,77.8928576,31.232144,0.0,1.0,-4999.114021220046,-832.7731503876067,ANT,4
670.0,82.82500096,37.187500799999995,0.0,1.0,-4914.546698896103,-785.4832615304138,ANT,4
680.0,92.16666879999998,53.3333376,0.0,1.0,-4736.207596800325,-809.5710970771726,ANT,4
690.0,102.0,59.0,0.0,1.0,-4603.215566655566,-849.358525228143,ANT,4
700.0,102.0,15.364575466666667,0.5,1.0,-4522.56294203776,-880.0698252076372,ANT,4
710.0,97.47333205333332,0.0,1.0,1.0,-4431.90358575192,-902.0870711894113,ANT,4
720.0,90.79625056,0.0,0.75,1.0,-4352.244806292751,-910.14329741345,ANT,4
730.0,83.37687344,0.0,0.25,1.0,-4239.046980920368,-880.5627873418161,ANT,4
740.0,78.96817453619848,5.611389123305341,0.0,1.0,-4168.017585891369,-798.8032202862909,ANT,4
750.0,78.31363607272726,10.803407418181818,0.0,1.0,-4154.411454281467,-756.6914512905703,ANT,4
760.0,82.93854252121213,34.59791743030303,0.0,1.0,-4137.7626716262685,-633.6698295985664,ANT,4
770.0,90.4171892,45.42812592,0.0,1.0,-4146.557270448934,-545.1443305269134,ANT,4
780.0,97.80000085333334,48.0,0.0,1.0,-4173.850407654741,-464.3398535366882,ANT,4
790.0,107.87500192,58.93750208,0.0,1.25,-4232.340211563648,-370.11184937710993,ANT,4
800.0,122.5416728,71.0833392,0.0,2.0,-4304.0,-285.5,ANT,4
810.0,135.0,83.0,0.0,2.0,-4375.084554344016,-192.56227727000174,ANT,4
820.0,143.88637032727272,86.47727534545454,0.0,2.0,-4424.0,-117.0,ANT,4
830.0,160.47500352,93.80000256,0.0,3.0,-4462.598620244656,-35.43719302683357,ANT,4
840.0,170.36363985454545,100.0,0.0,3.0,-4489.117580458692,37.551553213766894,ANT,4
850.0,183.7272797090909,100.0,0.0,3.0,-4521.0,155.0,ANT,4
860.0,193.0,100.0,0.0,4.0,-4540.466155640495,267.7464383097506,ANT,4
870.0,197.60000256,100.0,0.0,4.0,-4556.034055100019,382.9203977677843,ANT,4
880.0,205.0,100.0,0.0,4.0,-4563.2303986878305,460.15444251889113,ANT,5
890.0,210.5000064,100.0,0.0,4.0,-4565.0,506.0,ANT,5
900.0,221.0,100.0,0.0,5.0,-4566.500636954153,628.6478977948566,ANT,5
910.0,223.0625024,100.0,0.0,5.0,-4565.0,699.0,ANT,5
920.0,225.96875119999999,100.0,0.0,5.0,-4560.286122270415,796.830132039041,ANT,5
940.0,232.87500160000002,100.0,0.0,5.5,-4550.80906351175,983.2828340118793,ANT,5
950.0,241.91458186666665,100.0,0.0,6.0,-4541.176448727158,1114.7372687527397,ANT,5
960.0,246.3843736,100.0,0.0,6.0,-4529.0,1219.0,ANT,5
980.0,251.92708533333334,100.0,0.0,6.0,-4493.758645403111,1418.2583006809373,ANT,5
990.0,256.0,100.0,0.0,6.0,-4464.15851241706,1544.5345007254973,ANT,5
1010.0,259.80250432,100.0,0.0,6.0,-4433.0,1643.0,ANT,5
1020.0,264.42624928,100.0,0.0,6.0,-4378.080262078567,1779.7420137809427,ANT,5
1040.0,267.68999936,100.0,0.0,7.0,-4299.094890474173,1918.7983982033613,ANT,5
1050.0,271.0,100.0,0.0,7.0,-4225.354582077987,2018.8739110331244,ANT,5
1060.0,272.24166613333335,100.0,0.0,7.0,-4150.0,2104.0,ANT,5
1070.0,273.0,100.0,0.0,7.0,-4101.362623001619,2152.41974812788,ANT,5
1080.0,274.5562512,100.0,0.0,7.0,-4029.615768123197,2215.8451302689728,ANT,5
1090.0,276.0218744,100.0,0.0,7.0,-3942.0,2285.0,ANT,5
1100.0,277.5218744,100.0,0.0,7.0,-3839.0,2354.0,ANT,6
1110.0,278.0,100.0,0.0,7.0,-3786.48928984399,2383.742395383312,ANT,6
1120.0,280.24642834285714,100.0,0.0,7.0,-3528.7005451484197,2515.416182374741,ANT,6
1130.0,281.49285851428573,100.0,0.0,7.0,-3389.0,2571.0,ANT,6
1140.0,282.0,100.0,0.0,7.0,-3335.251902838041,2588.7318349112193,ANT,6
1150.0,282.44500096,100.0,0.0,7.0,-3266.0,2611.0,ANT,6
1160.0,283.0,100.0,0.0,7.0,-3189.3829843733906,2634.724901512299,ANT,6
1170.0,285.46428708571426,100.0,0.0,7.0,-3008.0,2689.0,ANT,6
1180.0,286.0,100.0,0.0,7.0,-2948.636894923843,2707.1159894945376,ANT,6
1190.0,287.95000064,100.0,0.0,7.0,-2714.319238858571,2779.1305762052007,ANT,6
1210.0,289.7857152,100.0,0.0,7.0,-2626.0,2807.0,ANT,6
1220.0,290.0,100.0,0.0,7.0,-2603.8366660650704,2814.2559048722414,ANT,6
1240.0,291.8928576,100.0,0.0,7.0,-2305.240749897235,2912.597793608281,ANT,6
1260.0,292.0,100.0,0.0,7.0,-2176.5910332494805,2956.86873012479,ANT,6
1270.0,292.0,100.0,0.0,7.0,-2074.0,2995.0,ANT,6
1280.0,292.0,100.0,0.0,7.0,-2024.086457462462,3013.5512877775,ANT,6
1290.0,292.0,100.0,0.0,7.0,-1917.4876867626751,3053.310046997771,ANT,6
1300.0,292.0,100.0,0.0,7.0,-1790.6772599968822,3100.8450296679175,ANT,6
1320.0,291.02499968,100.0,0.0,7.0,-1628.3580417149492,3162.203924725716,ANT,7
1330.0,292.0,100.0,0.0,7.0,-1399.1378234424888,3253.13263759394,ANT,7
1340.0,292.0,100.0,0.0,7.0,-1342.0,3276.0,ANT,7
1350.0,292.0,100.0,0.0,7.0,-1263.315497746172,3307.762462775288,ANT,7
1370.0,291.3055552,100.0,0.0,7.0,-1180.0,3344.0,ANT,7
1380.0,291.0,100.0,0.0,7.0,-1081.6499189625847,3386.2694734761567,ANT,7
1390.0,291.0,100.0,0.0,7.0,-894.3496896252632,3467.1066872187557,ANT,7
1420.0,288.7142802285714,66.249984,0.0,7.0,-723.5884412637502,3545.101978910964,ANT,7
1430.0,273.7142747428571,22.499968000000003,0.0,7.0,-601.0,3600.0,ANT,7
1440.0,266.0,0.0,1.0,7.0,-523.4534020562946,3634.3125058543988,ANT,7
1450.0,228.6499712,0.0,1.0,7.0,-313.0,3727.0,ANT,7
1460.0,200.0,0.0,1.0,7.0,-246.0042825835031,3757.110489841839,ANT,7
1470.0,184.78998272,0.0,1.0,7.0,-204.0,3776.0,ANT,7
1480.0,162.98500224,0.0,1.0,6.0,-96.3860846893869,3821.5600935101957,ANT,7
1490.0,147.70000213333333,0.0,1.0,4.0,-3.6877240246119585,3851.6010330467816,ANT,7
1500.0,134.38749760000002,0.0,1.0,3.0,105.96244846364601,3871.244491262132,ANT,7
1510.0,130.22624736,0.0,1.0,2.0,161.92402185243893,3872.0943667531174,ANT,7
1520.0,120.58520373383539,0.0,1.0,2.0,272.1333715760838,3846.2689198901476,ANT,7
1530.0,111.9437488,7.352083733333333,0.0,2.0,386.56294292105275,3763.980331955822,ANT,7
1540.0,107.35208373333334,20.788544266666666,0.0,2.0,443.1570046222178,3703.5527887078483,ANT,8
1550.0,108.8406248,36.9640612,0.0,2.0,507.4708643510262,3591.2146248025133,ANT,8
1560.0,111.67187559999999,48.6875024,0.0,2.0,529.5545159568403,3532.709737033975,ANT,8
1570.0,120.12500159999999,64.0,0.0,2.0,553.5873329541098,3443.964221411604,ANT,8
1580.0,127.0833344,72.22222506666667,0.0,2.0,571.8047886431896,3331.6155452257613,ANT,8
1590.0,141.37500373333333,87.3125024,0.0,2.0,582.6644119275427,3229.6101728824187,ANT,8
1600.0,161.6250048,99.77083626666666,0.0,2.5,596.3056930379992,3076.984134656505,ANT,8
1620.0,178.25000319999998,100.0,0.0,3.0,622.7052532671066,2849.632864322761,ANT,8
1640.0,193.00000232727274,100.0,0.0,4.0,635.5379491694935,2748.3476796722844,ANT,8
1660.0,206.0909114181818,100.0,0.0,4.0,670.9493438942031,2497.5557152969564,ANT,8
1680.0,217.4107168,100.0,0.0,4.5,688.2213421153829,2386.627505051076,ANT,8
1690.0,225.66667093333334,100.0,0.0,5.0,714.0,2236.0,ANT,8
1700.0,230.0,100.0,0.0,5.0,729.140004135413,2154.5450519082033,ANT,8
1710.0,231.0937528,100.0,0.0,5.0,735.0,2124.0,ANT,8
1720.0,237.09204741818183,100.0,0.0,5.0,772.1394081674572,1949.4808093186302,ANT,8
1740.0,242.91136756363636,100.0,0.0,5.0,836.0,1714.0,ANT,8
1750.0,246.0,100.0,0.0,6.0,853.9331106882007,1654.499568405023,ANT,8
1760.0,247.03499904,100.0,0.0,6.0,866.0,1623.0,ANT,9
1770.0,249.0,100.0,0.0,6.0,905.1013574690633,1530.1267396158528,ANT,9
1780.0,251.8624992,100.0,0.0,6.0,995.0,1332.0,ANT,9
1790.0,253.0,100.0,0.0,6.0,1023.1602681232176,1275.8699472624555,ANT,9
1810.0,253.96944426666667,100.0,0.0,6.0,1121.0,1131.0,ANT,9
1820.0,254.0,100.0,0.0,6.0,1125.3715950733053,1125.565187346768,ANT,9
1830.0,254.5249998222222,100.0,0.0,6.0,1213.0,1024.0,ANT,9
1840.0,254.92750016,100.0,0.0,6.0,1308.1881017536334,935.4947078944592,ANT,9
1850.0,254.35499904,100.0,0.0,6.0,1372.0,886.0,ANT,9
1860.0,253.35499904,100.0,0.0,6.0,1492.0,812.0,ANT,9
1870.0,253.0,100.0,0.0,6.0,1533.667380088743,789.9723157931487,ANT,9
1890.0,251.88284616529901,100.0,0.0,6.0,1701.8156610893936,724.4310012244823,ANT,9
1900.0,250.21338956054726,100.0,0.0,6.0,1882.0278170961628,681.217885010289,ANT,9
1920.0,250.0,100.0,0.0,6.0,2006.501336318357,667.0243242761055,ANT,9
1940.0,249.0484372,100.0,0.0,6.0,2271.8570080184522,679.2588498079685,ANT,9
1960.0,250.0,100.0,0.0,6.0,2380.838379760431,703.9523112425478,ANT,9
1970.0,250.3437504,100.0,0.0,6.0,2437.0,725.0,ANT,9
1980.0,250.9843752,100.0,0.0,6.0,2570.2625768964294,780.503957007781,ANT,10
2000.0,251.97916693333332,100.0,0.0,6.0,2717.9018874371386,859.8458319181935,ANT,10
2010.0,253.18750026666666,100.0,0.0,6.0,2833.4387041234813,946.3650319557789,ANT,10
2020.0,254.0,100.0,0.0,6.0,2931.3493958551185,1044.792902065814,ANT,10
2030.0,254.3125008,100.0,0.0,6.0,2956.0,1072.0,ANT,10
2040.0,255.5625008,100.0,0.0,6.0,3057.0,1180.0,ANT,10
2050.0,256.0,100.0,0.0,6.0,3117.7352921677593,1232.544388403217,ANT,10
2060.0,256.0,100.0,0.0,6.0,3205.207422322579,1295.838276061909,ANT,10
2070.0,256.0,91.47499008,0.0,6.0,3272.0,1335.0,ANT,10
2090.0,256.0,69.0937512,0.0,6.0,3465.532887157773,1413.0456001470313,ANT,10
2100.0,255.92499967999998,72.0,0.0,6.0,3584.1171326787394,1438.310668285881,ANT,10
2120.0,254.9218748,72.8593772,0.0,6.0,3726.168306631739,1451.336706523857,ANT,10
2130.0,254.3437496,79.2187544,0.0,6.0,3948.0,1437.0,ANT,10
2140.0,254.0,83.0,0.0,6.0,4025.4875832093185,1428.0306254677312,ANT,10
2150.0,253.4166663111111,92.9166727111111,0.0,6.0,4086.0,1407.0,ANT,10
2160.0,253.0,100.0,0.0,6.0,4176.831508444866,1375.2053884291668,ANT,10
2170.0,253.4656248,100.0,0.0,6.0,4283.0,1332.0,ANT,10
2190.0,254.34499968,100.0,0.0,6.0,4409.27242293985,1258.9904503205194,ANT,10
2200.0,255.89791626666667,100.0,0.0,6.0,4515.878696308491,1180.7918730428862,ANT,11
2220.0,255.18541706666667,100.0,0.0,6.0,4705.425682338857,996.5876542204069,ANT,11
2230.0,256.0,100.0,0.0,6.0,4801.952167265629,893.4266951246841,ANT,11
2250.0,257.17249984,100.0,0.0,6.0,4863.517228878242,816.4838485914901,ANT,11
2260.0,258.0,100.0,0.0,7.0,4929.383935394751,733.4962573865178,ANT,11
2270.0,258.20416746666666,100.0,0.0,7.0,4955.0,701.0,ANT,11
2280.0,259.0160717714286,100.0,0.0,7.0,5076.600280285194,546.0201688038696,ANT,11
2300.0,260.0,100.0,0.0,7.0,5165.681131159205,440.4204866952122,ANT,11
2310.0,260.37249984,100.0,0.0,7.0,5240.0,357.0,ANT,11
2330.0,260.96125024,100.0,0.0,7.0,5437.754384992947,131.62803914013935,ANT,11
2340.0,261.0,100.0,0.0,7.0,5547.084497212429,7.829658868822484,ANT,11
2360.0,261.93000064,100.0,0.0,7.0,5632.30767180329,-87.73992811820946,ANT,11
2370.0,261.0,100.0,0.0,7.0,5684.7151602037,-146.47154441614555,ANT,11
2380.0,261.9654085620028,100.0,0.0,7.0,5736.337953114982,-204.6418489637046,ANT,11
2390.0,261.4678573714286,100.0,0.0,7.0,5811.0,-289.0,ANT,11
2400.0,261.0,100.0,0.0,7.0,5871.365389281311,-356.57685636399583,ANT,11
2410.0,261.84500096,100.0,0.0,7.0,5956.0,-452.0,ANT,11
2420.0,262.0,100.0,0.0,7.0,5974.691191623975,-473.40106297484317,ANT,12
2430.0,257.39999744,42.499968,0.0,7.0,6127.0,-650.0,ANT,12
2450.0,254.0,0.0,1.0,7.0,6212.550965853248,-750.9612957785437,ANT,12
2460.0,240.27776853333333,0.0,1.0,7.0,6282.0,-839.0,ANT,12
2470.0,228.0,0.0,1.0,7.0,6329.221202917803,-909.2513293237425,ANT,12
2490.0,216.5624976,0.0,1.0,6.0,6389.665479289264,-1033.8552197923677,ANT,12
2500.0,211.98214171428572,0.0,0.5,5.0,6421.958843005867,-1187.8018572572882,ANT,12
2510.0,208.5937456,5.250009599999999,0.0,5.0,6428.0,-1298.0,ANT,12
2520.0,200.0,24.0,0.0,4.0,6420.274078117762,-1393.8859312301677,ANT,12
2530.0,197.4166656,37.5625056,0.0,4.0,6399.079765630428,-1470.6360507024774,ANT,12
2540.0,193.49999786666666,52.5000064,0.0,4.0,6350.0,-1620.0,ANT,12
2550.0,192.0,57.0,0.0,4.0,6324.6898773656085,-1674.3716568216778,ANT,12
2560.0,194.0,67.0,0.0,4.0,6259.908604366705,-1779.7007692860263,ANT,12
2570.0,197.30000128,72.77500223999999,0.0,4.0,6216.007300841493,-1844.679030548365,ANT,12
2580.0,202.0,87.0,0.0,4.0,6136.6240707978795,-1933.993533635647,ANT,12
2590.0,204.61250239999998,95.4906328,0.0,4.0,6069.9866483806445,-1981.6462909660017,ANT,12
2600.0,213.0031304,100.0,0.0,4.5,5947.811135557017,-2059.489733012656,ANT,12
2620.0,219.3624992,100.0,0.0,5.0,5857.383597418679,-2094.5176545110007,ANT,12
2630.0,223.8624992,100.0,0.0,5.0,5795.370766497295,-2115.7471884110173,ANT,12
2640.0,228.67708533333334,100.0,0.0,5.0,5652.516145735365,-2148.978775959837,ANT,13
2650.0,231.81666986666667,100.0,0.0,5.0,5535.0,-2171.0,ANT,13
2660.0,233.0,100.0,0.0,5.0,5471.853820196782,-2181.181270426762,ANT,13
2670.0,236.5437488,100.0,0.0,5.0,5289.0,-2208.0,ANT,13
2690.0,242.3402791111111,100.0,0.0,6.0,5153.344298701879,-2218.5807550254053,ANT,13
2720.0,247.24166613333335,100.0,0.0,6.0,4920.467828878105,-2227.6508439491768,ANT,13
2730.0,251.0,100.0,0.0,6.0,4762.973452698182,-2232.05978760749,ANT,13
2740.0,252.9593768,100.0,0.0,6.0,4692.867990433928,-2234.203092359954,ANT,13
2750.0,254.69751115330197,100.0,0.0,6.0,4618.0,-2237.0,ANT,13
2760.0,257.77224214850355,100.0,0.0,6.0,4420.351487998643,-2247.739045224361,ANT,13
2790.0,263.02507838500014,100.0,0.0,6.0,4162.646384729658,-2264.750630275121,ANT,13
2810.0,264.30407602000815,100.0,0.0,6.0,3954.0,-2279.0,ANT,13
2820.0,265.0,100.0,0.0,7.0,3881.7289382107456,-2284.060849890081,ANT,13
2830.0,267.0,100.0,0.0,7.0,3790.625126261519,-2290.2901657170582,ANT,13
2840.0,267.20416746666666,100.0,0.0,7.0,3747.0,-2293.0,ANT,13
2850.0,268.05357165714287,100.0,0.0,7.0,3494.903509465402,-2308.126008299467,ANT,13
2870.0,269.0,100.0,0.0,7.0,3379.8144390551497,-2314.6222806978694,ANT,14
2880.0,269.55000064,100.0,0.0,7.0,3316.0,-2320.0,ANT,14
2900.0,270.97500032,100.0,0.0,7.0,2997.946695606623,-2348.3658514616927,ANT,14
2910.0,272.0,100.0,0.0,7.0,2920.885574535893,-2355.4194689163046,ANT,14
2920.0,272.6250005333333,100.0,0.0,7.0,2866.0,-2361.0,ANT,14
2930.0,273.0,100.0,0.0,7.0,2806.9954169214448,-2367.0924997910747,ANT,14
2940.0,274.0,100.0,0.0,7.0,2675.907720101134,-2380.7130600764017,ANT,14
2950.0,274.1250005333333,100.0,0.0,7.0,2654.0,-2383.0,ANT,14
2960.0,275.0,100.0,0.0,7.0,2511.463778698294,-2398.0919348590105,ANT,14
2970.0,275.0,94.9999872,0.0,7.0,2457.0,-2404.0,ANT,14
2980.0,275.0,75.4999936,0.0,7.0,2192.1903243802517,-2433.122351846695,ANT,14
3000.0,234.0,0.0,1.0,7.0,2050.511990833111,-2451.201058630051,ANT,14
3010.0,212.33331946666667,0.0,1.0,7.0,1983.9130625857788,-2460.619203129137,ANT,14
3030.0,176.65226530909092,0.0,1.0,7.0,1765.2578086885167,-2489.686789772475,ANT,14
3040.0,148.4863488,0.0,1.0,7.0,1632.0,-2511.0,ANT,14
3050.0,140.2750016,0.0,1.0,4.0,1584.1265861794836,-2519.9475444054337,ANT,14
3060.0,122.96500096,0.0,1.0,2.0,1459.9768880337094,-2547.9096805135086,ANT,14
3070.0,109.74285165714286,0.0,1.0,2.0,1372.422128276655,-2577.198941446992,ANT,14
3080.0,100.52618544761904,0.0,1.0,2.0,1302.0,-2615.0,ANT,15
3090.0,82.92499839999999,1.6125024,0.0,1.0,1223.3212317100827,-2778.5588286766797,ANT,15
3100.0,77.5,17.3078164,0.0,1.0,1237.2093221091068,-2847.068410585406,ANT,15
3110.0,79.53749813333333,28.437496,0.0,1.0,1267.4817075697672,-2907.0359678545587,ANT,15
3120.0,89.22804833575803,49.29804769575803,0.0,1.0,1347.4686328856164,-2992.9396585623886,ANT,15
3130.0,98.40277688888888,59.40277688888889,0.0,1.0,1424.807927109893,-3049.9201272627456,ANT,15
3140.0,110.39687672,62.96249888,0.0,1.75,1552.6555526872244,-3127.6792675442857,ANT,15
3150.0,126.05357531428572,71.28571794285713,0.0,2.0,1708.4953274082836,-3217.7129831922152,ANT,15
3160.0,136.72917173333335,78.54166933333333,0.0,2.0,1781.0,-3261.0,ANT,15
3170.0,148.8020858666667,84.89583466666667,0.0,2.0,1941.8915538357323,-3365.2838318276863,ANT,15
3180.0,158.0,92.0,0.0,3.0,1990.331927775093,-3401.613176678426,ANT,15
3190.0,163.00000255999998,97.00000256,0.0,3.0,2024.9092831468147,-3433.5319566095495,ANT,15
3200.0,172.07143314285713,100.0,0.0,3.0,2106.0,-3516.0,ANT,15
3210.0,175.82143085714284,100.0,0.0,3.5,2137.4281184813726,-3554.931765712391,ANT,15
3220.0,184.3333376,100.0,0.0,4.0,2202.0,-3664.0,ANT,15
3230.0,189.35000192,100.0,0.0,4.0,2232.1336109962194,-3737.807838133138,ANT,15
3240.0,195.11250239999998,100.0,0.0,4.0,2261.6368367857585,-3841.120110298096,ANT,15
3250.0,201.0,100.0,0.0,4.0,2282.7326664084235,-3969.573660467248,ANT,15
3260.0,203.687504,100.0,0.0,4.0,2290.0,-4043.0,ANT,15
3270.0,207.5964278857143,100.0,0.0,5.0,2294.813441564741,-4148.43346836695,ANT,15
3280.0,212.0,100.0,0.0,5.0,2285.7331747250737,-4298.081950887086,ANT,15
3290.0,213.84500096,100.0,0.0,5.0,2265.3792774254616,-4449.268018712168,ANT,15
3300.0,217.0,100.0,0.0,5.0,2248.0873427530123,-4538.782164152438,ANT,16
3320.0,220.6125024,100.0,0.0,5.0,2211.0,-4651.0,ANT,16
3330.0,222.4312496,100.0,0.0,5.0,2180.984767523976,-4735.998248038351,ANT,16
3340.0,223.7781256,100.0,0.0,5.0,2143.2780754265727,-4833.097888734261,ANT,16
3360.0,225.7281256,98.45937839999999,0.0,5.0,2078.583200466257,-4972.828909034261,ANT,16
3370.0,219.18500224000002,60.38251328,1.0,5.0,1981.9911110366038,-5133.600149604044,ANT,16
3380.0,209.0,0.0,1.0,5.0,1919.0785716412283,-5227.953645028472,ANT,16
3390.0,190.37321645714286,0.0,1.0,4.5,1838.2400683244155,-5319.80886543825,ANT,16
3400.0,181.0,0.0,1.0,4.0,1765.6526537545749,-5391.487535936368,ANT,16
3410.0,174.6387910795449,0.516012743507307,1.0,4.0,1705.5063415207226,-5443.548112397073,ANT,16
3420.0,168.0,10.0,0.0,3.0,1634.9612045420374,-5483.2026897670785,ANT,16
3430.0,164.7111168,7.122227199999999,0.0,3.0,1587.0,-5495.0,ANT,16
3440.0,159.39285942857143,6.521415314285714,0.0,3.0,1475.1165381385608,-5509.173607944793,ANT,16
3450.0,155.464288,29.3071296,0.0,3.0,1376.5610057478898,-5507.32096827285,ANT,16
3460.0,155.0,50.66301431755094,0.0,3.0,1237.7713439255133,-5475.959470427836,ANT,16
3470.0,157.32500096,58.42500224,0.0,3.0,1117.470714531284,-5422.640303288021,ANT,16
3480.0,162.0,72.0,0.0,3.0,1029.8655092477666,-5364.111587878089,ANT,16
3490.0,165.2083392,80.1666816,0.0,3.0,1012.0,-5349.0,ANT,16
3500.0,176.59615655384616,100.0,0.0,3.0,935.9298269121241,-5282.145012293024,ANT,16
3510.0,187.80769772307693,100.0,0.0,3.0,840.0,-5194.0,ANT,16
3520.0,195.208336,100.0,0.0,4.0,769.959531673062,-5130.766302860662,ANT,17
3540.0,208.958336,100.0,0.0,4.5,628.526833752099,-5003.0312066361275,ANT,17
3560.0,218.1458352,100.0,0.0,5.0,485.526924993547,-4875.262569124276,ANT,17
3570.0,225.0,100.0,0.0,5.0,410.3652773680496,-4807.48783078914,ANT,17
3580.0,230.4468792,100.0,0.0,5.0,400.5588106272053,-4798.620812096133,ANT,17
3590.0,234.1468744,100.0,0.0,5.0,374.89537185686453,-4775.9549379897935,ANT,17
3600.0,238.26999808,100.0,0.0,5.0,295.0,-4705.0,ANT,17
3610.0,241.0,100.0,0.0,6.0,249.3058019160607,-4664.239069993076,ANT,17
3620.0,246.96458613333334,100.0,0.0,6.0,141.61673536603823,-4568.057652977467,ANT,17
3630.0,251.0,100.0,0.0,6.0,1.2740965797641757,-4442.929269265195,ANT,17
3640.0,253.7249984,100.0,0.0,6.0,-74.0,-4374.0,ANT,17
3650.0,255.0,100.0,0.0,6.0,-106.04646762347079,-4343.911204859937,ANT,17
3720.0,265.34516067096774,100.0,0.0,6.0,-625.0,-3899.0,ANT,17
3740.0,267.0,100.0,0.0,6.0,-795.7500622773354,-3812.4743873463535,ANT,18
3750.0,267.42250048,100.0,0.0,6.0,-936.0,-3747.0,ANT,18
3770.0,267.8249993142857,100.0,0.0,6.0,-1022.6968863845968,-3727.561724023637,ANT,18
3790.0,266.0,100.0,0.0,6.0,-1267.922538101494,-3718.3750509476804,ANT,18
3800.0,264.6375008,100.0,0.0,6.0,-1365.0,-3718.0,ANT,18
3810.0,262.0,100.0,0.0,6.0,-1458.1741992354703,-3731.200767805784,ANT,18
3820.0,261.65500032,100.0,0.0,6.0,-1492.0,-3741.0,ANT,18
3830.0,260.8283585321152,100.0,0.0,6.0,-1607.768250406817,-3776.490877337272,ANT,18
3840.0,259.7875008,100.0,0.0,6.0,-1744.7666455659555,-3832.0573359734117,ANT,18
3850.0,259.0,100.0,0.0,6.0,-1835.2889283166683,-3877.186271919059,ANT,18
3860.0,259.0,100.0,0.0,6.0,-1963.2589629736208,-3946.9732559671925,ANT,18
3870.0,259.53999872,100.0,0.0,6.0,-2053.0,-3993.0,ANT,18
3880.0,260.0,100.0,0.0,6.0,-2130.836173854583,-4030.1099485497425,ANT,18
3890.0,260.0,100.0,0.0,6.0,-2296.4545007300967,-4101.29958897029,ANT,18
3900.0,259.11557703613465,100.0,0.0,6.0,-2355.0,-4124.0,ANT,18
3910.0,258.0,100.0,0.0,6.0,-2413.5281278150915,-4144.118065370243,ANT,18
3930.0,258.0,100.0,0.0,6.0,-2551.006597663159,-4172.704691461591,ANT,18
3940.0,256.5937488,100.0,0.0,6.0,-2676.0,-4191.0,ANT,18
3950.0,255.1406244,100.0,0.0,6.0,-2786.6378527313,-4198.3155406412225,ANT,18
3970.0,255.0,100.0,0.0,6.0,-2956.3345356447408,-4193.590694273318,ANT,19
3980.0,254.9583328,100.0,0.0,6.0,-3083.478114870806,-4176.586641702155,ANT,19
4000.0,250.62499565714285,87.49997714285715,0.0,6.0,-3270.632651307915,-4138.002614445661,ANT,19
4020.0,231.60416053333333,0.0,1.0,6.0,-3441.12398032452,-4083.657716417045,ANT,19
4030.0,212.4854074666667,0.0,1.0,5.5,-3554.307172687812,-4034.788252171651,ANT,19
4040.0,198.78500223999998,0.0,1.0,5.0,-3648.3093000461913,-3981.083043706512,ANT,19
4050.0,188.0218648,0.0,1.0,5.0,-3735.0,-3920.0,ANT,19
4060.0,178.65249472,0.0,1.0,4.0,-3839.2153612477673,-3823.3673998287813,ANT,19
4070.0,169.0,0.0,1.0,3.0,-3902.272258327339,-3760.267948879655,ANT,19
4080.0,159.171876,0.0,1.0,3.0,-3946.4079354089063,-3684.3938971811,ANT,19
4090.0,142.25249472000002,0.0,1.0,2.5,-4021.5768309871037,-3538.2811217310973,ANT,19
4100.0,132.2750016,0.0,1.0,2.0,-4039.0,-3475.0,ANT,19
4110.0,126.3874976,0.0,1.0,2.0,-4050.3070459929195,-3393.500593276514,ANT,19
4120.0,117.32562384,0.0,1.0,2.0,-4041.791482176804,-3287.742170734184,ANT,19
4130.0,110.28333226666666,0.0,0.0,2.0,-4007.1274901976913,-3181.8296443977506,ANT,19
4140.0,106.30333269333333,2.4383355733333336,0.0,2.0,-3964.3264207097855,-3106.516348342439,ANT,19
4150.0,106.22767809523809,32.120532952380955,0.0,2.0,-3888.242430193186,-3027.1852831597316,ANT,19
4160.0,110.74499967999999,44.48999935999999,0.0,2.0,-3801.798354750612,-2971.316157653177,ANT,19
4170.0,114.92530966946283,52.85061933892567,0.0,2.0,-3719.291840349081,-2934.4232962506785,ANT,19
4180.0,122.56666453333332,61.42777742222222,0.0,2.0,-3634.2055517762506,-2909.077549772912,ANT,20
4190.0,127.65,64.7,0.0,2.0,-3571.0,-2892.0,ANT,20
4200.0,137.61441481494558,80.6144148149456,0.0,2.0,-3414.7697186472287,-2857.238925540492,ANT,20
4210.0,151.75000319999998,94.45000192,0.0,3.0,-3340.7711397923745,-2841.981341304784,ANT,20
4220.0,161.83333688888888,100.0,0.0,3.0,-3255.261170850789,-2824.2787496597048,ANT,20
4230.0,178.22222933333333,100.0,0.0,3.0,-3144.0,-2803.0,ANT,20
4240.0,183.8125024,100.0,0.0,4.0,-3062.373069146624,-2788.25708046753,ANT,20
4250.0,190.0,100.0,0.0,4.0,-2964.4269367095408,-2770.5937017932865,ANT,20
4270.0,206.29166968888887,100.0,0.0,4.0,-2814.180984188967,-2745.3010147549257,ANT,20
4280.0,215.37500160000002,100.0,0.0,5.0,-2661.0407611081914,-2721.5575153220916,ANT,20
4300.0,222.19286125714285,100.0,0.0,5.0,-2544.1499530475057,-2703.3280435905604,ANT,20
4310.0,233.52856868571428,100.0,0.0,5.0,-2378.0,-2678.0,ANT,20
4320.0,234.0,100.0,0.0,5.0,-2370.668948682601,-2676.8339408995625,ANT,20
4330.0,240.12500266666666,100.0,0.0,6.0,-2263.813621547113,-2659.4514352823085,ANT,20
4340.0,246.36110933333333,100.0,0.0,6.0,-2114.0,-2636.0,ANT,20
4350.0,250.0,100.0,0.0,6.0,-1976.4050239950084,-2613.9792613504933,ANT,20
4360.0,255.13500288,100.0,0.0,6.0,-1811.97345688622,-2587.4765986221914,ANT,20
4380.0,263.06999808,100.0,0.0,6.0,-1723.0,-2573.0,ANT,20
4390.0,267.0,100.0,0.0,6.0,-1632.798942822886,-2557.2041189675665,ANT,20
4400.0,269.2250048,100.0,0.0,6.0,-1562.0,-2545.0,ANT,21
4420.0,276.0843768,100.0,0.0,7.0,-1357.6350807974186,-2511.594337494782,ANT,21
4440.0,281.8968744,100.0,0.0,7.0,-1072.5196449901866,-2464.070800083956,ANT,21
4480.0,288.90374944,100.0,0.0,7.0,-697.5770448036046,-2399.3988045055175,ANT,21
4510.0,294.6522722909091,100.0,0.0,7.0,-462.1797597392805,-2359.1339301142652,ANT,21
4520.0,296.6125024,100.0,0.0,7.0,-265.0,-2327.0,ANT,21
4530.0,298.0,100.0,0.0,7.0,-168.40522666413915,-2310.8676704994627,ANT,21
4560.0,300.8546884,100.0,0.0,7.0,-7.57442489436637,-2280.607364895834,ANT,21
4580.0,302.78749973333333,100.0,0.0,7.0,206.1592126305846,-2239.910396404729,ANT,21
4590.0,303.90062123652626,100.0,0.0,7.5,346.2210517122908,-2214.6358776649886,ANT,21
4610.0,304.01666666666665,100.0,0.0,8.0,529.7964223981153,-2181.591891593407,ANT,21
4620.0,304.7,100.0,0.0,8.0,666.0,-2156.0,ANT,22
4630.0,305.0,100.0,0.0,8.0,746.2222074187982,-2141.06715639867,ANT,22
4650.0,306.0,100.0,0.0,8.0,1028.074946098422,-2089.0601105065607,ANT,22
4660.0,306.0,100.0,0.0,8.0,1124.2059583304624,-2071.057710737013,ANT,22
4680.0,306.0,100.0,0.0,8.0,1253.1275700772226,-2047.571451287116,ANT,22
4700.0,306.0,100.0,0.0,8.0,1509.1456821956938,-2001.7126707007956,ANT,22
4710.0,306.0,100.0,0.0,8.0,1708.118316356558,-1965.4863956460078,ANT,22
4730.0,305.0,100.0,0.0,8.0,1859.1623067706996,-1937.0998124212113,ANT,22
4740.0,305.0,100.0,0.0,8.0,1935.0,-1923.0,ANT,22
4750.0,305.0,100.0,0.0,8.0,1953.9856181515145,-1919.5478632384707,ANT,22
4770.0,305.0,100.0,0.0,8.0,2052.0,-1902.0,ANT,22
4780.0,305.0,100.0,0.0,8.0,2188.2620417340013,-1877.0178095174815,ANT,22
4790.0,305.0,100.0,0.0,8.0,2388.0,-1841.0,ANT,22
4800.0,305.0,100.0,0.0,8.0,2495.65756397265,-1823.4935012813555,ANT,22
4820.0,304.0343752,100.0,0.0,8.0,2590.0071085585737,-1809.3819146148262,ANT,22
4830.0,304.6531256,100.0,0.0,8.0,2770.0,-1781.0,ANT,22
4840.0,305.0,100.0,0.0,8.0,2862.2794936622417,-1766.3771984749183,ANT,23
4850.0,305.0,100.0,0.0,8.0,2903.0,-1760.0,ANT,23
4860.0,305.0,100.0,0.0,8.0,2996.980180183771,-1745.5459666368574,ANT,23
4880.0,304.0645829333333,100.0,0.0,8.0,3182.95874717746,-1717.126336288573,ANT,23
4900.0,304.0,100.0,0.0,8.0,3448.4463493367,-1675.0859151594568,ANT,23
4910.0,302.3312464,100.0,0.0,8.0,3604.0,-1651.0,ANT,23
4920.0,301.0,100.0,0.0,8.0,3670.5546352924234,-1640.7486515659432,ANT,23
4940.0,282.44643199999996,39.8250048,1.0,8.0,3806.704745931018,-1620.2233408087602,ANT,23
4960.0,253.34105737142858,0.0,1.0,8.0,4001.026306565438,-1591.5979636451896,ANT,23
4970.0,215.2696288,0.0,1.0,8.0,4233.7947815742145,-1555.357872092049,ANT,23
4980.0,192.0,0.0,1.0,8.0,4298.812763526514,-1542.848900336962,ANT,23
4990.0,177.63498368,0.0,1.0,8.0,4346.0,-1530.0,ANT,23
5000.0,155.93000192,0.0,1.0,5.0,4486.822366499694,-1492.566669204376,ANT,23
5010.0,141.42291146666668,0.0,1.0,3.0,4565.8888449737115,-1465.1610487124167,ANT,23
5020.0,129.14666410666666,0.0,1.0,2.6666666666666665,4633.7375957473305,-1427.3524900241343,ANT,23
5030.0,119.5531208,0.0,1.0,2.0,4691.5824898693045,-1378.1011195572182,ANT,23
5040.0,108.0802088,0.0,1.0,1.6666666666666667,4769.24755385045,-1256.676800043506,ANT,23
5050.0,97.58333511111111,0.0,1.0,1.0,4791.250490129979,-1155.2692303126767,ANT,23
5060.0,89.94814814814815,0.0,0.3333333333333333,1.0,4797.776689509151,-1052.8338999549755,ANT,24
5070.0,81.89611287703703,0.72666624,0.0,1.0,4777.728449131268,-953.7921432392459,ANT,24
5080.0,80.41113039209375,10.371257785441966,0.0,1.0,4759.3749111705,-908.5134903351296,ANT,24
5090.0,82.87062624,34.13416837333333,0.0,1.0,4706.413777530779,-828.6501927141642,ANT,24
5100.0,91.05625119999999,41.0187504,0.0,1.0,4602.189567459936,-747.6549845793713,ANT,24
5110.0,95.476562,45.8390612,0.0,1.0,4521.610110922991,-721.0384225002053,ANT,24
5120.0,105.76500352,57.46000128,0.0,1.3333333333333333,4442.952959480905,-711.7365542677038,ANT,24
5130.0,115.75750336,60.645000960000004,0.0,2.0,4405.793506506512,-710.1713123530584,ANT,24
5140.0,132.2250048,74.3218792,0.0,2.0,4255.047069603223,-715.2100805066349,ANT,24
5150.0,143.11500672,83.67000576,0.0,2.0,4175.0,-721.0,ANT,24
5160.0,147.0,87.0,0.0,3.0,4107.623053229757,-727.1945641905447,ANT,24
5170.0,161.76000768,98.99250624,0.0,3.0,3986.6200219584807,-738.7434285259585,ANT,24
5180.0,175.50833706666668,100.0,0.0,3.0,3908.6976623070805,-747.7744464158745,ANT,24
5200.0,188.2937488,100.0,0.0,4.0,3755.158648245111,-764.8776974756918,ANT,24
5210.0,195.4187536,100.0,0.0,4.0,3650.9830734266407,-777.1523007304847,ANT,24
5220.0,208.64249791999998,100.0,0.0,4.0,3478.3703612725308,-793.325130014561,ANT,24
5230.0,211.0,100.0,0.0,5.0,3404.9969573009494,-799.6774196968428,ANT,24
5240.0,217.38571154285714,100.0,0.0,5.0,3351.0,-804.0,ANT,24
5250.0,223.765628,100.0,0.0,5.0,3259.774604963537,-811.4262565052202,ANT,24
5260.0,228.0,100.0,0.0,5.0,3129.8667171694606,-822.5863637894104,ANT,24
5270.0,231.51818705454545,100.0,0.0,5.0,3000.0,-834.0,ANT,24
5290.0,240.68656587153907,100.0,0.0,5.0,2857.6902238526613,-846.7019000475397,ANT,25
5300.0,244.0,100.0,0.0,6.0,2758.1923703191887,-854.6893505861585,ANT,25
5310.0,246.6999936,100.0,0.0,6.0,2680.0,-861.0,ANT,25
5320.0,251.0,100.0,0.0,6.0,2558.8670974712754,-871.2824090626663,ANT,25
5330.0,253.4666624,100.0,0.0,6.0,2458.0,-880.0,ANT,25
5340.0,255.025,100.0,0.0,6.0,2391.161565272694,-885.7267988983679,ANT,25
5360.0,257.0777777777778,100.0,0.0,6.0,2062.3525491012188,-914.7042167554719,ANT,25
5390.0,264.3062496,100.0,0.0,6.0,1864.6608483610687,-931.7724661333382,ANT,25
5400.0,266.24731176875935,100.0,0.0,7.0,1743.2256141365524,-941.8532015259971,ANT,25
5410.0,267.2114699089685,100.0,0.0,7.0,1643.0,-950.0,ANT,25
5420.0,268.0,100.0,0.0,7.0,1550.7812854192975,-958.0704996570491,ANT,25
5430.0,268.59090967272726,100.0,0.0,7.0,1439.0,-968.0,ANT,25
5450.0,269.7931816727273,100.0,0.0,7.0,1249.9137000382034,-983.7613824945923,ANT,25
5470.0,270.9972221333333,100.0,0.0,7.0,1051.670665039482,-1001.6906825911686,ANT,25
0.0,285.31333333333333,100.0,0.0,7.0,1033.863885450616,-1002.4966049790495,LEC,1
10.0,289.0,100.0,0.0,7.0,898.189159910149,-1014.729614008978,LEC,1
20.0,289.6,100.0,0.0,7.0,851.0,-1019.0,LEC,1
30.0,291.0,100.0,0.0,7.0,700.537819595696,-1032.4349699578631,LEC,1
40.0,292.6875,100.0,0.0,7.0,559.0,-1045.0,LEC,1
50.0,296.0,100.0,0.0,7.0,444.61543877776097,-1055.1411890572206,LEC,1
60.0,298.96,100.0,0.0,7.0,378.0,-1061.0,LEC,1
70.0,300.0,100.0,0.0,7.0,340.15351941765414,-1064.3263781772903,LEC,1
80.0,303.6,100.0,0.0,7.0,214.2448956591207,-1075.1325797735324,LEC,1
90.0,304.64,100.0,0.0,7.0,93.0,-1085.0,LEC,1
100.0,305.0,100.0,0.0,8.0,31.804522394072624,-1090.3874820837389,LEC,1
120.0,306.7090909090909,100.0,0.0,8.0,-126.0,-1105.0,LEC,1
140.0,309.0427045971556,100.0,0.0,8.0,-343.39500236479574,-1123.5961993928936,LEC,1
160.0,311.61031952604503,100.0,0.0,8.0,-635.4788268812079,-1149.5577235841765,LEC,1
180.0,312.51749952,100.0,0.0,8.0,-761.0,-1160.0,LEC,1
200.0,313.07499946666667,100.0,0.0,8.0,-939.6500609536706,-1175.8850441810412,LEC,1
230.0,314.9638883555556,100.0,0.0,8.0,-1235.6784191362274,-1202.479255405785,LEC,2
240.0,315.0,100.0,0.0,8.0,-1387.0,-1215.0,LEC,2
250.0,315.0,100.0,0.0,8.0,-1414.5123992706099,-1217.378305315176,LEC,2
270.0,315.0,100.0,0.0,8.0,-1631.0,-1237.0,LEC,2
280.0,315.0,100.0,0.0,8.0,-1819.150903759605,-1253.1785348082728,LEC,2
290.0,314.6333333333333,100.0,0.0,8.0,-1910.0,-1261.0,LEC,2
300.0,314.0,100.0,0.0,8.0,-1994.3989476828788,-1268.6279141001478,LEC,2
310.0,314.0,100.0,0.0,8.0,-2032.0,-1272.0,LEC,2
320.0,314.0,100.0,0.0,8.0,-2191.105003036844,-1285.7199893056381,LEC,2
340.0,314.0,100.0,0.0,8.0,-2369.6026924163057,-1301.094611159687,LEC,2
350.0,313.08000000000004,100.0,0.0,8.0,-2604.7210235984808,-1321.5627167492376,LEC,2
370.0,312.0,100.0,0.0,8.0,-2799.859764942015,-1339.1393861415736,LEC,2
390.0,311.1333333333333,100.0,0.0,8.0,-2931.0,-1351.0,LEC,2
410.0,310.0,100.0,0.0,8.0,-3077.5027734306623,-1363.4215094804863,LEC,2
420.0,309.7,100.0,0.0,8.0,-3119.0,-1367.0,LEC,2
430.0,309.0,100.0,0.0,8.0,-3244.5349648723254,-1377.9519699217835,LEC,2
440.0,309.0,100.0,0.0,8.0,-3461.0,-1397.0,LEC,3
460.0,309.0,100.0,0.0,8.0,-3654.8386238612215,-1414.1497797630145,LEC,3
480.0,305.2285714285714,100.0,0.0,8.0,-3843.4794019135397,-1430.829224101351,LEC,3
490.0,297.0,9.0,1.0,8.0,-3933.790215864275,-1438.6506116271664,LEC,3
510.0,281.4928749714286,4.8250048,1.0,8.0,-4029.0,-1447.0,LEC,3
520.0,266.8020150225235,2.0,1.0,8.0,-4137.369401159092,-1456.7973740159157,LEC,3
530.0,237.54136134321146,2.0,1.0,8.0,-4276.0,-1470.0,LEC,3
540.0,221.0,2.0,1.0,8.0,-4386.938243321885,-1477.8529197666758,LEC,3
550.0,204.55,2.47,1.0,8.0,-4539.0,-1487.0,LEC,3
560.0,184.0909090909091,2.9454545454545453,1.0,6.0,-4593.349795954108,-1488.172412834171,LEC,3
570.0,166.27272727272728,2.4363636363636365,1.0,6.0,-4694.0,-1485.0,LEC,3
580.0,146.93,1.63,1.0,3.0,-4803.648625665699,-1472.9775771714026,LEC,3
590.0,135.065,1.0,1.0,3.0,-4880.125783273787,-1452.1576623421975,LEC,3
600.0,118.91833333333334,0.9291666666666667,1.0,2.3333333333333335,-4972.964082469197,-1404.117714616464,LEC,3
610.0,101.2927428757352,0.009375000000000022,1.0,1.75,-5054.009994059403,-1320.0584201616875,LEC,3
620.0,86.53125333333332,0.0,1.0,1.0,-5106.044183132591,-1219.3311074027304,LEC,3
630.0,78.150251776,0.0,1.0,1.0,-5125.5157979748465,-1127.6020886173433,LEC,3
640.0,71.53809615238094,27.85713493333333,0.3333333333333333,1.0,-5117.897634171231,-1012.6970271540564,LEC,3
650.0,76.19714230857143,38.90285641142857,0.0,1.0,-5087.633293742226,-936.7238357655017,LEC,3
660.0,84.39713974857143,44.86856923428571,0.0,1.0,-5031.525713358557,-858.124018949476,LEC,4
670.0,90.46000000000001,50.46,0.0,1.0,-4956.503180182317,-806.3409475104258,LEC,4
680.0,98.2,57.4,0.0,1.0,-4856.925917558735,-785.953559813996,LEC,4
690.0,103.47999744,58.13000064,0.0,1.0,-4697.706538781127,-812.4978239540214,LEC,4
700.0,111.54999832380952,55.019457726984136,0.0,1.0,-4582.634237868194,-861.0042231499901,LEC,4
710.0,109.8250048,0.0,1.0,1.0,-4498.021023296801,-888.111836150903,LEC,4
720.0,94.20446394123778,0.0,1.0,1.0,-4398.958008932218,-906.2258029014996,LEC,4
730.0,84.50683973656119,0.0,1.0,1.0,-4303.731277204388,-904.5442569914686,LEC,4
740.0,78.59,0.15666666666666668,0.3333333333333333,1.0,-4216.643757673067,-867.8783198916975,LEC,4
750.0,74.47749999999999,12.836666666666666,0.0,1.0,-4162.345823325016,-777.8864125057288,LEC,4
760.0,76.9,38.46666666666667,0.0,1.0,-4138.819597654442,-655.3626843897648,LEC,4
770.0,84.54847580801287,48.083101385164916,0.0,1.0,-4141.814374007092,-579.0918891001021,LEC,4
780.0,90.98958133333333,55.19583253333333,0.0,1.0,-4163.723678941894,-491.21931149112345,LEC,4
790.0,101.55833173333333,59.279165866666666,0.0,1.3333333333333333,-4219.3215875070855,-387.5417870365864,LEC,4
800.0,113.47916266666667,66.0874976,0.0,2.0,-4276.36429950698,-317.0908728017166,LEC,4
810.0,120.8499968,79.67499306666667,0.0,2.0,-4317.136378965039,-271.64566728309194,LEC,4
820.0,139.3166592,89.59444053333334,0.0,2.5,-4387.597192151592,-178.29117977690612,LEC,4
830.0,150.35713828571429,91.0,0.0,3.0,-4441.370576232881,-81.3249216547001,LEC,4
840.0,159.92000000000002,97.47999999999999,0.0,3.0,-4473.963216867464,-4.379702663360925,LEC,4
850.0,169.63447128275862,100.0,0.0,3.0,-4504.0,85.0,LEC,4
910.0,214.28275862068966,100.0,0.0,4.0,-4566.9202385134195,622.691739929825,LEC,5
920.0,223.04999862857142,100.0,0.0,5.0,-4564.085698546192,732.839198743296,LEC,5
940.0,226.6214272,100.0,0.0,5.0,-4556.08989186812,888.8969473681343,LEC,5
950.0,234.5062464,100.0,0.0,5.0,-4548.611692283038,1018.2328320114117,LEC,5
960.0,238.6312464,100.0,0.0,5.5,-4542.848926509357,1089.9371358242256,LEC,5
980.0,245.0874976,100.0,0.0,6.0,-4520.37054732338,1276.6407837617862,LEC,5
990.0,249.62943477422021,100.0,0.0,6.0,-4496.738022655665,1405.2832979065747,LEC,5
1010.0,253.64091683310235,100.0,0.0,6.0,-4462.0,1550.0,LEC,5
1020.0,258.08000000000004,100.0,0.0,6.0,-4409.0087369170515,1708.404148114155,LEC,5
1030.0,260.96,100.0,0.0,6.0,-4367.0,1803.0,LEC,5
1040.0,262.0,100.0,0.0,6.0,-4344.859656008459,1842.2224034487092,LEC,5
1050.0,265.8,100.0,0.0,6.0,-4222.0,2023.0,LEC,5
1060.0,266.0,100.0,0.0,7.0,-4216.539889009336,2030.276782389689,LEC,5
1080.0,270.6388888888889,100.0,0.0,7.0,-4085.096303382562,2167.1122783466435,LEC,5
1100.0,272.4,100.0,0.0,7.0,-3971.0,2263.0,LEC,6
1110.0,274.06666666666666,100.0,0.0,7.0,-3845.0,2350.0,LEC,6
1120.0,275.0,100.0,0.0,7.0,-3676.531032906817,2438.8080637739213,LEC,6
1130.0,276.2,100.0,0.0,7.0,-3474.0,2539.0,LEC,6
1140.0,278.0,100.0,0.0,7.0,-3361.4458566543553,2584.6893130661283,LEC,6
1150.0,278.9110314059857,100.0,0.0,7.0,-3311.0,2597.0,LEC,6
1170.0,280.25124928,100.0,0.0,7.0,-3172.738317201696,2639.751330891452,LEC,6
1180.0,281.85249856,100.0,0.0,7.0,-3010.0,2688.0,LEC,6
1200.0,283.47857005714286,100.0,0.0,7.0,-2870.239509941758,2730.2644793986774,LEC,6
1220.0,287.0109372,100.0,0.0,7.0,-2680.648411410119,2789.1586668726873,LEC,6
1240.0,287.9812496,100.0,0.0,7.0,-2446.4216624904507,2865.5039871528384,LEC,6
1260.0,287.23333333333335,100.0,0.0,7.0,-2306.028447994825,2912.3379694422038,LEC,6
1280.0,287.9500004571429,100.0,0.0,7.0,-2132.556735807327,2974.0427545384637,LEC,6
1300.0,287.02142902857145,100.0,0.0,7.0,-1843.6084221194565,3081.010397795119,LEC,6
1320.0,288.0,100.0,0.0,7.0,-1696.5019647118909,3136.603896585545,LEC,7
1330.0,288.0,100.0,0.0,7.0,-1625.0,3164.0,LEC,7
1340.0,288.0,100.0,0.0,7.0,-1536.833800127828,3197.990009011115,LEC,7
1360.0,287.4,100.0,0.0,7.0,-1379.0,3261.0,LEC,7
1370.0,287.075,100.0,0.0,7.0,-1280.3201307780791,3301.892989226779,LEC,7
1390.0,288.0,100.0,0.0,7.0,-975.6766118460139,3431.6680276767897,LEC,7
1400.0,287.7906256,100.0,0.0,7.0,-924.0,3454.0,LEC,7
1420.0,286.22375552,96.7937728,0.0,7.0,-827.4528048423808,3497.489413591834,LEC,7
1450.0,264.37375552000003,6.543772799999999,0.5,7.0,-558.7519721817168,3618.742400428254,LEC,7
1460.0,238.20209493333334,5.889582933333333,1.0,7.0,-365.7609993174947,3702.851041606047,LEC,7
1470.0,212.98001152,6.91749952,1.0,6.5,-306.87471464074474,3729.771419440453,LEC,7
1480.0,182.5375264,7.0,1.0,6.0,-194.0,3780.0,LEC,7
1490.0,178.0,7.0,1.0,6.0,-178.12449429074525,3786.968997506461,LEC,7
1500.0,163.21607725714284,7.0,1.0,5.0,-70.83091698018771,3829.7913378286116,LEC,7
1510.0,146.65,7.075,1.0,3.0,50.11867215033446,3863.981041519248,LEC,7
1520.0,127.93333333333334,8.299999999999999,1.0,2.6666666666666665,150.79266245638664,3871.5757691948143,LEC,7
1530.0,118.4888888888889,9.877777777777778,1.0,2.0,248.0,3855.0,LEC,7
1540.0,112.66000000000001,11.893333333333333,0.6666666666666666,2.0,329.12143006619596,3814.316717332888,LEC,8
1550.0,107.84444444444443,32.96111111111111,0.0,2.0,409.26279670230514,3741.530095505837,LEC,8
1560.0,108.07607159638003,48.456429578280165,0.0,2.0,476.3738952086174,3650.3133164127817,LEC,8
1570.0,111.90714148571428,54.726785371428576,0.0,2.0,523.6751334893181,3551.1877321838665,LEC,8
1580.0,118.94999680000001,68.83110385777778,0.0,2.0,548.0905588084833,3469.755040261332,LEC,8
1590.0,125.6078104,82.29687200000001,0.0,2.0,565.9378026194443,3379.254611897423,LEC,8
1600.0,133.75,91.83333333333334,0.0,3.0,581.9876402323257,3230.158618145256,LEC,8
1610.0,146.0,100.0,0.0,3.0,588.045589880499,3160.3091744811977,LEC,8
1620.0,157.06666666666666,100.0,0.0,3.0,592.1112168307375,3114.816252967715,LEC,8
1630.0,169.95554986666667,100.0,0.0,3.5,607.5321807770451,2972.538402725083,LEC,8
1640.0,178.975,100.0,0.0,4.0,617.1756011915988,2890.248313718081,LEC,8
1650.0,189.72855954285714,100.0,0.0,4.0,632.0,2776.0,LEC,8
1660.0,195.0388849777778,100.0,0.0,4.0,641.4142163590195,2709.2374149178017,LEC,8
1670.0,202.8,100.0,0.0,4.0,661.0,2569.0,LEC,8
1680.0,206.7111111111111,100.0,0.0,5.0,670.430292322317,2502.852178091667,LEC,8
1700.0,219.0874976,100.0,0.0,5.0,699.4845884971085,2315.8889791797556,LEC,8
1710.0,224.8374976,100.0,0.0,5.0,739.8844994656962,2099.201786313593,LEC,8
1740.0,236.5874976,99.11749952,0.0,5.0,780.9339404481118,1910.154427832985,LEC,8
1750.0,240.8374976,99.96749951999999,0.0,5.0,835.9015742167111,1713.3690409760302,LEC,8
1760.0,245.0,100.0,0.0,6.0,869.2440156026681,1603.7163701317681,LEC,9
1780.0,248.546872,100.0,0.0,6.0,898.0,1540.0,LEC,9
1790.0,250.0,100.0,0.0,6.0,917.5053367656695,1498.6231070456283,LEC,9
1830.0,256.49608748552237,100.0,0.0,6.0,1130.1479085245107,1120.0249239050092,LEC,9
1840.0,258.85,100.0,0.0,6.0,1220.0,1017.0,LEC,9
1850.0,260.0,100.0,0.0,6.0,1267.164497385049,971.39270074863,LEC,9
1860.0,259.55,100.0,0.0,6.0,1326.0,921.0,LEC,9
1870.0,259.0,100.0,0.0,6.0,1402.4667086738116,865.6731403733272,LEC,9
1880.0,258.025,97.675,0.0,6.0,1503.4719547910768,806.3245004043281,LEC,9
1890.0,258.9,86.3,0.0,6.0,1594.9935941526605,763.4438890336119,LEC,9
1900.0,258.54285714285714,83.62857142857143,0.0,6.0,1693.0,727.0,LEC,9
1910.0,258.0,82.0,0.0,6.0,1766.7409882964635,705.0245877834101,LEC,9
1920.0,256.6125,72.75,0.0,6.0,1838.0,691.0,LEC,9
1930.0,255.0,62.0,0.0,6.0,1957.1521728060864,672.8370738961,LEC,9
1940.0,254.65836322275538,63.024910331733864,0.0,6.0,1992.0,669.0,LEC,9
1950.0,253.25978698263665,67.22063905209004,0.0,6.0,2128.223129238884,663.6075198274652,LEC,9
1960.0,252.2555576888889,71.16387982222223,0.0,6.0,2197.0,668.0,LEC,9
1970.0,249.81111324444444,81.55276871111111,0.0,6.0,2349.0,698.0,LEC,9
1980.0,249.0,85.0,0.0,6.0,2395.8510936252305,710.6196227078835,LEC,10
1990.0,249.3968744,90.953116,0.0,6.0,2482.0,741.0,LEC,10
2000.0,250.0,100.0,0.0,6.0,2660.5744236303617,829.405059536654,LEC,10
2010.0,250.48636276363635,100.0,0.0,6.0,2753.0,884.0,LEC,10
2030.0,252.0,100.0,0.0,6.0,2919.3203357752423,1029.3612101574477,LEC,10
2040.0,252.92000000000002,100.0,0.0,6.0,2983.7304866198274,1102.2753233625137,LEC,10
2070.0,254.96666595555556,77.38334151111111,0.0,6.0,3135.1300654771803,1246.3785617320364,LEC,10
2080.0,253.2,71.0,0.0,6.0,3235.0,1314.0,LEC,10
2090.0,252.0,67.0,0.0,6.0,3303.5088297938128,1350.773843799372,LEC,10
2100.0,251.1625008,62.812504000000004,0.0,6.0,3388.9593712969436,1387.4823507887613,LEC,10
2110.0,250.32000256,61.83000064,0.0,6.0,3451.0,1409.0,LEC,10
2120.0,247.92000256,61.23000064,0.0,6.0,3614.0,1442.0,LEC,10
2130.0,247.0,61.0,0.0,6.0,3677.4957837222955,1448.234538529378,LEC,10
2140.0,245.4343768,65.1749952,0.0,6.0,3793.0,1451.0,LEC,10
2150.0,243.9265628,70.5421812,0.0,6.0,3912.5574916156575,1441.836989691286,LEC,10
2170.0,243.0828128,88.2609312,0.0,6.0,4095.588708100625,1402.8696843402843,LEC,10
2180.0,244.0,100.0,0.0,6.0,4264.088211360161,1337.1600368952209,LEC,10
2190.0,244.0,100.0,0.0,6.0,4325.0,1310.0,LEC,10
2200.0,244.0,100.0,0.0,6.0,4382.295617662598,1278.820840613733,LEC,11
2210.0,244.6687488,100.0,0.0,6.0,4418.0,1253.0,LEC,11
2220.0,246.0,100.0,0.0,6.0,4546.099545954072,1153.9486775789344,LEC,11
2230.0,246.0,100.0,0.0,6.0,4639.0,1067.0,LEC,11
2240.0,246.0,100.0,0.0,6.0,4693.347883824256,1010.3003760746645,LEC,11
2250.0,246.45681687272727,100.0,0.0,6.0,4725.0,976.0,LEC,11
2270.0,248.6829538909091,100.0,0.0,6.0,4872.312904008114,804.8896028113944,LEC,11
2290.0,249.93734284704217,100.0,0.0,6.0,4972.0,678.0,LEC,11
2300.0,250.86967412275044,100.0,0.0,6.0,5054.5586629466925,573.4058555206204,LEC,11
2320.0,251.0,100.0,0.0,6.0,5216.335143764797,382.6757510080202,LEC,11
2330.0,251.5875,100.0,0.0,6.0,5315.0,271.0,LEC,11
2340.0,252.0,100.0,0.0,6.0,5376.261998671519,201.96064605244126,LEC,11
2350.0,252.34,100.0,0.0,6.0,5408.0,166.0,LEC,11
2360.0,253.0,100.0,0.0,6.0,5469.044159085725,96.24879246235461,LEC,11
2370.0,253.975,100.0,0.0,6.0,5577.85423600342,-27.158886733000784,LEC,11
2380.0,254.0,100.0,0.0,6.0,5594.0,-45.0,LEC,11
2390.0,254.0696516747606,100.0,0.0,6.0,5680.744789118706,-141.88022687034157,LEC,11
2400.0,255.0,100.0,0.0,6.0,5793.656626134206,-268.01888778680103,LEC,11
2420.0,255.94090821818182,100.0,0.0,6.0,5915.0,-404.0,LEC,12
2430.0,257.0,100.0,0.0,6.0,5988.183375513924,-488.1806180724631,LEC,12
2440.0,257.0,100.0,0.0,6.0,6018.0,-523.0,LEC,12
2450.0,257.0,95.3937632,0.0,6.0,6103.764469124731,-623.0653508151693,LEC,12
2470.0,254.17142857142858,59.614285714285714,1.0,6.0,6220.009210143309,-759.2853184076877,LEC,12
2490.0,238.725,20.15,1.0,6.0,6315.44225392922,-886.2914095343051,LEC,12
2500.0,226.312504,26.3374992,1.0,6.0,6393.158859594701,-1056.1381918818904,LEC,12
2510.0,223.0,27.0,1.0,6.0,6418.083011009417,-1122.3084175800893,LEC,12
2520.0,211.3000064,27.974999466666667,1.0,5.5,6425.02502512785,-1191.44057279111,LEC,12
2530.0,204.0,32.0,1.0,5.0,6425.169654428844,-1306.3116847027252,LEC,12
2540.0,202.58571763809525,36.885702704761904,1.0,5.0,6421.0,-1373.0,LEC,12
2570.0,193.9559548952381,66.69761036190476,1.0,5.0,6305.0,-1712.0,LEC,12
2580.0,193.9187488,73.9812448,0.0,5.0,6262.3866425753395,-1778.9166724408387,LEC,12
2590.0,196.0,83.0,0.0,5.0,6208.761723923946,-1851.9055548911697,LEC,12
2600.0,197.0874976,83.3718648,0.0,5.0,6149.3148186301505,-1917.6653894670455,LEC,12
2610.0,201.53999616,100.0,0.0,5.0,6080.415183040001,-1979.2617428313338,LEC,12
2620.0,209.0,100.0,0.0,5.0,5972.49443192906,-2043.2819270685743,LEC,12
2630.0,212.30749568,100.0,0.0,5.0,5892.0,-2082.0,LEC,12
2640.0,218.0874976,100.0,0.0,5.0,5803.477703377952,-2113.609304417885,LEC,13
2650.0,222.0,100.0,0.0,5.0,5721.777428787997,-2133.1369701819576,LEC,13
2660.0,224.6749952,100.0,0.0,5.0,5657.0,-2147.0,LEC,13
2670.0,228.60416533333333,100.0,0.0,5.0,5547.276144230362,-2168.0715334972692,LEC,13
2690.0,232.77083199999998,100.0,0.0,5.5,5357.358190639474,-2198.436742765728,LEC,13
2700.0,236.46999807999998,100.0,0.0,6.0,5233.733016684659,-2212.5348542062043,LEC,13
2710.0,240.0,100.0,0.0,6.0,5110.771657417368,-2220.7574905426186,LEC,13
2720.0,240.12544467414114,100.0,0.0,6.0,5106.0,-2221.0,LEC,13
2730.0,245.0,100.0,0.0,6.0,4919.418108143333,-2227.643054688822,LEC,13
2740.0,245.525,100.0,0.0,6.0,4903.0,-2228.0,LEC,13
2750.0,248.81,100.0,0.0,6.0,4786.934700868094,-2230.435454563186,LEC,13
2760.0,251.21875,100.0,0.0,6.0,4576.499812053338,-2239.060884663744,LEC,13
2780.0,256.0,100.0,0.0,6.0,4358.323605727908,-2251.1910091449267,LEC,13
2800.0,258.03999999999996,100.0,0.0,6.0,4287.97975267274,-2256.862158539136,LEC,13
2810.0,260.0,100.0,0.0,6.0,4163.919280874958,-2264.8427136599944,LEC,13
2820.0,260.53731291958167,100.0,0.0,6.0,4085.0,-2270.0,LEC,13
2830.0,261.3968744,100.0,0.0,6.0,3971.0795531489407,-2277.877845942571,LEC,13
2850.0,263.0843744,100.0,0.0,6.0,3779.848632086646,-2290.126113916865,LEC,13
2860.0,264.2937488,100.0,0.0,6.0,3532.0,-2306.0,LEC,14
2870.0,265.0,100.0,0.0,7.0,3436.128279855445,-2311.9868474754157,LEC,14
2890.0,265.24285622857144,100.0,0.0,7.0,3342.239431879494,-2317.811352251726,LEC,14
2910.0,267.0,100.0,0.0,7.0,3174.9722432411922,-2331.0243279305323,LEC,14
2920.0,267.7124992,100.0,0.0,7.0,3080.073690531095,-2339.7193681926847,LEC,14
2930.0,268.64,100.0,0.0,7.0,2927.0,-2355.0,LEC,14
2940.0,269.0,100.0,0.0,7.0,2858.6384333978913,-2362.0295540694183,LEC,14
2960.0,270.01666666666665,100.0,0.0,7.0,2601.633020950202,-2388.730176371336,LEC,14
2980.0,271.0,100.0,0.0,7.0,2502.3818911580897,-2398.5852971083204,LEC,14
2990.0,271.0,100.0,0.0,7.0,2389.0,-2411.0,LEC,14
3000.0,268.9437584,92.8765916,1.0,7.0,2177.251758277898,-2435.1831414357093,LEC,14
3020.0,243.0,3.0,1.0,7.0,2045.2132326468084,-2451.860113369004,LEC,14
3030.0,233.50836053333333,3.186110577777778,1.0,7.0,2022.0,-2455.0,LEC,14
3040.0,191.70250815999998,3.9825004799999997,1.0,7.0,1852.9056155679368,-2476.7468689232483,LEC,14
3050.0,173.33542346666667,3.0,1.0,7.0,1745.2799624536633,-2492.0858701216575,LEC,14
3060.0,156.23750719999998,3.0,1.0,5.0,1608.2351076140621,-2515.0149403289547,LEC,14
3070.0,137.48750719999998,3.0,1.0,3.0,1532.5122690631624,-2529.982541776044,LEC,14
3080.0,127.0953176,2.5406256000000003,1.0,3.0,1486.5632039991006,-2540.9579737638537,LEC,15
3090.0,110.46111573333333,0.7277781333333334,1.0,2.0,1384.6570169607912,-2573.1105419830037,LEC,15
3100.0,95.75000177777777,0.0,0.6666666666666666,1.6666666666666667,1283.8332741639754,-2633.655447078956,LEC,15
3110.0,85.46002582959518,4.770190852024077,0.75,1.0,1233.1630037220618,-2705.8987852939445,LEC,15
3120.0,80.42,30.8,0.0,1.0,1227.5976433747517,-2813.035052149779,LEC,15
3130.0,83.37777777777778,43.44444444444444,0.0,1.0,1251.3468741743845,-2879.7199767577968,LEC,15
3150.0,97.63962359624378,60.58814125285005,0.0,1.0,1365.8822531388885,-3009.0294955564077,LEC,15
3160.0,110.31374688,71.94888579555555,0.0,1.75,1470.448932493792,-3078.55498602364,LEC,15
3170.0,123.94791466666668,85.38958293333333,0.0,2.0,1679.4592954302368,-3201.185175046037,LEC,15
3180.0,134.63749226666667,92.6520784,0.0,2.0,1781.1218436941037,-3260.746771876944,LEC,15
3190.0,151.0,100.0,0.0,3.0,1947.0552417317072,-3370.3224536659036,LEC,15
3200.0,160.11666666666667,100.0,0.0,3.0,1992.9784529641868,-3405.223526642252,LEC,15
3210.0,167.0,100.0,0.0,4.0,2045.1916755406296,-3445.181935495398,LEC,15
3220.0,176.78541226666667,100.0,0.0,4.0,2111.8482231715525,-3524.701221185571,LEC,15
3230.0,180.60249856000002,100.0,0.0,4.0,2193.063116506003,-3642.8656033351563,LEC,15
3250.0,187.1124992,100.0,0.0,4.0,2242.483641498191,-3765.1132218042403,LEC,15
3260.0,188.7791658666667,100.0,0.0,4.0,2266.844294875389,-3867.894243435384,LEC,15
3270.0,191.4499968,100.0,0.0,4.0,2282.0,-3960.0,LEC,15
3280.0,193.0,100.0,0.0,5.0,2287.641825393514,-4015.957877598354,LEC,15
3290.0,194.81071359999999,100.0,0.0,5.0,2295.272436060146,-4166.662428456484,LEC,15
3300.0,198.0437488,100.0,0.0,5.0,2290.2717628888186,-4272.862236643167,LEC,16
3320.0,202.23928502857143,100.0,0.0,5.0,2241.6674757035125,-4543.280845814477,LEC,16
3340.0,204.2531232,100.0,0.0,5.0,2223.343306809271,-4612.130193468294,LEC,16
3350.0,207.0,100.0,0.0,5.0,2202.1189418358686,-4674.15681177938,LEC,16
3360.0,208.94583253333332,100.0,0.0,5.0,2150.5089958728895,-4815.6443142708995,LEC,16
3370.0,211.30249856,100.0,0.0,5.0,2112.5222743580625,-4901.75100769641,LEC,16
3380.0,213.2249984,44.875071999999996,0.0,5.0,2062.0,-5004.0,LEC,16
3390.0,212.640628,9.4562512,1.0,5.0,2022.1444399441948,-5074.128800299538,LEC,16
3400.0,205.55625759999998,8.181249600000001,1.0,5.0,1972.025814404023,-5151.030817714065,LEC,16
3410.0,188.45816217559474,9.140167074945936,1.0,5.0,1896.9835852011392,-5250.37748460755,LEC,16
3420.0,177.65,10.6,1.0,4.0,1821.879527491103,-5338.446837329026,LEC,16
3430.0,170.0,14.0,1.0,4.0,1777.0250738155983,-5384.513949992123,LEC,16
3440.0,162.35666666666665,19.563333333333336,1.0,4.0,1686.916916580074,-5452.298248113931,LEC,16
3450.0,158.075,38.655,0.5,4.0,1553.3934980322758,-5501.458983415128,LEC,16
3470.0,157.1893794656196,53.71306214694536,0.0,4.0,1401.6991889879635,-5507.940767283388,LEC,16
3480.0,158.2531232,63.5062464,0.0,4.0,1281.9992238718714,-5490.575308835116,LEC,16
3490.0,161.5062464,70.0124928,0.0,4.0,1149.0,-5439.0,LEC,16
3500.0,167.0,81.0,0.0,4.0,1064.2190392445611,-5402.282341629636,LEC,16
3510.0,172.6999936,91.82998784,0.0,4.0,1001.0,-5341.0,LEC,16
3520.0,177.64999405714286,100.0,0.0,4.0,887.5169853433837,-5236.961706115096,LEC,17
3540.0,189.72142262857142,100.0,0.0,4.0,832.422954537767,-5186.579828052436,LEC,17
3550.0,199.48213942857143,100.0,0.0,4.0,742.4993564064669,-5105.850809206246,LEC,17
3560.0,209.0,100.0,0.0,5.0,606.1525822499527,-4982.695332923112,LEC,17
3570.0,213.5281208,100.0,0.0,5.0,553.4844425704541,-4935.537047648044,LEC,17
3590.0,226.4328092,100.0,0.0,5.0,425.3719016321105,-4821.345599687587,LEC,17
3600.0,229.64582933333332,100.0,0.0,5.0,425.0,-4820.0,LEC,17
3610.0,232.0,100.0,0.0,5.0,390.4011034134327,-4788.787328490867,LEC,17
3620.0,238.0107081142857,100.0,0.0,5.0,289.0,-4699.0,LEC,17
3630.0,240.79106834285716,100.0,0.0,5.5,245.74648011174293,-4661.129881297968,LEC,17
3640.0,246.0,100.0,0.0,6.0,140.1573342645422,-4565.923613952211,LEC,17
3650.0,247.69166293333333,100.0,0.0,6.0,97.0,-4527.0,LEC,17
3670.0,252.87360924444442,100.0,0.0,6.0,-42.48073362887841,-4402.992131719569,LEC,17
3680.0,255.0437488,100.0,0.0,6.0,-172.5239252032565,-4286.224832833041,LEC,17
3700.0,259.0,100.0,0.0,6.0,-332.7868974973393,-4142.464172232954,LEC,17
3710.0,260.6687488,100.0,0.0,6.0,-389.498024152422,-4091.7143930099714,LEC,17
3730.0,261.9312496,100.0,0.0,6.0,-506.70970525078326,-3989.8721932408503,LEC,17
3740.0,262.5194439111111,100.0,0.0,6.0,-623.0,-3901.0,LEC,18
3760.0,263.0,100.0,0.0,6.0,-728.7554271896162,-3834.677969056535,LEC,18
3770.0,263.0,100.0,0.0,7.0,-846.5452757797809,-3778.1524887915807,LEC,18
3780.0,263.0,100.0,0.0,7.0,-919.8725199823081,-3752.7573932382816,LEC,18
3790.0,261.9416682666667,100.0,0.0,7.0,-1026.0,-3729.0,LEC,18
3800.0,261.0,100.0,0.0,7.0,-1109.8180862273507,-3718.8151109136243,LEC,18
3810.0,259.2613067847784,100.0,0.0,7.0,-1238.5449075653714,-3712.7656486143787,LEC,18
3820.0,258.75454545454545,100.0,0.0,7.0,-1335.0,-3716.0,LEC,18
3840.0,258.0,100.0,0.0,7.0,-1609.6602545482826,-3777.309116736089,LEC,18
3850.0,257.82536389507305,100.0,0.0,7.0,-1628.0,-3783.0,LEC,18
3870.0,255.82952269590777,100.0,0.0,7.0,-1800.0,-3859.0,LEC,18
3880.0,255.0,100.0,0.0,7.0,-1926.9980704551756,-3925.945475472771,LEC,18
3890.0,255.0,100.0,0.0,7.0,-2089.5577881106205,-4012.6114329274506,LEC,18
3910.0,255.9312496,100.0,0.0,6.5,-2202.0507945235777,-4064.8626573883357,LEC,18
3930.0,255.7770837333333,100.0,0.0,6.0,-2426.869643928795,-4143.115942351858,LEC,18
3940.0,255.0,100.0,0.0,6.0,-2567.0363742378336,-4180.09374643315,LEC,18
3950.0,254.0,100.0,0.0,6.0,-2664.090818419424,-4192.766510011828,LEC,18
3960.0,254.0,100.0,0.0,6.0,-2738.0,-4196.0,LEC,19
3970.0,254.0,100.0,0.0,6.0,-2808.1089558004214,-4195.752722335322,LEC,19
3990.0,254.0,100.0,0.0,6.0,-3046.5756438112303,-4181.253445826411,LEC,19
4000.0,254.0,100.0,0.0,6.0,-3132.26692775041,-4172.06095659555,LEC,19
4020.0,251.87750336,98.4250432,0.0,6.0,-3238.2477897182243,-4145.81030147733,LEC,19
4030.0,241.6500096,10.16749952,1.0,6.0,-3458.490142764362,-4075.8470545656373,LEC,19
4040.0,225.0,11.0,1.0,6.0,-3541.5462686561473,-4046.269038710897,LEC,19
4050.0,215.75000685714286,11.0,1.0,6.0,-3581.625683152978,-4020.9207992464612,LEC,19
4070.0,192.1937584,11.0,1.0,6.0,-3766.160120748867,-3891.627452970499,LEC,19
4080.0,182.0,11.0,1.0,4.0,-3811.0249465806646,-3856.248865066691,LEC,19
4090.0,170.6946473142857,11.869642514285715,1.0,4.0,-3857.746751335456,-3803.3784349604434,LEC,19
4100.0,154.94250432,12.0,1.0,4.0,-3930.030630892188,-3710.664091033929,LEC,19
4110.0,140.49754948571427,12.5421872,1.0,3.5,-3987.1408826040774,-3611.9842106144406,LEC,19
4120.0,127.53036022857142,13.0,1.0,2.5,-4030.5360713819064,-3504.4551319555208,LEC,19
4130.0,124.22000128,13.88999936,0.6666666666666666,2.0,-4046.9492706776086,-3414.718847542688,LEC,19
4140.0,118.5375024,23.079161066666668,0.0,2.0,-4046.365579940861,-3319.296619375946,LEC,19
4150.0,115.03250048000001,37.70749568,0.0,2.0,-4021.805657471603,-3214.195277780288,LEC,19
4160.0,115.0,38.82737980952381,0.0,2.0,-3971.684410493284,-3116.2077601737747,LEC,19
4170.0,115.61749952,45.0874976,0.0,2.0,-3928.151866817533,-3063.703209501186,LEC,19
4180.0,119.09377853112018,53.18755706224036,0.0,2.0,-3836.2940479239646,-2990.1791600105694,LEC,20
4190.0,122.425,55.80833333333334,0.0,2.0,-3709.6466737316787,-2930.2519351475808,LEC,20
4200.0,127.12033105766156,62.792529692258505,0.0,3.0,-3661.6489392510157,-2915.46016251177,LEC,20
4210.0,134.5874976,74.97916266666667,0.0,3.0,-3570.2905868576704,-2892.21019287806,LEC,20
4220.0,142.5874976,83.78928365714286,0.0,3.0,-3460.860927549822,-2867.060983412468,LEC,20
4230.0,150.53999616,93.1749952,0.0,3.0,-3371.76194393143,-2847.9533913748296,LEC,20
4240.0,162.12082773333333,98.61458133333333,0.0,3.0,-3282.1274779510168,-2830.0678592452314,LEC,20
4250.0,174.44249472,100.0,0.0,3.5,-3178.921684147377,-2809.399470845375,LEC,20
4260.0,185.72855954285714,100.0,0.0,4.0,-3057.0,-2787.0,LEC,20
4270.0,190.0,100.0,0.0,4.0,-3018.182430699133,-2780.1368614399707,LEC,20
4280.0,199.5062464,100.0,0.0,4.0,-2936.1135506211103,-2766.048261946403,LEC,20
4300.0,211.421872,100.0,0.0,5.0,-2758.127214003105,-2736.25311549633,LEC,20
4310.0,216.843744,100.0,0.0,5.0,-2655.0,-2721.0,LEC,20
4320.0,221.9515604,100.0,0.0,5.0,-2553.986381023869,-2705.041764757893,LEC,20
4330.0,226.8406208,100.0,0.0,5.0,-2333.0,-2671.0,LEC,20
4340.0,228.0,100.0,0.0,5.0,-2297.1833602489323,-2665.4151716741303,LEC,20
4350.0,240.64791146666667,100.0,0.0,5.5,-2224.9444611373315,-2653.5156597014166,LEC,20
4370.0,247.09721955555557,100.0,0.0,6.0,-2083.734197186068,-2631.4330740207342,LEC,20
4390.0,256.8194417777778,100.0,0.0,6.0,-1799.4605994493054,-2585.253580876586,LEC,20
4400.0,261.0,100.0,0.0,6.0,-1697.8295216704664,-2568.472976706076,LEC,21
4420.0,266.0645781333333,100.0,0.0,6.0,-1588.0,-2550.0,LEC,21
4440.0,273.28228906666664,100.0,0.0,6.5,-1391.0992347262704,-2516.752774656802,LEC,21
4450.0,275.73999616,100.0,0.0,7.0,-1306.0,-2503.0,LEC,21
4460.0,278.0,100.0,0.0,7.0,-1220.305404613113,-2489.07007633548,LEC,21
4470.0,280.2678537142857,100.0,0.0,7.0,-1123.0,-2473.0,LEC,21
4480.0,283.50249856,100.0,0.0,7.0,-979.0066474513383,-2448.5145511415767,LEC,21
4490.0,286.0,100.0,0.0,7.0,-849.0176103771219,-2425.54092302888,LEC,21
4500.0,287.00713874285714,100.0,0.0,7.0,-812.0,-2419.0,LEC,21
4520.0,292.7833301333333,100.0,0.0,7.0,-601.5305488002263,-2382.6542936069422,LEC,21
4530.0,296.0,100.0,0.0,7.0,-498.193689325867,-2365.0894335212097,LEC,21
4540.0,297.1928557714286,100.0,0.0,7.0,-357.0254517716963,-2341.823132536386,LEC,21
4560.0,299.67142582857144,100.0,0.0,7.0,-215.0,-2318.0,LEC,21
4570.0,301.0,100.0,0.0,7.0,-138.8715522401692,-2304.5381558180266,LEC,21
4580.0,302.83499904,100.0,0.0,7.5,12.858167147906203,-2276.3785285546946,LEC,21
4600.0,304.175,100.0,0.0,8.0,208.1036058344109,-2239.211538842722,LEC,21
4620.0,306.85,100.0,0.0,8.0,387.0,-2207.0,LEC,22
4630.0,308.0,100.0,0.0,8.0,459.54235818477633,-2194.2894800734034,LEC,22
4640.0,308.0,100.0,0.0,8.0,590.0,-2171.0,LEC,22
4650.0,308.0,100.0,0.0,8.0,698.8037349434494,-2150.7051513685965,LEC,22
4660.0,309.2249984,100.0,0.0,8.0,877.0,-2117.0,LEC,22
4670.0,310.0,100.0,0.0,8.0,960.8181363183573,-2101.302294376277,LEC,22
4700.0,312.0,100.0,0.0,8.0,1146.7588741436684,-2067.408430795324,LEC,22
4710.0,312.0,100.0,0.0,8.0,1302.0,-2039.0,LEC,22
4720.0,312.0,100.0,0.0,8.0,1451.475654411784,-2011.5510531130296,LEC,22
4730.0,312.18611057777775,100.0,0.0,8.0,1558.0,-1992.0,LEC,22
4750.0,313.0,100.0,0.0,8.0,1753.3949416948496,-1956.4834969013393,LEC,22
4770.0,313.0,100.0,0.0,8.0,1849.0,-1939.0,LEC,22
4780.0,313.0,100.0,0.0,8.0,1952.0,-1920.0,LEC,22
4790.0,312.9578128,100.0,0.0,8.0,2076.234830617902,-1897.345894796159,LEC,22
4810.0,312.1656256,100.0,0.0,8.0,2356.0,-1846.0,LEC,22
4820.0,312.0,100.0,0.0,8.0,2407.095260252089,-1837.3651827837602,LEC,22
4840.0,310.1892864,100.0,0.0,8.0,2607.5937915313516,-1806.8143708023667,LEC,23
4850.0,310.3968744,100.0,0.0,8.0,2740.0,-1786.0,LEC,23
4870.0,310.9156256,100.0,0.0,8.0,2997.3086054102496,-1745.4656137929765,LEC,23
4880.0,310.0,100.0,0.0,8.0,3142.6802890834206,-1722.69428717677,LEC,23
4910.0,309.98250048,100.0,0.0,8.0,3350.7581683018275,-1690.3509826152058,LEC,23
4930.0,308.4416682666666,99.86041706666666,0.0,8.0,3511.285658350894,-1665.2612048803915,LEC,23
4950.0,305.0,99.0,0.0,8.0,3716.176218612304,-1634.325833655117,LEC,23
4960.0,278.82002688,56.45754368,0.0,8.0,3914.0,-1605.0,LEC,23
4980.0,242.58001152,8.534999039999999,1.0,8.0,4111.965136226303,-1575.752004741125,LEC,23
4990.0,225.0,10.0,1.0,8.0,4185.705319583452,-1563.9911616205595,LEC,23
5000.0,197.7339378285714,9.0,1.0,8.0,4278.902383539533,-1545.243141467677,LEC,23
5010.0,175.5553664,9.0,1.0,8.0,4391.838124404547,-1518.802887725287,LEC,23
5020.0,159.45500672,9.0,1.0,7.0,4489.626375249932,-1492.1944196653212,LEC,23
5030.0,143.37321874285715,7.855358171428572,1.0,4.0,4570.44703352237,-1463.0332399306294,LEC,23
5040.0,132.6946473142857,5.391072457142857,1.0,3.5,4641.066330684182,-1422.7846271135973,LEC,23
5050.0,119.13889422222222,3.4185192296296294,1.0,2.6666666666666665,4716.843110089677,-1349.547226704796,LEC,23
5060.0,106.33000192000002,1.0,1.0,2.0,4766.547074740382,-1259.0482956658745,LEC,24
5070.0,99.5899594362854,1.0,1.0,2.0,4793.0851389246545,-1171.3875216042568,LEC,24
5080.0,91.73709516428362,2.043817472619398,1.0,2.0,4797.884780931855,-1075.4911490938366,LEC,24
5090.0,85.45233963179787,6.664188728033689,0.3333333333333333,2.0,4783.425940031643,-973.9917627162572,LEC,24
5100.0,82.47291626666667,27.0,0.0,2.0,4760.4948636419795,-911.0561231114929,LEC,24
5110.0,87.53199974399999,38.163998207999995,0.0,2.0,4706.964468529854,-831.0022692458544,LEC,24
5120.0,93.0031232,50.003123200000005,0.0,2.0,4624.616587671893,-757.4075480139584,LEC,24
5130.0,97.6906232,54.690623200000005,0.0,2.0,4533.456657961735,-722.5595440732374,LEC,24
5140.0,104.81041386666666,55.972916266666665,0.0,2.0,4491.451624877793,-715.9002979549327,LEC,24
5150.0,113.07499794285714,65.04999862857143,0.0,2.0,4379.386019496424,-710.1980419520127,LEC,24
5160.0,128.1732105142857,78.17321051428571,0.0,2.0,4293.178523323725,-713.7001658651222,LEC,24
5170.0,133.9874912,82.41666133333334,0.0,2.0,4244.0,-716.0,LEC,24
5200.0,164.82416021333333,99.69444266666666,0.0,2.6666666666666665,3968.351162106576,-741.196154447759,LEC,24
5210.0,174.0,100.0,0.0,4.0,3889.094759450608,-749.9070468907005,LEC,24
5220.0,183.7312448,100.0,0.0,4.0,3782.9172145338885,-762.1900881714006,LEC,24
5230.0,195.1062448,100.0,0.0,4.0,3672.0073050499514,-774.9753159731322,LEC,24
5240.0,200.7624928,100.0,0.0,4.0,3594.0,-783.0,LEC,24
5250.0,209.2687472,100.0,0.0,5.0,3466.00681402169,-794.3887876791384,LEC,24
5260.0,215.0,100.0,0.0,5.0,3281.632400579447,-809.7275616762233,LEC,24
5270.0,217.60999424,100.0,0.0,5.0,3207.0,-816.0,LEC,24
5280.0,221.0,100.0,0.0,5.0,3151.4046515381133,-820.9153553403518,LEC,25
5290.0,221.0624982857143,100.0,0.0,5.0,3098.5479030682923,-825.8704073074591,LEC,25
5300.0,225.41071085714285,100.0,0.0,5.0,2948.0,-838.0,LEC,25
5310.0,226.0,100.0,0.0,5.0,2927.535114977477,-839.6972859618513,LEC,25
5320.0,228.7937488,100.0,0.0,5.0,2783.8096503356705,-852.1612686143905,LEC,25
5330.0,241.0,100.0,0.0,5.0,2623.1780020482934,-866.3457923471552,LEC,25
5340.0,242.44085707757907,100.0,0.0,5.0,2570.0,-871.0,LEC,25
5350.0,247.0,100.0,0.0,6.0,2460.3701296671784,-880.3002894021894,LEC,25
5360.0,251.61193875874505,100.0,0.0,6.0,2375.3138889929633,-887.5672877273558,LEC,25
5380.0,254.19285577142858,100.0,0.0,6.0,2217.806172754076,-901.171379904425,LEC,25
5390.0,257.5285686857143,100.0,0.0,6.0,2052.0,-915.0,LEC,25
5400.0,258.0,100.0,0.0,6.0,2028.2493351349112,-917.0690045529045,LEC,25
5410.0,260.0874976,100.0,0.0,6.0,1906.0,-928.0,LEC,25
5420.0,262.7937488,100.0,0.0,6.0,1741.3899212612444,-942.1515046139259,LEC,25
5440.0,265.3187488,100.0,0.0,7.0,1557.8984090842898,-957.5703616541712,LEC,25
5460.0,267.9437488,100.0,0.0,7.0,1348.3301664996184,-975.313158963462,LEC,25
5470.0,268.73999872,100.0,0.0,7.0,1248.0,-984.0,LEC,25
5480.0,269.0,100.0,0.0,7.0,1193.3507944202038,-988.8445489154401,LEC,25
5490.0,270.1406248,100.0,0.0,7.0,964.4191308774523,-1009.3033355423396,LEC,25
0.0,283.41999616000004,100.0,0.0,7.0,976.4862154513621,-1008.2443966893846,NOR,1
10.0,288.0874976,100.0,0.0,8.0,818.6124246966787,-1021.7761397657698,NOR,1
30.0,292.0,100.0,0.0,8.0,694.8618131597406,-1032.3818358979775,NOR,1
40.0,293.3374976,100.0,0.0,8.0,607.0,-1040.0,NOR,1
50.0,295.8458314666667,100.0,0.0,8.0,462.6619669377688,-1052.8002938422187,NOR,1
70.0,301.3583296,100.0,0.0,8.0,228.0,-1074.0,NOR,1
80.0,302.0,100.0,0.0,8.0,200.52050760854337,-1076.416249915406,NOR,1
90.0,303.73499904,100.0,0.0,8.0,55.920113561306025,-1088.9100761427785,NOR,1
110.0,306.03763340224236,100.0,0.0,8.0,-103.97711883009009,-1102.7405763765541,NOR,1
130.0,309.0875,100.0,0.0,8.0,-351.68963615986377,-1124.0638858100333,NOR,1
140.0,310.0,100.0,0.0,8.0,-446.57093987459126,-1133.1193397537882,NOR,1
150.0,310.54,100.0,0.0,8.0,-568.0,-1144.0,NOR,1
160.0,311.0875,100.0,0.0,8.0,-766.7968533821379,-1160.8674431116247,NOR,1
190.0,313.0,100.0,0.0,8.0,-1033.7747019897824,-1184.097806354021,NOR,1
210.0,314.02,100.0,0.0,8.0,-1118.6011264272638,-1191.7903340641333,NOR,1
220.0,315.0,100.0,0.0,8.0,-1269.2674192787517,-1204.724669927806,NOR,2
230.0,315.0,100.0,0.0,8.0,-1365.0,-1213.0,NOR,2
240.0,315.0,100.0,0.0,8.0,-1448.3060756156565,-1220.3199532357548,NOR,2
250.0,314.6031256,100.0,0.0,8.0,-1557.0,-1230.0,NOR,2
270.0,313.9578128,100.0,0.0,8.0,-1731.5142294953287,-1245.5618957610448,NOR,2
290.0,313.3531256,100.0,0.0,8.0,-2026.0,-1271.0,NOR,2
300.0,313.0,100.0,0.0,8.0,-2138.4702737616058,-1280.9361685185543,NOR,2
320.0,312.0,100.0,0.0,8.0,-2247.793602778426,-1291.2399846612439,NOR,2
340.0,312.0,100.0,0.0,8.0,-2460.3672170797563,-1309.0949867409386,NOR,2
350.0,311.5750016,100.0,0.0,8.0,-2529.0,-1315.0,NOR,2
360.0,311.0,100.0,0.0,8.0,-2620.9217601798277,-1323.1687988954095,NOR,2
370.0,311.0,100.0,0.0,8.0,-2791.331927233171,-1338.487256606899,NOR,2
400.0,310.0,100.0,0.0,8.0,-3126.9720531782586,-1367.73731467156,NOR,2
420.0,310.0,100.0,0.0,8.0,-3240.3873823503013,-1377.6070364153004,NOR,2
430.0,309.4781256,100.0,0.0,8.0,-3370.0,-1389.0,NOR,2
450.0,308.4125024,92.65628000000001,0.0,8.0,-3614.356583602076,-1410.486321070409,NOR,3
470.0,301.0,0.0,1.0,8.0,-3793.3877028606626,-1426.0182846977557,NOR,3
480.0,292.99724515555556,0.0,1.0,8.0,-3828.0,-1429.0,NOR,3
500.0,257.54501247999997,0.0,1.0,8.0,-4054.4987848424225,-1448.777316449287,NOR,3
510.0,228.86667946666665,0.0,1.0,8.0,-4193.655438221498,-1461.5387352074004,NOR,3
530.0,197.88500864,0.0,1.0,8.0,-4360.230917549299,-1477.707543368997,NOR,3
540.0,177.52291946666665,0.0,1.0,6.0,-4469.3814951373815,-1485.3930490086934,NOR,3
550.0,165.812512,0.0,1.0,6.0,-4558.0,-1487.0,NOR,3
560.0,154.79583893333333,0.0,1.0,4.0,-4634.545775674589,-1487.0235877732719,NOR,3
570.0,136.12917226666667,0.0,1.0,3.5,-4759.236733249139,-1479.4757008519148,NOR,3
580.0,124.55000319999999,0.0,1.0,2.5,-4864.71657251006,-1457.46799852592,NOR,3
590.0,114.79234548002707,0.0,1.0,2.0,-4928.691510616067,-1431.987103856621,NOR,3
600.0,98.72193641284622,0.0,1.0,1.75,-5034.565644593937,-1342.0554414415565,NOR,3
610.0,89.93333333333334,0.0,0.5,1.0,-5089.0068955685365,-1258.948262458758,NOR,3
630.0,78.76791900596926,0.0,0.0,1.0,-5124.845208766452,-1065.3092644814028,NOR,3
640.0,73.33895829333333,9.150413226666666,0.0,1.0,-5095.997227789771,-951.6737797112331,NOR,3
650.0,75.08749920000001,17.550001066666667,0.0,1.0,-5029.624405713659,-857.875991608822,NOR,3
660.0,79.37777777777778,22.722222222222225,0.0,1.0,-4953.933208906571,-805.2763683834811,NOR,4
670.0,88.45895637333334,30.135623680000002,0.0,1.0,-4772.683753025165,-796.5443862926987,NOR,4
680.0,99.281248,46.8875008,0.0,1.0,-4654.861984368223,-835.7563376943433,NOR,4
690.0,102.61111111111113,35.95973475555555,0.6666666666666666,1.0,-4586.202265163777,-861.7308765830852,NOR,4
700.0,93.5678592,0.0,1.0,1.0,-4479.979233037992,-891.5056072123534,NOR,4
710.0,86.945314,0.0,1.0,1.0,-4409.894648863061,-905.9296322466696,NOR,4
720.0,80.23616182857143,0.0,0.0,1.0,-4285.769125364874,-902.5392267577788,NOR,4
730.0,74.80766737066668,3.683997696,0.0,1.0,-4208.173240430928,-856.3864901358777,NOR,4
740.0,76.00749888,18.16624864,0.0,1.0,-4158.072190647521,-765.1660152464826,NOR,4
750.0,81.58033414989187,24.720501224837804,0.0,1.0,-4139.605252673857,-663.0611008740071,NOR,4
760.0,90.88,35.526666666666664,0.0,1.0,-4141.362769393701,-572.3810251318915,NOR,4
770.0,101.94666666666667,43.69333333333333,0.0,1.3333333333333333,-4170.508561835104,-472.2974406806189,NOR,4
780.0,113.76868001570618,49.88434000785309,0.0,2.0,-4222.257565045193,-382.3042505505811,NOR,4
790.0,123.13124640000001,59.131246399999995,0.0,2.0,-4274.462623056441,-319.37916473560375,NOR,4
800.0,131.79582293333334,68.24165546666666,0.0,2.0,-4336.0,-246.0,NOR,4
810.0,152.0,90.0,0.0,3.0,-4422.691524010778,-140.62802785119163,NOR,4
830.0,168.48499328,97.8499968,0.0,3.5,-4474.251867513523,0.6969107033304383,NOR,4
840.0,174.49998628571427,100.0,0.0,4.0,-4503.0,80.0,NOR,4
850.0,187.67856457142858,100.0,0.0,4.5,-4518.377987706195,141.01754279941807,NOR,4
860.0,197.3374976,100.0,0.0,5.0,-4539.664435102126,256.4194172311991,NOR,4
880.0,207.4499968,100.0,0.0,5.0,-4563.44616132962,480.0953768836948,NOR,5
900.0,220.5359348,100.0,0.0,5.5,-4565.671601737243,682.765958631959,NOR,5
910.0,226.82082453333334,100.0,0.0,6.0,-4562.0,773.0,NOR,5
920.0,232.0,100.0,0.0,6.0,-4558.485223038525,845.4982137433055,NOR,5
930.0,235.3392822857143,100.0,0.0,6.0,-4552.0,966.0,NOR,5
940.0,236.88392685714285,100.0,0.0,6.0,-4548.71214310394,1022.278763577603,NOR,5
950.0,244.0,100.0,0.0,6.0,-4535.861723489555,1161.8276432398425,NOR,5
960.0,245.93332906666666,100.0,0.0,6.0,-4529.0,1219.0,NOR,5
980.0,251.85555342222221,100.0,0.0,6.5,-4497.699771110432,1402.8512920653056,NOR,5
990.0,257.0656232,100.0,0.0,7.0,-4455.880193700624,1571.8018049206853,NOR,5
1010.0,263.0,100.0,0.0,7.0,-4382.174068761708,1774.614351493883,NOR,5
1020.0,263.0,100.0,0.0,7.0,-4346.377462847233,1842.5740474190839,NOR,5
1040.0,269.5187472,100.0,0.0,7.0,-4259.846867126758,1975.3685430520793,NOR,5
1060.0,272.07777564444444,100.0,0.0,7.0,-4159.0,2094.0,NOR,5
1070.0,274.0,100.0,0.0,7.0,-4064.137531316111,2187.0452061641167,NOR,5
1080.0,276.2937488,100.0,0.0,7.0,-3954.7266255636496,2275.3541045889424,NOR,5
1090.0,277.6687488,100.0,0.0,7.0,-3886.688792246308,2322.5039756000915,NOR,5
1100.0,279.0583317333333,100.0,0.0,7.0,-3784.0,2387.0,NOR,6
1110.0,280.0,100.0,0.0,7.0,-3634.231029484852,2462.960028733594,NOR,6
1120.0,280.7386932152216,100.0,0.0,7.0,-3424.0,2559.0,NOR,6
1130.0,281.0,100.0,0.0,8.0,-3376.3102141654335,2577.255908494909,NOR,6
1140.0,281.73636363636365,100.0,0.0,8.0,-3301.0,2600.0,NOR,6
1160.0,284.11642406995134,100.0,0.0,8.0,-2993.3751438281015,2693.838060857214,NOR,6
1190.0,286.8939697387896,100.0,0.0,8.0,-2786.0,2757.0,NOR,6
1200.0,288.0,100.0,0.0,8.0,-2646.2269261911374,2800.9725016967095,NOR,6
1210.0,289.8374976,100.0,0.0,8.0,-2495.0,2849.0,NOR,6
1220.0,291.0,100.0,0.0,8.0,-2436.1893625238454,2867.89133015247,NOR,6
1240.0,291.0,100.0,0.0,8.0,-2330.174087967372,2904.1536400963832,NOR,6
1260.0,291.0,100.0,0.0,8.0,-2072.57093093641,2995.8098587660015,NOR,6
1280.0,291.0,100.0,0.0,8.0,-1918.914638496611,3051.6770909896454,NOR,6
1290.0,291.0,100.0,0.0,8.0,-1816.778481745775,3090.1382005065293,NOR,6
1300.0,291.0,100.0,0.0,8.0,-1693.0457750007804,3137.9278495425024,NOR,6
1330.0,291.0,100.0,0.0,8.0,-1366.3788324205857,3266.4673745081564,NOR,7
1340.0,291.0,100.0,0.0,8.0,-1275.9211116033862,3303.0246264576144,NOR,7
1360.0,291.0,100.0,0.0,8.0,-1170.9261099286678,3347.7486815222774,NOR,7
1380.0,291.16749952,100.0,0.0,8.0,-928.0723950769664,3451.9732101266586,NOR,7
1390.0,292.0,100.0,0.0,8.0,-829.755428909413,3495.4027714884414,NOR,7
1400.0,290.0,58.0,0.0,8.0,-770.1820832269407,3523.1024791929103,NOR,7
1410.0,289.37501714285713,56.55003977142857,0.0,8.0,-766.0,3525.0,NOR,7
1430.0,257.6593912,0.0,1.0,8.0,-488.92533343370553,3648.783901641854,NOR,7
1440.0,238.0,0.0,1.0,8.0,-419.313756425336,3679.792601733533,NOR,7
1450.0,205.82322697142857,0.0,1.0,8.0,-338.4435112329976,3715.9762401634325,NOR,7
1460.0,182.12000768000001,0.0,1.0,8.0,-206.56538480294893,3774.8977824668837,NOR,7
1470.0,167.4093792,0.0,1.0,8.0,-120.77381492563043,3811.6982210451815,NOR,7
1480.0,158.84643474285713,0.0,1.0,8.0,-45.61455465197301,3838.599039102187,NOR,7
1490.0,144.06072045714285,0.0,1.0,7.5,44.188528671952255,3863.2425565516696,NOR,7
1500.0,129.62000288,0.0,1.0,4.0,152.7048463109778,3871.684573923728,NOR,7
1510.0,120.6625024,0.0,1.0,2.5,256.29306985513784,3853.9768314783046,NOR,7
1520.0,116.37666730666666,0.0,0.3333333333333333,2.0,354.8580874018766,3792.2971144762846,NOR,7
1530.0,110.57214518857143,1.638805455238095,0.0,2.0,429.77363019150397,3719.481292930663,NOR,7
1540.0,106.40947043626274,17.299439580758772,0.0,2.0,478.02295025498347,3646.753187192994,NOR,8
1550.0,108.76279786360715,35.63715534565287,0.0,2.0,525.067124747831,3543.23197548413,NOR,8
1560.0,114.5,48.5,0.0,2.0,555.2454867288736,3445.8472331656385,NOR,8
1570.0,122.0684634807262,60.688794538387754,0.0,2.0,563.147435353917,3395.0410942285803,NOR,8
1580.0,134.63094552380952,77.15266948571428,0.0,2.6666666666666665,576.1712689170487,3296.890225749655,NOR,8
1590.0,151.1749952,97.95249856000001,0.0,3.0,586.8971181810397,3179.40477106848,NOR,8
1600.0,160.22916266666667,100.0,0.0,3.0,593.8106552495883,3098.6176547586438,NOR,8
1610.0,170.94249472,100.0,0.0,4.0,606.4660299208374,2978.558086310577,NOR,8
1620.0,179.0,100.0,0.0,4.0,617.3934532045008,2887.630397049288,NOR,8
1630.0,190.6999936,100.0,0.0,4.5,635.8793816846,2744.332077774034,NOR,8
1640.0,200.0,100.0,0.0,5.0,649.2522940301988,2648.118509747884,NOR,8
1650.0,201.0124928,100.0,0.0,5.0,651.0,2636.0,NOR,8
1660.0,212.421872,100.0,0.0,5.0,676.7415050574907,2462.1737907374704,NOR,8
1670.0,217.843744,100.0,0.0,5.0,693.0,2359.0,NOR,8
1680.0,222.0,100.0,0.0,6.0,704.301481645515,2289.2314593518668,NOR,8
1690.0,224.4468696,100.0,0.0,6.0,716.0,2225.0,NOR,8
1700.0,230.2546848,100.0,0.0,6.0,756.6151475844136,2019.2499444073503,NOR,8
1720.0,237.81041386666666,100.0,0.0,6.0,776.7158960047551,1931.0356427590546,NOR,8
1730.0,243.05833173333332,100.0,0.0,6.0,811.2528933472418,1794.611502030514,NOR,8
1760.0,248.89166506666666,100.0,0.0,6.5,902.6285508842017,1528.8509906978393,NOR,9
1770.0,252.0,100.0,0.0,7.0,941.2478430329519,1437.371293881406,NOR,9
1780.0,253.55833173333335,100.0,0.0,7.0,989.0,1343.0,NOR,9
1800.0,255.7791658666667,100.0,0.0,7.0,1084.4595802329195,1182.5262073638096,NOR,9
1810.0,256.86999808,100.0,0.0,7.0,1131.0,1118.0,NOR,9
1820.0,258.0,100.0,0.0,7.0,1182.2016443027128,1056.8698050039422,NOR,9
1830.0,258.0,100.0,0.0,7.0,1245.0,992.0,NOR,9
1840.0,258.0,100.0,0.0,7.0,1346.0066657315913,905.4691955507722,NOR,9
1850.0,258.0,100.0,0.0,7.0,1458.5001316882692,830.4118782136461,NOR,9
1870.0,257.9562512,100.0,0.0,7.0,1627.5933552904316,749.910200329244,NOR,9
1880.0,256.4562512,100.0,0.0,7.0,1703.234255423683,723.8541644555844,NOR,9
1890.0,256.0,100.0,0.0,7.0,1787.173080887975,702.1087206424575,NOR,9
1900.0,255.9035721142857,100.0,0.0,7.0,1802.0,699.0,NOR,9
1910.0,255.16607177142856,100.0,0.0,7.0,1946.2948105079063,673.6290499234358,NOR,9
1930.0,254.08250048,100.0,0.0,7.0,2107.317450523604,663.1542227833177,NOR,9
1940.0,252.9125,100.0,0.0,7.0,2263.3853453894294,678.2259670921937,NOR,9
1960.0,251.2875,100.0,0.0,7.0,2438.9851131596533,725.8521786578603,NOR,9
1970.0,249.77178521085992,100.0,0.0,7.0,2567.0,779.0,NOR,9
1980.0,249.0,100.0,0.0,7.0,2645.570741410858,821.1922779343108,NOR,10
1990.0,249.6124992,100.0,0.0,7.0,2770.0,896.0,NOR,10
2000.0,250.0,100.0,0.0,7.0,2825.6273049350166,934.3543771273273,NOR,10
2020.0,249.01249965714285,99.97500068571429,0.0,7.0,2931.748215474091,1044.5052129689718,NOR,10
2030.0,249.66785645714285,98.66428708571429,0.0,7.0,3021.0,1143.0,NOR,10
2040.0,249.81388942222222,95.11528604444445,0.0,7.0,3143.479801354325,1248.9972165027766,NOR,10
2060.0,248.0,67.0,0.0,7.0,3305.9935719490977,1362.8132733875257,NOR,10
2080.0,247.1454557090909,72.12726574545455,0.0,7.0,3381.0,1385.0,NOR,10
2090.0,246.30000058181818,77.19999650909091,0.0,7.0,3503.387597979968,1421.3849300358797,NOR,10
2100.0,245.8312512,80.7718624,0.0,7.0,3566.0,1435.0,NOR,10
2110.0,244.3312512,96.5218624,0.0,7.0,3730.0,1451.0,NOR,10
2120.0,244.0,100.0,0.0,7.0,3766.6089412794995,1451.3559704760003,NOR,10
2130.0,244.9053568,100.0,0.0,7.0,3937.9032730900476,1438.6785522910964,NOR,10
2140.0,245.0,100.0,0.0,7.0,4042.0,1418.0,NOR,10
2160.0,245.1687488,100.0,0.0,7.0,4236.334942357105,1352.5598600178434,NOR,10
2170.0,247.0,100.0,0.0,7.0,4342.603607106526,1305.429833673655,NOR,10
2190.0,249.03499904,100.0,0.0,7.0,4482.545799427231,1207.15999385733,NOR,10
2200.0,251.0,100.0,0.0,7.0,4567.106905488733,1135.976858699168,NOR,11
2210.0,251.8374976,100.0,0.0,7.0,4601.0,1104.0,NOR,11
2220.0,254.0,100.0,0.0,7.0,4705.872648638615,996.0854203793227,NOR,11
2230.0,255.40249856,100.0,0.0,7.0,4824.0,864.0,NOR,11
2250.0,257.0,100.0,0.0,7.0,4932.6350734766675,729.6969262846316,NOR,11
2260.0,258.53499904,100.0,0.0,7.0,4991.66763499547,653.8996906576233,NOR,11
2280.0,261.0,100.0,0.0,7.0,5084.3746047603945,537.4201592956911,NOR,11
2300.0,261.0,100.0,0.0,7.0,5193.099926805617,409.47004120455165,NOR,11
2310.0,260.06500096,100.0,0.0,7.0,5334.0,249.0,NOR,11
2320.0,260.0,100.0,0.0,7.0,5341.476347523367,240.50353113598763,NOR,11
2330.0,261.0,100.0,0.0,7.0,5442.801061417931,125.08801151217283,NOR,11
2350.0,261.0,100.0,0.0,7.0,5552.745518116512,0.3553354197664369,NOR,11
2370.0,261.68611057777775,100.0,0.0,7.0,5690.0,-152.0,NOR,11
2380.0,262.0,100.0,0.0,7.0,5742.965872348039,-212.6397255273082,NOR,11
2390.0,262.16749952,100.0,0.0,7.0,5836.635835976536,-316.4310604148494,NOR,11
2400.0,263.0,100.0,0.0,7.0,5938.5807418722725,-432.0495030061874,NOR,11
2410.0,263.0,97.0878701961133,0.0,7.0,5990.0,-491.0,NOR,11
2420.0,263.0,92.0,0.0,7.0,6058.51540954344,-570.0623962165694,NOR,12
2440.0,247.5875,13.225000000000001,0.5,7.0,6159.615524388615,-687.8144263399795,NOR,12
2450.0,234.10723713568694,0.0,1.0,7.0,6253.0,-800.0,NOR,12
2470.0,219.42145240668611,0.0,1.0,6.5,6331.920627063461,-914.0756826652448,NOR,12
2480.0,213.9468816,0.45937439999999996,1.0,6.0,6373.0,-993.0,NOR,12
2490.0,206.5812512,1.0,0.6666666666666666,5.0,6425.500800089673,-1198.9739931102904,NOR,12
2510.0,197.4,21.36,0.0,5.0,6426.76303906362,-1350.3260409624809,NOR,12
2520.0,194.0,37.0,0.0,5.0,6412.3431999178265,-1415.0621751198323,NOR,12
2530.0,194.0,44.829994240000005,0.0,5.0,6388.608346440104,-1517.42484909737,NOR,12
2540.0,196.0,58.0,0.0,5.0,6350.127107446824,-1632.368663305724,NOR,12
2550.0,197.3374976,61.343744,0.0,5.0,6314.0,-1696.0,NOR,12
2560.0,199.7937488,67.48437200000001,0.0,5.0,6223.718690421738,-1833.8771800211473,NOR,12
2570.0,204.86458133333332,73.8374976,0.0,5.0,6168.296682679703,-1897.2727105343124,NOR,12
2590.0,212.0374989714286,80.01249965714285,0.0,5.0,5983.9702527109275,-2040.6202583369868,NOR,12
2610.0,215.0,81.0,0.0,5.0,5882.731602965044,-2093.33809806465,NOR,12
2620.0,220.00356937142857,81.83392822857144,0.0,5.5,5782.100927424168,-2118.0109935941946,NOR,12
2630.0,222.69166293333333,84.1749952,0.0,6.0,5700.0,-2139.0,NOR,12
2670.0,234.6791648,99.5874976,0.0,6.0,5310.369003470087,-2205.148455871724,NOR,13
2680.0,238.26999808,100.0,0.0,6.0,5192.692827929923,-2215.788057683154,NOR,13
2700.0,244.3374976,100.0,0.0,6.0,5023.1807482258355,-2224.6856430947287,NOR,13
2710.0,249.5874976,100.0,0.0,6.5,4879.414581716403,-2228.286157408357,NOR,13
2720.0,252.7781208,100.0,0.0,7.0,4779.0,-2231.0,NOR,13
2740.0,257.7249984,100.0,0.0,7.0,4618.1238076316,-2237.0560253539797,NOR,13
2750.0,261.0,100.0,0.0,7.0,4394.1471532396445,-2250.3458680887147,NOR,13
2760.0,262.30499712,100.0,0.0,7.0,4304.0,-2256.0,NOR,13
2770.0,264.0,100.0,0.0,7.0,4236.736169791629,-2260.013379209712,NOR,13
2780.0,267.0499986285714,100.0,0.0,7.0,4172.860351428659,-2263.8701865925664,NOR,13
2800.0,270.5285686857143,100.0,0.0,7.0,3992.0,-2277.0,NOR,13
2810.0,271.0,100.0,0.0,7.0,3967.280805456128,-2278.7456706856756,NOR,13
2820.0,273.7937488,100.0,0.0,7.0,3795.679844465608,-2289.9205739061335,NOR,13
2840.0,274.2401428462632,100.0,0.0,7.0,3582.059868674046,-2302.2568206697915,NOR,13
2860.0,276.0,100.0,0.0,7.0,3429.7172247737894,-2311.6386499354026,NOR,14
2870.0,276.7686564597908,100.0,0.0,7.0,3336.540685681498,-2318.4387170097616,NOR,14
2880.0,277.0,100.0,0.0,7.0,3175.355149894379,-2331.1592546694037,NOR,14
2890.0,277.1928557714286,100.0,0.0,7.0,3154.0,-2333.0,NOR,14
2900.0,278.76428434285714,100.0,0.0,7.0,2985.0,-2349.0,NOR,14
2910.0,279.0,100.0,0.0,7.0,2959.573226602031,-2351.566554062161,NOR,14
2920.0,279.0,100.0,0.0,7.0,2830.0,-2365.0,NOR,14
2940.0,279.0,100.0,0.0,7.0,2663.3354995543427,-2382.3191588410173,NOR,14
2950.0,281.0,100.0,0.0,7.0,2527.8308229377976,-2396.4725010838324,NOR,14
2960.0,280.3625024,89.37504,0.0,7.0,2475.0,-2402.0,NOR,14
2970.0,278.0562512,50.93752,0.5,7.0,2284.6373161906395,-2422.5123371069553,NOR,14
2990.0,266.69000832,6.500032000000001,1.0,7.0,2142.1291134486346,-2440.2754799342524,NOR,14
3000.0,241.375,0.0,1.0,7.0,1939.0,-2466.0,NOR,14
3010.0,220.0,0.0,1.0,7.0,1872.0479015835485,-2474.3532277187815,NOR,14
3020.0,195.22751296,0.0,1.0,7.0,1832.0306154066016,-2479.8606850890937,NOR,14
3030.0,159.8031304,0.0,1.0,7.0,1705.6277795590263,-2498.744296278618,NOR,14
3040.0,150.73750719999998,0.0,1.0,7.0,1638.387100161033,-2509.7638927829003,NOR,14
3050.0,123.8843816,0.0,1.0,5.5,1503.6774021457293,-2536.7006237918554,NOR,14
3060.0,106.32500479999999,0.0,1.0,2.6666666666666665,1392.293181512363,-2569.39063036624,NOR,14
3070.0,99.04285988571428,0.0,1.0,2.0,1324.244382397866,-2600.412518429883,NOR,14
3080.0,90.40555662222222,0.0,0.6666666666666666,1.0,1247.212093343428,-2673.2406860824053,NOR,15
3090.0,83.11393014857143,0.8339282285714286,0.0,1.0,1224.330770796901,-2749.3849218281243,NOR,15
3100.0,77.32437482666667,18.213871488000002,0.0,1.0,1247.580414271342,-2870.3270930411522,NOR,15
3110.0,82.80846266243385,32.33531326984127,0.0,1.0,1311.859467350655,-2961.1193844341046,NOR,15
3120.0,92.5273788952381,42.527378895238094,0.0,1.0,1369.0590439225782,-3010.557685077051,NOR,15
3130.0,103.94499328,52.80999424,0.0,1.0,1463.0,-3073.5,NOR,15
3140.0,116.29999786666667,61.087497600000006,0.0,2.0,1653.7664413332552,-3186.651253539996,NOR,15
3150.0,126.0,70.0,0.0,3.0,1762.0126736154816,-3247.8637210793877,NOR,15
3160.0,141.6749952,80.04821394285715,0.0,3.0,1820.4120490523237,-3283.9118635783543,NOR,15
3170.0,153.1749952,80.86964251428572,0.0,3.5,1979.6779160278088,-3392.9989391479694,NOR,15
3180.0,163.0,80.0,0.0,4.0,2042.6649464516001,-3443.785592924931,NOR,15
3190.0,168.71388302222223,80.0,0.0,4.0,2074.0,-3480.0,NOR,15
3200.0,174.125,80.25,0.0,4.0,2127.6038075075667,-3543.0700467830197,NOR,15
3210.0,181.124992,94.249984,0.0,4.0,2206.0,-3672.0,NOR,15
3220.0,184.0,100.0,0.0,5.0,2223.725090181505,-3708.6659658658637,NOR,15
3230.0,192.3875,100.0,0.0,5.0,2249.078903465016,-3790.6308262540024,NOR,15
3240.0,198.30749568,100.0,0.0,5.0,2276.0,-3920.0,NOR,15
3250.0,202.80749568,100.0,0.0,5.0,2294.0,-4111.0,NOR,15
3260.0,204.0,100.0,0.0,5.0,2296.6231930635804,-4147.399863891606,NOR,15
3270.0,204.0,100.0,0.0,5.0,2298.387042187073,-4202.180224697395,NOR,15
3280.0,209.5453104,100.0,0.0,5.0,2287.669052558113,-4298.667026053272,NOR,15
3290.0,212.11666346666667,100.0,0.0,5.0,2278.0,-4378.0,NOR,15
3300.0,216.11666346666667,100.0,0.0,5.0,2249.0,-4518.0,NOR,16
3310.0,217.0,100.0,0.0,6.0,2236.870505591621,-4559.632759351816,NOR,16
3320.0,218.0218744,100.0,0.0,6.0,2167.741630031754,-4769.8304916938905,NOR,16
3330.0,219.0,100.0,0.0,6.0,2145.2574869641558,-4833.356917715311,NOR,16
3340.0,221.00356937142857,82.63573211428572,0.0,6.0,2121.0,-4886.0,NOR,16
3350.0,222.2718744,54.425043200000005,0.0,6.0,2084.761572933766,-4959.727515287694,NOR,16
3360.0,223.0,2.0,1.0,6.0,2050.2918623005103,-5025.444024192651,NOR,16
3370.0,212.59000576,0.26500095999999995,1.0,6.0,1997.979014720887,-5113.5449314224825,NOR,16
3380.0,201.2000128,0.0,1.0,6.0,1942.0,-5194.0,NOR,16
3390.0,185.3250048,0.0,1.0,5.0,1840.1178658381407,-5317.991967266886,NOR,16
3400.0,172.53000192000002,0.0,1.0,4.0,1767.5036713064155,-5394.306584367,NOR,16
3410.0,168.2750016,0.0,0.0,4.0,1691.7682832840683,-5451.565629048098,NOR,16
3430.0,161.26041866666665,10.437488,0.0,4.0,1536.8411566069026,-5503.44781541191,NOR,16
3440.0,158.0,30.0,0.0,4.0,1468.0,-5510.0,NOR,16
3450.0,158.1305550222222,30.52222008888889,0.0,4.0,1351.1906720609852,-5504.556847443978,NOR,16
3460.0,159.0,35.6749952,0.0,4.0,1248.0700184237726,-5479.539419477711,NOR,16
3470.0,159.7249984,46.8999936,0.0,4.0,1161.7674199781097,-5444.685907886031,NOR,16
3480.0,164.4187488,61.89166506666667,0.0,4.0,1057.2464328490012,-5383.107277995859,NOR,16
3490.0,169.78333013333332,73.45832533333333,0.0,4.0,942.0,-5287.0,NOR,16
3500.0,172.71874400000002,77.53436719999999,0.0,4.0,892.7028636264656,-5242.198691961378,NOR,16
3510.0,190.0,100.0,0.0,5.0,786.6324623341628,-5145.115193684589,NOR,16
3520.0,194.7624928,100.0,0.0,5.0,768.0,-5128.0,NOR,17
3530.0,199.0,100.0,0.0,5.0,731.5281405678013,-5094.973116767475,NOR,17
3540.0,208.41071085714287,100.0,0.0,5.0,611.2164636735985,-4986.966037733488,NOR,17
3550.0,216.0,100.0,0.0,5.0,530.0,-4915.0,NOR,17
3560.0,224.0,100.0,0.0,6.0,396.38968602200987,-4795.981291007977,NOR,17
3570.0,224.83999232,100.0,0.0,6.0,383.0,-4784.0,NOR,17
3580.0,230.0,100.0,0.0,6.0,363.41522462198947,-4765.908297893973,NOR,17
3590.0,235.95,100.0,0.0,6.0,339.50642126323106,-4744.087536865866,NOR,17
3600.0,239.88635927272728,100.0,0.0,6.0,255.0,-4669.0,NOR,17
3610.0,243.97726836363637,100.0,0.0,6.0,164.0,-4588.0,NOR,17
3620.0,247.0,100.0,0.0,6.0,73.88264121854877,-4506.745655822225,NOR,17
3640.0,252.2593696,100.0,0.0,6.0,-52.0,-4393.0,NOR,17
3650.0,256.0,100.0,0.0,7.0,-101.28783618926788,-4349.167241985004,NOR,17
3660.0,259.46999808,100.0,0.0,7.0,-159.93805305112056,-4297.373370060917,NOR,17
3670.0,261.3263875555556,100.0,0.0,7.0,-274.6840741305679,-4194.879668200081,NOR,17
3690.0,263.59721955555557,100.0,0.0,7.0,-364.0,-4115.0,NOR,17
3700.0,266.0,100.0,0.0,7.0,-446.7489545321121,-4037.6228982749426,NOR,17
3710.0,266.45357074285715,100.0,0.0,7.0,-530.0,-3970.0,NOR,17
3720.0,267.0562496,100.0,0.0,7.0,-685.2914114939692,-3860.8242896437678,NOR,17
3740.0,268.0,100.0,0.0,7.0,-827.0688580950601,-3775.741888981963,NOR,18
3760.0,266.8875008,100.0,0.0,7.0,-948.0,-3744.0,NOR,18
3780.0,265.3041674666667,100.0,0.0,7.0,-1234.0,-3713.0,NOR,18
3790.0,265.0,100.0,0.0,7.0,-1288.735215364643,-3713.265180594025,NOR,18
3810.0,263.0,100.0,0.0,7.0,-1469.4505012178058,-3734.8843527588406,NOR,18
3820.0,263.0,100.0,0.0,7.0,-1573.1186572280185,-3764.0158460791367,NOR,18
3830.0,261.9968768,100.0,0.0,7.0,-1648.0,-3791.0,NOR,18
3840.0,260.1546884,100.0,0.0,7.0,-1780.693697833233,-3848.143451083465,NOR,18
3860.0,260.0,100.0,0.0,7.0,-1918.7778769648244,-3920.587300931659,NOR,18
3870.0,260.5218744,100.0,0.0,7.0,-2053.0,-3993.0,NOR,18
3880.0,261.0,100.0,0.0,7.0,-2167.991984473928,-4050.0930884759523,NOR,18
3890.0,261.0,100.0,0.0,7.0,-2289.0,-4101.0,NOR,18
3900.0,261.0,100.0,0.0,7.0,-2310.928865059053,-4109.122040923533,NOR,18
3910.0,259.9854170666666,100.0,0.0,7.0,-2422.4392359757776,-4144.322365256707,NOR,18
3930.0,259.0,100.0,0.0,7.0,-2654.0518398688937,-4187.846665246239,NOR,18
3940.0,259.0,100.0,0.0,7.0,-2732.7941189344506,-4196.191626802846,NOR,18
3950.0,257.583073187095,100.0,0.0,7.0,-2867.0,-4199.0,NOR,18
3960.0,257.0,100.0,0.0,7.0,-2912.5677479917144,-4198.839235235209,NOR,19
3970.0,258.0,100.0,0.0,7.0,-3002.4677056879473,-4191.79563980079,NOR,19
3980.0,257.2750016,81.87504,0.0,7.0,-3109.0,-4172.0,NOR,19
3990.0,256.4416682666667,61.04170666666667,0.0,7.0,-3277.0,-4136.0,NOR,19
4000.0,255.0,25.0,0.0,7.0,-3470.206108422635,-4084.5173701302647,NOR,19
4020.0,224.42222222222222,1.1111111111111125,0.5,7.0,-3577.2590069149946,-4022.511409481471,NOR,19
4040.0,203.61666666666667,0.0,1.0,7.0,-3669.3121586431525,-3967.1927066461994,NOR,19
4050.0,180.4750048,0.0,1.0,6.0,-3794.3789255894935,-3868.00006335575,NOR,19
4060.0,175.0,0.0,1.0,5.0,-3855.9080981186426,-3806.0087302065576,NOR,19
4070.0,156.17857828571428,0.0,1.0,5.0,-3932.6883697315902,-3706.849970979584,NOR,19
4080.0,135.2910752,0.0,1.0,3.0,-3993.462724430882,-3602.2546250076784,NOR,19
4090.0,125.9125024,0.0,1.0,2.0,-4024.6136583916173,-3525.1697895778116,NOR,19
4100.0,120.61428845714285,0.0,1.0,2.0,-4041.8333469937966,-3453.397530417207,NOR,19
4110.0,112.7062512,0.0,0.6666666666666666,2.0,-4042.2188218166416,-3304.7350787863456,NOR,19
4120.0,105.0593768,2.4703116,0.0,2.0,-4018.6303462210317,-3209.601751430667,NOR,19
4130.0,102.0562496,21.0,0.0,2.0,-3983.837808862225,-3136.460104646874,NOR,19
4140.0,104.42708133333333,23.5687464,0.0,2.0,-3939.6794183804836,-3076.949414342513,NOR,19
4150.0,109.304686,31.826560399999998,0.0,2.0,-3872.660347849186,-3014.695691286056,NOR,19
4160.0,113.63958293333333,39.55833173333333,0.0,2.0,-3784.201653920048,-2961.7828003178606,NOR,19
4170.0,120.07777564444444,46.31805368888889,0.0,2.5,-3648.2773170027067,-2911.758699063739,NOR,19
4180.0,129.2428544,56.1482112,0.0,3.0,-3564.425364468787,-2891.3749146533683,NOR,20
4190.0,138.69642514285715,62.217855085714284,0.0,3.0,-3431.6935621199627,-2861.0211002402457,NOR,20
4200.0,148.8999936,83.02498560000001,0.0,3.0,-3351.0,-2844.0,NOR,20
4210.0,155.94409498398807,93.94409498398807,0.0,4.0,-3286.5125899545405,-2830.789448326068,NOR,20
4220.0,164.770832,100.0,0.0,4.0,-3204.344218134616,-2814.643743672948,NOR,20
4230.0,173.0,100.0,0.0,4.0,-3101.3372057916563,-2795.7638075700925,NOR,20
4240.0,176.72081813333332,100.0,0.0,4.0,-3081.0,-2792.0,NOR,20
4250.0,192.11666346666667,100.0,0.0,5.0,-2980.855518024459,-2773.3307198790408,NOR,20
4260.0,199.4499968,100.0,0.0,5.0,-2862.9165390365197,-2753.5012422694836,NOR,20
4270.0,208.6749952,100.0,0.0,5.0,-2732.7524276955683,-2732.2328720313217,NOR,20
4280.0,216.63749760000002,100.0,0.0,6.0,-2628.0607342779267,-2716.037012468839,NOR,20
4290.0,219.0,100.0,0.0,6.0,-2552.489270320469,-2704.7235253841723,NOR,20
4300.0,226.3999872,100.0,0.0,6.0,-2461.0,-2691.0,NOR,20
4310.0,232.92856685714287,100.0,0.0,6.0,-2369.223282318037,-2676.4898123600515,NOR,20
4320.0,241.0,100.0,0.0,6.0,-2223.433794768278,-2652.9588274039124,NOR,20
4330.0,242.1749984,100.0,0.0,6.0,-2161.06456521373,-2643.025068976228,NOR,20
4340.0,245.15356525714284,100.0,0.0,6.0,-2072.0,-2629.0,NOR,20
4350.0,251.46963977142858,100.0,0.0,6.5,-1937.5394004228178,-2608.1934100019466,NOR,20
4360.0,255.49249472,100.0,0.0,7.0,-1837.0,-2592.0,NOR,20
4380.0,262.54624736,100.0,0.0,7.0,-1655.1360211054941,-2560.941910723005,NOR,20
4390.0,266.968744,100.0,0.0,7.0,-1551.0,-2543.0,NOR,20
4400.0,268.0,100.0,0.0,7.0,-1526.7765216683092,-2538.9578250206064,NOR,21
4410.0,273.1749952,100.0,0.0,7.0,-1373.0,-2514.0,NOR,21
4420.0,276.46999808,100.0,0.0,7.0,-1270.712237390444,-2496.924008514147,NOR,21
4440.0,280.66999808,100.0,0.0,7.0,-1110.6980753632147,-2471.215358316626,NOR,21
4460.0,285.73999616,100.0,0.0,7.0,-914.0,-2437.0,NOR,21
4470.0,288.2937488,100.0,0.0,8.0,-805.3452609219723,-2418.0348557983025,NOR,21
4480.0,290.0,100.0,0.0,8.0,-718.2120094281292,-2402.6040075028936,NOR,21
4500.0,294.4499968,100.0,0.0,8.0,-485.0,-2363.0,NOR,21
4510.0,296.06999808,100.0,0.0,8.0,-311.52175261288295,-2334.893905812357,NOR,21
4530.0,300.0,100.0,0.0,8.0,-167.18922412536193,-2311.342303107417,NOR,21
4540.0,301.05249856,100.0,0.0,8.0,-111.25222506508484,-2300.4333755682214,NOR,21
4560.0,304.0249993142857,100.0,0.0,8.0,70.65553021104273,-2265.636757931583,NOR,21
4580.0,306.08392822857144,100.0,0.0,8.0,332.1313424418705,-2216.609994330255,NOR,21
4590.0,306.5249993142857,100.0,0.0,8.0,436.0,-2198.0,NOR,21
4600.0,307.0,100.0,0.0,8.0,537.8326720921793,-2180.013709849769,NOR,21
4620.0,307.9593744,100.0,0.0,8.0,678.3913175048397,-2154.640477089176,NOR,22
4640.0,309.1468744,100.0,0.0,8.0,981.6302657783692,-2098.11194620844,NOR,22
4650.0,310.0,100.0,0.0,8.0,1112.572380201004,-2073.7244834326325,NOR,22
4670.0,311.0,100.0,0.0,8.0,1223.588980974531,-2053.3609099795535,NOR,22
4680.0,311.0,100.0,0.0,8.0,1336.1995794493178,-2032.87506845586,NOR,22
4700.0,310.0,100.0,0.0,8.0,1614.985482219466,-1982.214104264698,NOR,22
4710.0,310.0,100.0,0.0,8.0,1671.0,-1972.0,NOR,22
4720.0,310.0,100.0,0.0,8.0,1765.8578759086386,-1954.63148788677,NOR,22
4750.0,310.0,100.0,0.0,8.0,1939.3354146686092,-1922.4955722711263,NOR,22
4760.0,310.0,100.0,0.0,8.0,2077.0,-1897.0,NOR,22
4770.0,310.0,100.0,0.0,8.0,2141.8279289621923,-1885.2852740388144,NOR,22
4820.0,309.18333368888887,100.0,0.0,8.0,2680.0,-1795.0,NOR,22
4830.0,309.0,100.0,0.0,8.0,2793.218045128535,-1777.3102041094148,NOR,22
4840.0,309.0,100.0,0.0,8.0,2939.217774157086,-1754.8266640662455,NOR,23
4860.0,309.0,100.0,0.0,8.0,3137.0,-1724.0,NOR,23
4870.0,309.0,100.0,0.0,8.0,3164.130581728686,-1719.7979882313166,NOR,23
4880.0,308.68,82.08,0.0,8.0,3273.0,-1703.0,NOR,23
4890.0,308.28250048,59.82002688,0.0,8.0,3408.0,-1682.0,NOR,23
4900.0,308.0,44.0,0.0,8.0,3498.0473445019497,-1667.697224359325,NOR,23
4910.0,303.53334613333334,35.81113457777778,0.0,8.0,3560.0,-1658.0,NOR,23
4930.0,285.1000064,2.0166784,0.5,8.0,3878.3613070355977,-1609.8569180163854,NOR,23
4940.0,255.0,0.0,1.0,8.0,3990.1991668561923,-1593.4538384619618,NOR,23
4950.0,229.73750719999998,0.0,1.0,8.0,4052.3398265330206,-1584.251099214037,NOR,23
4960.0,218.0,0.0,1.0,8.0,4140.689779837423,-1570.708340959526,NOR,23
4970.0,201.2583552,0.0,1.0,8.0,4228.0,-1556.0,NOR,23
4980.0,177.7402887111111,0.0,1.0,8.0,4330.364424384411,-1534.1843661243943,NOR,23
4990.0,161.52274036363636,0.0,1.0,8.0,4453.0,-1502.0,NOR,23
5000.0,144.60750528,0.0,1.0,7.0,4536.2880140997595,-1476.623354382505,NOR,23
5010.0,127.92917013333333,0.0,1.0,4.0,4646.42673174979,-1414.7468686267196,NOR,23
5020.0,120.0,0.0,1.0,2.0,4715.725468158109,-1353.8160000664766,NOR,23
5030.0,105.87411982222223,0.0,1.0,2.0,4761.875836743374,-1271.7422097529757,NOR,23
5040.0,98.73000192,0.0,1.0,1.0,4786.082715101584,-1200.725262208351,NOR,23
5050.0,90.74750144000001,0.0,0.25,1.0,4797.824583888556,-1084.8405378386717,NOR,23
5060.0,84.6437512,8.712497599999999,0.0,1.0,4786.132517637481,-986.0255314247413,NOR,24
5070.0,84.8107136,13.8107136,0.0,1.0,4759.548835780159,-909.2572502119533,NOR,24
5080.0,87.6624992,19.078124,0.0,1.0,4706.186067561147,-830.7789543909646,NOR,24
5090.0,92.27916586666667,24.639582933333333,0.0,1.0,4635.417670259513,-764.2373229153362,NOR,24
5100.0,98.39166506666668,30.7937488,0.0,1.3333333333333333,4571.599054344456,-735.2490444912133,NOR,24
5110.0,107.68333013333334,37.85357059047619,0.0,2.0,4445.321940203822,-712.1696369784391,NOR,24
5120.0,114.80555377777777,44.038884977777776,0.0,2.0,4379.54302680673,-710.1596336031058,NOR,24
5130.0,123.00624640000001,59.0093696,0.0,2.0,4298.459869318032,-713.8014236402872,NOR,24
5140.0,132.3812464,73.0718696,0.0,2.5,4156.118852628453,-722.5332546403074,NOR,24
5150.0,141.0,82.0,0.0,3.0,4097.1384213197625,-726.9568262925196,NOR,24
5160.0,149.08498944000002,88.61499136,0.0,3.0,4060.0,-731.0,NOR,24
5170.0,163.19249472,100.0,0.0,4.0,3947.647849848809,-743.8212422602792,NOR,24
5180.0,173.64249472,100.0,0.0,4.0,3857.8546015962256,-753.352005141739,NOR,24
5190.0,183.15749568,100.0,0.0,5.0,3752.799600969173,-765.7884388758491,NOR,24
5200.0,193.00713874285714,100.0,0.0,5.0,3636.711391492072,-778.7133922721382,NOR,24
5210.0,203.29285302857141,100.0,0.0,5.0,3503.667124641409,-790.8209860701646,NOR,24
5220.0,208.44499328,100.0,0.0,5.0,3422.0,-798.0,NOR,24
5230.0,211.94499328,100.0,0.0,5.0,3364.0,-803.0,NOR,24
5240.0,218.0,100.0,0.0,6.0,3243.256347388966,-813.3087691730335,NOR,24
5250.0,223.6749952,100.0,0.0,6.0,3083.0,-827.0,NOR,24
5260.0,226.0,100.0,0.0,6.0,3033.6966806202227,-831.2723119066286,NOR,24
5270.0,233.2249984,100.0,0.0,6.0,2950.4689592507784,-838.3844292515898,NOR,24
5280.0,237.0,100.0,0.0,6.0,2803.628372598693,-850.2591601329776,NOR,25
5290.0,239.7281196,100.0,0.0,6.0,2739.0,-856.0,NOR,25
5310.0,246.46527644444444,100.0,0.0,7.0,2566.874677531246,-871.029809358835,NOR,25
5330.0,250.9097208888889,100.0,0.0,7.0,2345.4809429587226,-890.3825398104739,NOR,25
5350.0,256.19166293333336,100.0,0.0,7.0,2153.5,-906.5,NOR,25
5360.0,258.0,100.0,0.0,7.0,2089.2659044635566,-912.1270017795098,NOR,25
5370.0,260.0,100.0,0.0,7.0,1961.7135834283047,-923.0794066765244,NOR,25
5380.0,261.3333312066455,100.0,0.0,7.0,1857.0,-932.0,NOR,25
5390.0,263.8255435415414,100.0,0.0,7.0,1598.0,-954.0,NOR,25
5400.0,264.0,100.0,0.0,7.0,1583.4569951149936,-955.2210762459629,NOR,25
5410.0,265.0,100.0,0.0,7.0,1463.8619856470668,-964.907336694795,NOR,25
5430.0,266.22999935999997,100.0,0.0,7.0,1351.0,-975.5,NOR,25
5440.0,267.0,100.0,0.0,7.0,1248.7520879426945,-984.4674424438795,NOR,25
5450.0,267.7243725959912,92.51481650809053,0.0,7.0,1181.0,-990.0,NOR,25
5460.0,269.0261953857027,79.06264768107187,0.0,7.0,1038.9483951032526,-1003.0750524935586,NOR,25
0.0,282.34000128,100.0,0.0,7.0,1061.6284383866107,-1000.7219699476352,PIA,1
10.0,286.44166613333334,100.0,0.0,8.0,792.0681068944997,-1024.3681449787757,PIA,1
30.0,290.0,100.0,0.0,8.0,661.2964690884027,-1035.6520860185126,PIA,1
40.0,292.5499989333333,100.0,0.0,8.0,600.0,-1041.0,PIA,1
50.0,294.0,100.0,0.0,8.0,537.018949613072,-1046.65210684648,PIA,1
60.0,296.64,100.0,0.0,8.0,421.0,-1057.0,PIA,1
70.0,298.0,100.0,0.0,8.0,363.4705072312961,-1061.9813682573467,PIA,1
80.0,300.45714285714286,100.0,0.0,8.0,222.0,-1074.0,PIA,1
90.0,302.0,100.0,0.0,8.0,131.17590864593697,-1081.8714488245048,PIA,1
110.0,304.94,100.0,0.0,8.0,-32.199338192262175,-1096.2838201672396,PIA,1
120.0,306.6,100.0,0.0,8.0,-198.0,-1111.0,PIA,1
140.0,308.0,100.0,0.0,8.0,-409.2995757589428,-1129.5355930494763,PIA,1
150.0,310.19,100.0,0.0,8.0,-536.7114766345704,-1140.896104489741,PIA,1
170.0,311.55,100.0,0.0,8.0,-626.0,-1149.0,PIA,1
180.0,312.0,100.0,0.0,8.0,-707.2390451718863,-1155.8254126664137,PIA,1
190.0,312.93333333333334,100.0,0.0,8.0,-816.0,-1165.0,PIA,1
200.0,314.0,100.0,0.0,8.0,-960.0934846755652,-1177.615567711027,PIA,1
220.0,314.94166666666666,100.0,0.0,8.0,-1211.757865872049,-1200.1391951288815,PIA,2
240.0,316.0,100.0,0.0,8.0,-1363.3623021380995,-1213.6090055206923,PIA,2
250.0,315.87,100.0,0.0,8.0,-1476.9824876988548,-1223.4559068310357,PIA,2
270.0,315.0,100.0,0.0,8.0,-1642.0243259307306,-1237.572419110062,PIA,2
280.0,315.0,100.0,0.0,8.0,-1817.3817450982435,-1252.9839817747688,PIA,2
290.0,314.6166666666667,100.0,0.0,8.0,-1931.0,-1263.0,PIA,2
300.0,314.0,100.0,0.0,8.0,-2016.5136388535607,-1270.3005660516285,PIA,2
310.0,314.0,100.0,0.0,8.0,-2070.0,-1275.0,PIA,2
320.0,314.0,100.0,0.0,8.0,-2104.3462484278257,-1278.1398901041387,PIA,2
330.0,313.3666666666667,100.0,0.0,8.0,-2244.0,-1291.0,PIA,2
340.0,313.0,100.0,0.0,8.0,-2328.250154990278,-1298.5312739616802,PIA,2
350.0,312.07,100.0,0.0,8.0,-2507.429581700743,-1314.1692022358425,PIA,2
380.0,311.27,100.0,0.0,8.0,-2805.0,-1340.0,PIA,2
390.0,311.0,100.0,0.0,8.0,-2918.2719883376985,-1349.7712236554444,PIA,2
410.0,311.0,100.0,0.0,8.0,-3180.4997330172855,-1372.320685582641,PIA,2
420.0,311.0,100.0,0.0,8.0,-3262.8710016582636,-1379.4268268446788,PIA,2
440.0,310.18333333333334,100.0,0.0,8.0,-3365.998715064852,-1388.4838396355585,PIA,3
460.0,310.0,100.0,0.0,8.0,-3602.998335155088,-1409.6480284719246,PIA,3
470.0,306.6284283895746,87.03241688297925,0.0,8.0,-3663.0,-1415.0,PIA,3
480.0,296.254361895958,47.132161138300035,0.0,8.0,-3865.0,-1433.0,PIA,3
500.0,284.0,0.0,1.0,8.0,-4011.023753880823,-1446.090429827556,PIA,3
510.0,244.1749952,0.0,1.0,8.0,-4140.477913165554,-1456.722698538162,PIA,3
520.0,240.3041568,0.0,1.0,8.0,-4157.0,-1458.0,PIA,3
530.0,204.62544593538158,0.0,1.0,8.0,-4273.245898700101,-1469.7339675125227,PIA,3
540.0,188.31541165524607,0.0,1.0,8.0,-4402.662713176877,-1480.25189167686,PIA,3
550.0,168.50357668571428,0.0,1.0,8.0,-4520.0,-1487.0,PIA,3
560.0,154.13333333333333,0.0,1.0,6.666666666666667,-4608.001131279013,-1487.369891937746,PIA,3
570.0,140.4,0.0,1.0,6.0,-4742.0,-1481.0,PIA,3
580.0,130.0,0.0,1.0,3.0,-4809.644241733741,-1473.6491980562337,PIA,3
590.0,116.81333333333335,0.0,1.0,2.2,-4899.960514354957,-1443.081501730092,PIA,3
600.0,104.525,0.0,1.0,2.0,-4995.052778426201,-1385.3385351737115,PIA,3
610.0,98.53333333333335,0.0,1.0,1.3333333333333333,-5047.443048110053,-1328.9163614280187,PIA,3
620.0,90.36,0.0,1.0,1.0,-5098.98283854398,-1236.1823673094657,PIA,3
630.0,83.08,0.0,0.3333333333333333,1.0,-5126.076504881989,-1125.0407848062562,PIA,3
640.0,77.22708333333333,0.0,0.0,1.0,-5120.681367504904,-1024.559139905188,PIA,3
650.0,73.976,4.912,0.0,1.0,-5091.798666282399,-942.4074424974033,PIA,3
660.0,75.36,16.91,0.0,1.0,-5037.644097091012,-864.9913326702442,PIA,4
670.0,82.06666666666668,21.21333333333333,0.0,1.0,-4949.895513949026,-804.919707602661,PIA,4
680.0,88.48333333333333,28.673015873015874,0.0,1.0,-4733.0566687026785,-800.5364601918494,PIA,4
690.0,94.0,35.0,0.0,1.0,-4665.659263386925,-834.0642861954375,PIA,4
700.0,101.84185150127648,1.4256010255323328,0.6666666666666666,1.0,-4567.624452206604,-866.9307750773088,PIA,4
710.0,91.5562496,0.0,1.0,1.0,-4461.366732313785,-895.465742153766,PIA,4
720.0,85.1127817763959,0.0,0.5,1.0,-4338.038982403615,-911.691909233166,PIA,4
730.0,80.26857142857143,0.0,0.0,1.0,-4264.7891280603635,-894.209951415825,PIA,4
740.0,76.2,0.0,0.0,1.0,-4182.98168932177,-828.5016743359085,PIA,4
750.0,74.0875,12.366666666666667,0.0,1.0,-4153.307923346213,-747.9025601184906,PIA,4
760.0,82.95833333333333,23.998958333333334,0.0,1.0,-4138.541075356613,-647.4644129524456,PIA,4
770.0,94.09090909090908,35.11515151515152,0.0,1.0,-4148.139715929307,-537.3457143170266,PIA,4
780.0,106.86363636363637,41.92727272727272,0.0,1.5,-4184.554844218996,-440.96585168544135,PIA,4
790.0,116.94761904761906,49.36190476190476,0.0,2.0,-4228.527973557553,-373.6653742774581,PIA,4
800.0,124.1,60.1,0.0,2.0,-4275.3019264872855,-318.4046774546049,PIA,4
810.0,138.44375,76.025,0.0,3.0,-4365.421650069971,-207.43678356582484,PIA,4
820.0,153.0,100.0,0.0,3.0,-4413.157276209185,-148.1667875808039,PIA,4
830.0,163.23000000000002,100.0,0.0,3.5,-4440.287525365753,-84.94606154802416,PIA,4
840.0,173.9,100.0,0.0,4.0,-4500.046818604111,67.20792575102469,PIA,4
850.0,188.1727272727273,100.0,0.0,4.0,-4519.0,145.0,PIA,4
860.0,198.0,100.0,0.0,5.0,-4537.086592160973,242.94626966127143,PIA,4
870.0,199.3,100.0,0.0,5.0,-4542.0,273.0,PIA,4
880.0,205.0,100.0,0.0,5.0,-4557.883531341733,402.42981115267503,PIA,5
890.0,210.6,100.0,0.0,5.0,-4563.0,467.0,PIA,5
900.0,219.3,100.0,0.0,5.5,-4567.16923265241,570.5488495393713,PIA,5
910.0,223.55,100.0,0.0,6.0,-4565.518265382722,675.0339694958429,PIA,5
920.0,229.85,100.0,0.0,6.0,-4560.890776704995,789.5716347335924,PIA,5
930.0,234.0,100.0,0.0,6.0,-4556.321792845557,896.4082679927633,PIA,5
940.0,237.1281272,100.0,0.0,6.0,-4553.0,956.0,PIA,5
950.0,243.8140636,100.0,0.0,6.0,-4542.912111530388,1085.1338320709276,PIA,5
970.0,249.29750144,100.0,0.0,6.0,-4526.0,1238.0,PIA,5
980.0,253.44875072000002,100.0,0.0,6.5,-4504.878670792603,1364.8206283141476,PIA,5
990.0,257.2522532611169,100.0,0.0,7.0,-4475.0,1500.0,PIA,5
1060.0,273.1625,100.0,0.0,7.0,-4151.287735808917,2100.927760607773,PIA,5
1070.0,274.0,100.0,0.0,7.0,-4093.3369386422114,2162.1049179445095,PIA,5
1080.0,277.0,100.0,0.0,7.0,-4023.177649007116,2221.6252760816947,PIA,5
1090.0,277.575,100.0,0.0,7.0,-3979.0,2257.0,PIA,5
1100.0,278.45,100.0,0.0,7.0,-3891.0,2320.0,PIA,6
1110.0,279.0,100.0,0.0,7.0,-3781.42690522701,2381.2183768546333,PIA,6
1120.0,280.65714285714284,100.0,0.0,7.0,-3409.0,2565.0,PIA,6
1130.0,281.0,100.0,0.0,8.0,-3362.444877812026,2585.7412529018243,PIA,6
1150.0,283.04285714285714,100.0,0.0,8.0,-3243.2034431683887,2618.1552336005793,PIA,6
1170.0,285.06,100.0,0.0,8.0,-3031.697263298247,2682.572064553047,PIA,6
1190.0,287.38571428571424,100.0,0.0,8.0,-2857.661623514982,2734.04985352678,PIA,6
1210.0,289.95714285714286,100.0,0.0,8.0,-2640.7325893696443,2802.0437875002162,PIA,6
1230.0,292.43333333333334,100.0,0.0,8.0,-2444.0,2866.0,PIA,6
1240.0,293.0,100.0,0.0,8.0,-2393.879332458973,2882.7117813360746,PIA,6
1250.0,293.0,100.0,0.0,8.0,-2279.1297346282845,2921.786613615103,PIA,6
1270.0,293.0,100.0,0.0,8.0,-2152.0,2967.0,PIA,6
1280.0,293.0,100.0,0.0,8.0,-2023.7768361125081,3013.335422838178,PIA,6
1290.0,293.0,100.0,0.0,8.0,-1892.0,3062.0,PIA,6
1310.0,293.0,100.0,0.0,8.0,-1752.0749070367544,3115.111556874406,PIA,6
1330.0,292.4111111111111,100.0,0.0,8.0,-1588.0,3178.0,PIA,7
1340.0,292.0,100.0,0.0,8.0,-1426.5466769422721,3242.4957280894764,PIA,7
1350.0,292.85,100.0,0.0,8.0,-1292.6016899258696,3296.964550371832,PIA,7
1380.0,293.0,100.0,0.0,8.0,-1089.9431739828951,3382.834746282566,PIA,7
1390.0,293.0,100.0,0.0,8.0,-950.5789664452677,3442.2931690524993,PIA,7
1400.0,293.0,98.2,0.0,8.0,-926.0,3453.0,PIA,7
1410.0,289.2625,77.91875,0.0,8.0,-797.4074464686314,3510.6984204967484,PIA,7
1420.0,275.775,30.712500000000006,0.0,8.0,-678.0,3566.0,PIA,7
1430.0,267.0,0.0,1.0,8.0,-604.6731576804523,3598.9849516098666,PIA,7
1440.0,238.649249321154,0.0,1.0,8.0,-482.36081192153193,3652.154455750918,PIA,7
1450.0,215.55749248,0.0,1.0,8.0,-374.0,3700.0,PIA,7
1460.0,190.398434,0.0,1.0,8.0,-267.46719073176655,3747.8865516914548,PIA,7
1470.0,167.921868,0.0,1.0,8.0,-176.0,3788.0,PIA,7
1480.0,152.6249984,0.0,1.0,8.0,-56.94602273824529,3834.308032086001,PIA,7
1500.0,130.36031345949823,0.0,1.0,4.75,105.10198493676234,3867.367623864734,PIA,7
1510.0,119.95,0.0,1.0,2.0,206.24062794004018,3869.412010197298,PIA,7
1520.0,114.95,0.0,0.3333333333333333,2.0,290.4544737628814,3830.8630693737737,PIA,7
1530.0,108.94074074074074,0.5037037037037037,0.0,2.0,383.50846768218827,3770.4616803858676,PIA,7
1540.0,106.46666666666667,13.033333333333333,0.0,2.0,442.18969444612617,3702.6072434179305,PIA,8
1550.0,108.46825396825398,24.98174603174603,0.0,2.0,493.36285577214784,3619.8369813941263,PIA,8
1560.0,114.4,39.239999999999995,0.0,2.0,540.5909352917458,3496.568766911114,PIA,8
1570.0,122.0,47.0,0.0,2.0,564.5543048209581,3394.2216372556486,PIA,8
1580.0,126.625,53.95,0.0,2.0,571.0,3346.0,PIA,8
1590.0,141.78333333333333,68.21666666666667,0.0,3.0,585.038954932218,3196.261506391192,PIA,8
1600.0,152.0,83.0,0.0,3.0,592.26322194073,3116.9834103281164,PIA,8
1610.0,162.3,97.59166666666667,0.0,3.5,599.6553435715775,3046.7285536064974,PIA,8
1620.0,170.625,100.0,0.0,4.0,606.7456174330368,2982.572526652483,PIA,8
1630.0,182.58333333333331,100.0,0.0,4.0,622.855426688787,2848.702565691657,PIA,8
1640.0,193.0,100.0,0.0,4.0,641.0103676733866,2710.6189228501585,PIA,8
1650.0,194.95,100.0,0.0,4.0,645.0,2681.0,PIA,8
1660.0,205.45,100.0,0.0,4.0,661.0,2570.0,PIA,8
1670.0,208.0,100.0,0.0,5.0,667.707843320401,2525.5730807455802,PIA,8
1680.0,218.5,100.0,0.0,5.0,701.0,2311.0,PIA,8
1690.0,223.0,100.0,0.0,6.0,713.8752342023822,2234.657820714746,PIA,8
1710.0,229.86666666666667,100.0,0.0,6.0,744.5649077105425,2074.057535392112,PIA,8
1720.0,237.0,100.0,0.0,6.0,764.0899839111827,1980.639301313989,PIA,8
1730.0,238.819876102311,100.0,0.0,6.0,784.564029963312,1898.2781842127927,PIA,8
1750.0,245.2750016,100.0,0.0,6.0,845.0,1687.0,PIA,8
1760.0,250.0,100.0,0.0,7.0,892.9642020051131,1545.4971030817576,PIA,9
1830.0,259.0,100.0,0.0,7.0,1231.906912814622,1005.2280977581527,PIA,9
1840.0,259.0,100.0,0.0,7.0,1248.0,990.0,PIA,9
1850.0,259.0,100.0,0.0,7.0,1338.6639442162052,911.2931066141058,PIA,9
1860.0,259.0,100.0,0.0,7.0,1392.0,872.0,PIA,9
1870.0,259.0,100.0,0.0,7.0,1498.8754754875442,808.3358903710232,PIA,9
1880.0,258.22,100.0,0.0,7.0,1614.6733986763861,756.7473684617173,PIA,9
1900.0,257.0,100.0,0.0,7.0,1810.9666605033178,698.6662541134499,PIA,9
1910.0,256.65,100.0,0.0,7.0,1884.0,682.0,PIA,9
1920.0,256.0,100.0,0.0,7.0,1974.8744251662506,668.8708508274185,PIA,9
1930.0,256.725,100.0,0.0,7.0,2036.1550236223775,666.2514256371959,PIA,9
1940.0,254.0,100.0,0.0,7.0,2178.970731578768,666.8961247440849,PIA,9
1950.0,254.7875,100.0,0.0,7.0,2270.0161209512617,679.9352006291015,PIA,9
1960.0,254.84,100.0,0.0,7.0,2316.0,690.0,PIA,9
1970.0,254.01999999999998,100.0,0.0,7.0,2429.182683126216,722.1562491093407,PIA,9
1980.0,253.0,100.0,0.0,7.0,2618.6833325073358,805.6206109855249,PIA,10
1990.0,252.7,100.0,0.0,7.0,2672.0,832.0,PIA,10
2000.0,252.0,100.0,0.0,7.0,2738.9283825982898,870.658907753515,PIA,10
2010.0,251.53333333333333,100.0,0.0,7.0,2776.0,900.0,PIA,10
2020.0,251.0,100.0,0.0,7.0,2837.869991092861,952.4997266916228,PIA,10
2030.0,251.775,100.0,0.0,7.0,2937.4136247938254,1049.6118117462665,PIA,10
2040.0,252.47142857142856,100.0,0.0,7.0,3028.0,1150.0,PIA,10
2050.0,253.0,100.0,0.0,7.0,3096.6614350734762,1217.500365988404,PIA,10
2060.0,252.67142857142858,93.75714285714285,0.0,7.0,3152.0,1259.0,PIA,10
2070.0,252.0,81.0,0.0,7.0,3313.264516970374,1350.5217196769256,PIA,10
2080.0,252.0,77.32,0.0,7.0,3382.0,1385.0,PIA,10
2090.0,252.0,73.0,0.0,7.0,3436.1010828902176,1409.5601824450625,PIA,10
2100.0,249.95714285714286,70.95714285714286,0.0,7.0,3523.8389955556463,1427.475238124689,PIA,10
2120.0,248.025,69.1,0.0,7.0,3787.040293384577,1450.7739801171058,PIA,10
2140.0,249.0,73.0,0.0,7.0,3920.400795267771,1446.2945898519629,PIA,10
2150.0,248.52,85.96000000000001,0.0,7.0,4012.0,1425.0,PIA,10
2160.0,248.0375,100.0,0.0,7.0,4154.088081898227,1385.3039156485336,PIA,10
2170.0,248.85,100.0,0.0,7.0,4241.068764599314,1350.4348667889212,PIA,10
2190.0,251.9439837859542,98.03734414269721,0.0,7.0,4455.9060815902585,1228.1196420009055,PIA,10
2210.0,254.0,99.0,0.0,7.0,4543.139911965582,1161.7141165852975,PIA,11
2220.0,254.0156252,100.0,0.0,7.0,4601.771514563,1103.2115128280088,PIA,11
2230.0,254.5312504,100.0,0.0,7.0,4685.0,1020.0,PIA,11
2240.0,255.0,100.0,0.0,7.0,4753.711333386064,945.8207122640347,PIA,11
2250.0,256.0312512,100.0,0.0,7.0,4809.0,881.0,PIA,11
2260.0,258.0,100.0,0.0,7.0,4942.262964590307,715.68801965681,PIA,11
2270.0,258.5071433142857,100.0,0.0,7.0,4980.0,668.0,PIA,11
2280.0,260.0,100.0,0.0,7.0,5046.020956471855,583.211825940818,PIA,11
2290.0,260.4106584254478,100.0,0.0,7.0,5088.0,532.0,PIA,11
2300.0,260.84952981075264,100.0,0.0,7.0,5154.0,455.0,PIA,11
2310.0,261.0,100.0,0.0,7.0,5180.796482977082,424.23607872228877,PIA,11
2320.0,261.0,100.0,0.0,7.0,5299.237613368117,289.44814276343374,PIA,11
2330.0,261.98,100.0,0.0,7.0,5404.196103524045,169.49849168765004,PIA,11
2350.0,262.0,100.0,0.0,7.0,5548.485064803927,6.118336170230053,PIA,11
2360.0,262.0,100.0,0.0,7.0,5594.0,-45.0,PIA,11
2380.0,262.03,100.0,0.0,7.0,5679.579099577666,-140.28560103070265,PIA,11
2390.0,263.0,100.0,0.0,7.0,5771.943179351645,-244.53967456006274,PIA,11
2400.0,263.0,100.0,0.0,7.0,5808.0,-285.0,PIA,11
2410.0,263.0,100.0,0.0,7.0,5901.77617991759,-389.68739143083366,PIA,11
2430.0,262.05,94.3,0.0,7.0,6035.216622270027,-544.1994712870448,PIA,12
2440.0,256.525,8.225000000000001,0.5,7.0,6112.488481010107,-633.9584769379053,PIA,12
2460.0,238.10833333333335,0.0,1.0,7.0,6274.956510616223,-827.5406158157575,PIA,12
2470.0,231.0,0.0,1.0,6.0,6326.028158672516,-894.1297549671253,PIA,12
2480.0,221.725,0.0,1.0,6.0,6353.0,-951.0,PIA,12
2490.0,216.44285714285712,0.0,0.0,5.0,6384.197846007135,-1020.528400206219,PIA,12
2500.0,211.0857142857143,0.0,0.0,5.0,6421.3531468836145,-1159.1726338766352,PIA,12
2520.0,205.1,2.95,0.0,5.0,6427.7584015353605,-1298.8988436918762,PIA,12
2530.0,201.1,8.78,0.0,5.0,6402.978107291941,-1459.733575337992,PIA,12
2540.0,197.0,26.0,0.0,5.0,6383.020973450164,-1543.2122751267648,PIA,12
2550.0,196.15714285714284,42.85714285714286,0.0,5.0,6350.988962133006,-1619.2117025127727,PIA,12
2560.0,196.93333333333334,47.4,0.0,5.0,6313.0,-1699.0,PIA,12
2570.0,198.0,49.0,0.0,5.0,6257.349509481704,-1783.6496923690693,PIA,12
2580.0,200.79000000000002,59.230000000000004,0.0,5.0,6163.815843531465,-1903.201661403356,PIA,12
2590.0,202.0,71.0,0.0,5.0,6097.342061930571,-1971.3199794420598,PIA,12
2600.0,207.07999999999998,82.16,0.0,5.0,6018.742127014424,-2021.5242896014984,PIA,12
2610.0,212.0,92.0,0.0,5.0,5950.255886178491,-2055.6082229198887,PIA,12
2620.0,220.0,97.0,0.0,5.0,5837.210894127138,-2101.4284709670605,PIA,12
2630.0,221.63636625454546,97.54545541818182,0.0,5.0,5801.0,-2113.0,PIA,12
2650.0,229.0,100.0,0.0,6.0,5521.10946852368,-2172.1623236129376,PIA,13
2660.0,230.2500032,100.0,0.0,6.0,5490.0,-2178.0,PIA,13
2670.0,234.75000106666667,100.0,0.0,6.0,5417.639378918837,-2190.531041615055,PIA,13
2680.0,238.0,100.0,0.0,6.0,5301.753846502734,-2204.3862546246646,PIA,13
2690.0,244.0,100.0,0.0,6.0,5170.357851837994,-2217.235349171217,PIA,13
2700.0,244.76500096,100.0,0.0,6.0,5134.0,-2220.0,PIA,13
2710.0,248.96500096,100.0,0.0,6.0,4968.0,-2226.0,PIA,13
2720.0,250.0,100.0,0.0,7.0,4922.681913628516,-2227.145239400858,PIA,13
2730.0,254.19122313404927,100.0,0.0,7.0,4786.0,-2231.0,PIA,13
2740.0,257.32,100.0,0.0,7.0,4683.529524491079,-2234.54672557975,PIA,13
2770.0,264.12,100.0,0.0,7.0,4441.144363468997,-2246.567405681898,PIA,13
2780.0,267.15,100.0,0.0,7.0,4277.0,-2257.0,PIA,13
2800.0,269.1125,100.0,0.0,7.0,4074.8190726647986,-2271.5100784677734,PIA,13
2810.0,272.0,100.0,0.0,7.0,3956.075532374218,-2279.895761187816,PIA,13
2820.0,274.0,100.0,0.0,7.0,3887.844909875156,-2284.008751600338,PIA,13
2830.0,274.26666666666665,100.0,0.0,7.0,3871.0,-2285.0,PIA,13
2840.0,276.26666666666665,100.0,0.0,7.0,3687.0,-2296.0,PIA,13
2850.0,277.0,100.0,0.0,7.0,3597.210203980335,-2301.68628876225,PIA,13
2860.0,277.0,100.0,0.0,7.0,3424.302414855548,-2313.015352845613,PIA,14
2870.0,277.26,100.0,0.0,7.0,3380.0,-2316.0,PIA,14
2890.0,278.93,100.0,0.0,7.0,3201.116041575814,-2329.7725318432144,PIA,14
2910.0,280.0,100.0,0.0,7.0,3035.776622090712,-2344.614963115272,PIA,14
2920.0,280.55,100.0,0.0,7.0,2931.5,-2354.5,PIA,14
2930.0,281.0,100.0,0.0,7.0,2847.321163762008,-2362.880266114445,PIA,14
2940.0,281.0,100.0,0.0,7.0,2744.1216277488707,-2373.7156383591246,PIA,14
2950.0,281.0,100.0,0.0,7.0,2618.134796149787,-2386.106132242217,PIA,14
2960.0,281.0,100.0,0.0,7.0,2544.0,-2394.0,PIA,14
2970.0,280.725,99.625,0.0,7.0,2302.6145312302015,-2421.1256966775627,PIA,14
2990.0,270.0,85.0,1.0,7.0,2097.9340607961926,-2445.6527059471764,PIA,14
3000.0,239.475,0.0,1.0,7.0,2005.3803767255731,-2457.6944685526446,PIA,14
3010.0,226.0,0.0,1.0,7.0,1950.3310507348936,-2464.6697490179886,PIA,14
3020.0,202.65714285714284,0.0,1.0,7.0,1886.0,-2473.0,PIA,14
3030.0,181.89499999999998,0.0,1.0,7.0,1798.549660019638,-2485.0890614141085,PIA,14
3040.0,151.0,0.0,1.0,7.0,1643.813339577865,-2509.261634215328,PIA,14
3050.0,146.68,0.0,1.0,7.0,1616.0,-2514.0,PIA,14
3060.0,127.67087611676361,0.0,1.0,5.0,1478.266305902124,-2543.9317459321314,PIA,14
3070.0,109.2499968,0.0,1.0,3.0,1361.594752073367,-2581.3373742411827,PIA,14
3080.0,97.83333262222222,0.0,1.0,1.3333333333333333,1295.1953623316385,-2621.8336222985495,PIA,15
3090.0,89.72222151111112,0.0,0.6666666666666666,1.0,1238.6408265243772,-2700.211128448635,PIA,15
3100.0,81.21303103247124,3.944685586398711,0.0,1.0,1222.7596901605455,-2788.743395603644,PIA,15
3110.0,79.9964464639349,16.195535360650883,0.0,1.0,1256.2454858872964,-2887.924308322213,PIA,15
3120.0,86.4,31.26,0.0,1.0,1310.1038632215264,-2960.396742851518,PIA,15
3130.0,97.15,40.275,0.0,1.25,1393.1096292188238,-3028.3124666499675,PIA,15
3140.0,105.7,49.22,0.0,2.0,1455.0,-3069.0,PIA,15
3150.0,118.09333333333332,64.48,0.0,2.0,1660.5505298703786,-3190.905422674901,PIA,15
3160.0,129.24,70.78,0.0,2.5,1732.374643720337,-3231.406409013929,PIA,15
3170.0,135.25,74.4,0.0,3.0,1795.3351473781925,-3269.221785521501,PIA,15
3180.0,147.135,74.805,0.0,4.0,1965.7263694402156,-3383.4079755221837,PIA,15
3190.0,154.02,64.86,0.0,4.0,2026.0,-3433.0,PIA,15
3200.0,156.0,62.0,0.0,4.0,2048.494797442165,-3455.3278321108864,PIA,15
3210.0,168.15648148148148,70.72962962962963,0.0,4.0,2143.6527232453577,-3565.783047871266,PIA,15
3220.0,173.2,76.4,0.0,4.0,2195.686987542328,-3650.426081238935,PIA,15
3230.0,181.4,92.8,0.0,4.0,2241.0,-3762.0,PIA,15
3240.0,185.715,100.0,0.0,5.0,2258.913346018917,-3828.706567977031,PIA,15
3250.0,192.48,100.0,0.0,5.0,2282.0,-3958.0,PIA,15
3260.0,196.0,100.0,0.0,5.0,2289.8344086089724,-4023.0787019991812,PIA,15
3270.0,200.5,100.0,0.0,5.0,2294.8264846512475,-4150.083335310399,PIA,15
3280.0,204.02000128,100.0,0.0,5.0,2290.0,-4279.0,PIA,15
3300.0,209.75623335290564,100.0,0.0,5.0,2271.0511256747877,-4419.467081225024,PIA,16
3320.0,214.75069354028915,100.0,0.0,5.0,2229.384202803987,-4589.593690794921,PIA,16
3330.0,216.95833386666666,100.0,0.0,5.5,2156.8256330281465,-4798.172245243023,PIA,16
3340.0,219.0,100.0,0.0,6.0,2129.027322586151,-4868.824070854518,PIA,16
3360.0,216.4738063847619,30.11903085714286,0.6666666666666666,6.0,2077.8700702938772,-4973.344271387729,PIA,16
3370.0,204.0,0.0,1.0,6.0,2005.4902692727044,-5099.078874560248,PIA,16
3380.0,197.52856868571428,0.0,1.0,6.0,1947.0,-5186.0,PIA,16
3390.0,192.0,0.0,1.0,6.0,1913.8472022556844,-5231.657557211077,PIA,16
3400.0,179.156248,0.0,1.0,5.5,1867.2873545909363,-5287.315783814042,PIA,16
3410.0,170.68564837384625,0.0,1.0,5.0,1780.0,-5383.0,PIA,16
3420.0,165.92938483034027,0.0,1.0,4.5,1721.3520284507576,-5432.359640239147,PIA,16
3430.0,157.82222222222222,0.5777777777777778,0.5,4.0,1615.163874467255,-5484.10665455294,PIA,16
3440.0,152.87777777777777,9.422222222222222,0.0,4.0,1498.0,-5508.0,PIA,16
3450.0,150.0,16.0,0.0,4.0,1435.1864446179752,-5510.556176367607,PIA,16
3460.0,151.47,41.19,0.0,4.0,1311.4172245386376,-5496.184349529512,PIA,16
3470.0,156.25714285714287,49.17142857142857,0.0,4.0,1207.0,-5465.0,PIA,16
3480.0,159.31111111111113,51.75555555555556,0.0,4.0,1098.9814790732428,-5409.800776182277,PIA,16
3490.0,166.0,68.0,0.0,4.0,1014.1574418086419,-5358.485988975226,PIA,16
3500.0,172.51,87.53,0.0,4.0,946.663171956877,-5292.186210210664,PIA,16
3510.0,180.6,94.97142857142858,0.0,4.0,837.0,-5191.0,PIA,16
3520.0,187.0,100.0,0.0,4.0,801.5848434401953,-5159.0142929458125,PIA,17
3530.0,197.0285714285714,100.0,0.0,4.5,757.3859215283499,-5119.535995199971,PIA,17
3540.0,206.8,100.0,0.0,5.0,672.4402369415633,-5042.4951718787415,PIA,17
3560.0,214.4,100.0,0.0,5.5,549.8671859166387,-4933.042676859164,PIA,17
3570.0,224.9,100.0,0.0,6.0,443.380757443732,-4837.12494341672,PIA,17
3580.0,228.925,100.0,0.0,6.0,393.22209126064723,-4791.318848028555,PIA,17
3600.0,237.1,100.0,0.0,6.0,346.18853783625764,-4751.264220546278,PIA,17
3610.0,240.55,100.0,0.0,6.0,264.28190503808577,-4677.558093125583,PIA,17
3630.0,249.3875008,100.0,0.0,6.0,121.64473986293642,-4549.827225997377,PIA,17
3640.0,254.10972634170196,100.0,0.0,7.0,23.43980444680694,-4462.083870430191,PIA,17
3660.0,259.0074833727654,100.0,0.0,7.0,-149.0,-4307.0,PIA,17
3670.0,262.0,100.0,0.0,7.0,-197.29930795382018,-4263.676273360894,PIA,17
3680.0,263.093752,100.0,0.0,7.0,-225.0,-4239.0,PIA,17
3690.0,267.0,100.0,0.0,7.0,-418.483042963005,-4067.0709441372214,PIA,17
3700.0,268.10000128,100.0,0.0,7.0,-491.0,-4003.0,PIA,17
3710.0,269.0,100.0,0.0,7.0,-527.7972989738637,-3970.8430474521315,PIA,17
3720.0,270.5833344,100.0,0.0,7.0,-583.0,-3929.0,PIA,17
3730.0,271.0,100.0,0.0,7.0,-608.0361866119774,-3911.910624077591,PIA,17
3740.0,271.0,100.0,0.0,7.0,-722.93641477069,-3838.7932240949976,PIA,18
3760.0,271.0,100.0,0.0,7.0,-892.0,-3761.0,PIA,18
3770.0,271.0,100.0,0.0,7.0,-979.2777158528147,-3737.307753593602,PIA,18
3780.0,271.0,100.0,0.0,7.0,-1136.4652209696153,-3717.3399933459123,PIA,18
3790.0,270.6812496,100.0,0.0,7.0,-1176.0,-3715.0,PIA,18
3800.0,270.0,100.0,0.0,7.0,-1259.3003081044596,-3712.8365106730516,PIA,18
3810.0,269.3062496,100.0,0.0,7.0,-1342.0,-3716.0,PIA,18
3820.0,268.0906248,100.0,0.0,7.0,-1482.5772191692226,-3738.545917667311,PIA,18
3830.0,267.14070347233655,100.0,0.0,7.0,-1616.0,-3779.0,PIA,18
3840.0,267.0,100.0,0.0,7.0,-1634.4350997300423,-3785.571084289755,PIA,18
3850.0,266.0,100.0,0.0,7.0,-1730.0834001730045,-3824.408420845965,PIA,18
3860.0,265.225,100.0,0.0,7.0,-1896.5377291433679,-3909.3097240904463,PIA,18
3870.0,265.0,100.0,0.0,7.0,-2054.0,-3994.0,PIA,18
3880.0,265.0,100.0,0.0,7.0,-2129.3304818552024,-4034.069222244152,PIA,18
3900.0,265.7,100.0,0.0,7.0,-2226.0,-4077.0,PIA,18
3910.0,266.0,100.0,0.0,7.0,-2291.4378578026362,-4101.424031300692,PIA,18
3920.0,265.3142857142857,100.0,0.0,7.0,-2433.0,-4147.0,PIA,18
3930.0,264.9625,100.0,0.0,7.0,-2500.7900178794334,-4163.076499240106,PIA,18
3940.0,264.0,100.0,0.0,7.0,-2603.773343104101,-4183.091731326499,PIA,18
3950.0,263.34285714285716,100.0,0.0,7.0,-2679.0,-4191.0,PIA,18
3960.0,261.9428571428572,100.0,0.0,7.0,-2895.387170280216,-4197.054572927964,PIA,19
3980.0,261.0,100.0,0.0,7.0,-3040.5968645532616,-4185.819149236225,PIA,19
3990.0,259.44,100.0,0.0,7.0,-3127.7030878830783,-4169.471001687574,PIA,19
4000.0,259.0,92.72,0.0,7.0,-3198.0,-4155.0,PIA,19
4010.0,259.0,72.0,0.0,7.0,-3334.6780698188513,-4116.021005960933,PIA,19
4020.0,249.5772727272727,2.8227272727272728,1.0,7.0,-3499.379414691978,-4059.1816638491537,PIA,19
4040.0,221.06363636363636,0.7363636363636363,1.0,7.0,-3604.0,-4008.0,PIA,19
4050.0,205.7111111111111,0.0,1.0,7.0,-3679.3190924604023,-3959.659545417684,PIA,19
4060.0,176.60625,0.0,1.0,7.0,-3853.5397656983932,-3808.408534905058,PIA,19
4080.0,151.39833216,0.0,1.0,3.6666666666666665,-3923.8902353994195,-3718.8891987994243,PIA,19
4090.0,140.0874976,0.0,1.0,3.0,-3976.0,-3635.0,PIA,19
4100.0,129.3880579146055,0.0,1.0,2.75,-4017.7092405027006,-3543.206597145816,PIA,19
4110.0,118.8333312,0.0,1.0,2.0,-4043.7551296947445,-3441.0056589393707,PIA,19
4120.0,111.37499840000001,0.0,0.5,2.0,-4047.595832752684,-3318.2254340431177,PIA,19
4130.0,107.79166613333334,0.0,0.0,2.0,-4025.7909844591213,-3226.096161611541,PIA,19
4140.0,105.02499982222223,3.9000007111111112,0.0,2.0,-3996.689879535763,-3159.2738416905704,PIA,19
4150.0,102.84666660571429,17.315001417142856,0.0,2.0,-3937.5603467788656,-3075.275254885882,PIA,19
4160.0,105.62916693333334,27.887500799999998,0.0,2.0,-3844.5931581932123,-2995.586235392393,PIA,19
4170.0,112.4838710861371,36.56989257178091,0.0,2.0,-3762.781238230829,-2951.5316744178735,PIA,19
4180.0,116.92,37.980000000000004,0.0,2.5,-3695.7166630013307,-2926.5685382508013,PIA,20
4190.0,124.8888888888889,46.644444444444446,0.0,3.0,-3593.458815343476,-2897.784140856744,PIA,20
4200.0,133.3,58.275,0.0,3.0,-3489.19192478242,-2873.493096989351,PIA,20
4210.0,144.8,68.81666666666666,0.0,3.0,-3402.449968303302,-2854.674004474461,PIA,20
4220.0,151.62,84.62,0.0,3.0,-3322.253640742679,-2838.130744456573,PIA,20
4230.0,163.85833333333332,95.53333333333335,0.0,4.0,-3224.519553860548,-2818.154744413927,PIA,20
4240.0,175.25,100.0,0.0,4.0,-3145.0,-2803.0,PIA,20
4250.0,184.34375,100.0,0.0,4.5,-2985.538812986693,-2774.1372230409297,PIA,20
4270.0,202.3,100.0,0.0,5.0,-2781.9965839522406,-2740.466176386718,PIA,20
4280.0,210.0,100.0,0.0,5.0,-2696.668013526846,-2727.2621312702377,PIA,20
4300.0,216.9,100.0,0.0,5.5,-2529.837418970703,-2701.669368922668,PIA,20
4310.0,225.0,100.0,0.0,6.0,-2430.4219205211243,-2686.514584089771,PIA,20
4320.0,233.43636363636364,100.0,0.0,6.0,-2340.2704434342113,-2672.4689145269253,PIA,20
4340.0,239.84545629090908,100.0,0.0,6.0,-2188.0,-2648.0,PIA,20
4350.0,244.60454632727271,100.0,0.0,6.5,-2072.486340033901,-2629.5211431271528,PIA,20
4360.0,249.96500096,100.0,0.0,7.0,-1942.7185823503412,-2609.273782810496,PIA,20
4390.0,260.50125088,100.0,0.0,7.0,-1622.6446274691168,-2555.782658284682,PIA,20
4400.0,266.8819919034005,100.0,0.0,7.0,-1546.0,-2543.0,PIA,21
4410.0,268.0,100.0,0.0,7.0,-1529.8327965131025,-2540.252991513955,PIA,21
4430.0,275.1250016,100.0,0.0,7.0,-1281.8900325648872,-2498.6104637249146,PIA,21
4440.0,278.2500032,100.0,0.0,7.0,-1187.0,-2484.0,PIA,21
4450.0,282.0,100.0,0.0,7.0,-1073.5493435728972,-2465.0330472039823,PIA,21
4460.0,283.11111395555554,100.0,0.0,7.0,-1033.0,-2458.0,PIA,21
4480.0,289.88889031111114,100.0,0.0,7.5,-761.952161335108,-2410.2932902224675,PIA,21
4500.0,294.0,100.0,0.0,8.0,-560.6887463186506,-2375.9097008406893,PIA,21
4510.0,294.76500096,100.0,0.0,8.0,-525.0,-2370.0,PIA,21
4520.0,297.38250048,100.0,0.0,8.0,-387.1459819532158,-2347.2578980306203,PIA,21
4540.0,300.0,100.0,0.0,8.0,-167.31904178181526,-2308.981643585309,PIA,21
4550.0,301.54166755555553,100.0,0.0,8.0,-33.0,-2285.0,PIA,21
4570.0,305.0,100.0,0.0,8.0,113.66992157816178,-2257.342472978102,PIA,21
4580.0,305.9122811970276,100.0,0.0,8.0,168.0,-2247.0,PIA,21
4590.0,307.91729340674993,100.0,0.0,8.0,336.0,-2216.0,PIA,21
4600.0,309.0,100.0,0.0,8.0,428.4511716443676,-2199.5476817856816,PIA,21
4620.0,309.0,100.0,0.0,8.0,592.3757658079876,-2170.376646017866,PIA,22
4640.0,310.96000000000004,100.0,0.0,8.0,762.4011443888442,-2138.3706693378876,PIA,22
4650.0,311.98,100.0,0.0,8.0,932.4173678589482,-2107.362537954811,PIA,22
4670.0,312.84444444444443,100.0,0.0,8.0,1066.0,-2082.0,PIA,22
4680.0,313.7555555555556,100.0,0.0,8.0,1205.626386635397,-2056.164830214989,PIA,22
4700.0,314.3454545454546,100.0,0.0,8.0,1374.0,-2026.0,PIA,22
4720.0,314.9227272727273,100.0,0.0,8.0,1592.0927902342683,-1986.5644863280704,PIA,22
4730.0,314.3,100.0,0.0,8.0,1717.0,-1963.0,PIA,22
4740.0,314.0,100.0,0.0,8.0,1758.2000325709357,-1955.2743992735907,PIA,22
4750.0,314.0,100.0,0.0,8.0,1906.0,-1928.0,PIA,22
4760.0,314.0,100.0,0.0,8.0,1964.0761609473318,-1917.5220291575495,PIA,22
4770.0,314.0,100.0,0.0,8.0,2061.0,-1900.0,PIA,22
4780.0,313.7125,100.0,0.0,8.0,2187.7544178318662,-1876.5837811749373,PIA,22
4790.0,313.0,100.0,0.0,8.0,2317.8882196978666,-1853.788088682491,PIA,22
4810.0,312.275,100.0,0.0,8.0,2612.0,-1806.0,PIA,22
4820.0,312.0,100.0,0.0,8.0,2675.198307937721,-1795.8174287317543,PIA,22
4840.0,312.0,100.0,0.0,8.0,2801.0,-1776.0,PIA,23
4850.0,312.0,100.0,0.0,8.0,2871.906499415899,-1764.985817059156,PIA,23
4860.0,312.0,100.0,0.0,8.0,3143.0,-1723.0,PIA,23
4870.0,312.0,100.0,0.0,8.0,3172.31665806976,-1718.4717483621005,PIA,23
4890.0,311.0,100.0,0.0,8.0,3340.2816762118505,-1692.672025919108,PIA,23
4900.0,310.62249984,63.38248448,0.0,8.0,3434.0,-1678.0,PIA,23
4920.0,310.08624992,11.366242239999998,0.5,8.0,3616.517530042719,-1649.5791958938346,PIA,23
4940.0,278.8916615111111,0.0,1.0,8.0,3802.0774810580515,-1621.617597885305,PIA,23
4950.0,254.0,0.0,1.0,8.0,3952.649074020444,-1599.011247113319,PIA,23
4960.0,249.80781957188773,0.0,1.0,8.0,3974.0,-1596.0,PIA,23
4970.0,213.60416053333333,0.0,1.0,8.0,4145.571827012249,-1570.388058085703,PIA,23
4980.0,193.0,0.0,1.0,8.0,4262.274548529902,-1549.0236407996601,PIA,23
4990.0,189.87498666666667,0.0,1.0,8.0,4277.0,-1546.0,PIA,23
5000.0,159.82638506666666,0.0,1.0,7.0,4440.0819976537205,-1505.4411968556376,PIA,23
5020.0,134.4406232,0.0,1.0,3.0,4605.118807960436,-1447.4701718138326,PIA,23
5030.0,118.8453116,0.0,1.0,2.0,4694.631104048283,-1375.2156482786343,PIA,23
5040.0,109.12604106666667,0.0,1.0,2.0,4747.104864947683,-1293.6114219586152,PIA,23
5050.0,99.79605915642475,0.0,1.0,1.3333333333333333,4790.820669415675,-1182.1522230309267,PIA,23
5060.0,90.33333333333333,0.0,1.0,1.0,4796.153680367796,-1069.330535817908,PIA,24
5070.0,85.45,0.0,0.5,1.0,4784.618621128361,-979.6768960574205,PIA,24
5080.0,82.71011904761905,1.5958333333333332,0.0,1.0,4757.542446961241,-904.5273959217302,PIA,24
5090.0,81.925,13.925,0.0,1.0,4705.478011553592,-827.6238014482981,PIA,24
5100.0,85.42444444444443,21.046666666666667,0.0,1.0,4641.426739709122,-769.8750130849534,PIA,24
5110.0,90.36,26.813333333333333,0.0,1.0,4581.167755356451,-738.8317597785555,PIA,24
5120.0,102.2854176,38.734376,0.0,1.25,4447.715116427977,-713.2990906177926,PIA,24
5130.0,115.7611136,49.5777792,0.0,2.0,4387.0,-711.0,PIA,24
5140.0,122.51666773333334,56.194446222222226,0.0,2.0,4328.859771517504,-713.1196265336771,PIA,24
5150.0,131.1833344,70.63889066666667,0.0,2.5,4233.961179396104,-716.5320411749219,PIA,24
5160.0,143.54722346666668,83.18333439999999,0.0,3.0,4128.379211768219,-724.9936685176943,PIA,24
5170.0,154.57143100952382,93.77380998095238,0.0,4.0,4016.5973513391477,-735.6615426946391,PIA,24
5190.0,174.25000319999998,100.0,0.0,4.0,3862.0095140297326,-753.1633394916172,PIA,24
5200.0,183.67500288,100.0,0.0,5.0,3715.5331984043987,-769.8085582816182,PIA,24
5210.0,192.0,100.0,0.0,5.0,3627.5199479429066,-779.7271595985345,PIA,24
5220.0,196.20000256,100.0,0.0,5.0,3577.7824751058647,-784.8281643192331,PIA,24
5230.0,205.982144,100.0,0.0,5.0,3449.705675146011,-796.2554913866884,PIA,24
5240.0,213.83928685714284,100.0,0.0,5.5,3223.739241956786,-815.3593092726156,PIA,24
5260.0,224.0,100.0,0.0,6.0,3092.226398282958,-826.6085759244813,PIA,24
5270.0,228.8093768,100.0,0.0,6.0,3029.0,-832.0,PIA,24
5280.0,233.0,100.0,0.0,6.0,2934.8133917691525,-839.8956508751417,PIA,25
5290.0,236.921876,100.0,0.0,6.0,2852.679365127592,-846.79883826337,PIA,25
5300.0,239.85000106666666,100.0,0.0,6.0,2756.0,-855.0,PIA,25
5320.0,244.1381917143504,100.0,0.0,7.0,2503.6456512476857,-876.6008242758311,PIA,25
5330.0,249.0,100.0,0.0,7.0,2386.568113347351,-886.7149981429263,PIA,25
5350.0,252.93333333333334,100.0,0.0,7.0,2288.867894146779,-895.1829414145817,PIA,25
5360.0,256.0,100.0,0.0,7.0,2150.0,-907.0,PIA,25
5370.0,258.26,100.0,0.0,7.0,1964.3364132211204,-922.6223066992723,PIA,25
5380.0,260.0,100.0,0.0,7.0,1841.5202062224816,-932.8691495865369,PIA,25
5400.0,262.15,100.0,0.0,7.0,1770.0,-939.0,PIA,25
5410.0,264.0,100.0,0.0,7.0,1657.2640812973245,-949.0349675224198,PIA,25
5420.0,264.78,100.0,0.0,7.0,1534.5253593869218,-959.6236209152723,PIA,25
5440.0,266.43333333333334,100.0,0.0,7.0,1373.0,-973.0,PIA,25
5450.0,268.08000000000004,100.0,0.0,7.0,1151.3435885325002,-992.6334878972522,PIA,25
5460.0,269.0,100.0,0.0,7.0,1021.926809752559,-1004.0877062900956,PIA,25
5470.0,269.31428571428575,100.0,0.0,7.0,1005.1148982870925,-1005.5462529716881,PIA,25
0.0,285.85,100.0,0.0,7.0,1044.006140343445,-1002.1077450948092,RUS,1
10.0,289.4270459715558,100.0,0.0,7.0,910.3053190953294,-1014.3093796144473,RUS,1
20.0,292.70106508681675,100.0,0.0,7.0,761.0,-1027.0,RUS,1
30.0,294.0,100.0,0.0,7.0,701.7510927718148,-1032.1697872333127,RUS,1
40.0,295.1166634666667,100.0,0.0,7.0,647.0,-1037.0,RUS,1
50.0,298.7833301333333,100.0,0.0,7.0,465.0,-1053.0,RUS,1
60.0,300.0,100.0,0.0,7.0,407.6826785326566,-1058.1583062050454,RUS,1
70.0,301.5874976,100.0,0.0,7.0,298.0,-1068.0,RUS,1
90.0,304.0,100.0,0.0,8.0,56.81802466629931,-1088.7901803984355,RUS,1
100.0,305.70226967272725,100.0,0.0,8.0,-74.0,-1100.0,RUS,1
120.0,311.0,100.0,0.0,8.0,-345.09780266552343,-1123.5914345765245,RUS,1
140.0,311.0,100.0,0.0,8.0,-462.24111626439094,-1133.900196892529,RUS,1
170.0,314.9333319111111,100.0,0.0,8.0,-717.9202843819149,-1156.4377458197064,RUS,1
190.0,315.0,100.0,0.0,8.0,-870.0,-1170.0,RUS,1
200.0,315.0,100.0,0.0,8.0,-968.5479048901938,-1178.7507854535384,RUS,1
210.0,316.6749984,100.0,0.0,8.0,-1085.739398243345,-1188.9454496915305,RUS,1
220.0,317.16999936,100.0,0.0,8.0,-1168.0,-1196.0,RUS,2
240.0,317.76999936,100.0,0.0,8.0,-1379.0,-1215.0,RUS,2
250.0,318.0,100.0,0.0,8.0,-1460.1730729565536,-1222.196729953433,RUS,2
260.0,318.0,100.0,0.0,8.0,-1608.0,-1235.0,RUS,2
280.0,317.9265628,100.0,0.0,8.0,-1763.7827585678183,-1248.2638627282897,RUS,2
300.0,317.0828128,100.0,0.0,8.0,-2006.1597272644985,-1269.5932166031116,RUS,2
320.0,316.0,100.0,0.0,8.0,-2237.437631802151,-1290.1651771952834,RUS,2
330.0,316.0,100.0,0.0,8.0,-2327.0,-1298.0,RUS,2
340.0,316.0,100.0,0.0,8.0,-2427.8792493184383,-1306.4408989940741,RUS,2
350.0,315.6656256,100.0,0.0,8.0,-2494.0,-1312.0,RUS,2
370.0,314.9265628,100.0,0.0,8.0,-2699.832854995511,-1330.1496571360512,RUS,2
390.0,314.3531256,100.0,0.0,8.0,-2860.0,-1344.0,RUS,2
400.0,313.92386385454546,100.0,0.0,8.0,-2987.7576001186435,-1355.3986115028474,RUS,2
430.0,313.10568203636365,100.0,0.0,8.0,-3300.5277669988186,-1382.6542872329671,RUS,2
450.0,312.06265715295785,100.0,0.0,8.0,-3502.0,-1401.0,RUS,3
460.0,311.26065175449907,100.0,0.0,8.0,-3640.0,-1413.0,RUS,3
470.0,311.0,100.0,0.0,8.0,-3693.7255030194415,-1417.6718853125376,RUS,3
490.0,292.8571428571429,9.285714285714285,0.5,8.0,-3956.2669949919673,-1440.4583228683919,RUS,3
500.0,264.5625,0.0,1.0,8.0,-4057.0,-1449.0,RUS,3
510.0,246.0,0.0,1.0,8.0,-4146.904015218101,-1457.599338032835,RUS,3
520.0,230.59,0.0,1.0,8.0,-4229.378014225262,-1465.3277848234814,RUS,3
540.0,200.48000000000002,0.0,1.0,8.0,-4379.088382986482,-1478.8674281653145,RUS,3
550.0,181.02487655335176,0.0,1.0,8.0,-4482.741925418592,-1485.7506574664535,RUS,3
560.0,168.0,0.0,1.0,8.0,-4590.183885312381,-1486.9858918201687,RUS,3
570.0,156.23864727272726,0.0,1.0,8.0,-4699.0,-1485.0,RUS,3
580.0,138.9125024,0.0,1.0,3.3333333333333335,-4791.745958746023,-1474.8683439443105,RUS,3
590.0,126.96458773333333,0.0,1.0,2.0,-4883.536925791566,-1450.9135205123257,RUS,3
600.0,117.48333333333333,0.0,1.0,2.0,-4967.251133652748,-1406.9909852765893,RUS,3
610.0,105.6500032,0.0,1.0,2.0,-5053.677632264633,-1320.1965185138667,RUS,3
620.0,95.08035961904761,0.0,1.0,1.25,-5095.167445374288,-1243.4563093507588,RUS,3
640.0,77.41369295238096,0.0,0.3333333333333333,1.0,-5121.202711849297,-1028.9320668174767,RUS,3
650.0,71.072249664,7.929745344,0.0,1.0,-5095.609954787642,-949.9735450292703,RUS,3
660.0,75.992186,30.53249808,0.0,1.0,-5027.0478865948635,-857.0064039549238,RUS,4
670.0,82.44583253333333,41.3374976,0.0,1.0,-4953.022453111712,-805.2603488388722,RUS,4
680.0,90.44999680000001,49.58333155555556,0.0,1.0,-4843.394753854529,-787.9569478477064,RUS,4
690.0,98.28517690965646,54.629938211283644,0.0,1.0,-4677.6139796336165,-823.5025927695167,RUS,4
700.0,107.5625,0.0,1.0,1.0,-4571.561748645488,-866.7867601709452,RUS,4
710.0,99.080625,0.0,1.0,1.0,-4481.621455038462,-890.390228883996,RUS,4
720.0,87.29333333333334,0.0,0.3333333333333333,1.0,-4352.4115010605465,-911.8576454235794,RUS,4
730.0,80.97512472027887,0.0,1.0,1.0,-4285.37997458577,-902.4266103621404,RUS,4
740.0,74.539064,2.1937463999999998,0.25,1.0,-4207.20868408253,-853.9304500027501,RUS,4
750.0,73.49523748571428,18.728568685714286,0.0,1.0,-4155.316123727128,-764.1985741714498,RUS,4
760.0,78.35399936,36.10699776,0.0,1.0,-4140.107187889074,-661.6891972722516,RUS,4
770.0,86.08333333333334,46.06666666666666,0.0,1.0,-4149.8616663977655,-530.8408252824509,RUS,4
780.0,93.3484348,51.8265604,0.0,1.0,-4165.258775207176,-479.84683696466806,RUS,4
790.0,101.0281208,57.2937488,0.0,1.0,-4217.759196602245,-390.27134464774224,RUS,4
800.0,115.20971875555556,62.30277404444445,0.0,2.0,-4262.801660879711,-332.6424637551613,RUS,4
810.0,127.19249472,75.1749952,0.0,2.0,-4337.186067499719,-246.9845888011612,RUS,4
820.0,139.66457653333333,86.468744,0.0,2.0,-4386.232222936407,-181.2721487145503,RUS,4
830.0,156.40999424,100.0,0.0,2.0,-4450.720911951148,-60.771004640122776,RUS,4
840.0,170.19791466666666,100.0,0.0,3.0,-4488.507434310632,32.22661151537978,RUS,4
850.0,178.890616,100.0,0.0,3.0,-4514.0,124.0,RUS,4
860.0,187.16527324444445,100.0,0.0,4.0,-4532.676607580055,215.15243947769264,RUS,4
880.0,202.27638435555554,100.0,0.0,4.5,-4556.070913817863,391.7481551530005,RUS,5
890.0,212.04999253333332,100.0,0.0,5.0,-4566.0,533.0,RUS,5
900.0,218.0,100.0,0.0,5.0,-4566.346597161958,625.3191399243816,RUS,5
910.0,222.52590699807203,100.0,0.0,5.0,-4564.376432816633,715.8718179496909,RUS,5
930.0,231.92478944167013,100.0,0.0,5.0,-4556.0,896.0,RUS,5
940.0,235.0,100.0,0.0,6.0,-4551.094859076844,976.2144912782244,RUS,5
950.0,239.35,100.0,0.0,6.0,-4540.488112702141,1124.302855469517,RUS,5
970.0,246.75555555555556,100.0,0.0,6.0,-4517.407101209228,1286.3312728929814,RUS,5
1020.0,262.6138824245469,100.0,0.0,6.5,-4387.980346211159,1758.051111344665,RUS,5
1040.0,266.9861084444444,100.0,0.0,7.0,-4278.0,1950.0,RUS,5
1050.0,268.0,100.0,0.0,7.0,-4245.6265988839,1993.8309378845556,RUS,5
1060.0,272.13499904,100.0,0.0,7.0,-4159.225817068653,2094.4163619467404,RUS,5
1080.0,274.1687488,100.0,0.0,7.0,-4047.26174527925,2200.5698763618993,RUS,5
1090.0,276.0843744,100.0,0.0,7.0,-3954.4174500472013,2275.9146512909415,RUS,5
1100.0,277.1312488,100.0,0.0,7.0,-3764.01390182877,2398.3588866773844,RUS,6
1120.0,280.0,100.0,0.0,7.0,-3417.0512932482134,2558.8756659500555,RUS,6
1140.0,282.0,100.0,0.0,7.0,-3283.7148519021193,2605.083510121633,RUS,6
1160.0,282.0,100.0,0.0,7.0,-3167.9531803267064,2641.685247249881,RUS,6
1170.0,285.1166634666667,100.0,0.0,7.0,-3038.0,2680.0,RUS,6
1180.0,286.0,100.0,0.0,7.0,-2981.0935005907168,2697.0487381239964,RUS,6
1190.0,286.86749952,100.0,0.0,7.0,-2785.3658879795785,2756.218852437676,RUS,6
1220.0,289.1124992,100.0,0.0,7.0,-2587.767268213665,2819.14815368029,RUS,6
1230.0,290.5583317333333,100.0,0.0,7.0,-2456.0,2862.0,RUS,6
1240.0,291.0,100.0,0.0,7.0,-2415.4341257953665,2875.285176024406,RUS,6
1250.0,291.0,100.0,0.0,7.0,-2303.0,2913.0,RUS,6
1260.0,291.0,100.0,0.0,7.0,-2223.370433878898,2941.0643016420827,RUS,6
1270.0,291.8107136,100.0,0.0,7.0,-2029.0,3012.0,RUS,6
1280.0,292.0,100.0,0.0,7.0,-1993.840427739552,3024.8936641084765,RUS,6
1290.0,291.0,100.0,0.0,7.0,-1867.9402525003864,3071.746927277788,RUS,6
1300.0,291.0218744,100.0,0.0,7.0,-1862.0,3074.0,RUS,6
1320.0,292.0,100.0,0.0,7.0,-1510.0497424319462,3209.2920206839062,RUS,7
1330.0,291.76071497142857,100.0,0.0,7.0,-1459.0,3229.0,RUS,7
1340.0,291.0,100.0,0.0,7.0,-1388.114072280522,3256.8167671942756,RUS,7
1350.0,291.1687488,100.0,0.0,7.0,-1378.0,3261.0,RUS,7
1360.0,292.0,100.0,0.0,7.0,-1306.6254664893215,3290.932781834991,RUS,7
1370.0,291.0541674666667,100.0,0.0,7.0,-1136.0,3363.0,RUS,7
1380.0,291.0,100.0,0.0,7.0,-1086.103066395373,3384.061963249299,RUS,7
1390.0,291.0,100.0,0.0,7.0,-976.710996506714,3430.9388439737704,RUS,7
1400.0,291.6124992,100.0,0.0,7.0,-868.0,3479.0,RUS,7
1410.0,292.0,100.0,0.0,7.0,-799.788486845271,3509.5295959797254,RUS,7
1420.0,282.7375072,96.9125024,0.5,7.0,-711.2571252689796,3549.8526497724915,RUS,7
1430.0,269.8500224,61.200076800000005,1.0,7.0,-626.0,3589.0,RUS,7
1440.0,248.21548897645977,0.0,1.0,7.0,-507.2578402625836,3641.1625316158966,RUS,7
1460.0,214.6,0.0,1.0,7.0,-354.590209773859,3708.6183758913453,RUS,7
1470.0,181.6,0.0,1.0,7.0,-218.35390651940398,3769.1828573205394,RUS,7
1480.0,165.96,0.0,1.0,7.0,-137.0,3805.0,RUS,7
1490.0,149.48000000000002,0.0,1.0,6.0,-57.75241377275934,3834.7493142326666,RUS,7
1500.0,138.2544519827232,0.0,1.0,3.5,45.38351025214608,3862.463169139811,RUS,7
1510.0,131.0500032,0.0,1.0,2.0,143.54989697034338,3873.1857276324076,RUS,7
1520.0,125.3250048,0.0,1.0,2.0,263.0,3852.0,RUS,7
1530.0,118.0,0.0,0.0,2.0,328.27784213901174,3829.920684043026,RUS,7
1540.0,111.80333665523808,0.4333293714285715,0.0,2.0,408.56236248960386,3740.597645749664,RUS,8
1550.0,105.12857417142857,12.721422628571428,0.0,2.0,455.5961928778046,3684.0295061259417,RUS,8
1560.0,107.46190384761906,40.84761539047619,0.0,2.0,502.75173087752245,3597.524883973958,RUS,8
1570.0,113.23437200000001,53.5874976,0.0,2.0,539.142254800666,3504.562690601797,RUS,8
1580.0,125.01805048888889,70.01353786666667,0.0,2.0,564.6318076704342,3387.316650452176,RUS,8
1590.0,136.0,73.0,0.0,2.0,575.1013723860931,3310.8324853269387,RUS,8
1600.0,142.99047253333333,88.7285632,0.0,2.3333333333333335,584.1597545904581,3214.1721597511455,RUS,8
1610.0,157.41666133333334,100.0,0.0,3.0,594.2835723352773,3092.762342796952,RUS,8
1630.0,179.89053357777777,100.0,0.0,3.75,618.1050496071762,2885.594285762838,RUS,8
1650.0,198.0,100.0,0.0,4.0,647.1788056419899,2659.5384332393814,RUS,8
1660.0,202.171872,100.0,0.0,4.5,655.7684562435054,2599.8627920755944,RUS,8
1670.0,212.4874912,100.0,0.0,5.0,673.0,2485.0,RUS,8
1680.0,214.0,100.0,0.0,5.0,675.8791994317636,2466.580965716982,RUS,8
1690.0,218.6749952,100.0,0.0,5.0,694.0,2354.0,RUS,8
1700.0,223.0,100.0,0.0,5.0,711.8031738233879,2248.1118678865987,RUS,8
1710.0,230.9249952,100.0,0.0,5.0,736.6733286931099,2115.0724824396366,RUS,8
1720.0,235.0,100.0,0.0,6.0,751.1565109855735,2044.913429833091,RUS,8
1730.0,238.05833173333332,100.0,0.0,6.0,777.8809147286883,1927.2987270129076,RUS,8
1740.0,242.69346607610797,100.0,0.0,6.0,812.0,1795.0,RUS,8
1750.0,244.0,100.0,0.0,6.0,821.2915078486615,1761.864655953344,RUS,8
1760.0,245.71818181818182,100.0,0.0,6.0,843.0,1691.0,RUS,9
1780.0,251.1164240699513,100.0,0.0,6.0,946.2581831367502,1428.689319079268,RUS,9
1800.0,253.89396973878962,100.0,0.0,6.0,1036.0,1259.0,RUS,9
1810.0,255.0,100.0,0.0,6.0,1110.2813115946828,1154.971059158808,RUS,9
1820.0,255.6124992,100.0,0.0,6.0,1194.0,1045.0,RUS,9
1830.0,256.0,100.0,0.0,6.0,1228.5134249666378,1003.1542721517478,RUS,9
1840.0,256.8624992,100.0,0.0,6.0,1296.0,946.0,RUS,9
1850.0,257.0,100.0,0.0,6.0,1314.058681161638,933.1491056697008,RUS,9
1860.0,257.0,100.0,0.0,6.0,1465.9771503839138,832.2272515166262,RUS,9
1870.0,257.0,100.0,0.0,6.0,1546.0,785.0,RUS,9
1880.0,257.0,100.0,0.0,6.0,1629.0393353857748,744.0896737838965,RUS,9
1890.0,256.0,100.0,0.0,6.0,1713.5227597933524,716.8432750683957,RUS,9
1900.0,255.23000064000001,68.43002624,0.0,6.0,1815.8018542585712,696.3299754979755,RUS,9
1920.0,251.0,63.0,0.0,6.0,2073.5867370028427,665.2956024612137,RUS,9
1930.0,251.0,65.3499904,0.0,6.0,2102.0,663.0,RUS,9
1940.0,251.0,73.0,0.0,6.0,2170.2251790331675,659.7418559211035,RUS,9
1950.0,251.0,81.98250048,0.0,6.0,2274.1883227517474,680.2172685050393,RUS,9
1970.0,251.16749952,81.0,0.0,6.0,2503.914178841305,752.6002287116228,RUS,9
1980.0,252.0,81.0,0.0,6.0,2593.955971885298,784.6056228120037,RUS,10
1990.0,251.01249965714285,79.26249279999999,0.0,6.0,2644.2887945481334,816.8043085082529,RUS,10
2010.0,252.0,100.0,0.0,6.0,2847.2527979093356,967.0576112614518,RUS,10
2020.0,252.7718744,100.0,0.0,6.0,2915.6861233214368,1025.8573436330512,RUS,10
2040.0,255.60892754285715,100.0,0.0,6.0,3005.2334754306357,1125.8355308978657,RUS,10
2060.0,256.88250048,98.00250815999999,0.0,6.0,3143.4531214962535,1252.556351352281,RUS,10
2070.0,256.0,83.1687488,0.0,6.0,3254.802113010872,1325.4358702070022,RUS,10
2080.0,256.0,85.0,0.0,6.0,3347.057383155641,1371.2806189562866,RUS,10
2090.0,255.76071497142857,79.73572937142858,0.0,6.0,3391.0,1389.0,RUS,10
2100.0,255.05892891428573,64.29643611428571,0.0,6.0,3524.410190974704,1427.4476650597762,RUS,10
2110.0,252.0,54.0,0.0,6.0,3647.936445681614,1446.4254657792048,RUS,10
2120.0,250.99500288,53.66500096,0.0,6.0,3695.0,1450.0,RUS,10
2130.0,248.9265628,54.1749952,0.0,6.0,3804.5850041959075,1450.6873621980744,RUS,10
2140.0,248.4156256,62.349990399999996,0.0,6.0,3917.0,1441.0,RUS,10
2150.0,248.0,69.0,0.0,6.0,3998.2299095704584,1430.3395452843074,RUS,10
2160.0,248.0,76.73999616,0.0,6.0,4138.149792804459,1390.646161072354,RUS,10
2170.0,247.0964278857143,93.3374976,0.0,6.0,4322.0604645436615,1311.0855172551483,RUS,10
2190.0,249.0,100.0,0.0,6.0,4422.64146033083,1252.3113667047814,RUS,10
2200.0,249.46999808,100.0,0.0,6.0,4439.0,1239.0,RUS,11
2210.0,251.0,100.0,0.0,6.0,4517.9381092560225,1174.9312637608148,RUS,11
2220.0,251.81894087252547,100.0,0.0,6.0,4601.0,1104.0,RUS,11
2230.0,252.9108634620774,100.0,0.0,6.0,4702.93129647792,999.7806808032853,RUS,11
2240.0,253.0,100.0,0.0,6.0,4841.0,843.0,RUS,11
2250.0,253.0,100.0,0.0,6.0,4888.373037971003,787.8340270783957,RUS,11
2260.0,255.0,100.0,0.0,6.0,4913.973957601854,754.4931173915343,RUS,11
2270.0,255.44813242306464,100.0,0.0,6.0,4939.0,721.0,RUS,11
2280.0,256.0,100.0,0.0,6.0,4992.433004161873,651.4052054823898,RUS,11
2290.0,256.8968744,100.0,0.0,6.0,5060.580598866403,565.749968934169,RUS,11
2300.0,258.1928557714286,100.0,0.0,6.0,5145.0,466.0,RUS,11
2310.0,259.0,100.0,0.0,6.0,5204.300047868112,397.31277458639374,RUS,11
2320.0,259.0,100.0,0.0,6.0,5298.787764244197,289.2979504130716,RUS,11
2330.0,259.4458325333333,100.0,0.0,6.0,5382.0,195.0,RUS,11
2340.0,260.0,100.0,0.0,6.0,5443.728065094254,123.7534925204134,RUS,11
2350.0,260.0,100.0,0.0,6.0,5524.033957854554,32.67686807265381,RUS,11
2370.0,260.83571382857144,100.0,0.0,6.0,5690.223530992501,-151.63371124650828,RUS,11
2390.0,261.0421872,100.0,0.0,6.0,5780.763128825969,-254.10555842457924,RUS,11
2410.0,262.0421872,100.0,0.0,6.0,5934.29113846816,-426.33782912943025,RUS,11
2430.0,262.5843744,100.0,0.0,6.0,6017.0,-522.0,RUS,12
2440.0,261.5046908,86.40628,1.0,6.0,6096.845172942321,-614.7376008996064,RUS,12
2450.0,253.8218816,16.56255999999999,1.0,6.0,6255.0,-802.0,RUS,12
2460.0,252.0,0.0,1.0,6.0,6279.197230478626,-831.573162875058,RUS,12
2470.0,232.54167466666667,0.0,1.0,5.5,6315.378478928416,-887.3365113394468,RUS,12
2490.0,221.88333653333333,0.0,1.0,5.0,6375.085233992729,-996.84173377142,RUS,12
2510.0,210.21666986666668,0.0,1.0,5.0,6428.3655784994935,-1225.6351979445112,RUS,12
2520.0,205.0,4.0,0.0,4.0,6430.646819716023,-1306.161061287744,RUS,12
2530.0,201.88333653333333,26.2062272,0.0,4.0,6419.0,-1390.0,RUS,12
2540.0,197.44166826666668,57.8531136,0.0,4.0,6382.378961755753,-1534.207925041055,RUS,12
2550.0,198.43499903999998,65.30499712,0.0,4.0,6348.6701805298435,-1622.7204968867682,RUS,12
2560.0,201.2678537142857,70.62856594285714,0.0,4.0,6304.0,-1714.0,RUS,12
2570.0,204.33499904,74.83250048,0.0,4.0,6246.249306054293,-1802.541516103382,RUS,12
2580.0,206.16785645714288,73.74821531428572,0.0,4.0,6177.997930718637,-1887.015319420689,RUS,12
2600.0,208.78333013333335,72.56666026666666,0.0,5.0,6056.404176232204,-1996.5586565223664,RUS,12
2610.0,212.0,79.0,0.0,5.0,5993.082908328162,-2035.314103514479,RUS,12
2620.0,214.19285577142858,84.77142308571428,0.0,5.0,5898.536211941759,-2079.953959377631,RUS,12
2630.0,217.3357129142857,97.34285165714286,0.0,5.0,5781.596395952514,-2118.9018859897637,RUS,12
2640.0,222.5874976,100.0,0.0,5.0,5677.080009336231,-2142.863878271205,RUS,13
2660.0,228.35,100.0,0.0,5.0,5533.129092321757,-2171.3748943107594,RUS,13
2670.0,233.7,100.0,0.0,5.0,5396.0,-2193.0,RUS,13
2680.0,236.0,100.0,0.0,5.0,5340.3308689977075,-2200.8981607410583,RUS,13
2690.0,239.22821478914008,100.0,0.0,5.5,5196.0118774953535,-2214.936269570042,RUS,13
2700.0,241.2249984,100.0,0.0,6.0,5011.0,-2225.0,RUS,13
2710.0,242.0,100.0,0.0,6.0,4943.723176411941,-2227.7810070203077,RUS,13
2730.0,251.0374989714286,100.0,0.0,6.0,4791.832391212556,-2230.9611896071597,RUS,13
2750.0,253.50178468571428,100.0,0.0,6.0,4601.310292052927,-2238.122131881525,RUS,13
2760.0,255.30277404444445,100.0,0.0,6.0,4449.0,-2246.0,RUS,13
2780.0,261.0,100.0,0.0,6.0,4284.032401297726,-2256.084118153073,RUS,13
2790.0,263.9909050181818,100.0,0.0,6.0,4202.0,-2262.0,RUS,13
2800.0,265.8999959272727,100.0,0.0,6.0,4113.0,-2268.0,RUS,13
2810.0,268.0843744,100.0,0.0,6.0,4004.0345784197975,-2276.2715766676915,RUS,13
2830.0,269.6687488,100.0,0.0,6.0,3815.0,-2288.0,RUS,13
2840.0,270.0,100.0,0.0,7.0,3774.919558524245,-2290.404475290277,RUS,13
2850.0,270.8107136,100.0,0.0,7.0,3605.0,-2301.0,RUS,13
2860.0,271.0,100.0,0.0,7.0,3567.726142993219,-2303.4306742640115,RUS,14
2870.0,271.7937488,100.0,0.0,7.0,3470.0,-2310.0,RUS,14
2880.0,273.0843744,100.0,0.0,7.0,3241.960534081704,-2325.969443376066,RUS,14
2890.0,274.0,100.0,0.0,7.0,3112.356034524781,-2336.159542821051,RUS,14
2920.0,275.01749952,100.0,0.0,7.0,2925.0264335042048,-2354.7862289470922,RUS,14
2930.0,276.0,100.0,0.0,7.0,2804.6570395831163,-2367.6540089074156,RUS,14
2940.0,276.5583317333333,100.0,0.0,7.0,2754.0,-2373.0,RUS,14
2950.0,278.0,100.0,0.0,7.0,2590.927559205743,-2389.8814366159404,RUS,14
2970.0,278.46749952,100.0,0.0,7.0,2400.0,-2410.0,RUS,14
2980.0,279.0,100.0,0.0,7.0,2216.6359326049333,-2430.8326617521025,RUS,14
2990.0,269.37001728,46.500096,0.0,7.0,2148.0,-2439.0,RUS,14
3000.0,261.0,0.0,1.0,7.0,2104.4579122602095,-2444.3473362978643,RUS,14
3010.0,232.0,0.0,1.0,7.0,2029.285048656742,-2454.258117997268,RUS,14
3020.0,226.125024,0.0,1.0,7.0,2008.0,-2457.0,RUS,14
3030.0,200.312512,0.0,1.0,6.5,1891.66750031477,-2471.864762677823,RUS,14
3040.0,175.71501056,0.0,1.0,5.5,1784.027160885953,-2486.4236618510813,RUS,14
3050.0,150.1500096,0.0,1.0,5.0,1663.359618647185,-2505.7043642510494,RUS,14
3060.0,131.83750293333333,0.0,1.0,4.0,1550.1141251364973,-2527.0056552593924,RUS,14
3070.0,121.74352047407406,0.0,1.0,2.6666666666666665,1456.2134993666316,-2548.370436156207,RUS,14
3080.0,107.50964791268557,0.0,1.0,2.0,1358.9408633215673,-2583.5054666281785,RUS,15
3090.0,98.79375,0.0,1.0,1.0,1280.0794699752496,-2633.2557346181925,RUS,15
3100.0,87.03366749510185,0.0,0.75,1.0,1231.528315633612,-2718.6837883629323,RUS,15
3110.0,78.3210948,9.0906208,0.0,1.0,1239.4819581889883,-2847.8794021489866,RUS,15
3120.0,80.64,40.46666666666667,0.0,1.0,1280.916055882929,-2926.8499800110967,RUS,15
3130.0,85.47999744,48.47999744,0.0,1.0,1325.2874217970552,-2974.318353572954,RUS,15
3140.0,95.4624976,57.346873200000005,0.0,1.0,1424.1972650531197,-3048.430090298549,RUS,15
3150.0,110.6749952,68.75624640000001,0.0,1.5,1508.049675347862,-3100.7737498271113,RUS,15
3160.0,123.09999725714286,71.0,0.0,2.0,1728.8965554933075,-3229.7743697896435,RUS,15
3170.0,131.0,71.0,0.0,2.0,1798.2556319389712,-3269.6948050546384,RUS,15
3180.0,142.6749952,95.18391862857143,0.0,2.0,1864.7791330299917,-3312.877242949655,RUS,15
3190.0,148.50415893333334,100.0,0.0,2.0,1934.0,-3359.0,RUS,15
3220.0,174.6152736,100.0,0.0,3.3333333333333335,2148.3440309196826,-3571.891612127367,RUS,15
3230.0,179.0,100.0,0.0,4.0,2191.702339853042,-3643.078863467945,RUS,15
3240.0,185.5062464,100.0,0.0,4.0,2234.718341057991,-3744.3095770771083,RUS,15
3250.0,193.3812464,100.0,0.0,4.0,2263.867617367968,-3852.9348016080994,RUS,15
3260.0,196.7781208,100.0,0.0,4.0,2278.0,-3931.0,RUS,15
3270.0,201.906248,100.0,0.0,4.0,2291.9420816301963,-4058.6171585815446,RUS,15
3280.0,206.0,100.0,0.0,5.0,2290.033629010991,-4237.071018298093,RUS,15
3290.0,209.5874976,100.0,0.0,5.0,2285.2023651954228,-4335.969496359889,RUS,15
3310.0,215.04999862857142,100.0,0.0,5.0,2272.333043532163,-4414.514332284634,RUS,16
3320.0,218.76428434285714,100.0,0.0,5.0,2236.367930300124,-4567.7246219838835,RUS,16
3340.0,222.7249984,100.0,0.0,5.0,2189.598879475845,-4710.784625821063,RUS,16
3350.0,225.1200714231316,99.51971430747365,0.0,5.0,2124.566053956733,-4874.121136095017,RUS,16
3370.0,224.38806124125495,70.20897986007894,0.0,5.0,2060.0178442750166,-5009.876694229063,RUS,16
3380.0,220.0,0.0,1.0,5.0,2021.747929643648,-5074.3196571859025,RUS,16
3390.0,209.61428845714286,0.0,1.0,5.0,1963.6004668344215,-5163.399640328491,RUS,16
3400.0,202.47143131428572,0.0,1.0,4.5,1877.1437799506682,-5276.03487948127,RUS,16
3410.0,196.15500672,0.0,1.0,4.0,1811.0,-5351.0,RUS,16
3420.0,188.57750335999998,0.0,0.5,4.0,1731.7626799309246,-5424.855290075082,RUS,16
3430.0,182.0437536,0.0,1.0,4.0,1647.675189792914,-5475.701807483807,RUS,16
3450.0,172.8791712,0.0,0.3333333333333333,4.0,1492.1806337285223,-5508.566361179733,RUS,16
3460.0,167.425,7.0875,0.0,4.0,1342.5880281396298,-5499.066851019537,RUS,16
3470.0,163.0,27.0,0.0,4.0,1230.0003733196236,-5479.252795053582,RUS,16
3480.0,161.16500096,38.00999424,0.0,4.0,1197.075528009605,-5461.49655570753,RUS,16
3490.0,162.0218744,55.109372,0.0,4.0,1091.410379942443,-5405.866566529554,RUS,16
3500.0,163.04999862857142,60.024999314285715,0.0,4.0,1031.2724822766268,-5363.979823147531,RUS,16
3510.0,166.9071414857143,61.95357074285714,0.0,4.0,934.6990359996314,-5280.903487328006,RUS,16
3520.0,175.47916266666667,92.52498560000001,0.0,4.0,859.5747200745899,-5211.750870341667,RUS,17
3530.0,180.343744,98.6687488,0.0,4.0,806.0,-5163.0,RUS,17
3540.0,186.171872,99.8343744,0.0,4.0,736.4490253421972,-5099.363418289551,RUS,17
3550.0,190.43571017142858,100.0,0.0,4.0,651.4802049408952,-5023.664166659861,RUS,17
3560.0,201.0,100.0,0.0,4.0,499.37447959054424,-4887.810602051432,RUS,17
3570.0,203.3499904,100.0,0.0,4.0,475.0,-4866.0,RUS,17
3580.0,213.0,100.0,0.0,5.0,419.1300862955948,-4815.934789282708,RUS,17
3590.0,219.93999616000002,100.0,0.0,5.0,392.8510759349348,-4792.255389551985,RUS,17
3600.0,225.00713874285714,100.0,0.0,5.0,348.0,-4752.0,RUS,17
3610.0,227.0,100.0,0.0,5.0,310.31778856051005,-4718.537107650508,RUS,17
3620.0,234.0124928,100.0,0.0,5.0,213.0,-4632.0,RUS,17
3630.0,239.70499712,100.0,0.0,6.0,135.61674882690482,-4562.41374938367,RUS,17
3640.0,245.2249984,100.0,0.0,6.0,39.87011661448655,-4477.138115263406,RUS,17
3660.0,249.78333013333332,100.0,0.0,6.0,-100.0,-4351.0,RUS,17
3670.0,251.0,100.0,0.0,6.0,-137.77066196064732,-4317.153801604747,RUS,17
3680.0,252.91071085714285,100.0,0.0,6.0,-194.0,-4267.0,RUS,17
3690.0,255.88392685714285,100.0,0.0,6.0,-282.2142829583387,-4188.082449602138,RUS,17
3700.0,260.0,100.0,0.0,6.0,-356.52828531346154,-4119.137678824622,RUS,17
3710.0,261.10249856,100.0,0.0,6.0,-451.0,-4037.0,RUS,17
3720.0,262.30249856,100.0,0.0,6.0,-608.0,-3911.0,RUS,17
3730.0,263.0,100.0,0.0,6.0,-688.4492080334535,-3855.537169672326,RUS,17
3740.0,264.0,100.0,0.0,6.0,-817.5029358994975,-3790.920584393002,RUS,18
3750.0,264.3624992,100.0,0.0,6.0,-860.0,-3772.0,RUS,18
3760.0,265.0,100.0,0.0,6.0,-916.5476724647795,-3747.047595758897,RUS,18
3780.0,263.9035721142857,100.0,0.0,6.0,-1071.1531379756207,-3721.8199276536825,RUS,18
3800.0,262.26071497142857,100.0,0.0,6.0,-1343.380046136248,-3714.3218413423942,RUS,18
3820.0,261.0,100.0,0.0,6.0,-1469.4544670923033,-3728.036979930282,RUS,18
3830.0,259.96111217777775,100.0,0.0,6.0,-1548.0,-3756.0,RUS,18
3840.0,258.9875,100.0,0.0,6.0,-1669.68475582668,-3799.6262114718666,RUS,18
3860.0,258.1437504,100.0,0.0,6.0,-1899.0802178465817,-3909.5690660055852,RUS,18
3880.0,258.0,100.0,0.0,6.0,-2000.0,-3965.0,RUS,18
3890.0,258.0,100.0,0.0,6.0,-2078.7500806894845,-4009.6084126868714,RUS,18
3900.0,258.73499904,100.0,0.0,6.0,-2195.0,-4063.0,RUS,18
3910.0,259.73499904,100.0,0.0,6.0,-2423.0,-4145.0,RUS,18
3920.0,260.0,100.0,0.0,6.0,-2466.8278002469656,-4159.189493338417,RUS,18
3930.0,259.0,100.0,0.0,6.0,-2534.5068916976556,-4175.883683386142,RUS,18
3940.0,257.8312512,100.0,0.0,6.0,-2606.0,-4182.0,RUS,18
3950.0,257.0,100.0,0.0,6.0,-2698.997300659592,-4192.5189201400635,RUS,18
3960.0,257.0,100.0,0.0,6.0,-2748.0,-4197.0,RUS,19
3970.0,257.0,100.0,0.0,6.0,-2919.0,-4196.0,RUS,19
3980.0,257.0,100.0,0.0,6.0,-2970.046395633423,-4190.23129228521,RUS,19
3990.0,256.9343768,98.90628000000001,0.0,6.0,-3227.36157178313,-4148.48517320863,RUS,19
4010.0,254.0,50.0,0.0,6.0,-3303.741695531844,-4132.561351143593,RUS,19
4020.0,243.15893302857143,8.30358857142857,0.5,6.0,-3390.1797801839393,-4102.484339672283,RUS,19
4030.0,235.5968792,0.0,1.0,5.5,-3494.4871318177666,-4062.7850609125485,RUS,19
4040.0,222.9750144,0.0,1.0,5.0,-3594.0,-4014.0,RUS,19
4050.0,212.87500799999998,0.0,1.0,5.0,-3655.619915273095,-3975.4269437283174,RUS,19
4070.0,186.7267922285714,0.0,1.0,4.0,-3811.7469291139296,-3852.084242877814,RUS,19
4080.0,168.8250048,0.0,1.0,3.0,-3881.7558621623793,-3776.8340959185352,RUS,19
4090.0,158.79166933333335,0.0,1.0,3.0,-3937.132775634173,-3699.3391682861884,RUS,19
4100.0,149.69375839999998,0.0,1.0,3.0,-4001.4529335187794,-3585.2231905244075,RUS,19
4110.0,135.24464594285715,0.0,1.0,2.0,-4025.4220264260603,-3522.211069111524,RUS,19
4120.0,126.34722488888889,0.0,1.0,2.0,-4047.170410415393,-3423.6258551107207,RUS,19
4130.0,120.66500096,0.0,0.6666666666666666,2.0,-4047.596758999562,-3325.203064089692,RUS,19
4140.0,114.13541866666667,0.6979146666666667,0.0,2.0,-4024.4207819892895,-3224.0320731617776,RUS,19
4150.0,110.70277831111112,17.323606044444446,0.0,2.0,-3980.287204492122,-3130.2094711139375,RUS,19
4160.0,110.6359372,33.539058,0.0,2.0,-3901.6188896113226,-3035.5957996895922,RUS,19
4170.0,112.52916586666666,40.529165866666666,0.0,2.0,-3856.8544238173045,-3004.128532041714,RUS,19
4180.0,116.81547550476189,44.815475504761906,0.0,2.0,-3745.1774111389022,-2944.5216077391156,RUS,20
4190.0,122.27999744,50.48999552,0.0,2.0,-3607.796629376654,-2901.5765921858692,RUS,20
4200.0,127.05,58.75,0.0,2.0,-3537.5196445691345,-2884.1304810291595,RUS,20
4210.0,130.8761335272727,65.03067723636363,0.0,2.0,-3471.7126187710714,-2869.3154323378603,RUS,20
4220.0,140.03522443636365,79.82613178181819,0.0,2.5,-3344.178134019502,-2842.7880528226924,RUS,20
4230.0,153.687488,92.9343648,0.0,3.0,-3206.0,-2815.0,RUS,20
4240.0,162.0,100.0,0.0,3.0,-3164.9337649966096,-2806.696655982313,RUS,20
4250.0,170.6749952,100.0,0.0,3.5,-3113.3927264877802,-2797.128311877124,RUS,20
4260.0,176.30555022222222,100.0,0.0,4.0,-3010.1901420639415,-2779.179754596543,RUS,20
4270.0,185.38887822222222,100.0,0.0,4.0,-2927.0,-2764.0,RUS,20
4280.0,197.72142445714286,100.0,0.0,4.0,-2806.3965014317127,-2744.3257594892575,RUS,20
4290.0,207.4499968,100.0,0.0,4.0,-2617.184044467564,-2714.7380834792834,RUS,20
4310.0,215.0,100.0,0.0,5.0,-2482.4797668129686,-2694.185481482602,RUS,20
4320.0,224.64165973333334,100.0,0.0,5.0,-2375.0,-2678.0,RUS,20
4350.0,239.68194097777777,100.0,0.0,5.5,-2106.4074387306678,-2635.0231310137697,RUS,20
4370.0,249.2531232,100.0,0.0,6.0,-1911.2474857877742,-2603.4806362484796,RUS,20
4380.0,252.0,100.0,0.0,6.0,-1809.5891280340395,-2587.305120208477,RUS,20
4390.0,255.0093696,100.0,0.0,6.0,-1734.0,-2575.0,RUS,20
4400.0,260.0718696,100.0,0.0,6.0,-1605.0,-2553.0,RUS,21
4410.0,261.0,100.0,0.0,6.0,-1581.1574201894955,-2548.934530340517,RUS,21
4420.0,265.8374976,100.0,0.0,6.0,-1440.2317824834645,-2525.206505648339,RUS,21
4430.0,271.7406184,100.0,0.0,6.0,-1312.0,-2504.0,RUS,21
4440.0,277.0,100.0,0.0,7.0,-1196.8323581284405,-2484.871666985929,RUS,21
4450.0,277.7833301333333,100.0,0.0,7.0,-1161.0,-2479.0,RUS,21
4460.0,280.7249984,100.0,0.0,7.0,-1025.4162049841998,-2456.872121490634,RUS,21
4480.0,285.0583317333334,100.0,0.0,7.0,-885.8889922350927,-2432.5055313176135,RUS,21
4500.0,289.99689301739846,100.0,0.0,7.0,-627.5629561086805,-2387.853943583964,RUS,21
4510.0,292.0,100.0,0.0,7.0,-539.8419965818928,-2372.7148540514913,RUS,21
4530.0,295.416926812905,100.0,0.0,7.0,-362.9466119589292,-2342.872922415667,RUS,21
4550.0,297.0,100.0,0.0,7.0,-233.2555257193901,-2322.150958815862,RUS,21
4560.0,298.5222200888889,100.0,0.0,7.0,-16.5,-2282.0,RUS,21
4580.0,301.0,100.0,0.0,7.0,307.2244546354849,-2221.3772624504427,RUS,21
4610.0,304.8222222222222,100.0,0.0,7.5,468.8345069105022,-2192.767366542417,RUS,21
4630.0,306.01666666666665,100.0,0.0,8.0,626.7991144485068,-2163.597288955119,RUS,22
4650.0,307.0,100.0,0.0,8.0,867.6466116363817,-2118.6297423319875,RUS,22
4660.0,307.1749984,100.0,0.0,8.0,898.0,-2113.0,RUS,22
4670.0,308.0,100.0,0.0,8.0,1038.1298491359503,-2087.1829658564893,RUS,22
4690.0,308.94107108571427,100.0,0.0,8.0,1282.7341898053314,-2042.6979791612666,RUS,22
4720.0,309.0,100.0,0.0,8.0,1513.09162291251,-2001.3062144460341,RUS,22
4730.0,309.0,100.0,0.0,8.0,1575.0,-1990.0,RUS,22
4750.0,309.0,100.0,0.0,8.0,1739.9859737573088,-1959.5578204693818,RUS,22
4760.0,309.0,100.0,0.0,8.0,1875.169396115391,-1934.523492233088,RUS,22
4780.0,309.0,100.0,0.0,8.0,2086.886359244403,-1895.5797161133216,RUS,22
4800.0,309.0,100.0,0.0,8.0,2416.0,-1836.0,RUS,22
4810.0,309.0,100.0,0.0,8.0,2492.5949079216616,-1823.2431126798701,RUS,22
4830.0,308.3531256,100.0,0.0,8.0,2586.0,-1810.0,RUS,22
4840.0,308.0,100.0,0.0,8.0,2691.442154815429,-1793.4975341604709,RUS,23
4850.0,308.0,100.0,0.0,8.0,2878.3264985628207,-1763.8234598311826,RUS,23
4870.0,307.9578128,100.0,0.0,8.0,3032.7671675096044,-1740.407926981803,RUS,23
4890.0,307.2281256,100.0,0.0,8.0,3228.0,-1710.0,RUS,23
4900.0,307.0,100.0,0.0,8.0,3291.610179761694,-1699.9644820382293,RUS,23
4910.0,307.0,100.0,0.0,8.0,3431.0,-1678.0,RUS,23
4930.0,307.0,100.0,0.0,8.0,3546.2243445076456,-1660.2926221026355,RUS,23
4940.0,302.203128,100.0,0.5,8.0,3688.3352874209286,-1638.8998919540852,RUS,23
4950.0,276.54724835555555,48.05560888888889,1.0,8.0,3922.0,-1604.0,RUS,23
4970.0,253.0,0.0,1.0,8.0,4024.8839149956866,-1589.0093544271806,RUS,23
4980.0,217.6910848,0.0,1.0,8.0,4117.118625177509,-1574.0565228945247,RUS,23
4990.0,192.56073417142858,0.0,1.0,8.0,4291.0,-1543.0,RUS,23
5000.0,185.0,0.0,1.0,8.0,4327.130317945256,-1535.6515545052166,RUS,23
5010.0,162.35834026666666,0.0,1.0,8.0,4417.8239432466435,-1511.312724711253,RUS,23
5020.0,146.96139174614288,0.0,1.0,6.666666666666667,4510.3666796388725,-1484.99361606364,RUS,23
5030.0,137.07916906666665,0.0,1.0,3.6666666666666665,4602.32177335673,-1445.4114042901483,RUS,23
5040.0,125.83958773333333,0.0,1.0,2.0,4681.187366176502,-1389.77338363215,RUS,23
5050.0,113.17083626666665,0.0,1.0,1.6666666666666667,4736.484036131667,-1318.954682982004,RUS,23
5060.0,102.09844,0.0,1.0,1.0,4776.0953269030015,-1232.6297239450219,RUS,24
5070.0,94.61032167619048,0.0,1.0,1.0,4796.681794518615,-1131.112914727655,RUS,24
5080.0,86.21696537142857,0.17946377142857142,0.0,1.0,4794.762637944176,-1037.0962969369255,RUS,24
5090.0,82.2629769447619,5.422138331428571,0.0,1.0,4778.400787101101,-956.5539401905065,RUS,24
5100.0,83.42781208,27.85030872,0.0,1.0,4745.13042881948,-881.8199052178533,RUS,24
5110.0,87.367248704,38.183497984,0.0,1.0,4669.943571248427,-793.6011704371205,RUS,24
5120.0,93.82291466666668,47.15249856,0.0,1.0,4563.27867843432,-731.8935944075826,RUS,24
5130.0,97.0,48.0,0.0,1.0,4517.926617766409,-718.8227125332583,RUS,24
5140.0,106.03583082666667,50.5874976,0.0,1.75,4400.545085260657,-711.0327753439232,RUS,24
5150.0,118.12249664000001,60.052498560000004,0.0,2.0,4324.961109951136,-711.96666900948,RUS,24
5160.0,125.09999725714286,63.14999588571429,0.0,2.0,4256.27647442787,-714.9310427633402,RUS,24
5170.0,136.23332693333333,76.61666346666667,0.0,2.0,4129.767887797153,-724.7625413734154,RUS,24
5180.0,152.05311840000002,87.51249279999999,0.0,3.0,4013.1962282813206,-736.4342020314316,RUS,24
5190.0,161.0,97.0,0.0,3.0,3898.658771494358,-749.1783037772282,RUS,24
5200.0,165.9406232,100.0,0.0,3.0,3766.9896451815666,-764.3937749275408,RUS,24
5210.0,177.0,100.0,0.0,4.0,3671.2179811880565,-775.4354269692544,RUS,24
5220.0,183.13999616,100.0,0.0,4.0,3600.06124724725,-782.2946156367368,RUS,24
5240.0,199.15499776000001,100.0,0.0,4.0,3402.3736560590028,-799.4480841874558,RUS,24
5250.0,205.0,100.0,0.0,5.0,3320.6049218463686,-806.2920896935964,RUS,24
5260.0,216.11666346666667,100.0,0.0,5.0,3197.9287847437377,-816.8248614474176,RUS,24
5270.0,221.56666026666667,100.0,0.0,5.0,3098.0,-826.0,RUS,24
5280.0,224.0,100.0,0.0,5.0,3051.6711416528065,-830.1345468699207,RUS,25
5320.0,240.3333262222222,100.0,0.0,5.0,2670.0,-862.0,RUS,25
5330.0,244.0,100.0,0.0,6.0,2581.031137072626,-869.7517643851284,RUS,25
5340.0,248.34999679999999,100.0,0.0,6.0,2461.6961192391536,-880.170863378607,RUS,25
5360.0,254.6,100.0,0.0,6.0,2286.7730895783407,-894.9798880143173,RUS,25
5370.0,257.24,100.0,0.0,6.0,2185.0,-904.0,RUS,25
5380.0,260.02249664,100.0,0.0,6.0,2070.0,-914.0,RUS,25
5390.0,262.37222115555556,100.0,0.0,6.0,1967.175381812291,-922.6952619025021,RUS,25
5410.0,265.81666559999996,100.0,0.0,6.5,1635.1182778444172,-951.2834453103595,RUS,25
5430.0,268.0,100.0,0.0,7.0,1501.3749300662678,-962.7627309918456,RUS,25
5440.0,271.0,100.0,0.0,7.0,1417.088449076763,-969.8263874212388,RUS,25
5450.0,271.0,100.0,0.0,7.0,1311.5434633810285,-978.5483715093272,RUS,25
5460.0,272.6333312,100.0,0.0,7.0,1202.0,-988.0,RUS,25
5480.0,274.9563964983165,99.54546424242425,0.0,7.0,1042.332049807071,-1002.7747762894118,RUS,25
0.0,287.2708373333333,100.0,0.0,7.0,1084.2018673197556,-998.6614354724187,GAS,1
10.0,291.343752,100.0,0.0,7.0,931.6061354253432,-1012.0069660242077,GAS,1
30.0,294.97750143999997,100.0,0.0,7.0,742.3674769711041,-1028.1411337883017,GAS,1
50.0,299.47500160000004,100.0,0.0,7.0,404.9388897493059,-1057.763204070251,GAS,1
70.0,303.9500032,100.0,0.0,7.0,296.0,-1068.0,GAS,1
80.0,305.0,100.0,0.0,8.0,256.7180548062288,-1071.4667833984513,GAS,1
100.0,307.97750143999997,100.0,0.0,8.0,75.63909472475602,-1087.118550715033,GAS,1
110.0,309.0,100.0,0.0,8.0,-97.37274584193402,-1102.365098399464,GAS,1
120.0,309.9750016,100.0,0.0,8.0,-196.0,-1111.0,GAS,1
140.0,311.38500096,100.0,0.0,8.0,-335.5680393735634,-1123.0677736793702,GAS,1
150.0,313.0,100.0,0.0,8.0,-475.54602996821495,-1135.6776863832476,GAS,1
160.0,313.71548338999605,100.0,0.0,8.0,-525.0,-1140.0,GAS,1
170.0,315.73640254757424,100.0,0.0,8.0,-665.3785940328125,-1151.5654548947261,GAS,1
190.0,316.0,100.0,0.0,8.0,-893.3168430680064,-1172.1187130864841,GAS,1
210.0,317.54999954285717,100.0,0.0,8.0,-1085.0,-1189.0,GAS,1
220.0,318.0,100.0,0.0,8.0,-1140.3923778025671,-1193.697274547729,GAS,2
230.0,318.5708330666667,100.0,0.0,8.0,-1261.0,-1204.0,GAS,2
240.0,318.9937504,100.0,0.0,8.0,-1350.32063910411,-1212.1192434818563,GAS,2
260.0,318.0497925443433,100.0,0.0,8.0,-1553.5934725663583,-1229.9242154156236,GAS,2
280.0,318.0,100.0,0.0,8.0,-1737.0,-1246.0,GAS,2
290.0,318.0,100.0,0.0,8.0,-1845.4538178820576,-1255.4973003884006,GAS,2
300.0,318.0,100.0,0.0,8.0,-1965.0,-1266.0,GAS,2
320.0,318.0,100.0,0.0,8.0,-2124.6479760205625,-1280.1458366266568,GAS,2
340.0,316.95,100.0,0.0,8.0,-2342.2030222118588,-1299.1577846617502,GAS,2
350.0,316.0,100.0,0.0,8.0,-2567.6949620653263,-1318.437411422528,GAS,2
360.0,316.0,100.0,0.0,8.0,-2644.0,-1325.0,GAS,2
380.0,316.0,100.0,0.0,8.0,-2799.1057078268495,-1338.90185576021,GAS,2
390.0,316.0,100.0,0.0,8.0,-2889.0,-1347.0,GAS,2
410.0,316.0,100.0,0.0,8.0,-3066.2661458923144,-1362.2554692153647,GAS,2
430.0,316.0,100.0,0.0,8.0,-3415.470368128835,-1393.1294604705217,GAS,2
460.0,315.0,100.0,0.0,8.0,-3547.4360151560363,-1404.4855670911354,GAS,3
470.0,314.62812080000003,95.0593192,0.0,8.0,-3683.682894541734,-1416.1867400887659,GAS,3
490.0,302.9468624,6.1578104,1.0,8.0,-3941.1792254653874,-1438.7917591932933,GAS,3
510.0,266.0,0.0,1.0,8.0,-4108.850593748304,-1453.608941965646,GAS,3
520.0,248.0843456,0.0,1.0,8.0,-4146.0,-1457.0,GAS,3
530.0,215.812496,0.0,1.0,8.0,-4267.846912481971,-1468.4008469392527,GAS,3
540.0,207.062496,0.0,1.0,6.5,-4387.93854931854,-1480.0694249285189,GAS,3
550.0,178.71999232000002,0.0,1.0,5.0,-4513.190769163823,-1486.365161640745,GAS,3
560.0,165.0,0.0,1.0,4.0,-4592.427774599947,-1488.702525207363,GAS,3
570.0,148.69820845714287,0.0,1.0,3.5,-4687.856192827948,-1484.557268863144,GAS,3
580.0,143.656248,0.0,1.0,2.5,-4804.9371042596085,-1473.2374911338247,GAS,3
590.0,133.734372,0.0,1.0,2.0,-4883.9950345813395,-1451.791860759213,GAS,3
600.0,123.8624928,0.0,1.0,2.0,-4945.4941215261515,-1422.169511311237,GAS,3
610.0,106.34999893333334,0.0,1.0,1.6666666666666667,-5033.90767814404,-1345.7753350424834,GAS,3
620.0,93.64478986666667,0.0,1.0,1.0,-5085.865147486182,-1263.2103168766885,GAS,3
630.0,86.5333312,0.0,0.3333333333333333,1.0,-5117.269145465265,-1171.451135254874,GAS,3
640.0,76.11940302309351,0.0,0.0,1.0,-5126.016469387129,-1057.258250397037,GAS,3
650.0,72.59687439999999,6.7687504,0.0,1.0,-5106.148647575535,-976.7069980369454,GAS,3
660.0,75.14074074074074,29.259259259259256,0.0,1.0,-5061.234960759666,-893.69807888905,GAS,4
670.0,81.29970377142857,40.752978285714285,0.0,1.0,-4973.3833033226765,-819.2746173758146,GAS,4
680.0,91.4812512,50.16041706666667,0.0,1.0,-4748.474434643973,-798.2042777141689,GAS,4
690.0,96.4625024,54.51786057142857,0.0,1.0,-4691.908897287567,-816.9925858695065,GAS,4
700.0,101.89062799999999,60.109372,0.0,1.0,-4649.022212482799,-837.7140790533556,GAS,4
710.0,108.7203104,22.5515472,1.0,1.0,-4517.8454824898035,-881.3441479700614,GAS,4
720.0,98.14374880000001,0.0,1.0,1.0,-4398.172536172761,-907.5550989554209,GAS,4
730.0,93.58472035555555,0.0,0.3333333333333333,1.0,-4323.745299581075,-907.2688981086235,GAS,4
740.0,86.68333226666668,0.0,0.0,1.0,-4232.34357195109,-879.4124384991575,GAS,4
750.0,81.61208256,0.0,0.0,1.0,-4173.12473293288,-807.0411513612776,GAS,4
760.0,77.2562496,23.19750656,0.0,1.0,-4142.466896569609,-684.995629262758,GAS,4
770.0,81.8562512,43.9500032,0.0,1.0,-4139.758740189167,-584.2591864345288,GAS,4
780.0,89.7523509462368,51.0,0.0,1.0,-4160.152847820733,-496.9053498064459,GAS,4
790.0,95.8911255754484,51.9906256,0.0,1.0,-4206.699202647056,-407.0210412344085,GAS,4
800.0,109.18012866787723,61.726709555959076,0.0,2.0,-4269.665654233256,-325.1563297558132,GAS,4
810.0,117.74667008,66.56000256,0.0,2.0,-4313.726126260109,-275.29031825565266,GAS,4
820.0,132.83333333333334,84.03333333333333,0.0,2.0,-4377.6761115146355,-193.23551339095073,GAS,4
830.0,145.1,91.0,0.0,2.0,-4427.5,-109.5,GAS,4
840.0,157.81000576,90.5499968,0.0,3.0,-4466.001537844173,-25.390267626426997,GAS,4
850.0,166.0,86.0,0.0,3.0,-4494.660833287091,57.26426832494876,GAS,4
860.0,174.390628,97.7468792,0.0,3.0,-4526.560680362681,177.42145454108504,GAS,4
870.0,190.0,100.0,0.0,4.0,-4543.972016828549,275.64015372781955,GAS,4
880.0,194.50358034285713,100.0,0.0,4.0,-4552.0,352.0,GAS,5
890.0,202.00179017142858,100.0,0.0,4.0,-4566.219996113612,511.43008159880617,GAS,5
900.0,207.0,100.0,0.0,5.0,-4567.955501557188,580.488638972962,GAS,5
910.0,214.06750528,100.0,0.0,5.0,-4565.5100597931205,639.9673382387996,GAS,5
920.0,221.0,100.0,0.0,5.0,-4559.9647234275335,802.4466151743603,GAS,5
930.0,223.22187680000002,100.0,0.0,5.0,-4556.944419348405,880.4042135947857,GAS,5
950.0,232.56667306666668,100.0,0.0,5.0,-4547.0,1047.0,GAS,5
960.0,236.72187680000002,100.0,0.0,6.0,-4537.819753210128,1139.241841596394,GAS,5
970.0,240.69750335999998,100.0,0.0,6.0,-4523.632447729895,1252.6004755357212,GAS,5
980.0,246.0,100.0,0.0,6.0,-4506.7980182972315,1355.119992931022,GAS,5
990.0,250.015628,100.0,0.0,6.0,-4489.730819533821,1440.1811176239485,GAS,5
1000.0,252.9812512,100.0,0.0,6.0,-4455.579144600862,1570.251335338797,GAS,5
1020.0,263.0,100.0,0.0,6.0,-4361.460608832988,1806.651016875966,GAS,5
1030.0,263.8142884571429,100.0,0.0,6.0,-4343.0,1848.0,GAS,5
1040.0,267.0,100.0,0.0,7.0,-4298.3535560767905,1924.5567553152116,GAS,5
1050.0,267.9068212363636,100.0,0.0,7.0,-4281.0,1947.0,GAS,5
1060.0,271.0886394181818,100.0,0.0,7.0,-4186.0,2065.0,GAS,5
1080.0,274.4812512,100.0,0.0,7.0,-4067.024627120739,2183.636904818959,GAS,5
1110.0,278.8562512,100.0,0.0,7.0,-3852.5346553208933,2345.3645906679517,GAS,6
1120.0,279.9281256,100.0,0.0,7.0,-3738.857347626061,2412.84386058045,GAS,6
1130.0,281.17750144,100.0,0.0,7.0,-3499.0,2529.0,GAS,6
1150.0,282.98875072,100.0,0.0,7.0,-3320.077852325452,2593.2836264620655,GAS,6
1170.0,283.6881718851505,100.0,0.0,7.0,-3139.317812448874,2649.8000414548296,GAS,6
1190.0,286.9784960049328,100.0,0.0,7.0,-2877.660043837669,2728.4019062125844,GAS,6
1210.0,289.70468719999997,100.0,0.0,7.0,-2736.020817140448,2772.2362327785404,GAS,6
1230.0,292.02857142857147,100.0,0.0,7.0,-2577.4804798862197,2821.930826766256,GAS,6
1250.0,292.95714285714286,100.0,0.0,7.5,-2376.667587584363,2888.1635619060557,GAS,6
1260.0,293.0,100.0,0.0,8.0,-2232.0,2938.0,GAS,6
1270.0,293.0,100.0,0.0,8.0,-2162.2287834056388,2962.7017980553455,GAS,6
1290.0,293.0,100.0,0.0,8.0,-2006.0834885486215,3019.989744516076,GAS,6
1300.0,293.3545460363636,100.0,0.0,8.0,-1773.0,3107.0,GAS,6
1330.0,293.8843744,100.0,0.0,8.0,-1644.840178641267,3156.5462029897444,GAS,7
1340.0,293.0,100.0,0.0,8.0,-1550.8249173368526,3192.9700873786514,GAS,7
1350.0,293.5531256,100.0,0.0,8.0,-1400.0,3252.0,GAS,7
1360.0,294.0,100.0,0.0,8.0,-1302.6720094483605,3292.15635441658,GAS,7
1370.0,293.5124992,100.0,0.0,8.0,-1204.0,3334.0,GAS,7
1380.0,293.0,100.0,0.0,8.0,-1054.4413609082485,3397.469158547465,GAS,7
1390.0,293.2750006857143,100.0,0.0,8.0,-971.0,3433.0,GAS,7
1410.0,294.0,100.0,0.0,8.0,-871.34991484456,3476.3689029292323,GAS,7
1420.0,287.73213257142856,72.42138331428572,0.0,8.0,-822.0,3499.0,GAS,7
1430.0,273.3624859428571,29.324988342857143,1.0,8.0,-677.625825317608,3565.0446743425855,GAS,7
1450.0,235.86249279999998,0.0,1.0,8.0,-499.58575442739914,3643.799548530701,GAS,7
1470.0,214.86249279999998,0.0,1.0,8.0,-308.7548501960485,3729.266276306735,GAS,7
1490.0,172.60535268571428,0.0,1.0,8.0,-91.9955355447343,3822.5692051350134,GAS,7
1500.0,159.37656040000002,0.0,1.0,6.0,39.106115251526816,3861.5459934053115,GAS,7
1510.0,150.6843672,0.0,1.0,3.0,120.86996609396627,3873.940248281365,GAS,7
1520.0,128.7468672,0.0,1.0,3.0,215.3049157780923,3866.5278088981972,GAS,7
1530.0,123.85833173333333,0.0,1.0,2.0,274.48213936032494,3847.1656458161706,GAS,7
1540.0,118.09721955555555,0.6650022400000001,0.3333333333333333,2.0,367.6639340606071,3783.9360839885467,GAS,8
1550.0,109.5374976,11.847503360000001,0.0,2.0,444.3553876219648,3700.2674880230034,GAS,8
1560.0,106.375,34.012507199999995,0.0,2.0,498.5066765362323,3609.7547093570406,GAS,8
1570.0,108.20071679983558,45.801672532949674,0.0,2.0,543.0612154248926,3490.3545206144886,GAS,8
1580.0,115.55500288,62.83250432,0.0,2.0,563.2464534865451,3397.133918319495,GAS,8
1590.0,121.3343596222684,70.29239874258542,0.0,2.0,571.5224916249957,3336.35655952496,GAS,8
1600.0,133.2077607016529,76.63435109307056,0.0,2.0,582.7482639241719,3218.8582464155834,GAS,8
1610.0,144.45714285714286,96.11428571428571,0.0,3.0,592.6986036437737,3114.2425709905565,GAS,8
1620.0,157.60000731428573,99.40000182857142,0.0,3.0,601.8965212922117,3018.0999205365806,GAS,8
1630.0,167.05000746666667,100.0,0.0,3.0,613.7848777793347,2916.7065931674597,GAS,8
1640.0,180.0,100.0,0.0,4.0,632.0983937047512,2775.6852037627264,GAS,8
1650.0,188.8500096,100.0,0.0,4.0,646.0,2672.0,GAS,8
1670.0,202.0,100.0,0.0,5.0,657.0144838818987,2593.3218835683974,GAS,8
1680.0,203.07917226666666,100.0,0.0,5.0,670.0039882581201,2508.060390687612,GAS,8
1690.0,215.9125056,100.0,0.0,5.0,699.1711132517746,2318.9244786627696,GAS,8
1710.0,225.26750528,100.0,0.0,5.0,725.0,2176.0,GAS,8
1720.0,228.06093959999998,100.0,0.0,5.0,737.926595499363,2108.4416134004105,GAS,8
1740.0,234.18500096,100.0,0.0,6.0,777.1895735989572,1925.5669970040747,GAS,8
1750.0,236.0,100.0,0.0,6.0,807.165167696034,1811.2552972482765,GAS,8
1760.0,237.7312512,100.0,0.0,6.0,833.2511986525544,1723.3285277866444,GAS,9
1770.0,241.4343792,100.0,0.0,6.0,871.0,1610.0,GAS,9
1780.0,245.0,100.0,0.0,6.0,910.7707599764981,1508.1743639172028,GAS,9
1790.0,245.1295458909091,100.0,0.0,6.0,926.0,1473.0,GAS,9
1840.0,247.0,100.0,0.0,6.0,1230.7833136780937,1006.1143704316191,GAS,9
1850.0,247.07083413333334,100.0,0.0,6.0,1239.0,998.0,GAS,9
1860.0,247.91041706666667,100.0,0.0,6.0,1342.6413756067682,908.0702153451977,GAS,9
1870.0,248.0,100.0,0.0,6.0,1468.918446177926,824.4848470390756,GAS,9
1890.0,247.3218744,76.265604,0.0,6.0,1605.0,759.0,GAS,9
1900.0,247.0,65.0,0.0,6.0,1660.5328449312888,737.4304866927207,GAS,9
1910.0,244.18408785454545,57.75908305454546,0.0,6.0,1748.0,711.0,GAS,9
1920.0,241.00226967272727,49.57726487272727,0.0,6.0,1858.0,687.0,GAS,9
1930.0,239.56124928,50.51000576,0.0,6.0,1936.910292151161,675.1320937000628,GAS,9
1940.0,238.22249856,61.22001152,0.0,6.0,2055.0,665.0,GAS,9
1950.0,237.0,71.28213361110798,0.0,6.0,2170.4814800009326,666.1464092790169,GAS,9
1970.0,237.0,76.0,0.0,6.0,2366.256223982799,703.0907570840466,GAS,9
1980.0,237.30748087445645,75.89750637518118,0.0,6.0,2390.0,710.0,GAS,10
1990.0,238.6371209993788,75.45429300020707,0.0,6.0,2491.0,745.0,GAS,10
2000.0,240.0,76.68,0.0,6.0,2621.0281731276687,805.6317980505291,GAS,10
2010.0,240.0,81.93000448000001,0.0,6.0,2707.3074286258325,853.8809719499,GAS,10
2030.0,240.95714285714286,99.22857142857143,0.0,6.0,2918.01867516731,1028.4998941063154,GAS,10
2050.0,244.13333333333333,100.0,0.0,6.0,3034.0,1157.0,GAS,10
2060.0,245.0,100.0,0.0,6.0,3083.039626503039,1202.503271145799,GAS,10
2070.0,244.7593744,90.6156016,0.0,6.0,3124.0,1237.0,GAS,10
2080.0,244.0984372,64.8390508,0.0,6.0,3239.9211263924117,1316.5125678716508,GAS,10
2100.0,242.8937488,55.468744,0.0,6.0,3366.0,1378.0,GAS,10
2110.0,242.0,51.0,0.0,6.0,3466.2810514592184,1410.4431891792992,GAS,10
2120.0,237.8812496,52.9500032,0.0,6.0,3603.555106135964,1439.832043387496,GAS,10
2130.0,237.0,60.0,0.0,6.0,3735.9184805999494,1452.5766408566126,GAS,10
2140.0,236.0,62.0,0.0,6.0,3851.2626237340596,1447.391793417467,GAS,10
2150.0,235.55416586666666,64.22917066666666,0.0,6.0,3919.5,1440.0,GAS,10
2160.0,235.0,67.0,0.0,6.0,4004.0393914511696,1427.175130671711,GAS,10
2170.0,235.93409221818183,77.2750144,0.0,6.0,4092.0,1405.0,GAS,10
2190.0,237.98977338181817,99.8875072,0.0,6.0,4312.859070934735,1316.5855627402225,GAS,10
2200.0,239.0,100.0,0.0,6.0,4384.643108987138,1276.7108084041772,GAS,11
2210.0,241.97000192000002,100.0,0.0,6.0,4452.478856973936,1228.107699230818,GAS,11
2220.0,243.0,100.0,0.0,6.0,4559.867289276541,1141.8560409864385,GAS,11
2230.0,243.0,100.0,0.0,6.0,4634.0,1072.0,GAS,11
2240.0,243.0,100.0,0.0,6.0,4668.757915893955,1036.2112557947585,GAS,11
2250.0,244.0,94.0,0.0,6.0,4809.548045443923,880.1407776396009,GAS,11
2260.0,244.74000383999999,95.11000576,0.0,6.0,4827.0,860.0,GAS,11
2270.0,248.0,100.0,0.0,6.0,4885.261094702646,790.0215244021626,GAS,11
2280.0,247.36785645714286,100.0,0.0,6.0,4939.0,721.0,GAS,11
2290.0,247.0,100.0,0.0,6.0,4978.570875420734,669.8626796022928,GAS,11
2300.0,247.15833386666668,100.0,0.0,6.0,5062.146257749587,563.7489351028883,GAS,11
2310.0,248.31666773333333,100.0,0.0,6.0,5156.0,453.0,GAS,11
2320.0,249.0,100.0,0.0,6.0,5210.057819545095,390.71661509235986,GAS,11
2330.0,249.20555662222222,100.0,0.0,6.0,5229.0,369.0,GAS,11
2340.0,250.53888995555556,100.0,0.0,6.0,5379.0,198.0,GAS,11
2350.0,251.2406256,100.0,0.0,6.0,5436.076178876217,133.303672301323,GAS,11
2360.0,252.4812512,100.0,0.0,6.0,5526.0,29.0,GAS,11
2370.0,253.0,100.0,0.0,6.0,5561.453468080953,-11.128931762059159,GAS,11
2380.0,254.0,100.0,0.0,6.0,5628.910201836422,-84.70782021745258,GAS,11
2390.0,254.48500096,100.0,0.0,6.0,5687.0,-149.0,GAS,11
2400.0,255.0,100.0,0.0,6.0,5766.8709226524,-238.4885904184258,GAS,11
2410.0,255.37777777777777,100.0,0.0,6.0,5866.0,-350.0,GAS,11
2420.0,256.0,100.0,0.0,6.0,5919.748463131358,-409.8053353289112,GAS,12
2430.0,256.67610055804755,100.0,0.0,6.0,5950.889871046067,-445.78425207953546,GAS,12
2440.0,258.0,27.0,0.0,6.0,6049.042473888495,-560.4030161423004,GAS,12
2450.0,252.29998080000001,18.4499712,0.0,6.0,6090.0,-608.0,GAS,12
2460.0,239.437496,0.0,1.0,6.0,6188.370243315914,-721.2040337608148,GAS,12
2470.0,235.0,0.0,1.0,6.0,6245.904851473804,-785.3208100316185,GAS,12
2490.0,215.0,0.0,1.0,5.0,6332.004916738037,-912.872229810855,GAS,12
2500.0,213.94999253333333,0.0,1.0,4.0,6399.18256450402,-1067.5609730650267,GAS,12
2510.0,201.0,0.0,1.0,4.0,6431.025440676039,-1202.883679827825,GAS,12
2520.0,199.11499904,0.0,0.5,4.0,6427.813266612411,-1273.1455546631241,GAS,12
2530.0,194.0,0.0,0.0,4.0,6425.118926740232,-1333.1309565532738,GAS,12
2540.0,190.5656208,3.4343792,0.0,4.0,6417.0,-1397.0,GAS,12
2550.0,187.074000384,8.424507391999999,0.0,4.0,6395.67797039463,-1490.310391213362,GAS,12
2600.0,190.874000384,81.574507392,0.0,4.0,6159.043658117143,-1907.973217323261,GAS,12
2610.0,193.265628,86.24791946666667,0.0,4.0,6063.992283749843,-1990.8157436763465,GAS,12
2630.0,201.03125599999998,93.49583893333333,0.0,4.0,5891.0,-2082.0,GAS,12
2640.0,210.2229210666667,100.0,0.0,5.0,5817.7304552791375,-2108.8603508871083,GAS,13
2650.0,219.2125024,100.0,0.0,5.0,5711.150582730469,-2135.7579213517847,GAS,13
2670.0,225.9250048,100.0,0.0,5.0,5549.0,-2168.0,GAS,13
2680.0,229.0,100.0,0.0,5.0,5433.891155626488,-2186.2276892526525,GAS,13
2690.0,232.53250432,100.0,0.0,5.0,5284.0,-2208.0,GAS,13
2700.0,238.0,100.0,0.0,5.0,5169.974079504471,-2219.515909442705,GAS,13
2720.0,239.29431970909093,100.0,0.0,6.0,5096.383145110965,-2221.6277992251607,GAS,13
2730.0,241.49773032727273,100.0,0.0,6.0,5006.0,-2225.0,GAS,13
2740.0,244.04318487272727,100.0,0.0,6.0,4897.0,-2228.0,GAS,13
2750.0,247.2125024,100.0,0.0,6.0,4778.738978585503,-2231.028984161501,GAS,13
2770.0,254.9625024,100.0,0.0,6.0,4559.9358761176945,-2240.0592497723082,GAS,13
2780.0,258.36428982857143,100.0,0.0,6.0,4447.0,-2247.0,GAS,13
2790.0,261.0,100.0,0.0,6.0,4356.682015623127,-2252.7048065583617,GAS,13
2800.0,262.2,100.0,0.0,6.0,4233.668151811495,-2260.6240863605726,GAS,13
2810.0,266.0,100.0,0.0,7.0,4123.745014992103,-2268.069505937921,GAS,13
2820.0,266.32,100.0,0.0,7.0,4110.0,-2269.0,GAS,13
2830.0,270.1285723428572,100.0,0.0,7.0,3902.893225159228,-2282.8737442018323,GAS,13
2850.0,272.0,100.0,0.0,7.0,3732.7721765689093,-2294.1161465901996,GAS,13
2860.0,272.97777777777776,100.0,0.0,7.0,3629.0,-2300.0,GAS,14
2870.0,273.53333475555553,100.0,0.0,7.0,3553.0,-2304.0,GAS,14
2880.0,274.0,100.0,0.0,7.0,3490.6506981438138,-2307.609641029939,GAS,14
2890.0,275.46666666666664,100.0,0.0,7.0,3355.0,-2317.0,GAS,14
2900.0,276.0,100.0,0.0,7.0,3295.988376786486,-2321.634644486632,GAS,14
2920.0,278.56666666666666,100.0,0.0,7.0,3013.53860210906,-2346.2850321546803,GAS,14
2940.0,279.99250048,100.0,0.0,7.0,2877.1485634092296,-2360.0859432690254,GAS,14
2960.0,281.0,100.0,0.0,7.0,2688.19794352192,-2379.0092326852955,GAS,14
2970.0,281.0,100.0,0.0,7.0,2465.389827713964,-2402.4921847104206,GAS,14
2980.0,281.7125024,100.0,0.0,7.0,2396.0,-2410.0,GAS,14
2990.0,283.0,100.0,0.0,7.0,2302.913325887067,-2420.342486241826,GAS,14
3010.0,269.06562080000003,0.4687199999999976,0.5,7.0,2166.2319085462577,-2437.089910950764,GAS,14
3020.0,251.03211337142858,0.0,1.0,7.0,2099.0,-2445.0,GAS,14
3030.0,225.0437392,0.0,1.0,7.0,1991.202453853451,-2459.3078183180305,GAS,14
3040.0,206.0874784,0.0,1.0,7.0,1894.0,-2472.0,GAS,14
3050.0,185.1499904,0.0,1.0,5.0,1794.8566442888932,-2485.6206108510514,GAS,14
3060.0,154.1499904,0.0,1.0,4.0,1658.9438540004417,-2505.9786128464425,GAS,14
3070.0,133.09749376000002,0.0,1.0,3.0,1547.2734945545287,-2527.1650622850448,GAS,14
3080.0,118.43332693333333,0.0,1.0,2.5,1441.9105505592715,-2552.801135589433,GAS,15
3090.0,107.07618864761905,0.0,1.0,2.0,1369.9790151890038,-2578.958929490946,GAS,15
3100.0,97.09499712,0.0,1.0,1.5,1282.6889306929343,-2634.7162820675203,GAS,15
3110.0,88.95416426666667,0.0,1.0,1.0,1223.8612087529627,-2732.757295187566,GAS,15
3120.0,81.3140604,15.796884,0.0,1.0,1230.3827732427947,-2822.051650794523,GAS,15
3130.0,81.30833493333334,41.885418666666666,0.0,1.0,1273.847234490674,-2916.0375399006934,GAS,15
3140.0,89.37500266666666,53.30000213333334,0.0,1.0,1343.6150653012842,-2990.085043713658,GAS,15
3150.0,96.59523961904762,60.633335466666665,0.0,1.0,1413.9446790732145,-3042.335943348017,GAS,15
3160.0,110.76666666666667,71.83809523809525,0.0,1.6666666666666667,1551.5434820193398,-3127.0370863751828,GAS,15
3170.0,126.4,81.97142857142858,0.0,2.0,1712.7178641347068,-3220.9033685335544,GAS,15
3180.0,131.625008,85.9000064,0.0,2.0,1795.0,-3269.0,GAS,15
3190.0,139.82083946666665,91.23750079999999,0.0,2.0,1834.3590936453397,-3292.8658077708847,GAS,15
3200.0,155.1062592,93.2312512,0.0,2.0,1969.0,-3386.0,GAS,15
3210.0,163.437504,93.51249920000001,0.0,3.0,2033.2485914599713,-3439.6090628944535,GAS,15
3220.0,173.375008,91.5249984,0.0,3.0,2110.0,-3520.0,GAS,15
3230.0,177.94000384,91.6062512,0.0,4.0,2142.865233199713,-3562.774680703492,GAS,15
3250.0,192.07083413333334,96.14166826666667,0.0,4.0,2247.364591715973,-3786.5135001258213,GAS,15
3260.0,194.0,100.0,0.0,4.0,2268.7819920490288,-3866.4929311913793,GAS,15
3270.0,200.34000384,100.0,0.0,4.0,2278.165351787362,-3932.900469089933,GAS,15
3280.0,205.703128,100.0,0.0,4.0,2289.1283557416004,-4029.7160777036274,GAS,15
3290.0,211.0,100.0,0.0,5.0,2293.6632637672597,-4224.974300934813,GAS,15
3300.0,213.4625024,100.0,0.0,5.0,2290.967373307357,-4275.018901134309,GAS,16
3310.0,216.37000192,100.0,0.0,5.0,2280.0,-4366.0,GAS,16
3320.0,217.93409221818183,100.0,0.0,5.0,2265.4632884253374,-4442.93929259533,GAS,16
3340.0,222.57045585454546,100.0,0.0,5.0,2211.8541276567626,-4647.617638231833,GAS,16
3350.0,224.7312512,100.0,0.0,5.0,2176.2560577559834,-4747.594830512786,GAS,16
3360.0,226.1062512,55.749952,0.0,5.0,2130.0,-4863.0,GAS,16
3370.0,227.0,20.0,0.0,5.0,2093.032237165187,-4944.011294061037,GAS,16
3380.0,220.937488,11.916650666666666,0.0,5.0,2066.0,-4997.0,GAS,16
3390.0,210.41666133333334,0.0,1.0,5.0,2014.6346211096502,-5085.087676825221,GAS,16
3400.0,198.83332266666667,0.0,1.0,5.0,1949.0,-5183.0,GAS,16
3410.0,187.0,0.0,1.0,4.0,1863.4817992090198,-5289.241184524837,GAS,16
3420.0,180.99090385454545,0.0,1.0,4.0,1816.0,-5345.0,GAS,16
3430.0,173.35454021818182,0.0,1.0,4.0,1747.0,-5412.0,GAS,16
3440.0,169.30714148571428,0.0,1.0,3.0,1685.19460251081,-5454.551354242992,GAS,16
3450.0,164.45999616,0.0,1.0,3.0,1572.843672613777,-5498.357114432811,GAS,16
3460.0,157.27249856,0.84875168,0.0,3.0,1478.1137004026687,-5509.1994898478315,GAS,16
3470.0,152.78,6.09,0.0,3.0,1345.8862245969253,-5502.7460160019,GAS,16
3480.0,149.3,34.0,0.0,3.0,1281.135652332733,-5490.095273896866,GAS,16
3490.0,149.5188667397636,58.3459111598424,0.0,3.0,1173.445009085156,-5450.2628411301575,GAS,16
3500.0,152.906252,61.812504000000004,0.0,3.0,1079.4864165216577,-5396.652613218277,GAS,16
3510.0,157.0,70.0,0.0,3.0,988.5757323756332,-5331.4048482249855,GAS,16
3520.0,166.0,88.0,0.0,3.0,936.0,-5281.0,GAS,17
3530.0,172.32143085714284,100.0,0.0,3.0,879.5214962059468,-5229.9191844180095,GAS,17
3540.0,176.97321599999998,100.0,0.0,3.5,785.4511658172225,-5143.502232015454,GAS,17
3550.0,190.89500672,100.0,0.0,4.0,710.4147895457072,-5076.479746582634,GAS,17
3560.0,191.0,100.0,0.0,4.0,646.3972637887982,-5019.4604027742225,GAS,17
3570.0,196.4250048,100.0,0.0,4.0,560.6877310470472,-4942.31364557756,GAS,17
3580.0,204.8500096,100.0,0.0,4.0,489.0,-4878.0,GAS,17
3600.0,219.4250048,100.0,0.0,4.5,428.79979831833305,-4823.146542087368,GAS,17
3620.0,235.17250816,100.0,0.0,5.0,269.0,-4682.0,GAS,17
3630.0,237.0,100.0,0.0,6.0,247.8377581421169,-4663.059327952309,GAS,17
3640.0,242.68929188571428,100.0,0.0,6.0,161.0,-4585.0,GAS,17
3650.0,246.80208533333334,100.0,0.0,6.0,90.74852078500638,-4522.434270059195,GAS,17
3660.0,251.0,100.0,0.0,6.0,-58.75757224921447,-4387.541454018194,GAS,17
3670.0,254.703128,100.0,0.0,6.0,-143.34203718999655,-4311.399434618394,GAS,17
3690.0,262.0,100.0,0.0,6.0,-288.19509306085035,-4182.882289055854,GAS,17
3700.0,262.7125024,100.0,0.0,6.0,-310.0,-4163.0,GAS,17
3710.0,265.0,100.0,0.0,6.0,-380.88728006122,-4096.6005055738815,GAS,17
3720.0,265.68500096,100.0,0.0,6.0,-453.0,-4035.0,GAS,17
3730.0,266.0,100.0,0.0,6.0,-495.7777837992273,-4001.127145915314,GAS,17
3740.0,267.0772736,100.0,0.0,6.0,-674.0,-3868.0,GAS,18
3760.0,268.0,100.0,0.0,7.0,-761.2449249536195,-3808.038069716801,GAS,18
3770.0,268.0,81.1624736,0.0,7.0,-842.0,-3779.0,GAS,18
3780.0,268.0,67.0,0.0,7.0,-938.3528497793716,-3755.1852644552973,GAS,18
3790.0,267.7687488,75.0,0.0,7.0,-1128.2310180109184,-3718.558786898624,GAS,18
3800.0,266.0,75.0,0.0,7.0,-1221.371095756277,-3707.121866058419,GAS,18
3810.0,266.0,78.0,0.0,7.0,-1282.597819411136,-3710.922317932262,GAS,18
3820.0,265.22999808,86.47002112,0.0,7.0,-1324.0,-3715.0,GAS,18
3830.0,263.91093720000003,100.0,0.0,7.0,-1430.943105042733,-3727.5742292328077,GAS,18
3850.0,263.09843720000003,100.0,0.0,7.0,-1615.9737317636948,-3778.940860654189,GAS,18
3860.0,263.0,100.0,0.0,7.0,-1746.0,-3832.0,GAS,18
3870.0,262.90374976,100.0,0.0,7.0,-1826.8798973491107,-3871.9735746869337,GAS,18
3900.0,262.00499967999997,100.0,0.0,7.0,-2082.105197959787,-4007.9967726222167,GAS,18
3910.0,263.97512472027887,100.0,0.0,7.0,-2307.970837404512,-4108.840543005357,GAS,18
3920.0,264.0,100.0,0.0,7.0,-2368.197578646329,-4131.760354635624,GAS,18
3930.0,263.5878131070255,100.0,0.0,7.0,-2403.0,-4139.0,GAS,18
3940.0,263.0,100.0,0.0,7.0,-2516.5926695483113,-4166.176321848149,GAS,18
3950.0,263.0,100.0,0.0,7.0,-2560.0,-4175.0,GAS,18
3960.0,263.0,100.0,0.0,7.0,-2637.3532907962635,-4187.006733530013,GAS,19
3970.0,263.925,100.0,0.0,7.0,-2757.2656624204305,-4196.717843553848,GAS,19
3980.0,262.1624976,100.0,0.0,7.0,-2893.0,-4198.0,GAS,19
3990.0,261.0,100.0,0.0,7.0,-2983.4119804549005,-4190.6718157147825,GAS,19
4000.0,260.2593744,100.0,0.0,7.0,-3066.1840396011166,-4179.914784859821,GAS,19
4010.0,250.34544407272728,59.77268363636364,0.0,7.0,-3224.0,-4149.0,GAS,19
4030.0,237.17272203636364,4.886341818181819,0.5,7.0,-3447.339751889937,-4082.8946957059607,GAS,19
4050.0,205.71999232000002,0.0,1.0,7.0,-3606.315648991183,-4006.289871564281,GAS,19
4060.0,194.57998848,0.0,1.0,7.0,-3691.0,-3952.0,GAS,19
4070.0,181.88999424,0.0,1.0,7.0,-3777.5865172614695,-3883.9161772775324,GAS,19
4080.0,175.08541386666667,0.0,1.0,5.5,-3852.0336012682415,-3807.302248641761,GAS,19
4090.0,151.10207413333333,0.0,1.0,3.5,-3962.145535776531,-3660.035497148339,GAS,19
4110.0,132.96749568,0.0,1.0,2.5,-4023.1014249088967,-3528.613882216389,GAS,19
4120.0,124.7874976,0.0,1.0,2.0,-4044.8847816872594,-3441.5918936115095,GAS,19
4130.0,116.26874880000001,0.0,1.0,2.0,-4049.1270641778833,-3351.13292223126,GAS,19
4140.0,111.07618864761905,0.0,0.0,2.0,-4036.019551861173,-3262.0854719520944,GAS,19
4150.0,106.8937488,5.346880799999999,0.0,2.0,-4005.160888750126,-3176.584783545786,GAS,19
4160.0,102.42916586666666,27.968409244444445,0.0,2.0,-3946.4263439417714,-3083.379659483106,GAS,19
4170.0,102.42750144,43.14000384,0.0,2.0,-3872.5843796237577,-3013.8732732788667,GAS,19
4180.0,106.89166826666667,51.89166826666667,0.0,2.0,-3801.3489258761774,-2970.475379818216,GAS,20
4190.0,114.2062528,59.9500032,0.0,2.0,-3714.5370658614365,-2933.356349074741,GAS,20
4230.0,150.08463653996932,90.63792870997591,0.0,3.0,-3349.000539892979,-2843.1070228523195,GAS,20
4240.0,162.64,100.0,0.0,3.0,-3227.4740558153526,-2818.6772087945046,GAS,20
4250.0,177.04000000000002,100.0,0.0,3.5,-3151.055759993329,-2804.061992950399,GAS,20
4260.0,183.4500032,100.0,0.0,4.0,-3064.1833217107333,-2787.9787421021256,GAS,20
4270.0,187.0,100.0,0.0,4.0,-2951.755859546419,-2768.6112031699254,GAS,20
4280.0,193.8687584,100.0,0.0,4.0,-2829.0,-2748.0,GAS,20
4290.0,203.31000576,100.0,0.0,4.0,-2780.3889643254615,-2740.2790131290208,GAS,20
4300.0,213.0,100.0,0.0,5.0,-2724.3491253556713,-2731.5640885422044,GAS,20
4310.0,223.15715108571428,100.0,0.0,5.0,-2561.0,-2706.0,GAS,20
4320.0,225.0,100.0,0.0,5.0,-2454.217015608051,-2689.428600423569,GAS,20
4330.0,225.0,100.0,0.0,6.0,-2366.2755919696056,-2675.768569345964,GAS,20
4350.0,239.0,100.0,0.0,6.0,-2144.271688287427,-2640.6493860284004,GAS,20
4360.0,242.4250048,100.0,0.0,6.0,-2070.0,-2629.0,GAS,20
4370.0,246.0,100.0,0.0,6.0,-1999.7157359972045,-2618.2170443840905,GAS,20
4380.0,254.87728058181818,100.0,0.0,6.0,-1890.0,-2601.0,GAS,20
4400.0,264.17708533333337,100.0,0.0,7.0,-1726.0161367549144,-2573.3529197549906,GAS,21
4410.0,268.1041706666667,100.0,0.0,7.0,-1528.0,-2540.0,GAS,21
4420.0,269.0,100.0,0.0,7.0,-1493.6211816218115,-2534.1553875978248,GAS,21
4440.0,277.5694471111111,100.0,0.0,7.0,-1327.5564454605549,-2506.1060207696673,GAS,21
4460.0,281.80357485714285,100.0,0.0,7.0,-1165.0,-2480.0,GAS,21
4470.0,284.5500013714286,100.0,0.0,7.0,-1043.1404180284574,-2459.816848860726,GAS,21
4490.0,289.24687919999997,100.0,0.0,7.0,-721.0956176583875,-2403.2956604861793,GAS,21
4500.0,295.0,100.0,0.0,7.0,-615.5342648305829,-2384.908544513835,GAS,21
4520.0,299.5892891428571,100.0,0.0,7.0,-512.0,-2368.0,GAS,21
4530.0,300.0,100.0,0.0,7.0,-497.1097324152009,-2365.531771060728,GAS,21
4550.0,302.1545472,100.0,0.0,7.0,-297.0,-2332.0,GAS,21
4560.0,303.6227281454545,100.0,0.0,7.5,-162.64022328662531,-2308.9921611764457,GAS,21
4570.0,306.05500288,100.0,0.0,8.0,-13.0,-2282.0,GAS,21
4580.0,307.0,100.0,0.0,8.0,41.70945954618506,-2271.6162676777485,GAS,21
4590.0,309.35500288,100.0,0.0,8.0,180.0,-2245.0,GAS,21
4600.0,310.0,100.0,0.0,8.0,217.19977811658123,-2238.063613916709,GAS,21
4610.0,311.60909265454546,100.0,0.0,8.0,367.0,-2211.0,GAS,21
4630.0,313.60909265454546,100.0,0.0,8.0,556.0,-2177.0,GAS,22
4640.0,314.0,100.0,0.0,8.0,598.5589600363057,-2169.14722504891,GAS,22
4660.0,316.7,100.0,0.0,8.0,892.0966747446669,-2114.1670272762553,GAS,22
4690.0,318.9110314059857,100.0,0.0,8.0,1101.0135695208728,-2076.1834133298544,GAS,22
4700.0,319.0,100.0,0.0,8.0,1266.0,-2046.0,GAS,22
4720.0,319.0,100.0,0.0,8.0,1405.0,-2020.0,GAS,22
4730.0,319.0,100.0,0.0,8.0,1496.7646671374582,-2003.715451518789,GAS,22
4740.0,319.4773864304432,100.0,0.0,8.0,1580.0,-1989.0,GAS,22
4750.0,320.0,100.0,0.0,8.0,1703.8142794644125,-1966.1703406832312,GAS,22
4780.0,320.0,100.0,0.0,8.0,1999.2343293793365,-1911.6185483869772,GAS,22
4790.0,319.5821421714286,100.0,0.0,8.0,2121.0,-1889.0,GAS,22
4810.0,318.97874976,100.0,0.0,8.0,2329.775720317369,-1850.9559409914043,GAS,22
4840.0,318.00374976,100.0,0.0,8.0,2797.861206717006,-1776.8670636450852,GAS,23
4860.0,318.0,100.0,0.0,8.0,2854.56200099534,-1767.8214425584447,GAS,23
4880.0,318.0,100.0,0.0,8.0,3058.0,-1736.0,GAS,23
4890.0,318.0,100.0,0.0,8.0,3200.3378438580057,-1713.7739898280179,GAS,23
4910.0,317.3218744,100.0,0.0,8.0,3443.0,-1676.0,GAS,23
4920.0,317.0,100.0,0.0,8.0,3519.1949019772655,-1664.3230080128353,GAS,23
4940.0,303.0281112,84.84371999999999,0.0,8.0,3661.617212227779,-1643.0623266182097,GAS,23
4960.0,263.0319335111111,0.0,1.0,8.0,3966.3919615027685,-1597.1359303230836,GAS,23
4980.0,223.1708224,0.0,1.0,8.0,4116.699856374831,-1574.8855949668582,GAS,23
4990.0,202.5964086857143,0.0,1.0,8.0,4231.0,-1555.0,GAS,23
5000.0,191.4234324,0.0,1.0,7.0,4299.763542483649,-1540.4715724063287,GAS,23
5010.0,177.6109324,0.0,1.0,5.5,4425.081571686151,-1509.6911562008436,GAS,23
5020.0,160.00499328,0.0,1.0,3.0,4508.032854401518,-1486.2041452145334,GAS,23
5030.0,142.86249279999998,0.0,1.0,3.0,4609.358047428064,-1440.5256485982154,GAS,23
5040.0,119.5562464,0.0,1.0,2.0,4681.916983698745,-1388.557623651758,GAS,23
5050.0,107.08392548571429,0.0,1.0,1.0,4746.648228021004,-1304.2795322468248,GAS,23
5060.0,97.62124749714286,0.0,1.0,1.0,4784.668251618374,-1196.036801866184,GAS,24
5070.0,91.242186,0.0,0.0,1.0,4798.722040929909,-1072.4258568652624,GAS,24
5080.0,85.76190326919405,0.0,0.0,1.0,4791.422004347431,-1012.331444563625,GAS,24
5090.0,79.55605158648112,5.8593720000000005,0.0,1.0,4768.488791438854,-929.381670634512,GAS,24
5100.0,82.05253138598904,37.372917583406654,0.0,1.0,4739.254759187233,-875.8837582880673,GAS,24
5110.0,86.325,46.325,0.0,1.0,4685.404747468522,-805.7359569404854,GAS,24
5120.0,91.0618540562963,50.133520402962965,0.0,1.0,4608.789298250587,-754.1708287829805,GAS,24
5130.0,100.9625024,54.679165866666665,0.0,1.3333333333333333,4513.90862069157,-718.8303744821036,GAS,24
5140.0,108.9625024,59.9625024,0.0,2.0,4394.571453580897,-709.9695972843556,GAS,24
5150.0,117.90536091428572,65.03928777142858,0.0,2.0,4381.127309903526,-710.5002519365698,GAS,24
5160.0,126.9410752,69.96785919999999,0.0,2.0,4313.369695026329,-713.0239811514841,GAS,24
5170.0,133.9250048,76.04464457142856,0.0,2.0,4171.94078678286,-720.9799635028671,GAS,24
5180.0,145.0,80.0,0.0,2.0,4070.6606969719824,-729.6623805702566,GAS,24
5190.0,154.34500352,100.0,0.0,3.0,3964.0194397664964,-741.5564636200346,GAS,24
5200.0,176.08000768,100.0,0.0,3.0,3861.5391325132005,-753.4879975364807,GAS,24
5220.0,186.937504,100.0,0.0,3.5,3734.9297671529916,-767.1193935264188,GAS,24
5230.0,195.20834133333332,100.0,0.0,4.0,3576.0,-785.0,GAS,24
5240.0,207.0,100.0,0.0,4.0,3460.4711459981468,-795.432231198865,GAS,24
5250.0,213.6656304,100.0,0.0,4.5,3406.5050755807383,-799.7703120520199,GAS,24
5270.0,218.90416746666665,100.0,0.0,5.0,3219.916364169217,-815.3934305653779,GAS,24
5290.0,219.0,100.0,0.0,5.0,3018.0,-832.0,GAS,25
5300.0,219.0,100.0,0.0,5.0,2949.961295853529,-837.8588774203137,GAS,25
5310.0,219.0,100.0,0.0,5.0,2800.0,-851.0,GAS,25
5320.0,219.0,100.0,0.0,5.0,2712.8910539410936,-858.6621809324529,GAS,25
5330.0,250.10251584,100.0,0.0,5.0,2630.220662539051,-865.5491769157974,GAS,25
5340.0,252.0,100.0,0.0,5.5,2519.292332292972,-874.6816521632667,GAS,25
5350.0,256.0,100.0,0.0,6.0,2322.8673856369464,-891.9524559033327,GAS,25
5360.0,257.684215303686,100.0,0.0,6.0,2254.0,-898.0,GAS,25
5380.0,264.0,100.0,0.0,7.0,2129.3339698249733,-908.243774789348,GAS,25
5390.0,265.3068189090909,100.0,0.0,7.0,2050.0,-915.0,GAS,25
5410.0,268.63068072727276,100.0,0.0,7.0,1727.4409351211184,-943.3181745994328,GAS,25
5430.0,272.79166506666667,100.0,0.0,7.0,1571.6649206780241,-956.7136970099423,GAS,25
5450.0,274.40714422857144,100.0,0.0,7.0,1375.048589738401,-973.480456484896,GAS,25
5470.0,277.1187504,100.0,0.0,7.0,1176.9863246137134,-990.0782474661213,GAS,25
5480.0,277.58333386666664,100.0,0.0,7.0,1091.5439667614337,-998.2346112638127,GAS,25
0.0,283.35833685333336,100.0,0.0,7.0,1013.027341583755,-1004.701491961494,BOR,1
20.0,288.0,100.0,0.0,7.0,855.3515527749585,-1018.5381235997193,BOR,1
30.0,290.0645156554516,100.0,0.0,7.0,760.0,-1027.0,BOR,1
40.0,293.96774400739923,100.0,0.0,7.0,532.5760025415808,-1047.1238622477022,BOR,1
60.0,298.015624,100.0,0.0,7.0,402.0,-1058.0,BOR,1
70.0,299.0,100.0,0.0,7.0,359.061456050592,-1061.810669128653,BOR,1
80.0,302.11428571428576,100.0,0.0,8.0,210.0127106274644,-1075.3628187432143,BOR,1
100.0,305.8285714285714,100.0,0.0,8.0,-9.219326250184716,-1094.8630351005072,BOR,1
120.0,307.8857142857143,100.0,0.0,8.0,-168.0,-1108.0,BOR,1
130.0,309.0,100.0,0.0,8.0,-245.5660301062925,-1114.813846033952,BOR,1
140.0,309.78000128,100.0,0.0,8.0,-391.0,-1128.0,BOR,1
150.0,310.0,100.0,0.0,8.0,-451.7271346471175,-1133.4182520856027,BOR,1
160.0,311.4181841454545,100.0,0.0,8.0,-684.0,-1154.0,BOR,1
180.0,314.0,100.0,0.0,8.0,-812.9048539664311,-1165.3238459339545,BOR,1
190.0,314.2312512,100.0,0.0,8.0,-832.0,-1167.0,BOR,1
200.0,315.0,100.0,0.0,8.0,-925.4082466368928,-1175.221804249034,BOR,1
210.0,316.1062512,100.0,0.0,8.0,-1093.0,-1190.0,BOR,1
230.0,317.0,100.0,0.0,8.0,-1202.9363726193633,-1199.7033883716306,BOR,2
240.0,317.4875008,100.0,0.0,8.0,-1321.0,-1210.0,BOR,2
250.0,317.86249965714285,100.0,0.0,8.0,-1559.0352026832234,-1230.5353467779714,BOR,2
270.0,317.0,100.0,0.0,8.0,-1729.565805992781,-1244.9874418559357,BOR,2
280.0,316.5821421714286,100.0,0.0,8.0,-1787.0,-1250.0,BOR,2
300.0,316.0,100.0,0.0,8.0,-1962.5315155402895,-1265.8092094807585,BOR,2
320.0,316.0,100.0,0.0,8.0,-2169.381170594687,-1284.1699688980448,BOR,2
330.0,316.0,100.0,0.0,8.0,-2225.0,-1289.0,BOR,2
350.0,316.0,100.0,0.0,8.0,-2516.6786079763174,-1314.100380878494,BOR,2
380.0,314.0,100.0,0.0,8.0,-2905.8120407346564,-1348.5661135716625,BOR,2
390.0,314.0607149714286,100.0,0.0,8.0,-2922.0,-1350.0,BOR,2
410.0,314.8218744,100.0,0.0,8.0,-3196.4206071812164,-1374.1194339968965,BOR,2
440.0,312.8218744,100.0,0.0,8.0,-3372.490758581941,-1389.36454222666,BOR,3
460.0,311.1343744,100.0,0.0,8.0,-3600.987765664844,-1409.6426882562564,BOR,3
480.0,308.89026524444444,97.63886222222223,1.0,8.0,-3762.921990151596,-1423.3966548069325,BOR,3
500.0,269.7235985777778,14.305528888888894,1.0,8.0,-4002.8995967066535,-1444.6309511848501,BOR,3
510.0,256.5874784,0.0,1.0,8.0,-4082.0,-1452.0,BOR,3
520.0,231.8374784,0.0,1.0,8.0,-4217.0,-1464.0,BOR,3
530.0,218.0,0.0,1.0,8.0,-4288.640165970472,-1470.4462716984228,BOR,3
540.0,201.3781088,0.0,1.0,8.0,-4395.0,-1480.0,BOR,3
550.0,184.21874400000002,0.0,1.0,5.333333333333333,-4509.154713026626,-1485.854125918769,BOR,3
560.0,163.99283200164427,0.0,1.0,4.0,-4684.955104625438,-1486.374048546421,BOR,3
570.0,145.0,0.0,1.0,3.0,-4772.554912734794,-1478.930229297182,BOR,3
580.0,138.50999296,0.0,1.0,3.0,-4812.913396693869,-1471.5049924898033,BOR,3
590.0,121.8347152135414,0.0,1.0,2.6666666666666665,-4921.0062342219035,-1433.6137026230383,BOR,3
600.0,107.68571428571428,0.0,1.0,2.0,-5010.332164085632,-1372.6081825171264,BOR,3
610.0,95.94999481904762,0.0,1.0,2.0,-5072.050428261268,-1290.1937465716646,BOR,3
620.0,81.98863418181818,1.0056829090909092,1.0,1.0,-5118.097312791428,-1175.3791061839634,BOR,3
630.0,72.5124992,1.6666666666666667,0.0,1.0,-5128.697225978155,-1103.6669522884529,BOR,3
640.0,69.18937488,10.573878431999999,0.0,1.0,-5111.802054773507,-994.5334741525188,BOR,3
650.0,73.18500096000001,33.58000128,0.0,1.0,-5069.717516356181,-904.1627678360568,BOR,3
660.0,79.66172040000001,39.7289076,0.0,1.0,-5014.59503363574,-844.7728189774244,BOR,4
670.0,84.29545890909091,44.16591301818182,0.0,1.0,-4966.0,-811.0,BOR,4
690.0,103.24791946666667,61.03541706666667,0.0,2.0,-4662.621454030342,-832.1274748147245,BOR,4
700.0,107.70145877333333,31.187693653333334,0.75,2.0,-4571.231502630814,-865.6977637898593,BOR,4
710.0,95.0921836,0.0,0.5,1.5,-4468.812328263796,-894.9941071084987,BOR,4
720.0,88.34113431272728,0.21937536,0.0,1.0,-4360.020306876446,-909.5721895419862,BOR,4
730.0,80.97381194222346,2.479647035556804,0.0,1.0,-4268.00665039053,-897.7279298514012,BOR,4
740.0,74.93974921923532,11.12535421612928,0.0,1.0,-4187.586321697883,-832.0274759466841,BOR,4
750.0,75.31542908342857,36.17657373257143,0.0,1.0,-4149.778970648259,-723.5757477302167,BOR,4
760.0,82.7,39.0,0.0,1.0,-4138.0,-611.0,BOR,4
770.0,89.10937799999999,45.1312536,0.0,1.0,-4146.139410736969,-550.3569053952186,BOR,4
780.0,100.9890652,56.4359396,0.0,1.5,-4181.252728764195,-450.39948392832514,BOR,4
790.0,108.3062544,66.54375519999999,0.0,2.0,-4225.637357858541,-378.4260707216876,BOR,4
800.0,122.5,79.5,0.0,2.0,-4288.052105454631,-304.568529993242,BOR,4
810.0,133.3055608888889,84.78333653333333,0.0,2.3333333333333335,-4343.485114723201,-238.628437588747,BOR,4
820.0,145.40682996363637,91.04773294545454,0.0,3.0,-4394.0,-168.0,BOR,4
830.0,163.90796043636362,99.95568465454545,0.0,3.0,-4464.260748211027,-30.409747903281207,BOR,4
840.0,172.4250048,100.0,0.0,4.0,-4490.575961703285,40.51120235578593,BOR,4
850.0,180.0,100.0,0.0,4.0,-4509.130612614839,104.79792932044703,BOR,4
860.0,183.7125024,100.0,0.0,4.0,-4527.160525719644,180.81503542708663,BOR,4
870.0,195.79500672,100.0,0.0,4.0,-4542.625880103423,278.9491606581404,BOR,4
880.0,205.74000383999999,100.0,0.0,5.0,-4564.1693073285915,483.815437447211,BOR,5
890.0,213.0,100.0,0.0,5.0,-4567.931645647857,572.4935780155943,BOR,5
910.0,221.1607177142857,100.0,0.0,5.0,-4564.984761689266,679.2988965994955,BOR,5
920.0,229.0,100.0,0.0,5.0,-4559.697564498882,813.7157713666163,BOR,5
930.0,230.4250048,100.0,0.0,5.0,-4558.0,851.0,BOR,5
940.0,234.9250048,100.0,0.0,5.0,-4552.0,967.0,BOR,5
950.0,238.51389155555557,100.0,0.0,6.0,-4545.953683289306,1059.7890733807162,BOR,5
960.0,245.69444977777778,100.0,0.0,6.0,-4527.0,1232.0,BOR,5
970.0,248.0,100.0,0.0,6.0,-4518.27283715764,1288.2959099826205,BOR,5
980.0,249.6843792,100.0,0.0,6.0,-4509.0,1341.0,BOR,5
990.0,254.09218959999998,100.0,0.0,6.0,-4481.481640866559,1476.0832612579554,BOR,5
1000.0,259.0,100.0,0.0,6.0,-4451.419368887356,1599.8348530952328,BOR,5
1010.0,260.45500288,100.0,0.0,6.0,-4419.0,1681.0,BOR,5
1020.0,262.0,100.0,0.0,6.0,-4366.6213481292225,1790.6611846103565,BOR,5
1030.0,264.26666666666665,100.0,0.0,6.0,-4296.0,1925.0,BOR,5
1050.0,268.5283016741427,100.0,0.0,7.0,-4240.486514740018,2001.0596367776689,BOR,5
1060.0,271.0,100.0,0.0,7.0,-4193.43586437914,2052.7405939734426,BOR,5
1070.0,271.0,100.0,0.0,7.0,-4103.982207288469,2149.6884111648405,BOR,5
1080.0,271.9500032,100.0,0.0,7.0,-4055.0,2195.0,BOR,5
1090.0,274.1125008,100.0,0.0,7.0,-3922.90898435042,2297.1762967450154,BOR,5
1100.0,275.0,100.0,0.0,7.0,-3808.596268747873,2373.472435706153,BOR,6
1120.0,276.1,100.0,0.0,7.0,-3519.984166063303,2521.0227686923627,BOR,6
1130.0,278.0,100.0,0.0,7.0,-3316.7309966879184,2593.7173315332366,BOR,6
1140.0,278.1500010666667,100.0,0.0,7.0,-3274.0,2608.0,BOR,6
1150.0,279.0,100.0,0.0,7.0,-3113.3281241383866,2658.373191918952,BOR,6
1170.0,280.88500096,100.0,0.0,7.0,-3021.422544815369,2684.6416613314386,BOR,6
1180.0,282.0,100.0,0.0,7.0,-2938.547670619139,2709.680373140798,BOR,6
1190.0,283.9625024,100.0,0.0,7.0,-2847.0,2738.0,BOR,6
1210.0,286.0,100.0,0.0,7.0,-2710.487709559988,2780.4442219783214,BOR,6
1280.0,286.0,100.0,0.0,7.0,-2011.0,3018.0,BOR,6
1290.0,286.0,100.0,0.0,7.0,-1967.748656689831,3033.926371634988,BOR,6
1300.0,286.0,100.0,0.0,7.0,-1810.9234160784076,3092.9850655591918,BOR,6
1320.0,286.0,100.0,0.0,7.0,-1550.0,3193.0,BOR,7
1340.0,286.0,100.0,0.0,7.0,-1411.0142632348193,3247.704707357048,BOR,7
1350.0,286.0,100.0,0.0,7.0,-1352.0,3272.0,BOR,7
1360.0,286.0,100.0,0.0,7.0,-1240.9982972390817,3318.4916352859736,BOR,7
1380.0,286.0,100.0,0.0,7.0,-1057.0,3396.0,BOR,7
1390.0,286.0,100.0,0.0,7.0,-925.1646007901088,3454.289612798776,BOR,7
1400.0,280.1124928,60.749952,0.0,7.0,-754.0,3531.0,BOR,7
1420.0,271.0,0.0,1.0,7.0,-631.8603009055436,3586.2900639763884,BOR,7
1430.0,242.93976203636362,0.0,1.0,7.0,-564.4934556997102,3615.9023036253802,BOR,7
1440.0,227.51588770909092,0.0,1.0,7.0,-483.0,3651.0,BOR,7
1450.0,209.6977058909091,0.0,1.0,7.0,-396.0,3690.0,BOR,7
1460.0,191.1499904,0.0,1.0,6.0,-310.3568749240225,3728.496545122464,BOR,7
1470.0,160.1499904,0.0,1.0,5.0,-172.38148021972182,3790.2637800430994,BOR,7
1480.0,146.73392274285715,0.0,1.0,3.5,-85.31633236011027,3824.5397155397177,BOR,7
1490.0,142.5,0.0,1.0,3.0,0.16061401778464113,3852.20887978068,BOR,7
1500.0,130.11071222857143,0.0,1.0,2.5,106.14173479298809,3869.173005877978,BOR,7
1510.0,119.0,0.0,1.0,2.0,227.3229734179491,3866.3575297852035,BOR,7
1520.0,115.24073955555555,0.0,0.6666666666666666,2.0,293.12378708814896,3836.2853805519767,BOR,7
1530.0,107.93333333333334,0.0,0.0,2.0,370.61921435547646,3781.0270055877586,BOR,7
1540.0,103.57777777777778,25.666666666666668,0.0,2.0,451.7333532177819,3691.409870078925,BOR,8
1550.0,105.65666730666668,42.955002879999995,0.0,2.0,485.8111484231163,3633.96361339372,BOR,8
1560.0,112.2125024,58.462502400000005,0.0,2.0,534.5916463186672,3514.0084416885506,BOR,8
1570.0,115.0,60.0,0.0,2.0,557.191296757246,3438.394846262718,BOR,8
1580.0,125.64330811428572,75.64955771428572,0.0,2.0,569.0444083209395,3357.68983406563,BOR,8
1590.0,138.62708853333334,83.031256,0.0,3.0,581.4760439446709,3244.1643309283536,BOR,8
1600.0,151.75568727272727,95.55113745454545,0.0,3.0,592.0383991888934,3120.7741409377077,BOR,8
1610.0,164.73864727272726,98.14772945454546,0.0,3.0,602.0,3021.0,BOR,8
1620.0,174.0,100.0,0.0,4.0,608.3917274286664,2964.314859101941,BOR,8
1630.0,183.9250048,100.0,0.0,4.0,620.1313785351906,2870.9650244079417,BOR,8
1640.0,191.28333653333334,100.0,0.0,4.0,641.5718153312614,2704.197011585538,BOR,8
1660.0,203.07857554285715,100.0,0.0,4.5,655.3074127825009,2608.883138634549,BOR,8
1670.0,210.0,100.0,0.0,5.0,676.7522605078183,2458.1579236772563,BOR,8
1680.0,214.44500671999998,100.0,0.0,5.0,689.0,2382.5,BOR,8
1690.0,217.0,100.0,0.0,5.0,697.0232178555564,2336.3408720420334,BOR,8
1700.0,223.0,100.0,0.0,5.0,721.645001864843,2198.943854536939,BOR,8
1710.0,226.4343792,100.0,0.0,5.0,743.0,2083.0,BOR,8
1720.0,231.2125024,100.0,0.0,6.0,759.5949455917885,2002.4085563917897,BOR,8
1730.0,236.0,100.0,0.0,6.0,784.8560284562104,1894.7148829493992,BOR,8
1740.0,237.6843792,100.0,0.0,6.0,798.0,1843.0,BOR,8
1750.0,242.52968959999998,100.0,0.0,6.0,839.518554909645,1702.0583790574397,BOR,8
1770.0,247.0,100.0,0.0,6.0,892.0153679328675,1553.2851460674538,BOR,9
1780.0,247.0,100.0,0.0,6.0,931.5341012885459,1459.5478104677127,BOR,9
1800.0,249.22500159999998,100.0,0.0,6.0,1053.7005136250473,1230.1208741504931,BOR,9
1820.0,252.0,100.0,0.0,6.0,1131.167688406621,1118.2932544138794,BOR,9
1830.0,252.55714377142857,100.0,0.0,6.0,1194.0,1045.0,BOR,9
1840.0,252.7,100.0,0.0,6.0,1278.7218977807179,961.6832949118282,BOR,9
1860.0,250.9714285714286,99.77142857142857,0.0,6.0,1434.6449771023833,844.7917135756106,BOR,9
1870.0,250.22857142857143,93.82857142857142,0.0,6.0,1563.0,777.0,BOR,9
1880.0,250.0,92.0,0.0,6.0,1630.6526775060947,751.4704067346964,BOR,9
1890.0,248.5499968,72.7874576,0.0,6.0,1758.0,708.0,BOR,9
1900.0,246.0,39.0,0.0,6.0,1827.6313544682519,689.5639508871967,BOR,9
1910.0,245.0499968,42.3250112,0.0,6.0,1852.0,687.0,BOR,9
1920.0,241.5374976,54.6187584,0.0,6.0,2039.0,665.0,BOR,9
1930.0,240.0,60.0,0.0,6.0,2115.9105456196635,662.524946493754,BOR,9
1940.0,239.34999893333332,67.8000128,0.0,6.0,2187.0,667.0,BOR,9
1950.0,238.34999893333332,79.8000128,0.0,6.0,2305.0,687.0,BOR,9
1960.0,238.24250048,85.94000384,0.0,6.0,2376.0440698759926,706.1518915033798,BOR,9
1980.0,239.92916586666666,100.0,0.0,6.0,2677.512669017002,836.2383539925064,BOR,10
2000.0,238.0,100.0,0.0,6.0,2763.5665943846657,887.5428011945579,BOR,10
2010.0,239.58500096,100.0,0.0,6.0,2820.9075997320397,936.4469830739097,BOR,10
2020.0,239.2593744,100.0,0.0,6.0,2903.0394927788775,1013.1815539828451,BOR,10
2040.0,241.7687488,100.0,0.0,6.0,3070.4051941747457,1191.5185039588596,BOR,10
2050.0,240.0,100.0,0.0,6.0,3127.112454132375,1242.1986516065685,BOR,10
2060.0,240.0,100.0,0.0,6.0,3198.294800818651,1290.2829808263468,BOR,10
2070.0,240.3113640727273,97.50908741818182,0.0,6.0,3296.0,1347.0,BOR,10
2090.0,240.9284093090909,92.57272552727272,0.0,6.0,3464.202959353814,1411.6620575008008,BOR,10
2100.0,241.0,92.0,0.0,6.0,3575.2308734009894,1436.3434860884477,BOR,10
2120.0,240.2234372,93.5531256,0.0,6.0,3756.3259643634105,1450.1009568480276,BOR,10
2130.0,240.0,96.4250048,0.0,6.0,3870.0,1446.0,BOR,10
2140.0,239.92083306666666,100.0,0.0,6.0,3983.581134422181,1430.338821392632,BOR,10
2160.0,239.17083306666666,100.0,0.0,6.0,4165.570965850358,1378.4490585353499,BOR,10
2180.0,237.95795432727272,100.0,0.0,6.0,4348.919482922376,1295.7221540452567,BOR,10
2200.0,237.1397725090909,100.0,0.0,6.0,4500.48596056085,1191.2081457611532,BOR,11
2210.0,237.34642925714286,100.0,0.0,6.0,4582.0,1122.0,BOR,11
2220.0,238.0,100.0,0.0,6.0,4669.914428987217,1035.3291034519466,BOR,11
2230.0,238.38500096,100.0,0.0,6.0,4705.0,998.0,BOR,11
2240.0,239.24250048,100.0,0.0,6.0,4780.856433516523,913.253162605748,BOR,11
2260.0,240.74,100.0,0.0,6.0,4908.6725960832355,759.5539614897684,BOR,11
2270.0,241.0,100.0,0.0,6.0,4973.17824244154,676.9416969820621,BOR,11
2290.0,241.3459111598424,100.0,0.0,6.0,5088.79156377757,530.9894928542121,BOR,11
2300.0,243.0,100.0,0.0,6.0,5165.139621214834,441.8036554993814,BOR,11
2310.0,243.7250016,100.0,0.0,6.0,5236.0,361.0,BOR,11
2320.0,245.0,100.0,0.0,6.0,5332.237888190874,252.1278723179439,BOR,11
2330.0,245.0,100.0,0.0,6.0,5419.0,153.0,BOR,11
2340.0,245.0,100.0,0.0,6.0,5482.67580828598,78.65407102258825,BOR,11
2350.0,245.25714468571428,100.0,0.0,6.0,5499.0,60.0,BOR,11
2360.0,246.9892864,100.0,0.0,6.0,5609.664352590212,-61.73666463279051,BOR,11
2380.0,247.99250048,100.0,0.0,6.0,5696.667524357335,-159.7529164347854,BOR,11
2390.0,248.0,100.0,0.0,6.0,5769.691072507997,-241.77362920589735,BOR,11
2400.0,246.87604026666668,100.0,0.0,6.0,5866.155160827392,-349.67396569803054,BOR,11
2410.0,244.4187472,100.0,0.0,6.0,5943.0,-437.0,BOR,11
2430.0,240.16770693333333,100.0,0.0,6.0,6093.285469656095,-612.0915449028928,BOR,12
2460.0,222.96749568,5.374976000000004,0.5,6.0,6239.882306244427,-783.1009186369529,BOR,12
2470.0,215.47142582857143,0.0,1.0,5.5,6326.025476740977,-903.3400700731136,BOR,12
2480.0,211.1124928,0.0,1.0,5.0,6362.0,-969.0,BOR,12
2490.0,204.5187488,0.2406256,0.0,5.0,6413.4325147553955,-1127.3506913750336,BOR,12
2500.0,203.0,1.0,0.0,5.0,6430.874866991159,-1210.8029604831452,BOR,12
2510.0,198.0,25.0,0.0,5.0,6425.871186454306,-1332.698104654078,BOR,12
2520.0,197.2874976,35.687536,0.0,5.0,6423.0,-1355.0,BOR,12
2530.0,195.34250048,71.02750144000001,0.0,5.0,6403.929481610452,-1460.9382881124243,BOR,12
2540.0,196.0,73.0,0.0,5.0,6381.704858632325,-1533.642987940115,BOR,12
2550.0,198.1545472,74.0772736,0.0,5.0,6318.0,-1689.0,BOR,12
2560.0,200.0,75.0,0.0,5.0,6281.42981539391,-1760.3581299430473,BOR,12
2570.0,201.57083413333334,75.0,0.0,5.0,6214.439543044038,-1840.218706900217,BOR,12
2580.0,204.0,79.0,0.0,5.0,6094.56354752874,-1965.3805829914695,BOR,12
2590.0,206.4625024,82.69375360000001,0.0,5.0,6054.571367967615,-2000.6774552827376,BOR,12
2600.0,209.0,89.0,0.0,5.0,5990.065991394471,-2039.6272589479008,BOR,12
2610.0,212.4625024,96.61750528,0.0,5.0,5925.7974724526375,-2067.1105272534696,BOR,12
2620.0,215.0687536,100.0,0.0,5.0,5859.0,-2094.0,BOR,12
2630.0,219.40937680000002,100.0,0.0,5.0,5721.093998458444,-2133.6808956197083,BOR,12
2640.0,224.57917226666666,100.0,0.0,5.0,5606.0,-2159.0,BOR,13
2650.0,227.77000192,100.0,0.0,5.0,5528.880672524531,-2172.0837776928583,BOR,13
2670.0,234.92000512,100.0,0.0,5.0,5302.0,-2206.0,BOR,13
2680.0,235.0,100.0,0.0,6.0,5297.9390555915625,-2206.3640604684497,BOR,13
2690.0,239.9378118006972,100.0,0.0,6.0,5075.028314165324,-2222.1194904306917,BOR,13
2700.0,242.0,100.0,0.0,6.0,5015.842765346099,-2224.6182045768437,BOR,13
2710.0,244.06093446487247,100.0,0.0,6.0,4983.0,-2225.0,BOR,13
2720.0,247.7,100.0,0.0,6.0,4852.8746140458325,-2229.3238486675937,BOR,13
2730.0,251.0,100.0,0.0,6.0,4757.781335951764,-2232.1062162574426,BOR,13
2740.0,253.175,100.0,0.0,6.0,4642.546506490189,-2235.758894203662,BOR,13
2750.0,257.2875056,100.0,0.0,6.0,4510.0,-2243.0,BOR,13
2760.0,260.0,100.0,0.0,6.0,4419.701788967563,-2248.5670966204825,BOR,13
2770.0,260.0,100.0,0.0,6.0,4366.0,-2252.0,BOR,13
2780.0,260.0,100.0,0.0,6.0,4312.300177916792,-2255.535987896812,BOR,13
2790.0,262.01136581818184,100.0,0.0,6.0,4185.0,-2264.0,BOR,13
2800.0,264.51136581818184,100.0,0.0,6.0,3950.0,-2279.0,BOR,13
2810.0,265.0,100.0,0.0,7.0,3913.2445130562974,-2281.377082169885,BOR,13
2830.0,267.67750144,100.0,0.0,7.0,3721.0,-2294.0,BOR,13
2840.0,268.0,100.0,0.0,7.0,3691.9913383589146,-2295.749238009569,BOR,13
2850.0,269.17750144,100.0,0.0,7.0,3572.0,-2303.0,BOR,13
2860.0,270.52750144,100.0,0.0,7.0,3437.0,-2312.0,BOR,14
2870.0,271.0,100.0,0.0,7.0,3391.618155717595,-2314.9082756346324,BOR,14
2880.0,271.40416746666665,100.0,0.0,7.0,3317.0,-2320.0,BOR,14
2890.0,272.0,100.0,0.0,7.0,3175.6176150112997,-2331.8518165798173,BOR,14
2900.0,272.9520837333333,100.0,0.0,7.0,2929.2154428606427,-2355.0410924770204,BOR,14
2930.0,274.89250047999997,100.0,0.0,7.0,2637.6003145568884,-2384.5051299711804,BOR,14
2950.0,276.0,100.0,0.0,7.0,2467.8825809615832,-2402.5209085962692,BOR,14
2960.0,276.0,100.0,0.0,7.0,2408.0,-2409.0,BOR,14
2980.0,276.0,100.0,0.0,7.0,2276.9348497699234,-2423.446936491372,BOR,14
2990.0,257.8218624,100.0,0.5,7.0,2200.4073566868014,-2432.3983282604854,BOR,14
3000.0,239.84641554285713,0.0,1.0,7.0,2097.009023573546,-2445.355568087113,BOR,14
3010.0,216.97854537142857,0.0,1.0,7.0,1992.0,-2459.0,BOR,14
3020.0,193.5968648,0.0,1.0,7.0,1885.4681973657875,-2472.864351325071,BOR,14
3030.0,162.94372959999998,0.0,1.0,7.0,1745.0,-2493.0,BOR,14
3040.0,149.71405679999998,0.0,1.0,4.0,1684.8463097602507,-2502.460633401659,BOR,14
3050.0,128.28832981333332,0.0,1.0,2.6666666666666665,1545.5434608564394,-2527.200536235408,BOR,14
3060.0,115.69443911111112,0.0,1.0,2.0,1459.9333505211291,-2547.683666283177,BOR,14
3070.0,103.8187456,0.0,1.0,2.0,1385.0492274092128,-2572.6654202960704,BOR,14
3090.0,81.55329217000657,4.722565249945228,0.0,1.0,1223.4788414956786,-2742.1913768477352,BOR,15
3100.0,79.2,29.168,0.0,1.0,1233.372594450449,-2832.5446455465362,BOR,15
3110.0,83.11875306666667,45.1135504,0.0,1.0,1280.7418946026967,-2921.649376636126,BOR,15
3120.0,94.30833493333334,57.84666794666666,0.0,1.0,1332.6936847879808,-2981.0947847891166,BOR,15
3130.0,105.05647617142857,65.20513594285714,0.0,1.75,1450.0649699928138,-3065.7519903652183,BOR,15
3150.0,124.1803616,79.9357184,0.0,2.0,1697.2043263585238,-3211.531569589897,BOR,15
3160.0,138.68523141818181,91.7125024,0.0,3.0,1787.2772745683817,-3264.01076461112,BOR,15
3170.0,153.38958773333331,100.0,0.0,3.0,1922.5223271695922,-3350.771291320045,BOR,15
3180.0,162.02917546666666,100.0,0.0,3.0,2017.0,-3425.0,BOR,15
3190.0,164.0,100.0,0.0,4.0,2032.6311542516578,-3438.1850866333957,BOR,15
3200.0,173.42639182222223,100.0,0.0,4.0,2104.447673854953,-3515.126120191747,BOR,15
3210.0,179.48571977142856,100.0,0.0,4.0,2166.0,-3598.0,BOR,15
3220.0,183.6875017142857,100.0,0.0,4.0,2204.18577227207,-3666.609675339796,BOR,15
3230.0,188.890628,100.0,0.0,4.0,2266.1068092031155,-3870.5090864577337,BOR,15
3240.0,193.0,100.0,0.0,4.0,2281.9576967906805,-3939.327276092142,BOR,15
3250.0,194.83571565714286,100.0,0.0,4.0,2287.0,-4009.0,BOR,15
3260.0,195.0,100.0,0.0,5.0,2287.643130624254,-4018.8627253677396,BOR,15
3270.0,197.693184,100.0,0.0,5.0,2295.0,-4151.0,BOR,15
3280.0,199.52841018181817,100.0,0.0,5.0,2292.57670173144,-4241.022908101684,BOR,15
3290.0,201.68500096,100.0,0.0,5.0,2280.5039138599927,-4357.431286725425,BOR,15
3300.0,204.67750144000001,100.0,0.0,5.0,2259.325554964359,-4474.055682564718,BOR,16
3310.0,207.01136581818182,100.0,0.0,5.0,2231.0,-4585.0,BOR,16
3330.0,209.75568290909092,100.0,0.0,5.0,2186.997531484054,-4719.484175012644,BOR,16
3340.0,209.2,100.0,0.0,5.0,2113.0,-4901.0,BOR,16
3350.0,209.0,100.0,0.0,5.0,2098.427932459747,-4933.042369738059,BOR,16
3360.0,206.1334528910215,100.0,0.5,5.0,2041.762781612047,-5039.626796194187,BOR,16
3370.0,196.45455592727274,60.22731636363637,1.0,5.0,1987.0,-5130.0,BOR,16
3380.0,184.8636416,11.931840000000001,1.0,4.5,1920.255306748585,-5221.441360408446,BOR,16
3390.0,176.82914749344883,0.0,1.0,4.0,1856.2867049452357,-5299.444100220793,BOR,16
3400.0,173.0999936,0.19000064,1.0,4.0,1815.0,-5346.0,BOR,16
3410.0,165.5499968,0.94500032,0.5,4.0,1713.0097233166427,-5438.380055336735,BOR,16
3420.0,163.7464265142857,6.8500096,0.0,4.0,1662.0,-5468.0,BOR,16
3430.0,161.7874976,15.0,0.0,4.0,1597.9864540292301,-5492.12343028457,BOR,16
3440.0,152.0374976,15.0,0.0,4.0,1367.5418292053919,-5506.001726156699,BOR,16
3450.0,152.3562512,49.781256,0.0,4.0,1339.511320608834,-5503.269465712132,BOR,16
3460.0,155.4625024,65.312512,0.0,4.0,1240.0,-5477.0,BOR,16
3470.0,157.0,73.0,0.0,4.0,1174.1569403962078,-5448.711004937822,BOR,16
3480.0,161.195314,73.0,0.0,4.0,1050.9686765906347,-5379.9787835256775,BOR,16
3490.0,169.515628,86.2125024,0.0,4.0,975.4211705885554,-5318.911620447072,BOR,16
3510.0,178.4013934222222,93.16527964444444,0.0,4.0,828.8397853911401,-5183.530053554588,BOR,16
3530.0,194.92917119999998,99.97083520000001,0.0,4.0,737.5071719946895,-5101.557119740164,BOR,17
3540.0,204.36964662857145,100.0,0.0,4.5,638.4842151647435,-5012.307375834651,BOR,17
3550.0,209.6375072,100.0,0.0,5.0,580.0,-4960.0,BOR,17
3560.0,217.56875359999998,100.0,0.0,5.0,487.04005640167196,-4876.5384905401825,BOR,17
3570.0,224.85500288,100.0,0.0,5.0,404.2206063543611,-4802.054006376285,BOR,17
3580.0,230.0,100.0,0.0,5.0,340.0181828103408,-4744.844858924676,BOR,17
3590.0,233.8531304,100.0,0.0,5.0,293.0,-4703.0,BOR,17
3610.0,239.72187680000002,100.0,0.0,6.0,218.76816082284267,-4636.241541510804,BOR,17
3620.0,242.0,100.0,0.0,6.0,166.9329733318152,-4589.937208349608,BOR,17
3630.0,249.0,100.0,0.0,6.0,39.58719508745539,-4476.6700308596355,BOR,17
3640.0,250.01786057142857,100.0,0.0,6.0,11.0,-4451.0,BOR,17
3650.0,253.4375017142857,100.0,0.0,6.0,-95.47799246218999,-4354.904178728566,BOR,17
3660.0,257.54000384,100.0,0.0,6.0,-274.0,-4195.0,BOR,17
3670.0,258.0,100.0,0.0,6.0,-290.96585610130063,-4179.821057524496,BOR,17
3690.0,260.757814,100.0,0.0,6.0,-450.0123930378882,-4038.4846828445775,BOR,17
3710.0,265.0,100.0,0.0,6.0,-554.4237530014295,-3950.4567578299625,BOR,17
3720.0,265.70748384617485,100.0,0.0,6.0,-629.0,-3897.0,BOR,17
3740.0,266.8072564648679,100.0,0.0,6.0,-780.5060899736991,-3808.259693880408,BOR,18
3750.0,267.0,100.0,0.0,6.0,-897.0,-3759.0,BOR,18
3760.0,266.8035721142857,100.0,0.0,7.0,-988.4679941298621,-3735.016287011949,BOR,18
3780.0,265.0,100.0,0.0,7.0,-1178.7184619060781,-3714.030702661299,BOR,18
3790.0,265.0,100.0,0.0,7.0,-1266.0,-3713.0,BOR,18
3800.0,265.0,100.0,0.0,7.0,-1326.4593895225987,-3715.096605350347,BOR,18
3810.0,263.35,100.0,0.0,7.0,-1452.0,-3732.0,BOR,18
3820.0,262.0,100.0,0.0,7.0,-1541.5043431834013,-3752.0204574503105,BOR,18
3830.0,261.10749952000003,100.0,0.0,7.0,-1677.550064556658,-3803.0611819154387,BOR,18
3850.0,261.0,100.0,0.0,7.0,-1897.0,-3909.0,BOR,18
3860.0,261.0,100.0,0.0,7.0,-1971.2053746219508,-3949.9864054411637,BOR,18
3870.0,261.9906256,100.0,0.0,7.0,-2048.176761449986,-3990.5721281375218,BOR,18
3890.0,261.0062496,100.0,0.0,7.0,-2291.2038760058413,-4102.520432552689,BOR,18
3910.0,261.65357074285714,100.0,0.0,7.0,-2418.955466031628,-4144.128156641594,BOR,18
3930.0,260.01071360000003,100.0,0.0,7.0,-2570.231666161012,-4176.200738301916,BOR,18
3940.0,259.0,100.0,0.0,7.0,-2792.4864403488805,-4196.702313807834,BOR,18
3950.0,258.5821421714286,100.0,0.0,7.0,-2898.0,-4197.0,BOR,18
3960.0,258.0,100.0,0.0,7.0,-3028.8784292816754,-4186.12616656964,BOR,19
3980.0,257.5374976,100.0,0.0,7.0,-3172.518083785664,-4160.110690441671,BOR,19
3990.0,253.0,100.0,1.0,7.0,-3261.6447619549726,-4140.412603837265,BOR,19
4000.0,240.60998656,11.499904,1.0,7.0,-3342.0,-4118.0,BOR,19
4010.0,239.0,0.0,1.0,7.0,-3353.7278180371045,-4114.407063423958,BOR,19
4020.0,218.1312416,0.0,1.0,7.0,-3498.095065452284,-4060.485282368899,BOR,19
4030.0,203.2249856,0.0,1.0,7.0,-3648.0,-3981.0,BOR,19
4040.0,182.0,0.0,1.0,5.0,-3737.0441141758674,-3918.981603896445,BOR,19
4050.0,178.296872,0.0,1.0,4.5,-3770.0317786971455,-3889.1840019612905,BOR,19
4060.0,162.71874400000002,0.0,1.0,4.0,-3863.507490171866,-3797.9351630042106,BOR,19
4070.0,157.1499904,0.0,1.0,4.0,-3894.0,-3760.0,BOR,19
4080.0,142.0749952,0.0,1.0,3.5,-3966.276238424393,-3651.000813835868,BOR,19
4090.0,126.5749952,0.0,1.0,3.0,-4024.5574053723285,-3525.3216855817623,BOR,19
4100.0,115.73968576,0.0,1.0,2.25,-4044.043059852698,-3437.1386693511163,BOR,19
4110.0,110.47368271759811,0.736844195362644,0.0,2.0,-4044.9796557085847,-3312.8943319540977,BOR,19
4120.0,105.47727243636363,10.920456727272727,0.0,2.0,-4028.5568838296986,-3230.7553989641847,BOR,19
4130.0,102.29545541818182,34.78408436363637,0.0,2.0,-3977.8666309594387,-3124.6589668597103,BOR,19
4140.0,104.5972216888889,42.22916586666667,0.0,2.0,-3932.707996310271,-3069.2827202579138,BOR,19
4150.0,108.54285897142857,51.4500032,0.0,2.0,-3863.390349665877,-3007.837892849389,BOR,19
4160.0,113.01389155555556,56.411113244444444,0.0,2.0,-3796.8063508825967,-2968.3948659412204,BOR,19
4170.0,119.8187536,64.96042186666666,0.0,2.0,-3655.0,-2914.0,BOR,19
4180.0,128.15500288,73.30833493333334,0.0,3.0,-3584.9589419885338,-2895.939095975729,BOR,20
4190.0,141.3531304,79.7125024,0.0,3.0,-3489.4021204326127,-2872.9781916801626,BOR,20
4200.0,145.9625024,87.9250048,0.0,3.0,-3422.401569748251,-2858.8738782462838,BOR,20
4210.0,156.9250048,100.0,0.0,3.0,-3322.7736698865956,-2837.509431327868,BOR,20
4220.0,166.69219320000002,100.0,0.0,3.0,-3237.571055163655,-2820.412211157662,BOR,20
4230.0,183.31719320000002,100.0,0.0,3.5,-3119.668929195971,-2799.0427179003345,BOR,20
4240.0,193.6954624,100.0,0.0,4.0,-2992.0,-2776.0,BOR,20
4250.0,200.24091694545456,100.0,0.0,4.0,-2906.0,-2761.0,BOR,20
4260.0,202.0,100.0,0.0,5.0,-2881.016152053303,-2756.7728185966216,BOR,20
4270.0,210.7125024,100.0,0.0,5.0,-2764.953670207131,-2737.7271932502526,BOR,20
4280.0,217.0,100.0,0.0,5.0,-2626.281938749712,-2716.059999242476,BOR,20
4290.0,218.48000768,100.0,0.0,5.0,-2606.0,-2713.0,BOR,20
4300.0,226.61666986666665,100.0,0.0,5.0,-2479.3373794177187,-2694.0870317451477,BOR,20
4320.0,237.25500288,100.0,0.0,6.0,-2219.956014946256,-2652.944078452666,BOR,20
4330.0,243.0,100.0,0.0,6.0,-2118.863596337504,-2637.316719952601,BOR,20
4350.0,250.50875264,100.0,0.0,6.0,-1999.5795570659307,-2618.551255588026,BOR,20
4360.0,256.51750528,100.0,0.0,6.0,-1774.0,-2581.0,BOR,20
4380.0,261.0,100.0,0.0,6.0,-1646.6377618055517,-2559.5512369725857,BOR,20
4400.0,267.7500043636364,100.0,0.0,6.0,-1470.0,-2530.0,BOR,21
4410.0,271.0,100.0,0.0,7.0,-1346.9060561516903,-2509.9875973501107,BOR,21
4430.0,277.4625024,100.0,0.0,7.0,-1123.9079941926393,-2473.647373200772,BOR,21
4450.0,282.0,100.0,0.0,7.0,-1015.4914444646448,-2454.88723661159,BOR,21
4460.0,284.7132156585102,100.0,0.0,7.0,-937.0,-2441.0,BOR,21
4470.0,287.9052340802869,100.0,0.0,7.0,-811.0,-2419.0,BOR,21
4480.0,290.0,100.0,0.0,7.0,-731.041692835706,-2405.460294287724,BOR,21
4490.0,292.11110684444446,100.0,0.0,7.0,-651.0,-2392.0,BOR,21
4510.0,298.0,100.0,0.0,8.0,-334.0154826871733,-2338.0549173571826,BOR,21
4520.0,298.0,100.0,0.0,8.0,-243.17604788176482,-2322.8969376212804,BOR,21
4530.0,302.0,100.0,0.0,8.0,-168.45363693354798,-2310.255667129133,BOR,21
4540.0,302.35000064,100.0,0.0,8.0,-145.0,-2306.0,BOR,21
4550.0,304.0,100.0,0.0,8.0,2.4614938158544764,-2278.307525671311,BOR,21
4560.0,305.13065532203933,100.0,0.0,8.0,73.0,-2265.0,BOR,21
4570.0,307.0,100.0,0.0,8.0,180.1153466882617,-2244.979042099906,BOR,21
4580.0,308.3472248888889,100.0,0.0,8.0,261.0,-2230.0,BOR,21
4590.0,310.8472248888889,100.0,0.0,8.0,414.0,-2202.0,BOR,21
4600.0,312.0,100.0,0.0,8.0,484.97388018400045,-2189.3144121057085,BOR,21
4620.0,312.88750034285715,100.0,0.0,8.0,696.6393204657911,-2150.9009379241056,BOR,22
4630.0,313.1593768,100.0,0.0,8.0,738.0,-2143.0,BOR,22
4640.0,314.6593768,100.0,0.0,8.0,884.0,-2116.0,BOR,22
4650.0,316.0,100.0,0.0,8.0,1010.2065886540222,-2092.894911108483,BOR,22
4670.0,315.15357074285714,100.0,0.0,8.0,1211.0,-2056.0,BOR,22
4680.0,315.0,100.0,0.0,8.0,1247.6742094250662,-2049.193825328427,BOR,22
4690.0,315.88500096,100.0,0.0,8.0,1400.0,-2021.0,BOR,22
4710.0,316.89250047999997,100.0,0.0,8.0,1573.849363183978,-1989.7798892833468,BOR,22
4720.0,316.51499904,100.0,0.0,8.0,1677.0,-1971.0,BOR,22
4740.0,315.11499904,100.0,0.0,8.0,2005.0,-1910.0,BOR,22
4750.0,315.0,100.0,0.0,8.0,2025.427203317424,-1906.2011577026008,BOR,22
4770.0,315.0,100.0,0.0,8.0,2199.4684721272183,-1874.4156675399431,BOR,22
4790.0,315.0,100.0,0.0,8.0,2397.439102176477,-1839.9461800370548,BOR,22
4810.0,313.8395829333333,100.0,0.0,8.0,2628.2627473000125,-1803.6991410607507,BOR,22
4830.0,313.0,100.0,0.0,8.0,2769.910424920997,-1781.2663976816698,BOR,22
4840.0,312.05749951999996,100.0,0.0,8.0,2879.7611015678913,-1763.6251757897785,BOR,23
4860.0,311.56388835555555,100.0,0.0,8.0,3026.0,-1741.0,BOR,23
4880.0,311.00416640000003,100.0,0.0,8.0,3198.272688115939,-1714.8009321381198,BOR,23
4890.0,308.2874976,100.0,0.0,8.0,3384.0,-1685.0,BOR,23
4900.0,308.0,100.0,0.0,8.0,3403.4966932055772,-1681.9272115343706,BOR,23
4910.0,304.83928228571426,100.0,0.0,8.0,3553.0,-1659.0,BOR,23
4920.0,303.0,100.0,1.0,8.0,3639.648109042455,-1646.044675560248,BOR,23
4930.0,280.7374688,57.187439999999995,1.0,8.0,3748.0,-1630.0,BOR,23
4940.0,251.0,0.0,1.0,8.0,3866.5777650977066,-1612.342286755487,BOR,23
4950.0,236.72914666666668,0.0,1.0,8.0,3975.0,-1596.0,BOR,23
4960.0,220.5437392,0.0,1.0,8.0,4131.542316119334,-1572.1510598485563,BOR,23
4970.0,190.0,0.0,1.0,7.0,4248.439327987262,-1552.4074450576727,BOR,23
4980.0,177.1499904,0.0,1.0,6.0,4280.818622236447,-1544.3845951138946,BOR,23
4990.0,158.4024901025805,0.0,1.0,4.0,4411.381771061676,-1512.9111910893914,BOR,23
5000.0,141.18671945290401,0.0,1.0,3.5,4502.9035210398915,-1487.7112305411126,BOR,23
5010.0,129.50000213333334,0.0,1.0,2.6666666666666665,4578.620522400157,-1457.7030115821217,BOR,23
5020.0,119.5312528,0.0,1.0,2.0,4654.839117942867,-1411.768590134553,BOR,23
5030.0,109.517856,0.0,1.0,2.0,4716.480947173975,-1349.1841497831495,BOR,23
5040.0,100.78056292748616,0.0,1.0,1.5,4767.246301184684,-1255.8372251593814,BOR,23
5050.0,90.99562368,0.0,0.25,1.0,4795.107218181405,-1142.346275146317,BOR,23
5060.0,83.40714080000001,3.7919696,0.0,1.0,4792.015226606527,-1022.5078513477519,BOR,24
5070.0,77.66166698666666,29.676666026666666,0.0,1.0,4771.451473341154,-936.009597964665,BOR,24
5080.0,80.62027932444444,38.33416874666667,0.0,1.0,4736.213759329472,-869.3773289706073,BOR,24
5090.0,89.15891445925926,44.45139022222222,0.0,1.0,4669.88032134332,-792.111664252163,BOR,24
5100.0,94.1062512,48.0531256,0.0,1.0,4578.173529294518,-737.4589668181353,BOR,24
5110.0,101.0527815111111,52.39861404444444,0.0,2.0,4499.391428885966,-714.9056173295406,BOR,24
5120.0,114.06825874285714,62.65516251428571,0.0,2.0,4411.442428175257,-710.9922762056049,BOR,24
5130.0,122.7125024,69.7125024,0.0,2.0,4347.176931618818,-711.7835529167673,BOR,24
5140.0,132.76000256,79.16500223999999,0.0,2.3333333333333335,4229.495291683257,-717.2269235724435,BOR,24
5150.0,141.6714313142857,88.38036022857142,0.0,3.0,4090.3827225835794,-728.0693879045602,BOR,24
5170.0,161.88959573333332,96.1937536,0.0,3.0,3971.0,-741.0,BOR,24
5180.0,174.25729786666665,99.78437679999999,0.0,3.5,3881.7541000792908,-750.6099317175998,BOR,24
5190.0,186.3093792,100.0,0.0,4.0,3732.3395429914844,-768.2003325211044,BOR,24
5200.0,192.4500032,100.0,0.0,4.0,3591.557289819235,-783.0436591209269,BOR,24
5210.0,202.15888498907813,100.0,0.0,4.0,3525.0,-789.0,BOR,24
5220.0,208.0,100.0,0.0,5.0,3465.2200077639673,-794.2007261249548,BOR,24
5230.0,212.7031208,100.0,0.0,5.0,3329.0,-806.0,BOR,24
5240.0,215.0,100.0,0.0,5.0,3264.3281046716743,-811.3847694781265,BOR,24
5250.0,218.8749952,100.0,0.0,5.0,3171.5,-819.0,BOR,24
5260.0,221.0,100.0,0.0,5.0,3115.844195725872,-823.6106449567543,BOR,24
5270.0,227.8750016,100.0,0.0,5.0,2856.0,-846.0,BOR,24
5280.0,229.0,100.0,0.0,6.0,2828.571530571577,-848.382070504509,BOR,25
5300.0,239.9470778547046,100.0,0.0,6.0,2713.1170008794747,-858.5923440809833,BOR,25
5310.0,245.4625024,100.0,0.0,6.0,2567.4882855182213,-871.2980115366782,BOR,25
5320.0,249.0,100.0,0.0,6.0,2438.006193524005,-881.8377735901207,BOR,25
5330.0,249.578128,100.0,0.0,6.0,2412.0,-884.0,BOR,25
5340.0,252.703128,100.0,0.0,6.0,2273.0,-896.0,BOR,25
5350.0,254.0,100.0,0.0,6.0,2215.0274861348394,-901.0010179179465,BOR,25
5360.0,254.79250048,100.0,0.0,6.0,2103.9292654630344,-910.4491320085572,BOR,25
5370.0,256.75500288,100.0,0.0,6.0,1991.0,-920.0,BOR,25
5380.0,258.2437504,100.0,0.0,6.0,1885.1623087815683,-929.2246529096833,BOR,25
5390.0,259.0,100.0,0.0,6.0,1764.717112245806,-939.5788785391551,BOR,25
5400.0,261.7843768,100.0,0.0,6.5,1642.2828180295605,-950.113157963689,BOR,25
5420.0,262.4916672,100.0,0.0,7.0,1406.0,-971.0,BOR,25
5430.0,263.0,100.0,0.0,7.0,1286.961204028289,-981.6355094784184,BOR,25
5450.0,265.1734384,100.0,0.0,7.0,1208.0916700858954,-988.1306002998308,BOR,25
5460.0,266.8000012,100.0,0.0,7.0,1081.5633811092437,-998.2612814403569,BOR,25
0.0,280.0375018666667,100.0,0.0,7.0,1038.9422871581512,-1002.8822977484155,LAW,1
20.0,286.9784960049328,100.0,0.0,7.0,702.1552755304328,-1032.072232482396,LAW,1
30.0,289.0,100.0,0.0,7.0,600.4350943743295,-1040.6616316355025,LAW,1
50.0,293.1125008,100.0,0.0,7.0,498.92263053991496,-1049.4632497368536,LAW,1
60.0,295.0,100.0,0.0,7.0,380.40102350656406,-1060.402972529171,LAW,1
70.0,296.3472213333333,100.0,0.0,7.0,297.0,-1068.0,LAW,1
90.0,299.4236124444444,100.0,0.0,7.0,113.55532094727931,-1083.9873134445893,LAW,1
100.0,301.6166656,100.0,0.0,7.0,-1.0,-1094.0,LAW,1
120.0,305.14166613333333,100.0,0.0,7.5,-187.21668987562032,-1110.59527662197,LAW,1
140.0,308.0,100.0,0.0,8.0,-475.15119623152543,-1135.6209892239497,LAW,1
150.0,308.38308565431583,100.0,0.0,8.0,-560.0,-1143.0,LAW,1
160.0,309.0,100.0,0.0,8.0,-685.4619062168845,-1153.9726733545124,LAW,1
170.0,309.88,100.0,0.0,8.0,-834.0,-1167.0,LAW,1
180.0,310.0,100.0,0.0,8.0,-850.8766868870887,-1168.4717636862517,LAW,1
200.0,312.0,100.0,0.0,8.0,-1000.3678463243034,-1181.3742653931267,LAW,1
210.0,312.0,100.0,0.0,8.0,-1076.0,-1188.0,LAW,1
230.0,312.1,100.0,0.0,8.0,-1294.1560392407873,-1207.388607003325,LAW,2
250.0,314.0,100.0,0.0,8.0,-1416.874990431788,-1218.3812857934079,LAW,2
260.0,313.1343744,100.0,0.0,8.0,-1550.0766220445287,-1230.091323853948,LAW,2
270.0,313.0,100.0,0.0,8.0,-1735.0,-1246.0,LAW,2
280.0,313.0,100.0,0.0,8.0,-1849.9491597308693,-1255.6661800769725,LAW,2
300.0,312.1312496,100.0,0.0,8.0,-1982.0091428336402,-1267.0826525436164,LAW,2
320.0,312.0,100.0,0.0,8.0,-2180.3747109657825,-1285.1978511448447,LAW,2
340.0,311.8218744,100.0,0.0,8.0,-2490.6804470316047,-1312.462350598172,LAW,2
350.0,311.0,100.0,0.0,8.0,-2591.0602401460037,-1321.0352741913616,LAW,2
370.0,311.0,100.0,0.0,8.0,-2675.0,-1328.0,LAW,2
390.0,311.0,100.0,0.0,8.0,-2857.250800820535,-1343.9199308658515,LAW,2
400.0,311.0,100.0,0.0,8.0,-3002.0,-1357.0,LAW,2
410.0,311.0,100.0,0.0,8.0,-3037.1532118263276,-1360.052246468249,LAW,2
420.0,310.05749951999996,100.0,0.0,8.0,-3203.331742467405,-1374.0586362965746,LAW,2
440.0,309.0,100.0,0.0,8.0,-3419.9667681042943,-1392.9764560515698,LAW,3
450.0,309.0,100.0,0.0,8.0,-3567.0,-1406.0,LAW,3
460.0,309.0,100.0,0.0,8.0,-3698.0597588645096,-1417.720944028841,LAW,3
480.0,309.0,100.0,1.0,8.0,-3908.391168917165,-1436.7314461377218,LAW,3
490.0,280.85622720000003,25.93744,1.0,8.0,-3961.4461932487743,-1441.283563733499,LAW,3
500.0,251.13497216,0.0,1.0,8.0,-4019.0,-1446.0,LAW,3
510.0,242.0,0.0,1.0,8.0,-4042.3982239631896,-1448.0555676233705,LAW,3
540.0,164.95793687272726,0.0,1.0,8.0,-4501.0,-1486.0,LAW,3
550.0,159.3765662589948,0.0,1.0,6.0,-4541.816853064232,-1486.7484003287057,LAW,3
560.0,148.52999808,0.0,1.0,3.6666666666666665,-4666.016951349214,-1485.654835203157,LAW,3
570.0,138.61428662857145,0.0,1.0,2.5,-4777.650871121668,-1476.2973250759292,LAW,3
580.0,123.71041439999999,0.0,1.0,2.0,-4883.512795859421,-1450.3695070213387,LAW,3
590.0,108.77856731428571,0.0,1.0,2.0,-4973.776563090991,-1402.929981227123,LAW,3
600.0,100.29362921549105,0.0,1.0,2.0,-5046.351063171227,-1328.9074486906165,LAW,3
610.0,91.88571428571429,0.0,1.0,2.0,-5097.3263487919,-1242.4093963112507,LAW,3
620.0,85.99196428571429,0.0,0.75,2.0,-5117.650414046418,-1172.7483932800815,LAW,3
630.0,80.73266564266666,0.0,0.0,2.0,-5123.822206031754,-1048.3607400507622,LAW,3
640.0,75.63333241904762,9.466670323809524,0.0,2.0,-5101.100684699962,-961.6420157327743,LAW,3
650.0,76.31666773333333,28.510418666666666,0.0,2.0,-5040.435112906302,-868.1203905857642,LAW,3
660.0,81.19666794666666,34.09833397333333,0.0,2.0,-4977.260922234504,-817.9271542652161,LAW,4
670.0,87.60958485333333,40.15604314666667,0.0,2.0,-4875.334380326549,-787.9757746738769,LAW,4
680.0,95.195314,46.24906376,0.0,2.0,-4694.674179543217,-815.7801140658244,LAW,4
690.0,101.51145893333334,40.79477946666666,0.0,2.0,-4600.967577203756,-855.5195638114322,LAW,4
700.0,98.97624832,0.0,1.0,2.0,-4507.622309095516,-884.9767312419694,LAW,4
710.0,93.39916458666666,0.0,1.0,2.0,-4424.724265339531,-903.0673820986104,LAW,4
720.0,87.0093744,0.0,0.5,2.0,-4305.022665717186,-902.9667412655862,LAW,4
730.0,84.38749920000001,0.0,0.0,2.0,-4230.400083432169,-881.2221241765753,LAW,4
740.0,79.05492460606061,2.387120096969697,0.0,2.0,-4171.749761666823,-806.165781420718,LAW,4
750.0,77.64189105240494,21.65399501443591,0.0,2.0,-4146.9092401407825,-717.4325670827474,LAW,4
760.0,82.1870332468083,34.41064151524785,0.0,2.0,-4143.029862691823,-575.09876149608,LAW,4
770.0,88.83703893333335,45.82592995555556,0.0,2.0,-4161.348449338166,-493.3301614056267,LAW,4
780.0,97.82222222222224,60.62222222222223,0.0,2.0,-4208.868328780229,-403.3718817884885,LAW,4
790.0,112.1625056,68.81875360000001,0.0,2.0,-4275.528276730834,-318.66408777188326,LAW,4
800.0,119.9000064,74.916672,0.0,2.0,-4310.0,-280.0,LAW,4
810.0,130.64625504,83.09750335999999,0.0,2.0,-4368.346969935288,-205.44298557351811,LAW,4
820.0,143.77125504,91.84750335999999,0.0,2.5,-4419.923894736507,-122.708533357376,LAW,4
830.0,159.40625599999998,90.69166506666667,0.0,3.0,-4466.53297935782,-25.93201876467148,LAW,4
840.0,166.953128,92.97187679999999,0.0,3.0,-4497.2488072273245,60.91864492233932,LAW,4
850.0,175.69375359999998,100.0,0.0,4.0,-4533.772825886311,222.04097653257497,LAW,4
860.0,181.0,100.0,0.0,4.0,-4544.234867417038,279.35871188780993,LAW,4
870.0,194.2732173714286,100.0,0.0,4.0,-4548.598251993293,323.4554771149435,LAW,4
880.0,201.34464594285714,100.0,0.0,4.5,-4561.400008436601,441.7175430699861,LAW,5
890.0,212.02917546666666,100.0,0.0,5.0,-4567.0,585.0,LAW,5
900.0,214.0,100.0,0.0,5.0,-4566.5778682776945,617.5204252282792,LAW,5
910.0,220.66458613333333,100.0,0.0,5.0,-4560.781698669061,798.8493458765106,LAW,5
920.0,227.0,100.0,0.0,5.0,-4558.577377450791,879.5802893856138,LAW,5
930.0,229.5687536,100.0,0.0,5.0,-4552.0,969.0,LAW,5
940.0,233.0,100.0,0.0,6.0,-4533.5314249443545,1176.2129142529848,LAW,5
950.0,233.7437584,100.0,0.0,6.0,-4532.0,1192.0,LAW,5
970.0,247.28500096,100.0,0.0,6.0,-4511.6178036599595,1327.129012481422,LAW,5
980.0,249.6561583243302,100.0,0.0,6.0,-4485.67288651588,1454.3996584902375,LAW,5
1050.0,270.0890936319299,100.0,0.0,6.0,-4216.0,2030.0,LAW,5
1060.0,272.7312512,100.0,0.0,7.0,-4145.043145585678,2108.3349489758434,LAW,5
1070.0,275.0,100.0,0.0,7.0,-4025.4724828624353,2216.7106147546583,LAW,5
1090.0,277.7312512,100.0,0.0,7.0,-3857.589275081964,2342.9828683260966,LAW,5
1120.0,280.83541240265936,100.0,0.0,7.0,-3589.5845487469396,2486.473896536503,LAW,6
1140.0,283.6,100.0,0.0,7.0,-3351.631601428688,2584.2423659504766,LAW,6
1160.0,285.63333546666667,100.0,0.0,7.0,-3181.0,2637.0,LAW,6
1210.0,290.4750016,100.0,0.0,7.0,-2737.0,2772.0,LAW,6
1220.0,292.0,100.0,0.0,7.0,-2593.2290121711235,2817.7001516969467,LAW,6
1240.0,292.99250048,100.0,0.0,7.0,-2442.913730047531,2866.3545624708104,LAW,6
1250.0,293.98500096,100.0,0.0,7.0,-2289.0,2918.0,LAW,6
1270.0,294.90749952,100.0,0.0,8.0,-2030.2052893266866,3011.372384424031,LAW,6
1290.0,294.0,100.0,0.0,8.0,-1910.9668942571575,3054.8476930852007,LAW,6
1300.0,295.0,100.0,0.0,8.0,-1826.4158807671065,3086.7699876875386,LAW,6
1310.0,295.0,100.0,0.0,8.0,-1797.0,3098.0,LAW,6
1320.0,295.0,100.0,0.0,8.0,-1553.0,3192.0,LAW,7
1330.0,295.0,100.0,0.0,8.0,-1483.4975666842536,3219.45306390819,LAW,7
1340.0,294.0,100.0,0.0,8.0,-1289.0451626613585,3298.4287278773813,LAW,7
1350.0,294.0,100.0,0.0,8.0,-1244.0,3317.0,LAW,7
1360.0,294.0,100.0,0.0,8.0,-1153.0349827477137,3354.940779160209,LAW,7
1380.0,295.0,100.0,0.0,8.0,-1063.149319670971,3393.624090283775,LAW,7
1390.0,295.0,100.0,0.0,8.0,-979.0,3430.0,LAW,7
1400.0,295.0,100.0,0.0,8.0,-910.2551926854808,3459.8455147788786,LAW,7
1410.0,294.2624992,99.2624992,0.0,8.0,-770.0,3523.0,LAW,7
1420.0,294.0,99.0,1.0,8.0,-725.9211932517812,3542.9848485090556,LAW,7
1430.0,270.17998848,0.7424524799999972,1.0,8.0,-582.7524856464518,3607.5584641661408,LAW,7
1450.0,213.78332586666667,0.0,1.0,8.0,-348.59385385581965,3711.6583050311183,LAW,7
1460.0,190.44999253333333,0.0,1.0,8.0,-271.3690514844777,3745.77976475622,LAW,7
1470.0,168.1499904,0.0,1.0,8.0,-164.30774526363632,3793.2939200860355,LAW,7
1480.0,154.0,0.0,1.0,6.0,-81.59698281706012,3826.143799181885,LAW,7
1490.0,142.84374400000002,0.0,1.0,4.5,-15.454734779355205,3847.6427149202873,LAW,7
1500.0,135.6610211866719,0.0,1.0,3.0,71.03133628039686,3866.9075182865054,LAW,7
1510.0,125.05438980970314,0.0,1.0,2.5,152.82116631766075,3872.7949169773474,LAW,7
1520.0,115.35624914285714,0.0,1.0,2.0,268.9879112380666,3845.50378290292,LAW,7
1530.0,108.58888817777779,0.0,1.0,2.0,363.5580037297227,3787.4610080574553,LAW,7
1540.0,103.16597514781081,8.575011199999999,0.3333333333333333,2.0,432.1944908507848,3715.5658397694715,LAW,8
1550.0,104.4875,43.9125,0.0,2.0,484.48388307853594,3636.4925317215652,LAW,8
1560.0,110.30416853333334,52.962502400000005,0.0,2.0,524.2399090721718,3546.5755591402744,LAW,8
1570.0,116.30714422857143,65.46785737142858,0.0,2.0,554.8526198512537,3434.422411272338,LAW,8
1580.0,124.0,70.0,0.0,2.0,573.8174726329248,3332.082115206561,LAW,8
1590.0,134.92250816,80.92250816,0.0,2.0,579.5,3262.5,LAW,8
1600.0,141.0,87.0,0.0,3.0,585.0638785734459,3197.7485520250075,LAW,8
1610.0,154.9125056,99.91875519999999,0.0,3.0,599.0666408695452,3049.2992898388447,LAW,8
1620.0,166.0,100.0,0.0,3.0,605.0264320509891,2986.990597814678,LAW,8
1630.0,177.843752,100.0,0.0,4.0,620.8826280144615,2862.276056864974,LAW,8
1640.0,184.1281328,100.0,0.0,4.0,640.0,2715.0,LAW,8
1650.0,194.0,100.0,0.0,4.0,651.3346609381887,2632.1645101525855,LAW,8
1660.0,199.8500096,100.0,0.0,4.0,657.0,2594.0,LAW,8
1670.0,211.3062544,100.0,0.0,5.0,676.432502977861,2462.980136996741,LAW,8
1690.0,220.9312544,100.0,0.0,5.0,696.1752547608805,2337.956835130426,LAW,8
1700.0,224.7125024,100.0,0.0,5.0,722.2790166876102,2188.7659099440207,LAW,8
1710.0,229.0,100.0,0.0,5.0,740.6902746610963,2088.272014906869,LAW,8
1720.0,233.58928914285715,100.0,0.0,5.0,771.0,1954.0,LAW,8
1730.0,234.0,100.0,0.0,6.0,775.6163092347742,1935.3596938377725,LAW,8
1740.0,239.2125024,100.0,0.0,6.0,823.2848878861346,1752.7491979631045,LAW,8
1760.0,246.1062512,100.0,0.0,6.0,875.4597188154846,1599.1183892007643,LAW,9
1770.0,248.0,100.0,0.0,6.0,906.0019279695558,1517.7670504803878,LAW,9
1780.0,248.9785728,100.0,0.0,6.0,951.0,1418.0,LAW,9
1790.0,250.0,100.0,0.0,6.0,1024.8042493145256,1279.8385863401645,LAW,9
1800.0,250.4750016,100.0,0.0,6.0,1050.0,1235.0,LAW,9
1810.0,252.16041706666667,99.67916586666666,0.0,6.0,1102.349507046345,1155.8016068295715,LAW,9
1830.0,253.0,98.0,0.0,6.0,1177.8628318288174,1067.3094230662093,LAW,9
1840.0,253.0,75.0531248,0.0,6.0,1287.6073470373813,952.9929103897243,LAW,9
1850.0,253.0,75.8656256,0.0,6.0,1360.5817320022202,894.9551964998291,LAW,9
1870.0,251.0249984,61.6812384,0.0,6.0,1575.0,772.0,LAW,9
1880.0,249.0,47.0,0.0,6.0,1702.7808968761838,721.5849244479239,LAW,9
1900.0,246.17910453464026,47.94029848845325,0.0,6.0,1768.9882113732435,706.0909937041345,LAW,9
1910.0,243.8,56.25,0.0,6.0,1840.0,691.0,LAW,9
1920.0,242.02499840000002,62.906256,0.0,6.0,1933.4412649787978,674.8032147288318,LAW,9
1940.0,240.76666666666665,64.28333333333333,0.0,6.0,2135.5031064762743,663.4982614085909,LAW,9
1950.0,239.0,74.0,0.0,6.0,2266.3010098057002,677.642986830959,LAW,9
1960.0,239.48888888888888,76.93333333333334,0.0,6.0,2364.0,702.0,LAW,9
1970.0,239.9916672,79.9500032,0.0,6.0,2478.0,740.0,LAW,9
1980.0,240.0,80.0,0.0,6.0,2480.3195109605363,740.9465413335712,LAW,10
1990.0,240.0,79.07678537142857,0.0,6.0,2712.014659833254,856.3169320125801,LAW,10
2020.0,240.16041706666667,95.35833173333333,0.0,6.0,2914.3730485342453,1026.7083078977757,LAW,10
2030.0,241.0,92.0,0.0,6.0,2971.7321131626645,1090.7621900556128,LAW,10
2040.0,241.70357211428572,86.37142308571428,0.0,6.0,3032.0,1155.0,LAW,10
2050.0,242.0,80.97186479999999,0.0,6.0,3086.647042962186,1205.184672945818,LAW,10
2070.0,242.0,49.8843744,0.0,6.0,3249.1581635459834,1322.6887057705499,LAW,10
2080.0,242.0,49.0,0.0,6.0,3391.20236282031,1383.3647278509131,LAW,10
2090.0,239.8781208,49.0,0.0,6.0,3484.0,1418.0,LAW,10
2100.0,235.0,49.0,0.0,6.0,3572.226863192454,1440.0091911740838,LAW,10
2110.0,233.1437488,45.2874976,0.0,6.0,3632.768540725526,1443.6312195087755,LAW,10
2120.0,232.0374976,52.7000192,0.0,6.0,3691.0,1449.0,LAW,10
2130.0,230.0,69.0,0.0,6.0,3798.3796430905977,1450.8806073516453,LAW,10
2140.0,231.0944455111111,76.66111857777778,0.0,6.0,3923.0,1440.0,LAW,10
2150.0,231.9916672,82.94167039999999,0.0,6.0,4025.0109790478127,1421.7613180076469,LAW,10
2160.0,234.0,90.0,0.0,6.0,4142.849193862582,1387.5471467796983,LAW,10
2170.0,234.58500096,95.85000959999999,0.0,6.0,4222.0,1359.0,LAW,10
2180.0,235.0,100.0,0.0,6.0,4268.1315243721465,1339.5345363169758,LAW,10
2190.0,237.9500032,100.0,0.0,6.0,4352.0,1295.0,LAW,10
2200.0,241.0,100.0,0.0,6.0,4448.858929831564,1232.2853072506837,LAW,11
2210.0,242.4625024,100.0,0.0,6.0,4517.0,1179.0,LAW,11
2220.0,244.0,100.0,0.0,6.0,4593.7737094585755,1109.5272104065784,LAW,11
2230.0,247.57000191999998,100.0,0.0,6.0,4696.460687864679,1007.2419649394934,LAW,11
2240.0,249.0,100.0,0.0,6.0,4781.628634766242,914.5554352649865,LAW,11
2250.0,250.14166826666667,100.0,0.0,6.0,4834.0,852.0,LAW,11
2260.0,250.90416746666665,100.0,0.0,6.0,4874.106498509565,802.662170574985,LAW,11
2280.0,253.15047018924736,100.0,0.0,6.0,5005.846003371798,635.6673530125549,LAW,11
2300.0,253.96394975017938,100.0,0.0,6.0,5120.844262158406,492.96399521491776,LAW,11
2310.0,254.0,100.0,0.0,6.0,5235.947469063192,360.92097873053774,LAW,11
2330.0,255.0,100.0,0.0,6.0,5356.449340627512,224.01239597635032,LAW,11
2340.0,255.0,100.0,0.0,6.0,5418.01057626591,153.46506488255986,LAW,11
2350.0,255.0,100.0,0.0,6.0,5511.368918461565,46.30264967525801,LAW,11
2360.0,256.0,100.0,0.0,6.0,5597.416546807326,-49.54198648010165,LAW,11
2370.0,256.0,100.0,0.0,6.0,5605.0,-58.0,LAW,11
2380.0,256.0,100.0,0.0,6.0,5673.361882350406,-134.74632856289222,LAW,11
2390.0,256.8666666666667,100.0,0.0,6.0,5747.5,-217.5,LAW,11
2400.0,258.0,100.0,0.0,6.0,5853.20181413042,-335.0704519809593,LAW,11
2420.0,258.0,100.0,0.0,6.0,5945.3020273016955,-440.6105916368201,LAW,12
2430.0,255.9656232,93.218744,0.0,6.0,6050.0,-561.0,LAW,12
2440.0,255.0,90.0,1.0,6.0,6090.765566760061,-606.1552188967587,LAW,12
2450.0,247.0,0.0,1.0,6.0,6164.766022584518,-688.8391496436609,LAW,12
2460.0,236.95355154285716,0.0,1.0,6.0,6219.0,-758.0,LAW,12
2470.0,220.22677577142858,0.0,1.0,6.0,6321.608459608993,-896.2162984526749,LAW,12
2480.0,205.2874976,0.0,1.0,5.0,6359.4021805470875,-961.1106368210342,LAW,12
2490.0,201.0,0.0,1.0,5.0,6383.372673272217,-1034.7323904282694,LAW,12
2500.0,188.0374976,0.0,1.0,5.0,6418.310237416623,-1157.4867885275014,LAW,12
2510.0,185.0,0.0,1.0,4.0,6428.870272613873,-1220.2264479630173,LAW,12
2520.0,180.00277404444444,19.988903822222223,1.0,4.0,6425.0,-1331.0,LAW,12
2530.0,177.0124992,53.6750208,0.0,4.0,6411.298192626014,-1419.633231302346,LAW,12
2540.0,177.48500095999998,78.51499903999999,0.0,4.0,6382.892402866325,-1529.7990689336243,LAW,12
2550.0,179.6062512,77.1968744,0.0,4.0,6352.491201916228,-1613.9366543222673,LAW,12
2560.0,184.953128,77.9906256,0.0,4.0,6310.506452336016,-1701.826532963962,LAW,12
2570.0,190.0,87.0,0.0,4.0,6203.338067784823,-1855.373688397939,LAW,12
2580.0,191.4250048,86.18571154285715,0.0,4.0,6183.0,-1882.0,LAW,12
2590.0,197.4534106181818,83.77727534545454,0.0,5.0,6130.780284660044,-1936.5318586509547,LAW,12
2600.0,201.08863941818183,90.00909614545455,0.0,5.0,6037.0,-2009.0,LAW,12
2610.0,204.0,95.0,0.0,5.0,5941.914428606009,-2060.440715420886,LAW,12
2620.0,205.9250048,95.9625024,0.0,5.0,5905.0,-2077.0,LAW,12
2640.0,213.7125024,99.8562512,0.0,5.0,5772.793105973187,-2120.605931932102,LAW,13
2650.0,220.4968792,100.0,0.0,5.0,5677.019728332978,-2143.5405144192964,LAW,13
2660.0,225.31750528,100.0,0.0,5.0,5575.0,-2164.0,LAW,13
2670.0,231.95875264,100.0,0.0,5.5,5422.105622487322,-2189.139474959196,LAW,13
2690.0,238.0322578277258,100.0,0.0,6.0,5268.133589926496,-2209.4685038366188,LAW,13
2700.0,242.96774400739923,100.0,0.0,6.0,5039.815980327507,-2224.0574948171525,LAW,13
2720.0,247.015624,100.0,0.0,6.0,4932.0,-2227.0,LAW,13
2730.0,248.0,100.0,0.0,6.0,4896.311388381853,-2227.9426063857204,LAW,13
2740.0,251.14285714285714,100.0,0.0,6.0,4771.8701109520425,-2231.814983997262,LAW,13
2760.0,255.78571428571428,100.0,0.0,6.0,4587.330595339628,-2238.4155947706813,LAW,13
2770.0,260.4,100.0,0.0,6.0,4452.0,-2246.0,LAW,13
2780.0,263.0,100.0,0.0,6.0,4385.655145067015,-2250.00055640025,LAW,13
2790.0,265.67000192,100.0,0.0,6.0,4234.963540744292,-2259.729965897214,LAW,13
2810.0,268.4818222545455,100.0,0.0,6.0,4009.0,-2275.0,LAW,13
2830.0,273.1156256,100.0,0.0,7.0,3881.6422620181384,-2284.4169386371223,LAW,13
2840.0,274.0,100.0,0.0,7.0,3790.7941945391613,-2290.228220658517,LAW,13
2850.0,275.1062512,100.0,0.0,7.0,3645.0,-2299.0,LAW,13
2860.0,276.0,100.0,0.0,7.0,3548.131942237158,-2304.4468974858337,LAW,14
2870.0,276.4875008,100.0,0.0,7.0,3446.0,-2311.0,LAW,14
2880.0,277.0,100.0,0.0,7.0,3288.136591539802,-2322.382048669239,LAW,14
2890.0,277.2750006857143,100.0,0.0,7.0,3200.0,-2329.0,LAW,14
2900.0,278.0,100.0,0.0,7.0,3097.0024357094776,-2337.6687477547066,LAW,14
2910.0,278.4178578285714,100.0,0.0,7.0,3046.0,-2343.0,LAW,14
2930.0,279.13750034285715,100.0,0.0,7.0,2892.2467271998376,-2358.8312425650524,LAW,14
2950.0,280.1781256,100.0,0.0,7.0,2684.023670597371,-2379.5468195406374,LAW,14
2970.0,281.9281256,100.0,0.0,7.0,2416.3667445181345,-2408.174553753789,LAW,14
3000.0,246.81605805714287,0.0,1.0,7.0,2088.9065429621833,-2446.270358009209,LAW,14
3020.0,206.328116,0.0,1.0,7.0,1902.392334212529,-2470.220949491425,LAW,14
3030.0,176.1499904,0.0,1.0,7.0,1800.8100972890513,-2484.5332649404604,LAW,14
3040.0,149.1499904,0.0,1.0,6.0,1683.7627992528624,-2502.493737651899,LAW,14
3050.0,140.62221795555556,0.0,1.0,4.0,1608.2108803044434,-2515.416034736375,LAW,14
3060.0,127.28888462222223,0.0,1.0,3.0,1502.0279926553792,-2536.7753509534923,LAW,14
3070.0,116.23248992,0.0,1.0,2.0,1434.5,-2555.0,LAW,14
3080.0,99.1531232,0.0,1.0,1.0,1330.3868117417176,-2598.10616307406,LAW,15
3090.0,92.59856640032885,0.0,1.0,1.0,1250.2978069147948,-2674.6962574091085,LAW,15
3100.0,80.55749952,9.31000576,0.0,1.0,1221.5196547929436,-2772.496780527652,LAW,15
3110.0,80.71560498743874,26.734074811581127,0.0,1.0,1240.1005449398078,-2853.3388924945534,LAW,15
3120.0,86.51428754285713,44.02857508571429,0.0,1.0,1288.5978150698631,-2935.009342815428,LAW,15
3130.0,93.35000248888889,54.78333653333333,0.0,1.0,1355.3351276971605,-2999.861166844994,LAW,15
3140.0,104.01704872727274,64.60340974545454,0.0,1.0,1458.2546519173516,-3071.0209231025583,LAW,15
3150.0,116.0,67.0,0.0,2.0,1587.931649020003,-3148.119655395028,LAW,15
3160.0,126.96042186666668,82.35417066666668,0.0,2.0,1722.2562849069138,-3226.038975403278,LAW,15
3180.0,146.81875359999998,88.84250048,0.0,2.5,1872.9539124417615,-3318.390112090374,LAW,15
3190.0,153.1531352,89.3031256,0.0,3.0,1947.0,-3369.0,LAW,15
3200.0,165.64750336,90.0,0.0,3.0,2030.4256189227528,-3436.7386815984432,LAW,15
3210.0,173.7312512,90.57708373333332,0.0,4.0,2116.9768841514183,-3530.0699418504555,LAW,15
3220.0,180.3968816,95.4156304,0.0,4.0,2179.0,-3620.0,LAW,15
3230.0,186.51818356363637,100.0,0.0,4.0,2221.3945093324046,-3707.4055335599483,LAW,15
3280.0,202.1062512,100.0,0.0,5.0,2295.066766527992,-4171.239038970855,LAW,15
3290.0,204.7312512,100.0,0.0,5.0,2288.872777931382,-4289.178187456823,LAW,15
3300.0,207.97750144,100.0,0.0,5.0,2271.8453753623544,-4414.8599733405945,LAW,16
3320.0,210.5171884,100.0,0.0,5.0,2235.7700498791837,-4569.1960879946455,LAW,16
3330.0,213.4136389818182,100.0,0.0,5.0,2195.0,-4698.0,LAW,16
3350.0,216.57045585454546,100.0,0.0,5.0,2145.7804677345284,-4827.427046985724,LAW,16
3360.0,212.13249472,55.74995200000001,0.0,5.0,2094.0,-4941.5,LAW,16
3370.0,205.15359916667603,0.0,1.0,5.0,2025.3554562584104,-5068.083243415735,LAW,16
3390.0,189.71882968976482,0.0,1.0,5.0,1928.7018313838635,-5210.483552217484,LAW,16
3400.0,177.35732500517673,0.0,1.0,5.0,1873.0,-5280.0,LAW,16
3410.0,161.07999744,0.0,1.0,3.75,1782.441481584427,-5378.469137146243,LAW,16
3430.0,152.25714285714287,0.0,1.0,3.0,1616.9199001673444,-5486.49719635647,LAW,16
3440.0,145.73333333333332,0.0,1.0,3.0,1519.0,-5506.0,LAW,16
3450.0,143.398436,6.1359528,0.0,3.0,1462.1409384558642,-5508.525360650137,LAW,16
3460.0,139.492186,45.9797028,0.0,3.0,1364.1027315876918,-5504.67760209446,LAW,16
3470.0,145.9890652,69.6375072,0.0,3.0,1253.3926685153447,-5479.874172418658,LAW,16
3480.0,152.7125024,76.06875360000001,0.0,3.0,1141.3122513340395,-5433.693206089651,LAW,16
3490.0,158.0,84.0,0.0,3.0,1066.384158968112,-5389.721295493586,LAW,16
3500.0,166.54375520000002,88.54375519999999,0.0,3.0,993.05573778243,-5332.374770360013,LAW,16
3510.0,175.75208853333334,97.75208853333334,0.0,3.5,931.2267770852129,-5278.402721240867,LAW,16
3520.0,183.6045533090909,100.0,0.0,4.0,865.0,-5216.0,LAW,17
3530.0,195.9386402909091,100.0,0.0,4.0,721.4114649061448,-5086.4696697370455,LAW,17
3540.0,204.0,100.0,0.0,5.0,670.0442652743754,-5039.823713160748,LAW,17
3550.0,209.19750335999998,100.0,0.0,5.0,616.8207541846702,-4992.229035313714,LAW,17
3560.0,218.4250048,100.0,0.0,5.0,526.6700546303334,-4912.2146445130375,LAW,17
3570.0,223.79500672,100.0,0.0,5.0,460.0,-4852.0,LAW,17
3580.0,226.0,100.0,0.0,5.0,435.22657958007505,-4829.784596819331,LAW,17
3590.0,232.55500288000002,100.0,0.0,5.0,350.16028079369977,-4754.4901742378715,LAW,17
3610.0,238.0,100.0,0.0,6.0,287.0384730397334,-4697.768194563359,LAW,17
3620.0,244.52857417142857,100.0,0.0,6.0,190.24605199460092,-4610.967359260536,LAW,17
3640.0,249.63333546666667,100.0,0.0,6.0,65.93095706024579,-4500.385402987033,LAW,17
3650.0,254.26667093333333,100.0,0.0,6.0,-42.0,-4403.0,LAW,17
3660.0,257.2569457777778,100.0,0.0,6.0,-117.10796619599007,-4335.84634309795,LAW,17
3680.0,260.8472248888889,100.0,0.0,6.0,-256.0,-4211.0,LAW,17
3690.0,262.4812512,100.0,0.0,6.0,-321.93411888664514,-4151.826098533833,LAW,17
3700.0,264.9625024,100.0,0.0,6.0,-431.0,-4055.0,LAW,17
3710.0,266.0,100.0,0.0,7.0,-472.21117928429754,-4017.513461791569,LAW,17
3720.0,267.0,100.0,0.0,7.0,-549.798566952281,-3949.1380115499587,LAW,17
3730.0,267.48500096,100.0,0.0,7.0,-624.0,-3900.0,LAW,17
3740.0,268.0,100.0,0.0,7.0,-731.5906501257186,-3839.1915113004507,LAW,18
3750.0,268.0,100.0,0.0,7.0,-868.0,-3769.0,LAW,18
3760.0,268.0,100.0,0.0,7.0,-942.2736176183967,-3742.6369197841086,LAW,18
3770.0,267.64779888390484,100.0,0.0,7.0,-963.0,-3740.0,LAW,18
3780.0,267.0,100.0,0.0,7.0,-1020.6279137894319,-3731.9115688949423,LAW,18
3790.0,264.68333226666664,100.0,0.0,7.0,-1185.54837376476,-3714.32181596599,LAW,18
3810.0,263.0,100.0,0.0,7.0,-1378.9849024630255,-3720.790058392708,LAW,18
3820.0,263.0,100.0,0.0,7.0,-1472.3728194759767,-3731.215323473787,LAW,18
3840.0,260.95,100.0,0.0,7.0,-1652.9015145680935,-3792.4254855634817,LAW,18
3850.0,260.0750005333333,100.0,0.0,7.0,-1853.9690437929235,-3886.292269145144,LAW,18
3870.0,261.0,100.0,0.0,7.0,-2031.7562814182738,-3978.267149201771,LAW,18
3880.0,260.05749951999996,100.0,0.0,7.0,-2123.223051779546,-4028.7333977635412,LAW,18
3890.0,261.0,100.0,0.0,7.0,-2196.398959281348,-4064.8573571726233,LAW,18
3900.0,261.9812512,100.0,0.0,7.0,-2276.0,-4097.0,LAW,18
3920.0,262.90749952,98.14999040000001,0.0,7.0,-2399.7357958387697,-4138.1447676166645,LAW,18
3980.0,258.31499904,6.2999808,0.0,7.0,-3060.0,-4181.0,LAW,19
3990.0,258.0,0.0,0.0,7.0,-3101.890444600003,-4174.86944825838,LAW,19
4000.0,246.3093672,0.0,1.0,7.0,-3248.9948472604337,-4142.903574693502,LAW,19
4020.0,226.1187344,0.0,1.0,7.0,-3465.0,-4075.0,LAW,19
4030.0,204.56457653333334,0.0,1.0,7.0,-3564.4473858250685,-4029.517888035398,LAW,19
4040.0,190.44749376,0.0,1.0,7.0,-3652.101013556344,-3978.3954763673305,LAW,19
4050.0,172.99498752,0.0,1.0,7.0,-3761.0,-3898.0,LAW,19
4060.0,165.0,0.0,1.0,4.0,-3819.612567204217,-3840.530789331343,LAW,19
4070.0,156.36498944,0.0,1.0,4.0,-3889.0,-3766.0,LAW,19
4080.0,139.9689375030303,0.0,1.0,3.0,-3947.444681600388,-3685.147831053933,LAW,19
4090.0,131.99772159999998,0.0,1.0,3.0,-3991.5,-3603.0,LAW,19
4100.0,124.7874976,0.0,1.0,3.0,-4024.8839557844826,-3521.664486420498,LAW,19
4110.0,116.83809340952382,0.0,1.0,3.0,-4048.0364248815163,-3404.6800947873962,LAW,19
4120.0,114.63333333333333,0.0,0.0,3.0,-4043.011129757689,-3296.0049867363073,LAW,19
4130.0,111.56,0.0,0.0,3.0,-4017.305725588282,-3205.889001959329,LAW,19
4140.0,107.87142765714286,3.9500032,0.0,3.0,-3974.1746254648906,-3118.582372484436,LAW,19
4150.0,107.75185208888888,31.059266844444448,0.0,3.0,-3909.157356119609,-3044.5145973558865,LAW,19
4160.0,109.73333333333333,46.8,0.0,3.0,-3835.679423243083,-2989.1048042578395,LAW,19
4170.0,115.98888888888888,59.977777777777774,0.0,3.0,-3719.51450531695,-2934.815029509958,LAW,19
4180.0,121.9625024,66.9625024,0.0,3.0,-3663.638583923459,-2916.8959499042094,LAW,20
4190.0,129.9500032,76.48750079999999,0.0,3.0,-3580.0500169198012,-2894.5413549088325,LAW,20
4200.0,139.16458613333333,79.80833493333334,0.0,3.0,-3436.3428526750045,-2862.2159092384722,LAW,20
4220.0,159.9031312,99.9437536,0.0,3.0,-3299.9475037803204,-2833.252528914558,LAW,20
4230.0,172.398442,100.0,0.0,4.0,-3185.685588394269,-2810.687374033344,LAW,20
4240.0,180.296884,100.0,0.0,4.0,-3116.0,-2798.0,LAW,20
4250.0,189.3147773090909,100.0,0.0,4.0,-3019.8753260396866,-2780.6389030549954,LAW,20
4260.0,200.22046370909092,100.0,0.0,4.0,-2897.0,-2759.0,LAW,20
4270.0,208.0,100.0,0.0,5.0,-2816.983049664307,-2745.4411493982143,LAW,20
4280.0,215.94000384,100.0,0.0,5.0,-2691.7457150151827,-2725.8104989064323,LAW,20
4300.0,222.37291946666667,100.0,0.0,5.0,-2498.4431257234664,-2696.931807906418,LAW,20
4310.0,233.15715108571428,100.0,0.0,5.0,-2399.0,-2681.0,LAW,20
4320.0,235.0,100.0,0.0,6.0,-2378.0947444078374,-2677.7520776908123,LAW,20
4330.0,241.0,100.0,0.0,6.0,-2216.425397682045,-2653.0572924542394,LAW,20
4340.0,245.44500671999998,100.0,0.0,6.0,-2130.0,-2638.5,LAW,20
4350.0,248.0,100.0,0.0,6.0,-2077.3067820399615,-2629.477557157215,LAW,20
4360.0,254.0,100.0,0.0,6.0,-1921.0286198150902,-2604.7835889363823,LAW,20
4370.0,256.9437536,100.0,0.0,6.0,-1789.0,-2584.0,LAW,20
4380.0,260.0,100.0,0.0,6.0,-1718.6674064380852,-2571.843870524806,LAW,20
4390.0,262.82917226666666,100.0,0.0,6.0,-1674.0,-2564.0,LAW,20
4400.0,268.203128,100.0,0.0,7.0,-1542.922454472378,-2541.991421564071,LAW,21
4420.0,276.328128,100.0,0.0,7.0,-1346.4440858357866,-2509.2640872344928,LAW,21
4440.0,282.0,100.0,0.0,7.0,-1169.2371289446444,-2480.186347641004,LAW,21
4450.0,283.7312512,100.0,0.0,7.0,-1053.9097244329387,-2460.949356914586,LAW,21
4480.0,291.37500266666666,100.0,0.0,7.0,-753.8644681930937,-2409.3873262410975,LAW,21
4500.0,296.0,100.0,0.0,7.0,-595.236525885241,-2382.204284846716,LAW,21
4510.0,298.2285750857143,100.0,0.0,7.0,-481.0,-2363.0,LAW,21
4520.0,300.0,100.0,0.0,8.0,-379.28032292544356,-2346.1843259311404,LAW,21
4530.0,302.1,100.0,0.0,8.0,-300.0,-2333.0,LAW,21
4550.0,307.0857142857143,100.0,0.0,8.0,-107.98573050057382,-2299.4735809703266,LAW,21
4570.0,309.65714285714284,100.0,0.0,8.0,199.78247040561504,-2241.6348642300973,LAW,21
4580.0,311.4500032,100.0,0.0,8.0,422.0,-2201.0,LAW,21
4600.0,314.0,100.0,0.0,8.0,510.9989085582005,-2184.511457951063,LAW,21
4610.0,314.79166933333335,100.0,0.0,8.0,541.0,-2179.0,LAW,21
4630.0,317.718752,100.0,0.0,8.0,783.0,-2135.0,LAW,22
4640.0,319.0,100.0,0.0,8.0,891.5071848102899,-2114.7854285421,LAW,22
4650.0,319.3250005333333,100.0,0.0,8.0,992.0,-2096.0,LAW,22
4670.0,319.91250026666665,100.0,0.0,8.0,1175.2501517459777,-2062.110147194561,LAW,22
4680.0,320.97000192,100.0,0.0,8.0,1289.0,-2041.0,LAW,22
4710.0,324.0,100.0,0.0,8.0,1669.9954259792926,-1972.4441692355513,LAW,22
4730.0,324.0,100.0,0.0,8.0,1804.362442279519,-1947.7572624704737,LAW,22
4740.0,324.0,100.0,0.0,8.0,1873.0,-1935.0,LAW,22
4750.0,324.0,100.0,0.0,8.0,1940.7785308123987,-1922.5010348609478,LAW,22
4760.0,324.0,100.0,0.0,8.0,2057.1183675109546,-1901.0248122372575,LAW,22
4790.0,324.0,100.0,0.0,8.0,2380.9550018592777,-1841.938774543058,LAW,22
4800.0,324.0,100.0,0.0,8.0,2494.866763754876,-1823.2674141850084,LAW,22
4810.0,324.0,100.0,0.0,8.0,2596.0,-1808.0,LAW,22
4820.0,324.0,100.0,0.0,8.0,2649.108485299028,-1799.9680530335463,LAW,22
4830.0,323.68863592727274,100.0,0.0,8.0,2773.0,-1781.0,LAW,22
4850.0,323.1431813818182,100.0,0.0,8.0,2986.0,-1747.0,LAW,23
4860.0,323.0,100.0,0.0,8.0,3041.9351143295703,-1738.181983949371,LAW,23
4870.0,322.1343744,100.0,0.0,8.0,3165.0941395049736,-1719.0574198980557,LAW,23
4890.0,321.4468744,100.0,0.0,8.0,3341.0,-1692.0,LAW,23
4900.0,321.0,100.0,0.0,8.0,3467.1908285418203,-1672.1171265660714,LAW,23
4910.0,312.1083157333333,59.58325333333333,0.0,8.0,3552.0,-1659.0,LAW,23
4920.0,299.0,0.0,1.0,8.0,3674.7577277869214,-1640.8626425011591,LAW,23
4930.0,292.1916437333333,0.0,1.0,8.0,3721.0,-1634.0,LAW,23
4940.0,270.6916437333333,0.0,1.0,8.0,3859.0,-1613.0,LAW,23
4950.0,256.0,0.0,1.0,8.0,3965.408759156695,-1597.3119109561146,LAW,23
4960.0,228.61249279999998,0.0,1.0,8.0,4112.181781805441,-1575.7979186041466,LAW,23
4970.0,206.2249856,0.0,1.0,8.0,4236.0,-1554.0,LAW,23
4980.0,197.0,0.0,1.0,8.0,4295.662939362137,-1541.2314210642512,LAW,23
4990.0,173.437488,0.0,1.0,8.0,4386.467203832797,-1519.4942261619585,LAW,23
5000.0,152.99749376,0.0,1.0,7.5,4484.286665077214,-1492.6472325508676,LAW,23
5010.0,139.1749952,0.0,1.0,7.0,4576.0,-1458.5,LAW,23
5020.0,125.39999999999999,0.0,1.0,2.6666666666666665,4656.438825019753,-1410.831141417705,LAW,23
5030.0,111.6540888401576,0.0,1.0,2.0,4734.175215387112,-1323.9343535648877,LAW,23
5040.0,104.5499968,0.0,1.0,2.0,4779.597556385901,-1225.2358702323263,LAW,23
5050.0,93.20476099047619,0.0,0.3333333333333333,2.0,4796.484492466273,-1129.842628342111,LAW,23
5060.0,88.01553472,0.0,0.0,2.0,4793.448276694968,-1025.1349478477032,LAW,24
5070.0,84.64208277333333,1.859170346666667,0.0,2.0,4767.127218251282,-929.2530480890775,LAW,24
5080.0,82.04791626666668,22.448962933333334,0.0,2.0,4758.884826530182,-903.8987560454805,LAW,24
5090.0,85.78500095999999,36.247503359999996,0.0,2.0,4710.599912569987,-834.8005655746043,LAW,24
5100.0,91.2831862095238,46.65833653333333,0.0,2.0,4643.577544885516,-774.698308207021,LAW,24
5110.0,97.22187679999999,54.0,0.0,2.0,4548.341775450648,-726.5174237354236,LAW,24
5120.0,107.06250133333333,59.475001600000006,0.0,2.0,4446.6624849694645,-711.6610484628987,LAW,24
5130.0,112.52750144000001,70.58250432,0.0,2.0,4368.852782686418,-710.1640650815766,LAW,24
5140.0,123.2340992,72.0,0.0,2.0,4313.0,-713.0,LAW,24
5150.0,134.28333653333334,75.71042186666666,0.0,2.0,4243.107706727569,-716.42953014604,LAW,24
5160.0,146.0,87.33542186666666,0.0,3.0,4092.0969169894147,-728.2194598948728,LAW,24
5170.0,149.0,100.0,0.0,3.0,4004.4516799805606,-736.2671495813702,LAW,24
5180.0,165.9250048,100.0,0.0,3.0,3954.3782178148094,-742.3882510434415,LAW,24
5190.0,175.335942,100.0,0.0,4.0,3869.384491383583,-752.3642251952575,LAW,24
5200.0,187.523442,100.0,0.0,4.0,3737.780212296024,-766.8193030946101,LAW,24
5210.0,194.8875072,100.0,0.0,4.0,3638.0,-778.0,LAW,24
5220.0,199.54000384,100.0,0.0,5.0,3570.1313788345133,-784.9230316494682,LAW,24
5240.0,213.92000511999998,100.0,0.0,5.0,3362.126536510753,-803.1612544605744,LAW,24
5250.0,222.88806124125495,100.0,0.0,5.0,3154.1744621101557,-821.1558205021249,LAW,24
5260.0,226.0,100.0,0.0,5.0,3099.1628469734424,-825.5883070181023,LAW,24
5270.0,228.47312135784696,100.0,0.0,5.0,3068.0,-828.0,LAW,24
5280.0,233.4,100.0,0.0,6.0,2944.7958481114574,-838.3259736428533,LAW,25
5290.0,240.0,100.0,0.0,6.0,2854.4306678171197,-845.9884007298467,LAW,25
5300.0,243.15,100.0,0.0,6.0,2744.3162378859693,-855.5278857962032,LAW,25
5320.0,247.8375024,100.0,0.0,6.0,2573.6712534713847,-870.7832405454571,LAW,25
5330.0,250.9250048,100.0,0.0,6.0,2478.0,-879.0,LAW,25
5340.0,253.0,100.0,0.0,6.0,2424.376678971691,-883.418919894485,LAW,25
5350.0,255.4136389818182,100.0,0.0,6.0,2296.0,-894.0,LAW,25
5360.0,258.41363898181817,100.0,0.0,6.0,2067.0,-914.0,LAW,25
5370.0,259.0,100.0,0.0,6.0,2031.581544100826,-917.1250470598117,LAW,25
5390.0,265.24750336,100.0,0.0,6.0,1848.0,-933.0,LAW,25
5400.0,266.0,100.0,0.0,7.0,1819.4994862140761,-935.2988652324234,LAW,25
5410.0,267.57000192,100.0,0.0,7.0,1700.0,-945.0,LAW,25
5420.0,269.37000192,100.0,0.0,7.0,1563.0,-957.0,LAW,25
5430.0,271.0104186666667,100.0,0.0,7.0,1480.26754675304,-963.9086078698986,LAW,25
5450.0,275.0,100.0,0.0,7.0,1299.8338716983963,-979.4175285846237,LAW,25
5460.0,276.90416746666665,100.0,0.0,7.0,1045.6711303557338,-1002.0068450983232,LAW,25
5470.0,277.63500032,100.0,0.0,7.0,920.7392872297094,-1013.1038801776006,LAW,25
0.0,274.89285942857146,100.0,0.0,7.0,1104.220559833685,-997.2940838633788,ALO,1
10.0,279.9250048,100.0,0.0,7.0,934.0,-1012.0,ALO,1
20.0,281.0,100.0,0.0,7.0,890.4507091070442,-1015.7466392939441,ALO,1
30.0,284.8083349333333,100.0,0.0,7.0,658.2653805496968,-1035.763414304989,ALO,1
50.0,288.0,100.0,0.0,8.0,554.5500743036854,-1045.0954293817063,ALO,1
60.0,290.5687536,100.0,0.0,8.0,442.0,-1055.0,ALO,1
80.0,294.132814,100.0,0.0,8.0,173.80823291417323,-1078.1532479327639,ALO,1
100.0,299.0,100.0,0.0,8.0,14.386407863430179,-1092.1554860827355,ALO,1
110.0,299.85500288,100.0,0.0,8.0,-17.0,-1095.0,ALO,1
120.0,302.1711717367818,100.0,0.0,8.0,-157.55981855675822,-1107.7082505295575,ALO,1
200.0,307.7507513432952,100.0,0.0,8.0,-943.9813827416754,-1176.9817920271662,ALO,1
220.0,308.4875008,100.0,0.0,8.0,-1081.0,-1189.0,ALO,2
230.0,309.0,100.0,0.0,8.0,-1211.2379617552442,-1200.3897391708902,ALO,2
240.0,309.82083413333334,100.0,0.0,8.0,-1424.0,-1219.0,ALO,2
250.0,310.0,100.0,0.0,8.0,-1461.2988408537003,-1222.2772824321876,ALO,2
280.0,310.0,100.0,0.0,8.0,-1715.3857830821592,-1244.4769939014518,ALO,2
300.0,309.1333333333333,100.0,0.0,8.0,-1913.6132035880698,-1261.439220852521,ALO,2
320.0,308.3874992,100.0,0.0,8.0,-2108.0,-1279.0,ALO,2
370.0,306.5718744,100.0,0.0,8.0,-2621.0,-1324.0,ALO,2
380.0,306.0,100.0,0.0,8.0,-2779.5258350769404,-1337.7564536440166,ALO,2
400.0,306.0,100.0,0.0,8.0,-2943.182833690308,-1352.1050348066724,ALO,2
420.0,305.01499904,100.0,0.0,8.0,-3111.0,-1367.0,ALO,2
430.0,304.0,100.0,0.0,8.0,-3374.2832587051257,-1389.5746701722287,ALO,2
440.0,304.0,100.0,0.0,8.0,-3414.0,-1393.0,ALO,3
450.0,304.0,100.0,0.0,8.0,-3523.162194868718,-1402.6796714198445,ALO,3
470.0,302.94218720000003,100.0,0.0,8.0,-3631.577987622067,-1412.5645036948324,ALO,3
490.0,302.09843720000003,100.0,0.5,8.0,-3948.5164190013265,-1439.905902728518,ALO,3
510.0,277.87247936,0.0,1.0,8.0,-4159.294319683719,-1458.4266074527757,ALO,3
520.0,241.0,0.0,1.0,8.0,-4248.96292549377,-1466.4417834428052,ALO,3
540.0,219.86665386666667,0.0,1.0,7.0,-4352.766132582428,-1475.9985097055019,ALO,3
550.0,198.53332053333332,0.0,1.0,7.0,-4436.412574187747,-1483.4452228208465,ALO,3
560.0,182.2312432,0.0,1.0,7.0,-4549.875338678314,-1487.3941368734263,ALO,3
570.0,172.05999616,0.0,1.0,6.0,-4660.864520297298,-1486.9431443603291,ALO,3
580.0,152.12916373333331,0.0,1.0,3.0,-4828.019961165236,-1467.7422679405825,ALO,3
590.0,143.92499413333334,0.0,1.0,3.0,-4876.0,-1455.0,ALO,3
600.0,136.70666410666666,0.0,1.0,3.0,-4935.9933902242665,-1425.8662903753975,ALO,3
610.0,127.4187392,0.0,1.0,2.0,-5026.327970546936,-1357.0119628695393,ALO,3
620.0,102.94550963333594,0.059623615833006634,1.0,2.0,-5079.8939135549035,-1279.3088206245206,ALO,3
630.0,89.87333686990105,0.9560670912623689,1.0,1.25,-5117.833859790415,-1177.2158106374602,ALO,3
640.0,83.19861170793651,0.809722311111111,1.0,1.0,-5126.853524393092,-1074.2058462495613,ALO,3
650.0,77.59031281651487,0.003124799999999983,1.0,1.0,-5115.564268987795,-1003.1716847772564,ALO,3
660.0,72.35249952,24.24000512,0.2,1.0,-5065.126865786441,-899.6803374000594,ALO,4
670.0,78.77857211428571,36.98214422857143,0.0,1.0,-4977.154300103469,-819.3047397560405,ALO,4
680.0,85.99125216,46.0,0.0,1.0,-4889.903320370837,-785.5483645979893,ALO,4
690.0,92.29125216,46.0,0.0,1.0,-4822.10724388752,-787.5132391013144,ALO,4
700.0,100.30833493333334,51.31666773333333,0.0,1.0,-4661.131504132384,-832.268762885568,ALO,4
710.0,107.0,42.293723199999995,1.0,1.0,-4567.3369312299865,-866.9803721225004,ALO,4
720.0,102.6578104,0.0,1.0,1.0,-4466.3342760102205,-894.8214563182644,ALO,4
730.0,93.37499733333334,0.0,1.0,1.0,-4389.902041994906,-907.5419603749037,ALO,4
740.0,87.29874848,0.0,0.75,1.0,-4292.474608112467,-903.5704745837422,ALO,4
750.0,81.44285622857143,0.0,0.6666666666666666,1.0,-4208.476726489473,-861.1064678337522,ALO,4
760.0,74.25,12.765628,0.0,1.0,-4159.067627355572,-770.3682068394891,ALO,4
770.0,76.9714304,38.7933048,0.0,1.0,-4140.968897797549,-666.4945503694053,ALO,4
780.0,84.76111217777778,43.320834133333335,0.0,1.0,-4140.6957592534645,-575.9590745609463,ALO,4
790.0,93.2156264,48.621874399999996,0.0,1.0,-4167.224103584979,-478.9270854282217,ALO,4
800.0,104.406256,54.406256,0.0,1.0,-4227.0,-376.0,ALO,4
810.0,116.38805961278183,65.761193953813,0.0,2.0,-4286.570643624848,-305.9653983526475,ALO,4
820.0,126.15,72.4,0.0,2.0,-4341.0,-243.0,ALO,4
830.0,131.91875520000002,75.9500032,0.0,2.0,-4372.451157135993,-201.34956180035726,ALO,4
840.0,142.86666666666667,87.63333333333333,0.0,3.0,-4434.342220824856,-97.86907136407473,ALO,4
850.0,160.42222222222222,100.0,0.0,3.0,-4480.750696274214,12.427695177983503,ALO,4
860.0,170.94167040000002,100.0,0.0,3.5,-4515.201005948297,128.9085520811081,ALO,4
880.0,184.84821942857144,100.0,0.0,4.0,-4549.126687357912,326.8562015532842,ALO,5
890.0,196.0,100.0,0.0,5.0,-4565.8226959792655,533.4399138051979,ALO,5
900.0,199.8500096,100.0,0.0,5.0,-4567.0,567.0,ALO,5
910.0,208.0,100.0,0.0,5.0,-4567.697176054295,622.0292348868131,ALO,5
920.0,215.03572114285714,100.0,0.0,5.0,-4565.0,698.0,ALO,5
930.0,218.8015652,100.0,0.0,5.0,-4561.805289488807,765.3857575376165,ALO,5
950.0,227.34687680000002,100.0,0.0,5.0,-4553.179047721065,955.8068682412269,ALO,5
960.0,231.515628,100.0,0.0,6.0,-4535.661976040628,1156.2211504989232,ALO,5
980.0,240.0,100.0,0.0,6.0,-4519.540242835736,1296.1212999746933,ALO,5
990.0,245.29514222222224,100.0,0.0,6.0,-4502.375132900808,1377.9768741380649,ALO,5
1000.0,250.0,100.0,0.0,6.0,-4467.391002344098,1528.794007941357,ALO,5
1020.0,252.73611377777777,100.0,0.0,6.0,-4428.0,1658.0,ALO,5
1030.0,254.97916800000002,100.0,0.0,6.5,-4385.512065109413,1764.0334205738789,ALO,5
1040.0,259.0,100.0,0.0,7.0,-4321.1634086143085,1882.0617158012524,ALO,5
1050.0,261.34000384,100.0,0.0,7.0,-4271.0,1960.0,ALO,5
1060.0,263.0,100.0,0.0,7.0,-4238.011648585985,2005.1457378952225,ALO,5
1070.0,265.458336,100.0,0.0,7.0,-4167.0,2086.0,ALO,5
1080.0,268.0,100.0,0.0,7.0,-4074.191883223435,2177.018134593937,ALO,5
1090.0,269.4625024,100.0,0.0,7.0,-4002.0,2238.0,ALO,5
1100.0,271.0,100.0,0.0,7.0,-3914.117603103683,2303.2055943718206,ALO,6
1110.0,272.57000192,100.0,0.0,7.0,-3789.0,2384.0,ALO,6
1120.0,273.0,100.0,0.0,7.0,-3753.3746098273177,2404.6788988298504,ALO,6
1130.0,275.0,100.0,0.0,7.0,-3581.650758727836,2492.116238131435,ALO,6
1140.0,275.57083413333334,100.0,0.0,7.0,-3474.0,2539.0,ALO,6
1150.0,275.9520837333333,100.0,0.0,7.0,-3408.711557777059,2564.021287177192,ALO,6
1170.0,278.0,100.0,0.0,7.0,-3218.0584388328566,2625.803127872781,ALO,6
1180.0,278.90282113548415,100.0,0.0,7.0,-3148.0,2647.0,ALO,6
1190.0,280.8918492505381,100.0,0.0,7.5,-2986.607502545382,2695.4304658626343,ALO,6
1210.0,281.0,100.0,0.0,8.0,-2801.599083530423,2751.4280480561906,ALO,6
1230.0,284.36335477797957,100.0,0.0,8.0,-2624.8088922103234,2807.3569637929645,ALO,6
1240.0,285.0,100.0,0.0,8.0,-2562.0107968374246,2827.696122129607,ALO,6
1250.0,285.89000064000004,100.0,0.0,8.0,-2424.083430279644,2872.5951000849236,ALO,6
1270.0,287.0,100.0,0.0,8.0,-2280.989448749827,2920.9294448326473,ALO,6
1280.0,287.0,100.0,0.0,8.0,-2167.0641842821387,2961.0451428588945,ALO,6
1290.0,286.56666666666666,100.0,0.0,8.0,-2050.0,3003.5,ALO,6
1310.0,286.0,100.0,0.0,8.0,-1884.7133868664432,3064.83247914405,ALO,6
1320.0,286.0,100.0,0.0,8.0,-1740.94661473043,3119.7481762685725,ALO,7
1340.0,286.0,100.0,0.0,8.0,-1575.0,3184.0,ALO,7
1350.0,286.0,100.0,0.0,8.0,-1508.195623993476,3209.718990489757,ALO,7
1360.0,285.0,100.0,0.0,8.0,-1380.8191120284214,3259.649606636897,ALO,7
1370.0,285.0,100.0,0.0,8.0,-1284.0,3300.0,ALO,7
1380.0,285.0,100.0,0.0,8.0,-1115.0,3372.0,ALO,7
1390.0,285.0,100.0,0.0,8.0,-1078.438893703171,3387.5724495800014,ALO,7
1400.0,285.0,100.0,0.0,8.0,-1008.6002868657171,3417.164965101754,ALO,7
1410.0,284.71499904,100.0,0.0,8.0,-984.0,3428.0,ALO,7
1420.0,284.0,100.0,0.0,8.0,-887.7882236527603,3470.982372295369,ALO,7
1430.0,279.0,100.0,0.0,8.0,-745.4672056649949,3534.901859068899,ALO,7
1440.0,276.0374976,25.93744,0.5,8.0,-659.857257994669,3573.037232746019,ALO,7
1460.0,239.3055288888889,0.0,1.0,8.0,-499.0,3644.0,ALO,7
1470.0,209.6937376,0.0,1.0,8.0,-400.6974509693132,3688.088309498999,ALO,7
1480.0,187.31749567999998,0.0,1.0,7.5,-286.56749350917346,3738.828070747565,ALO,7
1490.0,176.1656184,0.0,1.0,6.5,-206.0955614107392,3774.9095587374327,ALO,7
1500.0,161.1218672,0.0,1.0,5.0,-127.27715824829173,3809.2746117131487,ALO,7
1510.0,146.47320914285714,0.0,1.0,4.0,16.503750414366234,3855.679998727007,ALO,7
1520.0,132.15795170909092,0.0,1.0,3.0,77.68336432288584,3868.435016744292,ALO,7
1530.0,122.70340625454546,0.0,1.0,3.0,178.69015994771604,3870.1840568161815,ALO,7
1540.0,118.26749568,0.5775014399999999,1.0,3.0,230.0,3862.0,ALO,8
1550.0,109.73718552,7.1334405599999995,0.25,3.0,335.8381387011492,3808.438382720322,ALO,8
1560.0,107.20499968,33.46500864,0.0,3.0,425.1762729513677,3723.1113704765426,ALO,8
1570.0,110.68817188515054,45.5161289138629,0.0,3.0,481.4250743428129,3644.350283901582,ALO,8
1580.0,113.97849600493282,47.98387200369962,0.0,3.0,526.215080480477,3545.474948409288,ALO,8
1590.0,122.1140616,56.1140616,0.0,3.0,544.0282454483782,3486.3343209738828,ALO,8
1600.0,129.64761904761906,70.5904761904762,0.0,3.0,563.9580850250533,3386.940213844114,ALO,8
1610.0,135.0857142857143,83.54285714285714,0.0,3.0,577.540044733614,3283.390789265593,ALO,8
1620.0,148.29000704,100.0,0.0,3.0,586.9534602313739,3176.297492923755,ALO,8
1630.0,158.01364130909093,100.0,0.0,3.0,599.5555100932039,3046.10946070242,ALO,8
1650.0,175.6937536,100.0,0.0,4.0,618.8943607964328,2881.32114788835,ALO,8
1660.0,187.6375072,100.0,0.0,4.0,637.0,2741.0,ALO,8
1670.0,193.0,100.0,0.0,4.0,645.6947609388109,2674.303787154151,ALO,8
1680.0,199.8250112,100.0,0.0,4.0,656.0,2601.0,ALO,8
1690.0,207.82500205714285,100.0,0.0,5.0,678.0932104512951,2451.751376268381,ALO,8
1700.0,213.0,100.0,0.0,5.0,695.0614377104782,2341.712347650307,ALO,8
1710.0,215.08928914285715,100.0,0.0,5.0,702.0,2302.0,ALO,8
1720.0,218.82500205714285,100.0,0.0,5.0,723.4707487893398,2181.5509177322997,ALO,8
1740.0,224.62343959999998,100.0,0.0,5.0,756.7254044790288,2017.0557055967695,ALO,8
1760.0,230.74843959999998,100.0,0.0,5.5,809.373832423792,1803.3600644991643,ALO,9
1780.0,237.09107245714284,100.0,0.0,6.0,906.5605210248411,1519.715842362061,ALO,9
1800.0,240.0,100.0,0.0,6.0,991.9085894996593,1339.4853138284961,ALO,9
1810.0,240.3562512,100.0,0.0,6.0,1007.0,1310.0,ALO,9
1820.0,242.0,100.0,0.0,6.0,1059.8547675863879,1218.5231734859756,ALO,9
1830.0,242.1781256,100.0,0.0,6.0,1076.0,1195.0,ALO,9
1840.0,242.9328128,100.0,0.0,6.0,1173.6448908570494,1066.8931771575394,ALO,9
1860.0,243.9763886222222,100.0,0.0,6.0,1262.807712775343,975.8345939680901,ALO,9
1870.0,243.28611057777778,100.0,0.0,6.0,1393.0,872.0,ALO,9
1880.0,242.92874976000002,100.0,0.0,6.0,1467.3926327602976,825.4573161343831,ALO,9
1900.0,242.30749952,100.0,0.0,6.0,1620.0,754.0,ALO,9
1910.0,242.0,100.0,0.0,6.0,1697.1937390351272,727.3344971344836,ALO,9
1920.0,241.3843744,100.0,0.0,6.0,1816.0,695.0,ALO,9
1930.0,240.8218744,100.0,0.0,6.0,1910.4557125739402,676.8879709235259,ALO,9
1940.0,240.10035839991778,100.0,0.0,6.0,2099.5984895993215,664.3449825676271,ALO,9
1960.0,241.0,100.0,0.0,6.0,2280.7752310263663,668.2154005573088,ALO,9
1970.0,240.0,100.0,0.0,6.0,2348.800962517033,697.8109193422004,ALO,9
1980.0,240.0,100.0,0.0,6.0,2394.5,711.5,ALO,10
1990.0,239.86565103435365,100.0,0.0,6.0,2502.217019626943,750.3779209855431,ALO,10
2010.0,239.06094148448824,100.0,0.0,6.0,2677.6410239487977,836.33092202118,ALO,10
2030.0,239.0,100.0,0.0,6.0,2822.06569791553,936.6532539706266,ALO,10
2040.0,239.0,100.0,0.0,6.0,2912.0,1024.0,ALO,10
2050.0,239.0,100.0,0.0,6.0,2955.903972868715,1072.171967781637,ALO,10
2060.0,240.07500053333334,99.92499946666666,0.0,6.0,3060.5772817768247,1183.5327716252916,ALO,10
2070.0,241.0,99.0,0.0,6.0,3214.361458294427,1296.5440213954619,ALO,10
2080.0,241.0,88.13862458181818,0.0,6.0,3323.0,1360.0,ALO,10
2100.0,241.0,72.0,0.0,6.0,3411.694031426501,1405.944728095117,ALO,10
2110.0,237.69166506666667,22.312511999999998,0.0,6.0,3509.3010383529636,1424.826758924228,ALO,10
2130.0,234.02499840000002,49.812512,0.0,6.0,3720.1918763875824,1450.1092885358084,ALO,10
2150.0,231.23624927999998,82.24375839999999,0.0,6.0,3892.6790252120336,1443.6821169794275,ALO,10
2160.0,231.6062512,89.546884,0.0,6.0,3976.0,1432.0,ALO,10
2170.0,233.0,100.0,0.0,6.0,4117.146481279833,1397.4511947211336,ALO,10
2180.0,233.37000192,100.0,0.0,6.0,4140.0,1390.0,ALO,10
2190.0,235.7312512,100.0,0.0,6.0,4274.310714345688,1334.7115314503756,ALO,10
2200.0,237.0,100.0,0.0,6.0,4333.8772457834475,1304.5200943292966,ALO,11
2210.0,237.9812512,100.0,0.0,6.0,4422.0,1250.0,ALO,11
2220.0,239.19431883636364,100.0,0.0,6.0,4524.198203225443,1173.1152772854755,ALO,11
2280.0,244.96458293333333,100.0,0.0,6.0,4921.422784965846,743.5130529956859,ALO,11
2290.0,244.17916586666666,100.0,0.0,6.0,5000.0,643.0,ALO,11
2300.0,244.0,100.0,0.0,6.0,5018.09467951018,619.8750665439335,ALO,11
2310.0,244.99250048,100.0,0.0,6.0,5102.639104386897,514.2326690516932,ALO,11
2320.0,245.6781256,100.0,0.0,6.0,5200.0,402.0,ALO,11
2330.0,246.0,100.0,0.0,6.0,5255.953789527963,338.51330096213866,ALO,11
2340.0,246.80454632727273,100.0,0.0,6.0,5356.0,225.0,ALO,11
2360.0,247.85681861818182,100.0,0.0,6.0,5461.043048909183,104.80153901891462,ALO,11
2370.0,248.0,100.0,0.0,6.0,5528.0,28.0,ALO,11
2380.0,248.0,100.0,0.0,6.0,5583.0,-33.0,ALO,11
2390.0,248.0564267222216,100.0,0.0,6.0,5666.689068431104,-125.71662437043966,ALO,11
2410.0,249.0512468124094,100.0,0.0,6.0,5813.471140596037,-291.4809865877111,ALO,11
2420.0,249.54570699979294,100.0,0.0,6.0,5896.0,-383.0,ALO,12
2440.0,250.0,100.0,0.0,6.0,5992.615461658486,-494.23107567743443,ALO,12
2450.0,250.0,100.0,0.0,6.0,6061.089084768173,-573.2623627978771,ALO,12
2470.0,250.0,4.285714285714285,0.5,6.0,6243.077720702324,-787.2854899120205,ALO,12
2490.0,225.71666666666667,0.0,1.0,6.0,6330.0,-911.0,ALO,12
2500.0,218.0374976,0.0,1.0,5.0,6367.123608636646,-982.3238174200958,ALO,12
2510.0,212.5749952,0.0,1.0,5.0,6409.0,-1098.0,ALO,12
2520.0,211.0,0.0,1.0,5.0,6416.580594190191,-1132.014645287981,ALO,12
2530.0,202.45780919999999,0.0,1.0,5.0,6426.6245745556025,-1275.959777552625,ALO,12
2540.0,194.0,0.0,0.0,5.0,6411.957570665725,-1419.1325401269523,ALO,12
2550.0,192.812496,7.6000256,0.0,5.0,6406.0,-1451.0,ALO,12
2560.0,189.0,32.0,0.0,4.0,6382.831232995113,-1540.1666770400413,ALO,12
2570.0,185.29722275555557,50.75556408888889,0.0,4.0,6333.291980930815,-1656.6071199983223,ALO,12
2580.0,186.0,62.0,0.0,4.0,6293.740585632423,-1731.1831178654004,ALO,12
2590.0,187.55682036363638,66.98182516363636,0.0,4.0,6254.0,-1792.0,ALO,12
2600.0,190.98295563636364,77.94545803636363,0.0,4.0,6129.4607372636565,-1937.540346554419,ALO,12
2610.0,195.0,84.0,0.0,4.0,6080.178722370948,-1980.4489437776351,ALO,12
2620.0,199.45500288,95.88000768,0.0,4.5,6022.212417752822,-2016.9601500648716,ALO,12
2630.0,207.4968792,100.0,0.0,5.0,5920.030423254193,-2070.6604045434974,ALO,12
2640.0,213.05500288000002,100.0,0.0,5.0,5819.554497879066,-2107.080519698752,ALO,13
2660.0,220.18500096,100.0,0.0,5.0,5608.629725758208,-2157.5851571124667,ALO,13
2670.0,222.0,100.0,0.0,5.0,5515.342792541127,-2175.065705903625,ALO,13
2680.0,227.05714834285715,100.0,0.0,5.0,5434.0,-2187.0,ALO,13
2690.0,230.0,100.0,0.0,6.0,5374.083240666435,-2195.4686329898905,ALO,13
2700.0,232.63333546666667,100.0,0.0,6.0,5248.896596252593,-2211.1006542454306,ALO,13
2710.0,237.26667093333333,100.0,0.0,6.0,5112.0,-2221.0,ALO,13
2720.0,240.41111324444444,100.0,0.0,6.0,5017.478190581609,-2224.6195341725715,ALO,13
2740.0,246.15555982222222,100.0,0.0,6.0,4841.0,-2229.0,ALO,13
2750.0,248.72187680000002,100.0,0.0,6.0,4757.628221552313,-2232.000020690527,ALO,13
2760.0,252.4437536,100.0,0.0,6.0,4619.0,-2237.0,ALO,13
2770.0,254.0,100.0,0.0,7.0,4565.690179663215,-2239.421781371595,ALO,13
2780.0,255.0,100.0,0.0,7.0,4465.693430509973,-2245.353733613611,ALO,13
2790.0,255.97000192,100.0,0.0,7.0,4378.0,-2251.0,ALO,13
2800.0,258.1333333333333,100.0,0.0,7.0,4180.025030741286,-2263.9836625218204,ALO,13
2820.0,263.0,100.0,0.0,7.0,4021.69489906895,-2274.6214714408584,ALO,13
2830.0,264.35220111609516,100.0,0.0,7.0,3972.891413466629,-2277.829043802014,ALO,13
2850.0,266.1583338666667,100.0,0.0,7.0,3784.2028649820377,-2289.900376753227,ALO,13
2860.0,267.0,100.0,0.0,7.0,3602.6429185898173,-2301.262332808904,ALO,14
2870.0,267.0,100.0,0.0,7.0,3533.523069406366,-2305.3492813203184,ALO,14
2900.0,268.05,100.0,0.0,7.0,3300.0010361170243,-2321.24302735289,ALO,14
2910.0,269.0750005333333,100.0,0.0,7.0,3075.181779485029,-2340.9985678405915,ALO,14
2930.0,270.0,100.0,0.0,7.0,2886.329341701179,-2358.8169253604715,ALO,14
2940.0,270.94250048000004,100.0,0.0,7.0,2792.3633970741266,-2368.5896742236737,ALO,14
2950.0,271.0,100.0,0.0,7.0,2709.4995068897765,-2377.3060325766505,ALO,14
2960.0,271.4906256,100.0,0.0,7.0,2618.0,-2387.0,ALO,14
2980.0,270.593992704,98.14999040000001,0.0,7.0,2481.917927966966,-2401.50053939766,ALO,14
3030.0,198.393992704,3.1499904,0.5,6.5,1937.786950764159,-2465.981817886177,ALO,14
3040.0,174.16769893333333,0.0,1.0,6.0,1817.7877780103554,-2482.3045298172024,ALO,14
3050.0,149.83539786666665,0.0,1.0,6.0,1675.0,-2504.0,ALO,14
3060.0,126.58541386666667,0.0,1.0,3.0,1609.4114129743602,-2514.786022406696,ALO,14
3070.0,117.07999488,0.0,1.0,2.0,1521.1772393630363,-2533.613487642158,ALO,14
3080.0,102.84124736,0.0,1.0,1.0,1389.8608494937616,-2571.5673271423375,ALO,15
3090.0,91.85984775757576,0.14015224242424243,1.0,1.0,1306.0678209727241,-2611.3432653472278,ALO,15
3100.0,86.74924053333334,5.530623111111111,0.5,1.0,1249.6242868339896,-2675.00325813856,ALO,15
3110.0,80.39047558095238,31.23889493333333,0.0,1.0,1221.9998168453737,-2776.884134138245,ALO,15
3120.0,83.85,40.85,0.0,1.0,1244.0856383940118,-2863.910616837199,ALO,15
3130.0,91.37428723809523,52.42952411428572,0.0,1.0,1292.0211419121376,-2938.0368784574653,ALO,15
3140.0,101.17777777777778,57.17777777777778,0.0,1.0,1368.9953029377716,-3011.934507734971,ALO,15
3150.0,111.70000308148148,68.92222530370371,0.0,1.6666666666666667,1440.6543620003129,-3060.0323549408945,ALO,15
3160.0,118.0,79.0,0.0,2.0,1521.0315497819606,-3109.00339196731,ALO,15
3170.0,134.25555555555556,96.96666666666667,0.0,2.5,1738.6264596169806,-3235.51114970553,ALO,15
3180.0,145.93250432,100.0,0.0,3.0,1795.4166093701983,-3269.245215493579,ALO,15
3190.0,155.70625280000002,100.0,0.0,3.0,1904.9305505984205,-3337.8226941302064,ALO,15
3200.0,164.16458613333333,100.0,0.0,4.0,2044.111108506628,-3451.1640685837224,ALO,15
3220.0,176.9578152,100.0,0.0,4.0,2137.3729023916376,-3555.53492396369,ALO,15
3230.0,179.9250048,100.0,0.0,4.0,2170.0,-3604.0,ALO,15
3240.0,185.21250240000003,100.0,0.0,4.0,2221.4713603021532,-3709.329347055757,ALO,15
3250.0,190.0,100.0,0.0,4.0,2260.9911305859227,-3838.0796466207844,ALO,15
3260.0,191.76363985454546,100.0,0.0,4.0,2271.0,-3890.0,ALO,15
3270.0,195.03636712727274,100.0,0.0,4.0,2285.0,-3987.0,ALO,15
3280.0,198.0,100.0,0.0,5.0,2293.9724369814157,-4066.890693305563,ALO,15
3290.0,202.9625024,100.0,0.0,5.0,2294.9392574318153,-4188.1911205948345,ALO,15
3300.0,203.91041706666667,100.0,0.0,5.0,2279.6030545763697,-4369.562584847779,ALO,16
3310.0,205.69285851428572,100.0,0.0,5.0,2263.0,-4458.0,ALO,16
3320.0,206.0,100.0,0.0,5.0,2258.3793702404428,-4475.876409277771,ALO,16
3330.0,208.0,100.0,0.0,5.0,2221.0013003770573,-4613.359949285674,ALO,16
3340.0,209.51333461333334,100.0,0.0,5.0,2193.4574740329276,-4701.655726646372,ALO,16
3350.0,213.0,100.0,0.0,5.0,2133.0801348642167,-4853.795944521588,ALO,16
3360.0,213.4906256,100.0,0.0,5.0,2088.0,-4955.0,ALO,16
3370.0,214.0,100.0,0.0,5.0,2061.4545309498726,-5007.71289367187,ALO,16
3380.0,213.59583253333332,59.58325333333333,0.0,5.0,2043.0,-5039.0,ALO,16
3390.0,210.2328056,0.0,1.0,5.0,1988.530940877923,-5126.7782677710475,ALO,16
3400.0,191.5453056,0.0,1.0,5.0,1904.8636867603113,-5242.011788169088,ALO,16
3410.0,180.0,0.0,1.0,4.0,1827.9253472526232,-5333.688314255561,ALO,16
3420.0,178.2687488,0.0,1.0,4.0,1776.9409174049015,-5384.3073738475,ALO,16
3440.0,170.3249952,6.924999466666667,1.0,4.0,1637.959485424347,-5478.942137360442,ALO,16
3450.0,160.0499968,4.328568685714286,0.0,4.0,1521.4256134996058,-5505.965087829891,ALO,16
3460.0,153.95,6.1499999999999995,1.0,4.0,1415.1028807449386,-5509.782307070145,ALO,16
3470.0,148.0285714285714,41.51428571428572,0.0,4.0,1297.9354686674722,-5494.612198005281,ALO,16
3480.0,148.8857142857143,56.94285714285714,0.0,4.0,1195.8072469838112,-5458.918187220871,ALO,16
3490.0,150.812504,67.3375184,0.0,4.0,1095.0,-5408.0,ALO,16
3500.0,155.9000064,83.4250048,0.0,4.0,1049.984493755209,-5379.247262904882,ALO,16
3510.0,171.8500096,95.3875072,0.0,4.0,943.0,-5289.0,ALO,16
3520.0,178.0,100.0,0.0,4.0,897.6335363817564,-5247.034696871207,ALO,17
3530.0,182.22500693333333,100.0,0.0,4.0,855.0,-5207.0,ALO,17
3540.0,191.29250439111112,100.0,0.0,4.0,756.752773104837,-5118.511236989659,ALO,17
3560.0,204.38958773333331,100.0,0.0,5.0,540.1611806868488,-4923.71937273465,ALO,17
3580.0,217.63250432,100.0,0.0,5.0,448.65663262894,-4842.354267515485,ALO,17
3590.0,224.0,100.0,0.0,5.0,416.453521404784,-4813.583342850814,ALO,17
3600.0,224.0,100.0,0.0,5.0,374.62280706238346,-4776.127159848735,ALO,17
3610.0,233.0,100.0,0.0,6.0,226.61249112523544,-4643.69889947371,ALO,17
3620.0,234.2312512,100.0,0.0,6.0,183.61803005278617,-4605.053287542987,ALO,17
3630.0,238.4250048,100.0,0.0,6.0,109.0,-4538.0,ALO,17
3640.0,240.0,100.0,0.0,6.0,79.66852361801647,-4511.8611673149635,ALO,17
3650.0,243.11364072727272,100.0,0.0,6.0,8.0,-4448.0,ALO,17
3660.0,248.5681861818182,100.0,0.0,6.0,-114.0,-4338.0,ALO,17
3670.0,250.0,100.0,0.0,6.0,-146.62108274526844,-4308.748520139001,ALO,17
3680.0,253.4625024,100.0,0.0,6.0,-219.30707435582644,-4243.952327404488,ALO,17
3690.0,255.1062512,100.0,0.0,6.0,-324.0,-4151.0,ALO,17
3700.0,256.0,100.0,0.0,7.0,-399.94581053709004,-4082.925591822726,ALO,17
3710.0,257.2125024,100.0,0.0,7.0,-452.0,-4037.0,ALO,17
3720.0,259.07916693333334,100.0,0.0,7.0,-545.3960124679343,-3958.4357916152485,ALO,17
3740.0,259.6583338666667,100.0,0.0,7.0,-666.0,-3873.0,ALO,18
3750.0,260.0,100.0,0.0,7.0,-761.7391981786632,-3821.446932703503,ALO,18
3760.0,261.8738629818182,100.0,0.0,7.0,-907.6198277611264,-3756.733220864322,ALO,18
3780.0,259.8386350545455,100.0,0.0,7.0,-1061.0,-3724.0,ALO,18
3790.0,259.0,100.0,0.0,7.0,-1149.6413044645892,-3716.5595654023705,ALO,18
3800.0,259.34642925714286,100.0,0.0,7.0,-1225.0,-3713.0,ALO,18
3810.0,259.61499904,100.0,0.0,7.0,-1383.1730532317845,-3720.5822434215875,ALO,18
3820.0,258.0,100.0,0.0,7.0,-1495.6592652259903,-3741.770291268262,ALO,18
3830.0,257.27249856,100.0,0.0,7.0,-1563.0,-3761.0,ALO,18
3840.0,255.78,100.0,0.0,7.0,-1699.0,-3812.0,ALO,18
3850.0,255.0,100.0,0.0,7.0,-1766.5495868735188,-3842.328113033033,ALO,18
3860.0,254.325,100.0,0.0,7.0,-1837.6698064773602,-3877.939338887521,ALO,18
3880.0,255.0,100.0,0.0,7.0,-2040.3271437819212,-3986.4892562243936,ALO,18
3890.0,255.0,100.0,0.0,7.0,-2155.9242640513467,-4042.9694037519002,ALO,18
3900.0,255.0,100.0,0.0,7.0,-2255.0,-4088.0,ALO,18
3910.0,255.0,100.0,0.0,7.0,-2373.2242243602786,-4133.270964891972,ALO,18
3930.0,254.4,100.0,0.0,7.0,-2483.0,-4159.0,ALO,18
3940.0,254.0,100.0,0.0,7.0,-2596.114669089566,-4179.960819895395,ALO,18
3960.0,254.0,100.0,0.0,7.0,-2778.0445656417514,-4198.035964890016,ALO,19
3970.0,254.0,100.0,0.0,7.0,-2918.0500597570735,-4195.934538519974,ALO,19
3980.0,253.0093744,100.0,0.0,7.0,-3030.0535365191904,-4184.858983692779,ALO,19
4000.0,251.8937488,98.22914666666667,0.0,7.0,-3177.1769053373932,-4159.205759477392,ALO,19
4010.0,249.7874976,63.12496,0.0,7.0,-3292.0,-4132.0,ALO,19
4030.0,246.1437488,2.3958133333333365,0.5,7.0,-3503.061016512377,-4059.0543150503986,ALO,19
4050.0,210.98874112,0.0,1.0,6.5,-3683.2798833706433,-3957.384428190101,ALO,19
4060.0,191.93212434285715,0.0,1.0,6.0,-3767.0,-3893.0,ALO,19
4070.0,178.79165866666665,0.0,1.0,5.0,-3817.0755099475,-3847.1968408770954,ALO,19
4080.0,158.5437472,0.0,1.0,4.0,-3928.3439526990483,-3711.424715535817,ALO,19
4090.0,137.0,0.0,1.0,3.0,-3992.1420753629295,-3603.9026214285464,ALO,19
4100.0,131.43124640000002,0.0,1.0,2.5,-4007.221884297843,-3570.1556264588335,ALO,19
4110.0,122.10249664,0.0,1.0,2.0,-4031.6057817353817,-3497.4155208027496,ALO,19
4120.0,110.9988608,0.7693184,0.5,2.0,-4050.2787339069546,-3370.672017340383,ALO,19
4130.0,105.6194439111111,0.14305528888888888,0.0,2.0,-4034.268503752242,-3268.239772370534,ALO,19
4140.0,102.58958293333335,12.1812544,0.0,2.0,-4005.5887345415163,-3174.220942938313,ALO,19
4150.0,101.1187504,28.54187952,0.0,2.0,-3970.537611881287,-3115.5107933803115,ALO,19
4160.0,103.95902951111111,43.10938000000001,0.0,2.0,-3900.2991432041676,-3036.8398393576426,ALO,19
4170.0,108.9625024,52.63625408,0.0,2.0,-3841.5891517440914,-2992.9823284922877,ALO,19
4180.0,117.9500032,67.91500544,0.0,2.0,-3738.9926242010124,-2941.64757687014,ALO,20
4190.0,125.94195768065072,69.65837490675962,0.0,2.0,-3614.5932327206224,-2902.7706099722077,ALO,20
4200.0,138.58208090523132,78.50770711928232,0.0,2.6666666666666665,-3526.252590236071,-2882.1220673764637,ALO,20
4210.0,148.0,100.0,0.0,3.0,-3446.876935558048,-2864.1708238833544,ALO,20
4220.0,157.0916704,100.0,0.0,3.0,-3349.6091634961904,-2843.1472537824106,ALO,20
4230.0,170.1656304,100.0,0.0,4.0,-3217.589547422071,-2817.3654615875835,ALO,20
4240.0,177.0,100.0,0.0,4.0,-3164.9841068136166,-2807.2239947719445,ALO,20
4250.0,183.83864378181818,100.0,0.0,4.0,-3079.0,-2791.0,ALO,20
4260.0,193.1693218909091,100.0,0.0,4.5,-2895.6255929045665,-2758.6779463062708,ALO,20
4280.0,208.28000768,100.0,0.0,5.0,-2739.0,-2733.0,ALO,20
4290.0,210.0,100.0,0.0,5.0,-2716.153978886322,-2729.5276645393196,ALO,20
4300.0,215.49500672,100.0,0.0,5.0,-2620.0,-2715.0,ALO,20
4310.0,222.89750336,100.0,0.0,5.5,-2490.214778354836,-2695.1898693988996,ALO,20
4320.0,227.6375072,100.0,0.0,6.0,-2409.0,-2683.0,ALO,20
4330.0,233.0,100.0,0.0,6.0,-2287.9357172495424,-2664.0036604009233,ALO,20
4340.0,238.7125024,100.0,0.0,6.0,-2072.4337041018644,-2629.4730283788967,ALO,20
4370.0,250.35500288,100.0,0.0,6.0,-1806.6168144884473,-2586.765672035185,ALO,20
4390.0,259.2125024,100.0,0.0,7.0,-1620.537399250184,-2554.7607421868674,ALO,20
4410.0,266.0,100.0,0.0,7.0,-1474.0361061714425,-2529.7416389295163,ALO,21
4420.0,267.7312512,100.0,0.0,7.0,-1387.1409852239558,-2515.6311123681194,ALO,21
4430.0,275.0,100.0,0.0,7.0,-1250.9682135178598,-2494.0897933635915,ALO,21
4440.0,275.12142994285716,100.0,0.0,7.0,-1238.0,-2492.0,ALO,21
4450.0,276.2642870857143,100.0,0.0,7.0,-1117.0,-2472.0,ALO,21
4460.0,277.0,100.0,0.0,7.0,-1038.573877801771,-2458.6242272845307,ALO,21
4470.0,281.0562544,100.0,0.0,7.0,-902.0,-2435.0,ALO,21
4490.0,286.81979386666666,100.0,0.0,7.5,-704.4263550929318,-2400.836485884299,ALO,21
4500.0,289.6843792,100.0,0.0,8.0,-603.0,-2383.0,ALO,21
4520.0,295.0,100.0,0.0,8.0,-409.0910595788216,-2350.51855261045,ALO,21
4530.0,295.28500096,100.0,0.0,8.0,-363.0,-2343.0,ALO,21
4540.0,296.2375008,100.0,0.0,8.0,-223.16977239974472,-2320.0192390291686,ALO,21
4550.0,297.30833493333336,100.0,0.0,8.0,-119.0,-2301.0,ALO,21
4560.0,298.0,100.0,0.0,8.0,-50.36486878059625,-2288.222862924358,ALO,21
4570.0,299.9500032,100.0,0.0,8.0,48.0,-2270.0,ALO,21
4580.0,302.0,100.0,0.0,8.0,151.68970072681762,-2250.792600990166,ALO,21
4660.0,307.2978052199956,100.0,0.0,8.0,972.0401958522336,-2099.3147315719107,ALO,22
4680.0,309.0,100.0,0.0,8.0,1207.2031694893096,-2056.2569736726764,ALO,22
4700.0,309.0,100.0,0.0,8.0,1358.5915180820487,-2028.2669628197418,ALO,22
4710.0,309.0,100.0,0.0,8.0,1497.4581174314544,-2003.7399288216236,ALO,22
4720.0,308.7749984,100.0,0.0,8.0,1535.0,-1997.0,ALO,22
4730.0,308.0,100.0,0.0,8.0,1697.3984624922155,-1967.3203101491963,ALO,22
4740.0,307.5093744,100.0,0.0,8.0,1888.0,-1932.0,ALO,22
4760.0,306.80749951999996,100.0,0.0,8.0,1959.8442537275582,-1918.32363644031,ALO,22
4770.0,306.0,100.0,0.0,8.0,2043.064868788146,-1902.6788968706192,ALO,22
4790.0,306.0,100.0,0.0,8.0,2280.0,-1860.0,ALO,22
4800.0,306.0,100.0,0.0,8.0,2334.5998765768927,-1850.5870260556794,ALO,22
4810.0,305.0718744,100.0,0.0,8.0,2529.7202421617703,-1817.73734506539,ALO,22
4840.0,305.0,100.0,0.0,8.0,2822.1691215941482,-1772.4889840018802,ALO,23
4850.0,304.5107136,100.0,0.0,8.0,2912.0,-1759.0,ALO,23
4860.0,304.0,100.0,0.0,8.0,2997.272167366029,-1745.7676757462073,ALO,23
4880.0,303.50681774545455,100.0,0.0,8.0,3129.0,-1725.0,ALO,23
4900.0,303.0,100.0,0.0,8.0,3319.819484488472,-1695.4388505004395,ALO,23
4910.0,303.0,100.0,0.0,8.0,3545.0,-1660.0,ALO,23
4920.0,303.0,100.0,0.0,8.0,3584.0672445410473,-1653.9772315324656,ALO,23
4940.0,298.00277404444444,28.611057777777788,0.0,8.0,3727.0,-1633.0,ALO,23
4950.0,296.0,0.0,1.0,8.0,3800.943385509363,-1621.6474319831145,ALO,23
4960.0,267.9642514285714,0.0,1.0,8.0,3923.0,-1603.0,ALO,23
4970.0,241.04998765714285,0.0,1.0,8.0,4027.2880292322034,-1588.0207024034394,ALO,23
4980.0,210.0,0.0,1.0,8.0,4234.576547936763,-1553.3007999626284,ALO,23
4990.0,200.5062416,0.0,1.0,8.0,4299.536728748152,-1541.2903215484407,ALO,23
5000.0,172.98570605714286,0.0,1.0,7.5,4382.8895768334205,-1520.9666601879676,ALO,23
5010.0,154.2249856,0.0,1.0,7.0,4489.0,-1492.0,ALO,23
5020.0,142.11249279999998,0.0,1.0,5.0,4546.743795348385,-1471.6496065633505,ALO,23
5030.0,127.06166058666668,0.0,1.0,2.3333333333333335,4627.6188839513925,-1430.6275099998786,ALO,23
5040.0,117.38522443636364,0.0,1.0,2.0,4690.711109731143,-1379.0486286338846,ALO,23
5050.0,107.63522443636364,0.0,1.0,2.0,4750.178718435862,-1297.615625907621,ALO,23
5060.0,94.62793718802868,0.0,1.0,1.25,4791.234538991288,-1171.6603840779135,ALO,24
5070.0,85.68181992727273,0.0,0.6666666666666666,1.0,4796.955982248298,-1061.70691127539,ALO,24
5080.0,81.33261292955682,10.287087631625027,0.0,1.0,4787.413623386604,-991.408616371676,ALO,24
5090.0,79.55071469714287,27.724217033142857,0.0,1.0,4757.68567097468,-906.5027549095936,ALO,24
5100.0,84.98500096000001,34.966252159999996,0.0,1.5,4667.833051504188,-789.8262147363533,ALO,24
5110.0,90.50500288,42.010005760000006,0.0,2.0,4639.118561672639,-769.5364078274888,ALO,24
5120.0,100.39062799999999,56.695313999999996,0.0,2.0,4525.138897471882,-724.3974357426537,ALO,24
5130.0,110.5,61.0,0.0,2.0,4441.506165945556,-709.7499491199907,ALO,24
5140.0,117.031256,63.515628,0.0,2.0,4387.0,-710.0,ALO,24
5150.0,124.35417066666668,67.28333653333334,0.0,2.0,4264.66547836464,-714.8467593207295,ALO,24
5160.0,138.937504,78.9500032,0.0,2.5,4176.516178673348,-720.0446450970887,ALO,24
5170.0,155.18393508571427,96.8875072,0.0,3.0,4078.402625609033,-729.8062751370096,ALO,24
5180.0,161.031256,100.0,0.0,3.0,4019.0,-736.0,ALO,24
5190.0,169.093752,100.0,0.0,3.6666666666666665,3895.463877423948,-749.5171565385075,ALO,24
5200.0,179.06750528,100.0,0.0,4.0,3761.7963450440457,-764.6059124717851,ALO,24
5210.0,188.9937584,100.0,0.0,4.0,3624.0,-780.0,ALO,24
5220.0,197.0,100.0,0.0,5.0,3554.855447216785,-786.4555919428007,ALO,24
5230.0,199.9625024,100.0,0.0,5.0,3505.1865529344805,-790.7270456696124,ALO,24
5240.0,208.0,100.0,0.0,5.0,3340.90067502065,-805.1933028231726,ALO,24
5250.0,209.83214902857142,100.0,0.0,5.0,3308.0,-808.0,ALO,24
5260.0,215.98750308571428,100.0,0.0,5.0,3184.804551275332,-818.3065634942152,ALO,24
5270.0,222.65500287999998,100.0,0.0,5.0,2968.1760162390865,-836.8398267543222,ALO,24
5290.0,226.0,100.0,0.0,6.0,2796.4544186959442,-851.3866761769101,ALO,25
5300.0,226.0,100.0,0.0,6.0,2753.0,-855.0,ALO,25
5310.0,226.0,100.0,0.0,6.0,2656.460656947097,-862.9276538870636,ALO,25
5320.0,233.42858038483575,100.0,0.0,6.0,2575.0,-870.0,ALO,25
5340.0,244.97619288111332,100.0,0.0,6.0,2413.9836289700224,-884.5607534771577,ALO,25
5350.0,248.1249984,100.0,0.0,6.0,2292.0,-895.0,ALO,25
5360.0,249.29464182857143,100.0,0.0,6.0,2199.6550232901945,-902.4709177369463,ALO,25
5380.0,252.0,100.0,0.0,6.0,2040.7048130878288,-916.4654435481555,ALO,25
5390.0,252.8525970303114,100.0,0.0,6.0,1879.6920731583032,-929.7736301119679,ALO,25
5400.0,254.65,100.0,0.0,6.0,1725.0,-943.0,ALO,25
5410.0,256.0,100.0,0.0,6.0,1637.1329487039002,-950.4694518134706,ALO,25
5430.0,256.89250047999997,100.0,0.0,6.0,1490.6161427884713,-962.9418343804257,ALO,25
5440.0,258.09444551111113,100.0,0.0,6.0,1251.0,-984.0,ALO,25
5450.0,259.0,100.0,0.0,6.0,1173.7388248925508,-991.042178025711,ALO,25
5470.0,259.0222222222222,100.0,0.0,6.0,1103.7367453744537,-997.2821769186066,ALO,25
0.0,284.86875280000004,100.0,0.0,7.0,1050.0834636609395,-1001.0623455898187,SAI,1
10.0,287.1937536,100.0,0.0,7.0,973.0,-1008.0,SAI,1
20.0,291.0,100.0,0.0,7.0,810.1567038427161,-1022.9864125926632,SAI,1
30.0,292.187504,100.0,0.0,7.0,764.0,-1027.0,SAI,1
40.0,295.968752,100.0,0.0,7.0,616.5794155562055,-1039.1224319691496,SAI,1
60.0,298.7125024,100.0,0.0,7.0,414.0834764602776,-1057.4374949359453,SAI,1
70.0,303.0,100.0,0.0,7.0,278.912370779093,-1069.5797931124125,SAI,1
90.0,304.8357156571429,100.0,0.0,7.0,101.0,-1085.0,SAI,1
100.0,305.0,100.0,0.0,8.0,76.24115663330718,-1087.1768823720868,SAI,1
110.0,307.9500032,100.0,0.0,8.0,-137.0,-1106.0,SAI,1
120.0,309.0,100.0,0.0,8.0,-196.25130436921972,-1111.2168641609894,SAI,1
140.0,312.0531256,100.0,0.0,8.0,-372.423355628436,-1126.5208166783523,SAI,1
150.0,313.0,100.0,0.0,8.0,-483.0034235974293,-1135.9910556811324,SAI,1
170.0,314.4678592,100.0,0.0,8.0,-622.0,-1148.0,SAI,1
180.0,316.1187504,100.0,0.0,8.0,-851.5835334809262,-1168.1269382785365,SAI,1
200.0,317.0,100.0,0.0,8.0,-986.0981358392582,-1180.4562665709607,SAI,1
210.0,317.32083413333334,100.0,0.0,8.0,-1025.0,-1184.0,SAI,1
220.0,318.0,100.0,0.0,8.0,-1152.335035720501,-1195.0289366423922,SAI,2
240.0,320.0,100.0,0.0,8.0,-1352.441062308038,-1212.3268022662683,SAI,2
250.0,320.0,100.0,0.0,8.0,-1471.616474544614,-1222.9940877760291,SAI,2
270.0,320.0,100.0,0.0,8.0,-1785.0,-1250.0,SAI,2
300.0,320.0,100.0,0.0,8.0,-1954.558257701052,-1264.7181340578645,SAI,2
310.0,319.0597015115468,100.0,0.0,8.0,-2077.6021045467096,-1275.8816445227544,SAI,2
330.0,319.0,100.0,0.0,8.0,-2245.0,-1291.0,SAI,2
340.0,319.0,100.0,0.0,8.0,-2369.926022640869,-1301.1601260805755,SAI,2
360.0,318.0,100.0,0.0,8.0,-2639.375966282253,-1324.8430813305624,SAI,2
370.0,318.0,100.0,0.0,8.0,-2697.0,-1330.0,SAI,2
380.0,318.0,100.0,0.0,8.0,-2851.586177615582,-1343.8038690176325,SAI,2
400.0,317.5111111111111,100.0,0.0,8.0,-2978.0,-1355.0,SAI,2
420.0,317.00416640000003,100.0,0.0,8.0,-3128.593058197309,-1368.1371619359836,SAI,2
440.0,316.07678537142857,100.0,0.0,8.0,-3468.47668179615,-1397.308601758446,SAI,3
470.0,312.0,100.0,1.0,8.0,-3795.687907400781,-1426.6642281417724,SAI,3
480.0,308.79165866666665,67.91658666666666,1.0,8.0,-3845.0,-1431.0,SAI,3
490.0,302.0,0.0,1.0,8.0,-3920.712920031754,-1437.2627616267584,SAI,3
500.0,269.63568274285717,0.0,1.0,8.0,-4011.0,-1445.0,SAI,3
510.0,252.61561360000002,0.0,1.0,8.0,-4086.972381535647,-1452.1942270670725,SAI,3
530.0,215.4562368,0.0,1.0,8.0,-4249.454934343727,-1466.8859169389914,SAI,3
540.0,191.9078044,0.0,1.0,8.0,-4406.025739343353,-1480.7340584268513,SAI,3
550.0,169.0,0.0,1.0,8.0,-4508.868397536052,-1487.526826303656,SAI,3
560.0,154.2805464888889,0.0,1.0,7.333333333333333,-4558.903094433405,-1486.9958551254258,SAI,3
570.0,142.0,0.0,1.0,5.0,-4651.075182113521,-1486.256416898054,SAI,3
580.0,133.53703348148147,0.0,1.0,4.0,-4763.364580557126,-1478.9422135154152,SAI,3
590.0,122.88666538666666,0.0,1.0,2.0,-4877.384438299107,-1453.0960337764236,SAI,3
600.0,112.7958304,0.0,1.0,2.0,-4966.406400406256,-1408.1000946869497,SAI,3
610.0,105.5374976,0.0,1.0,1.5,-5028.694770363429,-1351.7393726446119,SAI,3
620.0,98.0249984,0.0,1.0,1.0,-5082.379534107214,-1273.9915505055567,SAI,3
630.0,86.93124639999999,0.0,1.0,1.0,-5114.884714462955,-1186.7069371805133,SAI,3
640.0,79.97865964114655,0.0,1.0,1.0,-5123.639198562217,-1055.5332823635158,SAI,3
650.0,73.69772059205457,0.0,0.0,1.0,-5102.293990048222,-962.9396924782017,SAI,3
660.0,70.527999488,23.536004096,0.0,1.0,-5064.5434177254065,-897.9649550853073,SAI,4
670.0,75.76333461333333,36.151667626666665,0.0,1.0,-4998.300344543417,-831.7824210674503,SAI,4
680.0,83.2375008,43.796876,0.0,1.0,-4898.672108190455,-791.1204612242244,SAI,4
690.0,91.18095603809525,53.385717028571435,0.0,1.0,-4700.30577867186,-818.437905779902,SAI,4
700.0,99.80999936,51.01331541333334,0.6666666666666666,1.0,-4605.337996860412,-855.1268042158998,SAI,4
710.0,95.5281232,0.0,1.0,1.0,-4501.659973934803,-885.6124734884103,SAI,4
720.0,85.25138702222222,0.0,1.0,1.0,-4390.543236792275,-907.761062452044,SAI,4
730.0,79.890748992,0.0,0.0,1.0,-4312.005422738622,-907.1795917285465,SAI,4
740.0,75.95379417142857,0.5089302857142857,0.0,1.0,-4217.98753258557,-862.7301030536826,SAI,4
750.0,73.76212092121212,15.233339733333333,0.0,1.0,-4166.50229950232,-792.1922621077948,SAI,4
760.0,74.05875264,33.4437536,0.0,1.0,-4146.456478738102,-717.926378917568,SAI,4
770.0,84.737002112,49.326253120000004,0.0,1.0,-4138.812323738404,-610.856300993031,SAI,4
780.0,94.95875264,59.9625024,0.0,1.0,-4158.115459060435,-502.64338172719533,SAI,4
790.0,102.75268754060214,61.34408594257527,0.0,1.0,-4184.842689281775,-440.52656795766256,SAI,4
800.0,118.08432214648751,67.81158080164427,0.0,1.6666666666666667,-4258.564281254506,-337.6956631180253,SAI,4
810.0,130.2857142857143,83.3047619047619,0.0,2.0,-4325.316244572997,-261.57265623517435,SAI,4
820.0,147.35714285714286,99.31428571428572,0.0,2.5,-4399.6278820633,-159.6317987307359,SAI,4
830.0,158.68571428571428,100.0,0.0,3.0,-4439.0,-88.0,SAI,4
840.0,168.9000064,100.0,0.0,3.0,-4471.087595751294,-13.851949974865306,SAI,4
850.0,175.0,100.0,0.0,4.0,-4494.738683263422,58.07410544612841,SAI,4
860.0,181.38182865454544,100.0,0.0,4.0,-4529.0,192.0,SAI,4
870.0,194.38750720000002,100.0,0.0,4.0,-4543.385452053252,276.52814055045167,SAI,4
880.0,205.0,100.0,0.0,4.0,-4550.645970876755,346.6098450960221,SAI,5
890.0,209.4250048,100.0,0.0,4.0,-4562.0,459.0,SAI,5
900.0,213.0,100.0,0.0,5.0,-4566.843666801034,528.412887031602,SAI,5
910.0,217.4625024,100.0,0.0,5.0,-4564.949817150889,672.7901754807467,SAI,5
920.0,221.47500617142856,100.0,0.0,5.0,-4560.0,813.0,SAI,5
930.0,228.0,100.0,0.0,5.0,-4555.826469568465,898.2727496700289,SAI,5
940.0,231.76072045714287,100.0,0.0,5.0,-4553.0,941.0,SAI,5
950.0,238.10000274285716,100.0,0.0,6.0,-4544.141639331748,1073.0628840147524,SAI,5
970.0,245.62343959999998,100.0,0.0,6.0,-4523.295360875445,1253.0880439283824,SAI,5
990.0,251.74843959999998,100.0,0.0,6.0,-4477.77516320076,1488.5068531329548,SAI,5
1020.0,261.1517874285714,100.0,0.0,6.0,-4371.161401907937,1795.9967751902327,SAI,5
1040.0,266.3562512,100.0,0.0,6.0,-4241.813057477474,1996.1321577581202,SAI,5
1060.0,270.0,100.0,0.0,7.0,-4153.9838296792195,2101.016586660625,SAI,5
1070.0,270.7125024,100.0,0.0,7.0,-4130.0,2124.0,SAI,5
1090.0,273.7312512,100.0,0.0,7.0,-3993.578021268013,2245.577073208386,SAI,5
1100.0,276.07083413333334,100.0,0.0,7.0,-3876.2632065397484,2329.9967202463276,SAI,6
1120.0,278.14166826666667,100.0,0.0,7.0,-3547.0,2508.0,SAI,6
1130.0,279.14250047999997,100.0,0.0,7.0,-3432.7745512112297,2555.9597417860496,SAI,6
1150.0,280.38500096,100.0,0.0,7.0,-3243.0,2618.0,SAI,6
1160.0,281.0,100.0,0.0,7.0,-3147.019164003215,2647.1975411696367,SAI,6
1180.0,283.4625024,100.0,0.0,7.0,-3001.0,2691.0,SAI,6
1190.0,285.1781256,100.0,0.0,7.0,-2892.9911668191053,2723.452997745406,SAI,6
1200.0,286.30107519975337,100.0,0.0,7.0,-2675.640803988001,2790.6649495898228,SAI,6
1220.0,289.0,100.0,0.0,7.0,-2466.796668139774,2856.45216598502,SAI,6
1240.0,289.0,100.0,0.0,7.0,-2374.054529322782,2888.8473014191973,SAI,6
1250.0,289.0,100.0,0.0,7.0,-2301.0,2914.0,SAI,6
1260.0,289.1343489656464,100.0,0.0,7.0,-2201.356828241477,2949.05936933898,SAI,6
1280.0,289.8781170310235,100.0,0.0,7.0,-1998.0,3023.0,SAI,6
1290.0,290.0,100.0,0.0,7.0,-1964.5051913722148,3035.4660757150714,SAI,6
1300.0,290.0,100.0,0.0,7.0,-1783.69510348517,3103.600000251509,SAI,6
1310.0,290.0,100.0,0.0,7.0,-1772.0,3108.0,SAI,6
1320.0,290.0,100.0,0.0,7.0,-1637.0,3159.0,SAI,7
1330.0,290.0,100.0,0.0,7.0,-1559.9866510256934,3188.9222227026007,SAI,7
1340.0,290.0,100.0,0.0,7.0,-1375.2900844103115,3262.5641618955287,SAI,7
1360.0,290.0,100.0,0.0,7.0,-1160.7247809497399,3352.1641657902064,SAI,7
1370.0,290.0,100.0,0.0,7.0,-1026.0,3410.0,SAI,7
1390.0,290.0,100.0,0.0,7.0,-915.3029318665018,3457.9646935424817,SAI,7
1410.0,290.46041386666667,92.29162666666667,0.0,7.0,-806.0544739675565,3506.794419225028,SAI,7
1430.0,284.0437472,0.6249600000000015,0.5,7.0,-579.7538596752668,3608.560224899915,SAI,7
1450.0,235.17373728,0.0,1.0,7.0,-418.1621527138911,3680.372921868531,SAI,7
1460.0,219.7843528,0.0,1.0,7.0,-344.0,3713.0,SAI,7
1470.0,191.59498752000002,0.0,1.0,7.0,-224.4430158513943,3767.233417903556,SAI,7
1480.0,164.7093696,0.0,1.0,6.0,-120.29911496349158,3811.3553915674424,SAI,7
1490.0,156.05624640000002,0.0,1.0,5.0,-47.81987074421766,3837.733592339081,SAI,7
1500.0,145.86647345454546,0.0,1.0,3.0,56.34890535845543,3865.1678513097877,SAI,7
1530.0,109.63541466666666,0.0,0.75,2.0,352.8193224703329,3794.985140998456,SAI,7
1540.0,105.01499903999999,2.97750144,0.0,2.0,423.2836385249188,3726.6676634236046,SAI,8
1550.0,104.1532203151515,38.26383481212121,0.0,2.0,479.58865606258024,3644.5041145745745,SAI,8
1560.0,109.49886516363637,50.284093090909096,0.0,2.0,527.1928503407001,3540.870009053211,SAI,8
1570.0,112.51333461333333,50.371666346666665,0.0,2.0,550.6266823976313,3455.6152198032287,SAI,8
1580.0,115.57994822220475,52.8213361110799,0.0,2.0,563.0,3397.0,SAI,8
1590.0,130.80886937331755,74.78393312512942,0.0,2.0,578.2374739771104,3273.011034227576,SAI,8
1600.0,141.95999999999998,77.36,0.0,3.0,589.234755316978,3147.8959075432554,SAI,8
1610.0,144.96000256000002,87.86000896,0.0,3.0,595.0852366945353,3088.1627314708935,SAI,8
1620.0,165.1,99.4857142857143,0.0,3.0,607.498595339576,2970.5720867982027,SAI,8
1640.0,184.01666666666668,100.0,0.0,3.0,623.0,2849.0,SAI,8
1650.0,190.0828152,100.0,0.0,4.0,632.3062156141145,2777.576656957017,SAI,8
1660.0,197.1140652,100.0,0.0,4.0,650.2599890288019,2643.4866413983473,SAI,8
1670.0,206.296884,100.0,0.0,4.0,666.0,2532.0,SAI,8
1680.0,213.0,100.0,0.0,5.0,679.642894200774,2441.9862624931066,SAI,8
1690.0,216.0,100.0,0.0,5.0,696.9165790050482,2334.0632113170172,SAI,8
1700.0,217.187504,100.0,0.0,5.0,703.0,2298.0,SAI,8
1710.0,221.0,100.0,0.0,5.0,722.155255782606,2191.597358204555,SAI,8
1720.0,227.83125280000002,100.0,0.0,5.0,747.5163401630957,2063.257678539078,SAI,8
1730.0,231.57917226666666,100.0,0.0,5.0,764.0,1983.0,SAI,8
1740.0,234.93409221818183,100.0,0.0,5.0,786.6995808749465,1887.3621718005784,SAI,8
1760.0,239.97954676363636,100.0,0.0,5.5,870.3140030014825,1613.0844915509188,SAI,9
1780.0,244.24250048,100.0,0.0,6.0,909.0074183996205,1511.4086397146552,SAI,9
1790.0,245.0,100.0,0.0,6.0,946.9009613518407,1427.278313856054,SAI,9
1800.0,246.8562512,100.0,0.0,6.0,993.6250842384432,1333.0849335435303,SAI,9
1810.0,247.84250048,78.09498752,0.0,6.0,1057.8448197942857,1224.4163440253474,SAI,9
1830.0,247.90749952,67.0,0.0,6.0,1209.3069298231305,1028.9873208717195,SAI,9
1840.0,247.0,67.0,0.0,6.0,1281.2439605118368,954.4706966782015,SAI,9
1860.0,246.18392822857143,63.73571291428571,0.0,6.0,1376.4236362537272,884.2933279881024,SAI,9
1870.0,244.0,61.0,0.0,6.0,1499.9128170196382,808.4933679253005,SAI,9
1880.0,244.0,60.841666133333334,0.0,6.0,1536.0,790.0,SAI,9
1890.0,244.0,60.341666133333334,0.0,6.0,1649.0,742.0,SAI,9
1900.0,243.64027591111113,59.588886755555556,0.0,6.0,1722.2559872496445,718.7331440981752,SAI,9
1920.0,237.80694257777776,52.92222008888889,0.0,6.0,1903.7871191545237,679.1874240403429,SAI,9
1930.0,236.2781232,52.2406256,0.0,6.0,1981.0,670.0,SAI,9
1940.0,234.3890616,52.8703128,0.0,6.0,2109.419904666877,662.5050176842019,SAI,9
1950.0,232.0,57.0,0.0,6.0,2223.6654027248264,668.1903169837999,SAI,9
1960.0,232.0,59.425004799999996,0.0,6.0,2300.0,686.0,SAI,9
1970.0,232.0,65.77777777777777,0.0,6.0,2469.3287788856223,741.2604409636238,SAI,9
1990.0,232.17610055804758,82.17610055804758,0.0,6.0,2609.136167202825,798.406491385553,SAI,10
2000.0,233.0,83.0,0.0,6.0,2659.766709583804,827.4842402604038,SAI,10
2010.0,234.0,83.0,0.0,6.0,2754.808287055975,885.0939210520136,SAI,10
2020.0,234.0,88.38335146666667,0.0,6.0,2801.0,920.0,SAI,10
2030.0,234.6750048,100.0,0.0,6.0,2906.0463522114383,1017.8090563643714,SAI,10
2040.0,240.0,100.0,0.0,6.0,2964.3026322189608,1082.384464938777,SAI,10
2060.0,240.05,78.7,0.0,6.0,3088.6754257089,1208.140068282664,SAI,10
2070.0,240.77499840000002,71.57498986666667,0.0,6.0,3250.6580368229597,1321.5487546540407,SAI,10
2080.0,238.0,54.0,0.0,6.0,3397.0114054570454,1395.4633332795545,SAI,10
2090.0,237.05749952,54.0,0.0,6.0,3477.8609784474797,1415.1379570755412,SAI,10
2110.0,233.0,54.0,0.0,6.0,3549.4600285307483,1431.254332270926,SAI,10
2120.0,232.5093744,54.0,0.0,6.0,3626.0,1443.0,SAI,10
2130.0,232.018500096,54.851004415999995,0.0,6.0,3737.1935675639397,1450.7398962559782,SAI,10
2190.0,232.968500096,98.551004416,0.0,6.0,4327.716831425562,1308.3251937247785,SAI,10
2200.0,235.1062512,100.0,0.0,6.0,4460.376351066843,1223.4029923940877,SAI,11
2220.0,238.2125024,100.0,0.0,6.0,4637.0,1069.0,SAI,11
2240.0,241.40416746666665,100.0,0.0,6.0,4723.460271932295,978.7257820421219,SAI,11
2250.0,243.06375072,100.0,0.0,6.0,4807.224157549012,883.391220023412,SAI,11
2270.0,245.07750144,100.0,0.0,6.0,4922.0,742.0,SAI,11
2280.0,246.0,100.0,0.0,6.0,5001.217154152956,642.2307361321436,SAI,11
2290.0,246.39250048,100.0,0.0,6.0,5101.0,517.0,SAI,11
2310.0,247.0,100.0,0.0,6.0,5160.795438817111,444.98428677380855,SAI,11
2320.0,248.12613701818182,100.0,0.0,6.0,5229.8953340064,367.71169057687376,SAI,11
2330.0,249.07045585454546,100.0,0.0,6.0,5337.0,246.0,SAI,11
2340.0,250.16136494545455,100.0,0.0,6.0,5411.0,162.0,SAI,11
2350.0,251.0,100.0,0.0,6.0,5465.625473998611,98.25595500095004,SAI,11
2360.0,251.26944497777777,100.0,0.0,6.0,5511.0,46.0,SAI,11
2370.0,251.9958336,100.0,0.0,6.0,5633.696079814345,-88.77783456923571,SAI,11
2380.0,252.56071497142858,100.0,0.0,6.0,5707.0,-172.0,SAI,11
2390.0,253.0,100.0,0.0,6.0,5765.1642281292,-237.58896437726114,SAI,11
2400.0,254.0,100.0,0.0,6.0,5840.671155447713,-321.84737621794136,SAI,11
2410.0,254.2,100.0,0.0,6.0,5848.0,-330.0,SAI,11
2420.0,256.0,100.0,0.0,6.0,5919.641740474523,-410.04708000672673,SAI,12
2430.0,255.0999936,94.34281691428572,0.0,6.0,6052.6256195689375,-563.944954450973,SAI,12
2450.0,242.0,12.0,1.0,6.0,6155.012331968153,-682.2874079475524,SAI,12
2460.0,234.66666666666666,10.044444444444444,1.0,6.0,6212.0,-750.0,SAI,12
2470.0,228.74999466666668,8.466665244444444,1.0,5.5,6267.49098728052,-818.9565868637756,SAI,12
2480.0,216.73333333333335,8.0,1.0,5.0,6339.0,-926.0,SAI,12
2490.0,213.0,8.0,1.0,5.0,6357.668395097306,-964.5614880172329,SAI,12
2500.0,205.17777777777778,8.71111111111111,1.0,5.0,6416.0,-1130.0,SAI,12
2510.0,202.0,9.0,1.0,4.0,6425.477670673005,-1178.0853137195077,SAI,12
2520.0,194.05999616,6.02249856,1.0,4.0,6428.00759528975,-1250.5822178064245,SAI,12
2530.0,187.0499968,0.0,1.0,4.0,6420.665211682855,-1374.9347635520044,SAI,12
2540.0,181.0,6.5906472,0.0,4.0,6377.733730210932,-1543.6073167108252,SAI,12
2550.0,181.0,37.0,0.0,4.0,6352.536783217339,-1623.399519071311,SAI,12
2560.0,178.0140616,62.8781328,0.0,4.0,6310.664016636827,-1701.5607915699143,SAI,12
2570.0,179.2535734857143,66.76072045714285,0.0,4.0,6280.0,-1752.0,SAI,12
2580.0,181.132814,72.2125024,0.0,4.0,6230.595011937026,-1822.5845739923407,SAI,12
2590.0,184.882814,78.2125024,0.0,4.0,6150.547353014275,-1914.8875598111435,SAI,12
2600.0,188.20454981818182,81.54318487272727,0.0,4.0,6087.0,-1973.0,SAI,12
2610.0,192.2954589090909,84.40682123636364,0.0,4.0,6008.0,-2026.0,SAI,12
2620.0,196.0,87.0,0.0,5.0,5933.361742311146,-2064.839811580564,SAI,12
2630.0,201.95500288,94.94000384,0.0,5.0,5821.986738383451,-2105.302841606995,SAI,12
2640.0,207.4625024,99.55208533333334,0.0,5.0,5670.858623742597,-2144.669810685803,SAI,13
2660.0,215.38571702857143,100.0,0.0,5.0,5565.882240472249,-2165.735168345709,SAI,13
2670.0,225.0,100.0,0.0,5.0,5404.535858648418,-2191.8949758812623,SAI,13
2680.0,228.1750048,100.0,0.0,5.0,5323.0,-2203.5,SAI,13
2690.0,230.0,100.0,0.0,6.0,5273.077541143408,-2209.2705497955258,SAI,13
2700.0,234.0,100.0,0.0,6.0,5126.50622540784,-2219.120389431063,SAI,13
2710.0,236.9437536,100.0,0.0,6.0,5003.0,-2225.0,SAI,13
2720.0,240.0,100.0,0.0,6.0,4936.983511042073,-2227.1076932297956,SAI,13
2730.0,242.4250048,100.0,0.0,6.0,4895.0,-2228.0,SAI,13
2740.0,246.84218959999998,100.0,0.0,6.0,4772.022228179125,-2231.145359850334,SAI,13
2760.0,252.52968959999998,100.0,0.0,6.0,4588.533399763011,-2238.7973535120263,SAI,13
2770.0,257.0,100.0,0.0,6.0,4422.7418111926145,-2248.3576484279997,SAI,13
2780.0,260.4625024,100.0,0.0,6.0,4315.15902481902,-2255.062153068,SAI,13
2810.0,266.22500160000004,100.0,0.0,6.0,4036.852799471268,-2273.1397848002143,SAI,13
2830.0,269.0,100.0,0.0,7.0,3889.716834976442,-2283.1861987643747,SAI,13
2840.0,270.6714313142857,100.0,0.0,7.0,3785.0,-2290.0,SAI,13
2850.0,272.15,100.0,0.0,7.0,3656.0153382716308,-2297.7526781009515,SAI,13
2870.0,273.0571428571428,100.0,0.0,7.0,3442.5684840000868,-2311.6293082563857,SAI,14
2890.0,274.7714285714286,100.0,0.0,7.0,3241.749439364175,-2326.5563003468424,SAI,14
2900.0,275.7250016,100.0,0.0,7.0,3040.0,-2344.0,SAI,14
2920.0,277.1583338666667,100.0,0.0,7.0,2944.8714769403273,-2352.64621926327,SAI,14
2940.0,278.4875008,100.0,0.0,7.0,2724.0,-2376.0,SAI,14
2950.0,279.0,100.0,0.0,7.0,2629.590557661814,-2385.631811632148,SAI,14
2960.0,279.6500010666667,100.0,0.0,7.0,2539.0,-2395.0,SAI,14
2980.0,280.8250005333333,100.0,0.5,7.0,2369.395165553716,-2413.4890517896674,SAI,14
2990.0,267.17747264,75.74995200000001,1.0,7.0,2276.0,-2424.0,SAI,14
3010.0,223.5749952,0.0,1.0,7.0,1980.9089467853926,-2460.2576529807347,SAI,14
3020.0,212.0,0.0,1.0,7.0,1891.8502176297468,-2471.730943075952,SAI,14
3030.0,178.51415082666668,0.0,1.0,7.0,1815.7279879746072,-2482.436866032113,SAI,14
3040.0,165.0,0.0,1.0,7.0,1734.3937019700552,-2494.5487209300095,SAI,14
3050.0,136.94791466666666,0.0,1.0,4.333333333333333,1598.7149882053563,-2517.28354905926,SAI,14
3060.0,122.3906000678788,0.0,1.0,2.3333333333333335,1508.2868026634433,-2535.4000742623325,SAI,14
3070.0,107.21704174545454,0.0,1.0,2.0,1394.8457008312628,-2568.003440469177,SAI,14
3080.0,96.88437040000001,0.0,1.0,1.3333333333333333,1338.2840219231816,-2593.603208559935,SAI,15
3090.0,89.88020666666667,0.0,1.0,1.0,1259.080559412292,-2659.176271992479,SAI,15
3100.0,81.18333226666667,8.4625024,0.25,1.0,1225.0380529294716,-2772.828204704776,SAI,15
3110.0,80.0,34.925004799999996,0.0,1.0,1243.5584137020053,-2863.941461976584,SAI,15
3120.0,83.89482290285714,45.44339556571428,0.0,1.0,1289.2845762913194,-2934.6442120188967,SAI,15
3130.0,91.42125216,54.438751679999996,0.0,1.0,1355.5,-2999.5,SAI,15
3140.0,96.89999999999999,58.449999999999996,0.0,1.0,1412.5028712533058,-3042.0253824846022,SAI,15
3150.0,110.28347212972422,68.6146639598424,0.0,2.0,1562.2199670214386,-3132.9373715111487,SAI,15
3160.0,125.0,83.0,0.0,2.0,1766.1731266823597,-3252.6621175277096,SAI,15
3170.0,137.0,87.8,0.0,2.0,1797.0,-3271.0,SAI,15
3180.0,145.57857554285715,91.0,0.0,3.0,1851.6507579421805,-3304.3009245937965,SAI,15
3190.0,153.9517888,91.0,0.0,3.0,1972.613756733815,-3388.470865308478,SAI,15
3200.0,165.43719152,84.52718576,0.0,3.25,2064.96004445773,-3471.474781037383,SAI,15
3210.0,172.28333653333334,84.01770853333333,0.0,4.0,2150.706113109804,-3574.6453286017877,SAI,15
3220.0,177.9000064,84.3687504,0.0,4.0,2193.0,-3646.0,SAI,15
3240.0,187.61666986666665,84.97604186666666,0.0,4.0,2254.7605309382525,-3811.156350336801,SAI,15
3260.0,200.30125312,99.19375360000001,0.0,4.0,2286.066160372574,-4000.573225248695,SAI,15
3270.0,204.1607177142857,100.0,0.0,4.0,2294.0,-4112.0,SAI,15
3280.0,206.64166826666667,100.0,0.0,5.0,2294.823119846301,-4190.749091488408,SAI,15
3290.0,210.0,100.0,0.0,5.0,2279.2070924155964,-4358.037718408682,SAI,15
3300.0,211.4812512,100.0,0.0,5.0,2264.946925108311,-4452.171183712042,SAI,16
3320.0,215.23750080000002,100.0,0.0,5.0,2220.7253063956496,-4621.301428347071,SAI,16
3330.0,217.0,100.0,0.0,5.0,2192.3534690402535,-4708.936985196504,SAI,16
3340.0,219.52750143999998,100.0,0.0,5.0,2155.011100403908,-4802.884986471318,SAI,16
3360.0,215.1522688,46.136320000000005,0.0,5.0,2068.0,-4992.0,SAI,16
3370.0,211.0,0.0,1.0,5.0,2029.4549016966778,-5066.829970929958,SAI,16
3380.0,192.1499904,0.0,1.0,5.0,1974.7673450096077,-5145.623054287311,SAI,16
3390.0,175.9593696,0.0,1.0,5.0,1875.512963967463,-5276.658161268973,SAI,16
3400.0,168.0,0.0,1.0,5.0,1837.4355823553374,-5324.062836602833,SAI,16
3410.0,165.22999808,0.0,1.0,3.0,1788.2792683577966,-5373.174900719455,SAI,16
3420.0,160.3968696,0.0,1.0,3.0,1738.0,-5419.0,SAI,16
3430.0,152.5003440888889,0.0,0.3333333333333333,3.0,1634.7701993217681,-5477.508793348053,SAI,16
3440.0,147.5187488,1.8287545600000001,0.0,3.0,1536.7262014699481,-5503.51757169096,SAI,16
3450.0,143.02499840000002,18.90500608,0.0,3.0,1388.7751721042928,-5507.826263407903,SAI,16
3460.0,145.9626870804183,55.539807325159174,0.0,3.0,1255.8380160358997,-5482.745952468538,SAI,16
3470.0,146.82437378594898,61.854841018385216,0.0,3.0,1211.2988604696434,-5467.915027567804,SAI,16
3480.0,150.7,69.525,0.0,3.0,1130.3168377368902,-5428.020577865126,SAI,16
3490.0,157.48333333333332,78.10000000000001,0.0,3.0,1040.368562672465,-5369.504796842043,SAI,16
3500.0,164.5125072,84.6750048,0.0,3.0,956.0,-5300.0,SAI,16
3510.0,170.40625599999998,90.1281328,0.0,3.0,898.2802137849653,-5247.254453348371,SAI,16
3520.0,178.0,100.0,0.0,4.0,858.4208253786549,-5210.4905862974665,SAI,17
3530.0,185.24091694545456,100.0,0.0,4.0,792.0,-5150.0,SAI,17
3540.0,195.12045847272728,100.0,0.0,4.0,648.7767600434736,-5021.837264717315,SAI,17
3560.0,211.14000384000002,100.0,0.0,4.5,521.4204573703064,-4907.514661911662,SAI,17
3570.0,217.49500672,100.0,0.0,5.0,441.0,-4836.0,SAI,17
3590.0,224.89750336,100.0,0.0,5.0,406.66249230104023,-4803.473932101106,SAI,17
3600.0,230.91458613333333,100.0,0.0,5.5,326.79681776153427,-4733.502552577407,SAI,17
3620.0,241.56875359999998,100.0,0.0,6.0,113.55657285728304,-4542.3091450896145,SAI,17
3650.0,254.30125312,100.0,0.0,6.0,-86.05104414833889,-4362.989333330612,SAI,17
3670.0,258.2125024,100.0,0.0,6.0,-227.20649175541539,-4236.619742876054,SAI,17
3690.0,265.0,100.0,0.0,7.0,-336.41738518765885,-4138.743109437734,SAI,17
3700.0,265.8656256,100.0,0.0,7.0,-401.10547851065417,-4081.14217500373,SAI,17
3710.0,267.0607149714286,100.0,0.0,7.0,-508.1246253494852,-3988.0389291205274,SAI,17
3730.0,268.63214354285714,100.0,0.0,7.0,-636.4483524068488,-3891.9775814805143,SAI,17
3750.0,269.7375008,100.0,0.0,7.0,-782.0,-3807.0,SAI,18
3760.0,270.57083413333334,100.0,0.0,7.0,-916.0,-3753.0,SAI,18
3770.0,271.0,100.0,0.0,7.0,-989.1319962553761,-3734.778305751566,SAI,18
3780.0,271.0,100.0,0.0,7.0,-1046.0,-3725.0,SAI,18
3790.0,271.0,100.0,0.0,7.0,-1235.5802036392988,-3712.4792497313138,SAI,18
3800.0,270.71499904,100.0,0.0,7.0,-1279.0,-3713.0,SAI,18
3810.0,269.7624992,100.0,0.0,7.0,-1404.319131567491,-3722.9460201119145,SAI,18
3820.0,268.69166506666664,100.0,0.0,7.0,-1498.0,-3742.0,SAI,18
3830.0,268.0,100.0,0.0,7.0,-1558.1279100884356,-3759.2085168359204,SAI,18
3840.0,267.0249984,100.0,0.0,7.0,-1642.0,-3788.0,SAI,18
3850.0,266.0,100.0,0.0,7.0,-1729.2017108558366,-3822.053348827682,SAI,18
3910.0,261.0,100.0,1.0,7.0,-2361.3408414207433,-4126.747510260362,SAI,18
3920.0,260.4043895600088,100.0,1.0,7.0,-2427.0,-4146.0,SAI,18
3940.0,258.88,99.56,1.0,7.0,-2589.288782190787,-4179.123008644907,SAI,18
3950.0,256.18,89.66,1.0,7.0,-2717.061430012561,-4194.76406550508,SAI,18
3960.0,253.0,100.0,0.0,7.0,-2847.6962760001875,-4199.6694826192825,SAI,19
3970.0,253.0,100.0,0.0,7.0,-2994.1034804134497,-4186.280381909784,SAI,19
3980.0,252.5093744,100.0,0.0,7.0,-3149.0,-4165.0,SAI,19
3990.0,252.0,100.0,0.0,7.0,-3203.703015376192,-4154.559704857961,SAI,19
4000.0,251.22999808,62.65490688,0.0,7.0,-3225.0,-4149.0,SAI,19
4010.0,250.0,3.0,1.0,7.0,-3280.406627914811,-4135.32216420949,SAI,19
4020.0,233.07141485714286,0.46071222857142846,1.0,7.0,-3450.0,-4081.0,SAI,19
4030.0,223.1499904,0.0,1.0,7.0,-3547.1144388274915,-4035.396059862065,SAI,19
4040.0,214.0,0.0,1.0,7.0,-3624.2594801184646,-3996.69080967319,SAI,19
4050.0,199.0,0.0,1.0,7.0,-3771.7127650369234,-3890.948451042939,SAI,19
4060.0,189.7035584,0.0,1.0,7.0,-3810.0,-3854.0,SAI,19
4070.0,180.0,0.0,1.0,5.0,-3844.004604623352,-3818.8995356215437,SAI,19
4080.0,166.68407912727272,0.0,1.0,5.0,-3891.0,-3764.0,SAI,19
4090.0,150.32499520000002,0.0,1.0,3.0,-3965.772596532824,-3651.260039700319,SAI,19
4100.0,137.9319399111111,0.0,1.0,3.0,-4018.5143053924157,-3542.3889811913386,SAI,19
4110.0,125.59821257142858,0.0,1.0,2.0,-4041.763357829143,-3452.1628685728774,SAI,19
4120.0,121.31249828571428,0.0,1.0,2.0,-4050.4792440144156,-3371.233443628538,SAI,19
4130.0,115.19166506666666,0.0,1.0,2.0,-4027.2421749760892,-3230.179993372385,SAI,19
4140.0,108.20535542857144,0.0,0.5,2.0,-4001.69241707351,-3166.6624541779056,SAI,19
4150.0,103.29999825454546,0.0,0.0,2.0,-3943.9828426060635,-3080.933722898506,SAI,19
4160.0,100.15749952,30.64625984,0.0,2.0,-3867.570950298824,-3011.619483945163,SAI,19
4170.0,102.01136581818182,43.41363898181818,0.0,2.0,-3795.0,-2967.0,SAI,19
4180.0,106.97045527272728,50.27121299393939,0.0,2.0,-3696.351375712755,-2928.328887514804,SAI,20
4190.0,113.0,60.0,0.0,2.0,-3612.524408676786,-2902.836378395358,SAI,20
4200.0,123.01653582202236,73.76533541788203,0.0,2.0,-3522.7830033919618,-2881.4271364289802,SAI,20
4210.0,135.9715872,86.0909056,0.0,2.5,-3402.0135584113664,-2854.790322352047,SAI,20
4220.0,151.6536030855493,91.80985028059092,0.0,3.0,-3306.681759018102,-2835.2075632094943,SAI,20
4240.0,171.9000064,99.56000256,0.0,3.0,-3144.892681808889,-2803.5494580792174,SAI,20
4250.0,180.08928914285713,100.0,0.0,3.5,-3099.126900182749,-2794.99238092597,SAI,20
4260.0,183.76500864,100.0,0.0,4.0,-3049.0,-2786.0,SAI,20
4280.0,200.93250432,100.0,0.0,4.0,-2767.4322004385967,-2737.906409710885,SAI,20
4290.0,206.06875359999998,100.0,0.0,4.0,-2729.6684652061253,-2732.1398293978827,SAI,20
4300.0,215.3875072,100.0,0.0,4.0,-2592.0,-2711.0,SAI,20
4310.0,220.0,100.0,0.0,5.0,-2491.229564869253,-2695.3245264596353,SAI,20
4320.0,228.1375072,100.0,0.0,5.0,-2316.0,-2668.0,SAI,20
4330.0,232.0,100.0,0.0,5.0,-2261.9224958729797,-2659.624351660363,SAI,20
4340.0,242.0,100.0,0.0,6.0,-2187.145073850713,-2648.0372510097413,SAI,20
4350.0,244.4250048,100.0,0.0,6.0,-2118.0,-2637.0,SAI,20
4370.0,250.2125024,100.0,0.0,6.0,-1877.1722531319274,-2598.1598502981524,SAI,20
4390.0,258.9625024,100.0,0.0,6.0,-1712.128830581411,-2570.8497950050933,SAI,20
4410.0,265.8142884571429,100.0,0.0,6.5,-1537.1789948177666,-2540.835326688124,SAI,21
4420.0,269.1218792,100.0,0.0,7.0,-1435.0,-2524.0,SAI,21
4440.0,273.7484396,100.0,0.0,7.0,-1276.5732708854364,-2498.619385060268,SAI,21
4450.0,282.0,100.0,0.0,7.0,-1150.5092440693095,-2477.4168149608563,SAI,21
4460.0,282.28500096,100.0,0.0,7.0,-1101.0,-2469.0,SAI,21
4470.0,283.0,100.0,0.0,7.0,-951.3897955069023,-2443.5967064479223,SAI,21
4480.0,285.5687536,100.0,0.0,7.0,-819.0,-2421.0,SAI,21
4490.0,289.0,100.0,0.0,7.0,-718.582548731387,-2403.425974043431,SAI,21
4500.0,290.9250048,100.0,0.0,7.0,-676.0,-2396.0,SAI,21
4510.0,293.0,100.0,0.0,7.0,-619.4360152541532,-2386.2603706917007,SAI,21
4520.0,298.0,100.0,0.0,7.0,-414.50048942632685,-2351.5643060939155,SAI,21
4530.0,298.61071634285713,100.0,0.0,7.0,-369.0,-2344.0,SAI,21
4540.0,300.32500205714285,100.0,0.0,7.0,-238.0,-2322.0,SAI,21
4550.0,301.0,100.0,0.0,8.0,-162.2341688667628,-2308.436349674343,SAI,21
4560.0,303.65500288,100.0,0.0,8.0,90.0,-2262.0,SAI,21
4570.0,304.0,100.0,0.0,8.0,117.35699483770318,-2256.9559441680576,SAI,21
4590.0,306.0,100.0,0.0,8.0,337.0611920942888,-2216.58828458357,SAI,21
4600.0,306.6062512,100.0,0.0,8.0,395.0,-2206.0,SAI,21
4620.0,308.0,100.0,0.0,8.0,524.1436073068168,-2182.477825572632,SAI,22
4630.0,308.3537419230874,100.0,0.0,8.0,631.0,-2163.0,SAI,22
4650.0,308.90362823243396,100.0,0.0,8.0,836.3355238529457,-2125.2139906650286,SAI,22
4670.0,310.6874976,100.0,0.0,8.0,987.0,-2097.0,SAI,22
4680.0,312.0,100.0,0.0,8.0,1099.6100465736645,-2076.2763513570762,SAI,22
4700.0,312.0,100.0,0.0,8.0,1314.4548927835044,-2037.2911929789743,SAI,22
4710.0,312.0,100.0,0.0,8.0,1413.0,-2019.0,SAI,22
4720.0,312.0,100.0,0.0,8.0,1483.7299477268,-2005.6813577073272,SAI,22
4730.0,312.0,100.0,0.0,8.0,1635.0,-1979.0,SAI,22
4740.0,312.0,100.0,0.0,8.0,1740.5984053051961,-1959.353401959003,SAI,22
4760.0,311.10749952000003,100.0,0.0,8.0,1918.9280334172388,-1925.6196372610245,SAI,22
4780.0,311.0,100.0,0.0,8.0,2237.0,-1867.0,SAI,22
4790.0,311.0,100.0,0.0,8.0,2333.676296172181,-1849.3446130451093,SAI,22
4810.0,311.0,100.0,0.0,8.0,2425.491779403892,-1834.7669841194174,SAI,22
4830.0,311.0,100.0,0.0,8.0,2741.5622877454703,-1785.758298714493,SAI,22
4850.0,310.0,100.0,0.0,8.0,2874.42750042735,-1765.2175801526162,SAI,23
4860.0,310.0,100.0,0.0,8.0,2927.0,-1757.0,SAI,23
4870.0,310.0,100.0,0.0,8.0,3081.4720218135253,-1732.7696851051628,SAI,23
4890.0,311.0,100.0,0.0,8.0,3346.8260440113895,-1691.4321051669604,SAI,23
4900.0,311.0,100.0,0.0,8.0,3472.0,-1672.0,SAI,23
4920.0,311.0,100.0,0.0,8.0,3625.827556894028,-1648.1706389066883,SAI,23
4930.0,305.0,12.0,1.0,8.0,3779.353831114225,-1624.5828460177388,SAI,23
4940.0,299.4499712,9.77998848,1.0,8.0,3803.0,-1621.0,SAI,23
4950.0,275.0,0.0,1.0,8.0,3889.398930367184,-1608.1368224110975,SAI,23
4960.0,236.35748032,0.0,1.0,8.0,3980.117409361527,-1595.1345603307675,SAI,23
4980.0,221.08124479999998,0.0,1.0,8.0,4136.140980777293,-1571.8067721824289,SAI,23
4990.0,200.47914666666668,0.0,1.0,8.0,4293.0,-1543.0,SAI,23
5000.0,169.0749952,0.0,1.0,6.0,4400.67779520236,-1516.2175734125067,SAI,23
5010.0,163.0,0.0,1.0,5.0,4441.659299067176,-1504.892883697411,SAI,23
5020.0,144.3257503030303,0.0,1.0,5.0,4546.0653495745355,-1472.6674902507355,SAI,23
5030.0,129.60340538181816,0.0,1.0,4.0,4658.447096474254,-1407.9890527733658,SAI,23
5040.0,118.3041632,0.0,1.0,2.5,4738.9015165469555,-1319.1773452231446,SAI,23
5050.0,107.87406016,0.0,1.0,1.75,4773.516093962242,-1242.2662335450552,SAI,23
5060.0,101.05262889167659,0.0,1.0,1.0,4796.182774020533,-1130.5086618418004,SAI,24
5070.0,92.08522676363637,0.0,1.0,1.0,4798.887479138024,-1054.9301813474317,SAI,24
5080.0,85.31060722424243,0.0,0.75,1.0,4771.505786522572,-936.3894512653486,SAI,24
5090.0,80.7285705142857,1.9000063999999999,0.0,1.0,4733.531513413342,-862.7089511570124,SAI,24
5100.0,79.45208373333334,23.945842133333333,0.0,1.0,4740.134456177389,-877.0636944940396,SAI,24
5110.0,84.61069607111112,45.093058488888886,0.0,1.0,4651.170305788538,-776.9815368486248,SAI,24
5120.0,91.7125024,51.6187504,0.0,1.0,4586.618389061946,-741.6732800536305,SAI,24
5130.0,100.06343984,54.58687584,0.0,1.5,4496.9090208091475,-717.9462242202444,SAI,24
5140.0,108.8015652,57.1578164,0.0,2.0,4408.957165160851,-710.1607411202339,SAI,24
5150.0,116.6765652,68.5328164,0.0,2.0,4358.048523348694,-711.1291081237553,SAI,24
5160.0,130.01818647272728,80.39091316363637,0.0,2.0,4226.624494622672,-717.3822305992447,SAI,24
5170.0,143.6285769142857,88.32321874285714,0.0,3.0,4114.118225631553,-725.8902494699007,SAI,24
5180.0,159.11000576,100.0,0.0,3.0,4005.550640633013,-737.1507513585993,SAI,24
5190.0,170.0,100.0,0.0,3.0,3927.5861181026653,-746.1492070238037,SAI,24
5200.0,173.7722296888889,100.0,0.0,3.0,3876.0,-752.0,SAI,24
5210.0,184.38250432,100.0,0.0,4.0,3696.7620083824886,-771.48368801427,SAI,24
5220.0,193.0,100.0,0.0,4.0,3615.420944298712,-780.3826961912739,SAI,24
5230.0,202.74000383999999,100.0,0.0,4.0,3516.0756802601245,-789.8532114352789,SAI,24
5250.0,211.48000768,100.0,0.0,4.0,3326.0,-806.0,SAI,24
5260.0,218.0,100.0,0.0,5.0,3217.530660523686,-815.3443202809483,SAI,24
5280.0,233.07500392727275,100.0,0.0,5.0,3008.6455077470764,-833.6695979609476,SAI,25
5300.0,244.30893165714286,100.0,0.0,5.5,2756.433108431532,-855.0421431305771,SAI,25
5320.0,248.0,100.0,0.0,6.0,2659.011995492204,-862.9453316207472,SAI,25
5330.0,251.73067153045153,100.0,0.0,6.0,2588.0,-869.0,SAI,25
5340.0,256.1196968603945,100.0,0.0,6.0,2474.0,-879.0,SAI,25
5350.0,260.05555342222226,100.0,0.0,6.0,2365.1724432797487,-888.0092358850543,SAI,25
5370.0,267.0,100.0,0.0,7.0,2065.235629353345,-913.9683764037081,SAI,25
5380.0,268.0312464,100.0,0.0,7.0,2019.0,-918.0,SAI,25
5390.0,270.0,100.0,0.0,7.0,1948.7153469274417,-924.0576758359484,SAI,25
5400.0,272.4375008,100.0,0.0,7.0,1853.0958524934945,-932.0750219129419,SAI,25
5410.0,277.0,100.0,0.0,7.0,1716.5413963430062,-943.4573004136137,SAI,25
5420.0,277.75377021469285,100.0,0.0,7.0,1652.0,-949.0,SAI,25
5430.0,279.0,100.0,0.0,7.0,1538.4295944643188,-959.096898453827,SAI,25
5440.0,280.0777799111111,100.0,0.0,7.0,1450.0,-967.0,SAI,25
5450.0,282.0777799111111,100.0,0.0,7.0,1302.0,-980.0,SAI,25
5460.0,283.0,100.0,0.0,7.0,1246.3036992125903,-984.9961448642312,SAI,25
5470.0,284.55000137142855,100.0,0.0,7.0,1118.0,-996.0,SAI,25
5480.0,284.96428617142857,100.0,0.0,7.0,1077.9665942470579,-998.8984454503675,SAI,25
0.0,278.4083349333333,100.0,0.0,7.0,972.1310248707446,-1008.579347590162,STR,1
10.0,282.0,100.0,0.0,7.0,829.5104398764772,-1020.57936377619,STR,1
30.0,285.14166826666667,100.0,0.0,7.0,730.1681663766177,-1029.418695851728,STR,1
40.0,286.61666986666665,100.0,0.0,7.0,661.0,-1036.0,STR,1
50.0,289.0,100.0,0.0,8.0,546.7961029136627,-1046.0094102045173,STR,1
60.0,291.37750144,100.0,0.0,8.0,419.37705986307566,-1056.9718703082262,STR,1
70.0,294.8541706666667,100.0,0.0,8.0,274.0,-1070.0,STR,1
80.0,297.0,100.0,0.0,8.0,189.97537664569114,-1077.4628910293768,STR,1
90.0,298.15500288,100.0,0.0,8.0,127.0,-1083.0,STR,1
100.0,300.0,100.0,0.0,8.0,25.88009433137728,-1091.7972666742412,STR,1
110.0,300.78500096,100.0,0.0,8.0,-104.0,-1103.0,STR,1
120.0,301.0,100.0,0.0,8.0,-139.69972513113444,-1106.0771775368016,STR,1
130.0,302.8562512,100.0,0.0,8.0,-263.6612886345648,-1116.8537743779698,STR,1
140.0,304.2843768,100.0,0.0,8.0,-389.0,-1128.0,STR,1
160.0,306.15416746666665,100.0,0.0,8.0,-559.3167397461857,-1142.6466282360202,STR,1
180.0,308.0,100.0,0.0,8.0,-747.992795303362,-1159.2248896131605,STR,1
190.0,308.58500096,100.0,0.0,8.0,-848.0,-1168.0,STR,1
200.0,309.58500096,100.0,0.0,8.0,-1019.0,-1183.0,STR,1
210.0,310.0,100.0,0.0,8.0,-1096.8762984363234,-1190.336227074989,STR,1
230.0,310.0,100.0,0.0,8.0,-1250.020852379431,-1203.659776524034,STR,2
240.0,310.78500096,100.0,0.0,8.0,-1396.0,-1216.0,STR,2
260.0,312.0,100.0,0.0,8.0,-1682.6088416009075,-1241.3466673982189,STR,2
280.0,312.0,100.0,0.0,8.0,-1774.2456399050443,-1249.3513884524962,STR,2
290.0,311.5916661333333,100.0,0.0,8.0,-1828.0,-1254.0,STR,2
310.0,310.2625002666667,100.0,0.0,8.0,-2103.0,-1278.0,STR,2
320.0,310.0,100.0,0.0,8.0,-2157.2764145196934,-1282.724009874762,STR,2
330.0,309.6886365090909,100.0,0.0,8.0,-2274.0,-1293.0,STR,2
350.0,309.2795450181818,100.0,0.0,8.0,-2439.0,-1308.0,STR,2
360.0,309.0,100.0,0.0,8.0,-2540.425552089102,-1316.72385293273,STR,2
370.0,308.3167084395744,100.0,0.0,8.0,-2673.0,-1328.0,STR,2
390.0,307.1097250648938,100.0,0.0,8.0,-3006.132710079559,-1357.390902766043,STR,2
420.0,305.8833333333333,100.0,0.0,8.0,-3318.5191519591717,-1384.64291473606,STR,2
440.0,305.0,100.0,0.0,8.0,-3408.993103546382,-1392.6914909374802,STR,3
450.0,303.71110826666666,100.0,0.0,8.0,-3469.0,-1398.0,STR,3
470.0,301.1333333333333,100.0,0.0,8.0,-3664.5563282547446,-1414.9993925016984,STR,3
480.0,301.0,100.0,0.0,8.0,-3840.7862448842857,-1430.1943725980457,STR,3
500.0,283.624992,74.8062384,0.5,8.0,-4019.3264216292064,-1445.8297899930317,STR,3
510.0,262.8083136,36.0916288,1.0,8.0,-4128.0,-1456.0,STR,3
520.0,244.0,0.0,1.0,8.0,-4229.820921874533,-1466.028937116556,STR,3
540.0,220.16497984,0.0,1.0,8.0,-4372.5,-1478.5,STR,3
550.0,193.82290666666665,0.0,1.0,8.0,-4516.289017438794,-1486.6369797887187,STR,3
560.0,177.0,0.0,1.0,6.0,-4594.783517494483,-1488.5146505278756,STR,3
570.0,169.0749952,0.0,1.0,5.5,-4673.880082632857,-1485.9373883778871,STR,3
580.0,153.53749760000002,0.0,1.0,3.6666666666666665,-4828.175421097255,-1468.6369673013405,STR,3
590.0,131.6904716190476,1.2309528380952381,1.0,3.0,-4901.971914078885,-1443.9478486648202,STR,3
600.0,120.30624639999999,1.1791658666666667,1.0,2.0,-4989.5526247691705,-1390.5975994156145,STR,3
610.0,106.74860764444445,0.0,1.0,1.6666666666666667,-5059.521786500246,-1310.7799633579905,STR,3
620.0,93.71562320000001,0.0,1.0,1.0,-5101.131411201357,-1238.6426911491449,STR,3
630.0,83.65343528,0.0,1.0,1.0,-5126.362522842362,-1119.4696833768626,STR,3
640.0,75.9144141316091,0.8843873067059184,0.0,1.0,-5125.589471067471,-1054.487143574856,STR,3
650.0,73.2492486567048,28.42443054738383,0.0,1.0,-5062.0,-892.0,STR,3
660.0,74.9833344,34.9666688,0.0,1.0,-5032.582627537901,-861.0588576724978,STR,4
670.0,79.7312512,40.820834133333335,0.0,1.0,-4962.807779564924,-808.5940463183758,STR,4
680.0,90.91978527065567,42.83923540044322,0.0,1.25,-4860.983569287904,-786.495111981186,STR,4
690.0,96.24583626666667,35.016654933333335,0.0,2.0,-4725.0,-807.0,STR,4
710.0,103.9515636,4.1937456,0.5,2.0,-4525.516814687745,-880.4573310972794,STR,4
720.0,97.88083029333332,0.0,1.0,2.0,-4426.4113491480975,-902.7188723522307,STR,4
730.0,90.41999872000001,0.0,0.0,2.0,-4297.280078534975,-907.3160562405201,STR,4
740.0,81.12187320000001,0.0,0.0,2.0,-4217.025530580759,-863.8602238897163,STR,4
750.0,77.0,7.8533384533333335,0.0,2.0,-4158.820166122667,-773.6252298597215,STR,4
760.0,80.8562512,29.2375008,0.0,2.0,-4142.780080282698,-695.2050626831178,STR,4
770.0,85.35750112,32.86125088,0.0,2.0,-4138.9384666978685,-600.8392292249122,STR,4
780.0,87.0,41.4750016,0.0,2.0,-4167.798738698808,-479.86664265900845,STR,4
790.0,87.0,48.22625152,0.0,2.0,-4198.047798530526,-421.3997466766029,STR,4
800.0,102.3708416,59.991667199999995,0.0,2.0,-4267.5225326583795,-328.5667187337721,STR,4
810.0,125.0754859499961,67.51898009332811,0.0,2.0,-4331.479289474712,-254.2784168226838,STR,4
820.0,134.20920764272265,78.94561019029686,0.0,2.5,-4383.3500592977925,-184.37477114710936,STR,4
830.0,149.90625599999998,81.98750079999999,0.0,3.0,-4434.277475705187,-96.44736929541604,STR,4
840.0,157.98749897142858,84.66249965714286,0.0,3.0,-4476.683053796483,1.8519270363701725,STR,4
850.0,170.0861134222222,88.41111182222221,0.0,3.3333333333333335,-4508.785698068551,104.13510320848114,STR,4
860.0,180.10373420182154,98.90456402444853,0.0,4.0,-4534.0,225.0,STR,4
870.0,181.0,100.0,0.0,4.0,-4536.006937142607,236.980643657359,STR,4
880.0,191.48125520000002,100.0,0.0,4.0,-4554.67731034909,371.34423886951635,STR,5
890.0,200.375,100.0,0.0,4.0,-4564.0,480.0,STR,5
900.0,208.90625599999998,100.0,0.0,4.5,-4567.006612122741,582.084115852826,STR,5
920.0,216.0,100.0,0.0,5.0,-4563.275939048043,728.5878145203167,STR,5
930.0,217.2214326857143,100.0,0.0,5.0,-4555.218866055076,898.33340332983,STR,5
940.0,228.0,100.0,0.0,6.0,-4548.430798302099,1029.6848633779205,STR,5
960.0,231.98250432,100.0,0.0,6.0,-4542.0,1102.0,STR,5
970.0,236.29125216,100.0,0.0,6.0,-4524.30065160093,1241.7777109541685,STR,5
990.0,246.937504,100.0,0.0,6.0,-4473.787499697614,1507.112951134676,STR,5
1000.0,252.0,100.0,0.0,6.0,-4456.700839769784,1607.196150550343,STR,5
1020.0,255.2125024,100.0,0.0,6.0,-4408.651412894662,1710.9138793620443,STR,5
1030.0,259.7218768,100.0,0.0,7.0,-4303.349284308258,1906.6657953773233,STR,5
1050.0,265.0,100.0,0.0,7.0,-4217.621546339041,2034.7289171341681,STR,5
1060.0,266.4625024,100.0,0.0,7.0,-4181.0,2070.0,STR,5
1080.0,269.47500160000004,100.0,0.0,7.0,-4058.397749196667,2191.071749952891,STR,5
1090.0,272.97500160000004,100.0,0.0,7.0,-3932.9511463311,2290.7350368708776,STR,5
1110.0,274.28500096,100.0,0.0,7.0,-3778.471093385463,2390.4376965018437,STR,6
1120.0,276.0,100.0,0.0,7.0,-3631.1894084629994,2470.7465293328996,STR,6
1140.0,277.9178578285714,100.0,0.0,7.0,-3379.881434565096,2574.1862924439947,STR,6
1160.0,279.7375008,100.0,0.0,7.0,-3156.5554761426574,2644.7526194579887,STR,6
1180.0,283.0,100.0,0.0,8.0,-2980.7852007548136,2697.0729620379116,STR,6
1190.0,283.2125024,100.0,0.0,8.0,-2971.0,2700.0,STR,6
1200.0,285.0,100.0,0.0,8.0,-2879.4975096130397,2727.629737493461,STR,6
1210.0,285.9785728,100.0,0.0,8.0,-2759.0,2765.0,STR,6
1220.0,287.2375008,100.0,0.0,8.0,-2560.0772090483297,2828.0541651849644,STR,6
1240.0,289.1604170666667,100.0,0.0,8.0,-2426.8453847540777,2871.271982537248,STR,6
1260.0,290.0,100.0,0.0,8.0,-2299.501243804536,2915.2451494217476,STR,6
1270.0,290.0,100.0,0.0,8.0,-2133.8112456340814,2973.445671388663,STR,6
1280.0,290.0,100.0,0.0,8.0,-2083.5,2991.5,STR,6
1290.0,290.0,100.0,0.0,8.0,-2007.6461546349813,3019.1742763002553,STR,6
1310.0,289.5062496,100.0,0.0,8.0,-1760.0,3113.0,STR,6
1330.0,289.0,100.0,0.0,8.0,-1621.52079135266,3165.3930047334156,STR,7
1340.0,288.0597015115468,100.0,0.0,8.0,-1510.8468689354668,3208.623015177739,STR,7
1360.0,288.55,100.0,0.0,8.0,-1350.0,3273.0,STR,7
1370.0,288.9937504,100.0,0.0,8.0,-1244.5225488407457,3316.6197087640967,STR,7
1390.0,286.76666666666665,100.0,0.0,8.0,-1039.3739434212139,3404.223907012708,STR,7
1410.0,285.0,100.0,0.0,8.0,-895.9085024122425,3466.2223040220947,STR,7
1420.0,277.6666666666667,52.577777777777776,0.0,8.0,-787.0,3515.0,STR,7
1430.0,270.062496,3.4041407999999933,0.5,8.0,-667.8168798295296,3570.536750313406,STR,7
1450.0,232.14820022857143,0.23035611428571423,1.0,8.0,-431.91533212514514,3674.517188409771,STR,7
1470.0,187.82915626666667,0.0,1.0,8.0,-233.04060798436473,3763.1689690188223,STR,7
1480.0,166.0,0.0,1.0,7.0,-179.01127031903002,3787.1549297888478,STR,7
1490.0,153.09701683809524,0.0,1.0,5.666666666666667,-100.92113787598664,3819.1722146329976,STR,7
1500.0,132.65312319999998,0.0,1.0,3.0,23.3324238958667,3858.509703082087,STR,7
1510.0,128.6359348,0.0,1.0,2.0,127.86380062214126,3870.8211404339845,STR,7
1520.0,119.14374880000001,0.6187504,0.0,2.0,216.99033319245282,3866.0110198057682,STR,7
1530.0,114.69791466666666,0.33958293333333334,0.0,2.0,275.14763271783346,3844.58029682063,STR,7
1540.0,108.76851674074074,0.8462966518518519,0.0,2.0,374.56923133873016,3777.0989769377206,STR,8
1550.0,104.47166634666667,23.208341333333333,0.0,2.0,445.4542421550502,3698.6621660090073,STR,8
1560.0,107.729168,46.187504000000004,0.0,2.0,494.59486052795694,3616.7604804042085,STR,8
1570.0,113.4625024,53.718751999999995,0.0,2.0,528.4697537141965,3534.3551947692467,STR,8
1580.0,121.38000128,56.619998720000005,0.0,2.6666666666666665,557.4475855215383,3425.405258847997,STR,8
1590.0,133.60000426666667,75.25000533333333,0.0,3.0,574.0201384265644,3319.7884607933083,STR,8
1600.0,148.0,92.0,0.0,3.0,584.0628468206643,3209.3110605469046,STR,8
1610.0,152.51410567742082,94.40752302795777,0.0,3.0,587.0,3171.0,STR,8
1620.0,162.4592462526904,99.71159800143488,0.0,3.0,595.7168473554443,3077.318609690367,STR,8
1630.0,167.953128,100.0,0.0,3.5,608.0976605440354,2968.156686896853,STR,8
1640.0,183.45341911191815,100.0,0.0,4.0,622.0489765063514,2852.8064459797743,STR,8
1650.0,188.73000448,100.0,0.0,4.0,633.3769519491609,2767.1008501099714,STR,8
1660.0,193.0,100.0,0.0,4.0,642.1460998781927,2701.1490629602504,STR,8
1670.0,200.4,100.0,0.0,5.0,654.3661157835447,2610.399512158432,STR,8
1680.0,209.51111111111112,100.0,0.0,5.0,673.2569889970721,2486.017104998411,STR,8
1690.0,211.9111111111111,100.0,0.0,5.0,682.0,2424.0,STR,8
1700.0,216.36000256,100.0,0.0,5.0,701.0460379568076,2306.007746280404,STR,8
1710.0,220.0,100.0,0.0,5.0,722.8699727656024,2188.3527171463625,STR,8
1720.0,224.7468792,100.0,0.0,5.0,749.0,2053.0,STR,8
1730.0,227.0,100.0,0.0,6.0,758.6500310778058,2001.9490784265631,STR,8
1740.0,231.0,100.0,0.0,6.0,779.8278893564494,1904.6329063425337,STR,8
1750.0,232.7321462857143,100.0,0.0,6.0,805.0,1817.0,STR,8
1760.0,235.61607314285715,100.0,0.0,6.0,860.449314933172,1637.7743251955553,STR,9
1770.0,238.0,100.0,0.0,6.0,887.0091830553514,1563.4626101324502,STR,9
1780.0,238.28500096,100.0,0.0,6.0,896.0,1544.0,STR,9
1790.0,239.0,100.0,0.0,6.0,932.9909692352282,1464.0599380811873,STR,9
1800.0,242.2406256,100.0,0.0,6.0,1003.9002406315756,1317.2669723177603,STR,9
1810.0,243.0,100.0,0.0,6.0,1043.5734123884063,1244.5658472286277,STR,9
1830.0,243.8569447111111,100.0,0.0,6.0,1148.5132609140294,1097.9130484564653,STR,9
1840.0,244.0,100.0,0.0,6.0,1224.7250714788495,1013.0599937332755,STR,9
1850.0,244.0,100.0,0.0,6.0,1293.0,949.0,STR,9
1860.0,244.0,100.0,0.0,6.0,1373.8145249489864,885.9719715529463,STR,9
1870.0,244.0,100.0,0.0,6.0,1433.5256060802117,844.6480918191068,STR,9
1880.0,243.0093744,81.1781136,0.0,6.0,1530.1464942481828,792.4924225009092,STR,9
1890.0,243.0,28.0,0.0,6.0,1754.7327220060529,711.5742147976702,STR,9
1900.0,241.5749952,34.107163428571425,0.0,6.0,1795.0,699.0,STR,9
1910.0,236.0,58.0,0.0,6.0,1874.1061361801171,681.7777688226364,STR,9
1920.0,236.0,60.07273425454545,0.0,6.0,1899.0,679.0,STR,9
1930.0,236.0,67.34546152727273,0.0,6.0,2031.0,666.0,STR,9
1940.0,236.0,74.0,0.0,6.0,2148.291020404906,664.1433765730409,STR,9
1950.0,236.0,79.00501248,0.0,6.0,2197.0,668.0,STR,9
1970.0,236.0,99.25250624,0.0,6.0,2399.244102713928,712.2621058507586,STR,9
1980.0,236.0,100.0,0.0,6.0,2498.0313039992698,747.8931258427695,STR,10
1990.0,235.60749952,100.0,0.0,6.0,2600.0,795.0,STR,10
2000.0,235.00374976,100.0,0.0,6.0,2735.755060484282,872.4839438150696,STR,10
2020.0,235.5161289138629,100.0,0.0,6.0,2856.7061984892825,967.5401976044102,STR,10
2040.0,237.98387200369962,100.0,0.0,6.0,3014.806350489667,1136.8836166751407,STR,10
2050.0,238.0,100.0,0.0,6.0,3090.0,1209.0,STR,10
2060.0,238.0,100.0,0.0,6.0,3116.3487944969556,1229.567553031597,STR,10
2070.0,237.9714285714286,100.0,0.0,6.0,3210.430215441671,1298.0117076680501,STR,10
2090.0,237.04285714285714,100.0,0.0,6.0,3361.3956307096,1376.9475248061947,STR,10
2100.0,235.37142857142857,47.07142857142857,0.0,6.0,3508.06108670484,1423.6749081031828,STR,10
2110.0,232.65999616,43.58001408,0.0,6.0,3646.0,1445.0,STR,10
2120.0,232.0,46.0,0.0,6.0,3691.2856599080865,1446.519610695862,STR,10
2130.0,230.2272698181818,49.19091432727273,0.0,6.0,3864.0,1446.0,STR,10
2150.0,227.0,60.203152,0.0,6.0,3964.0838095800086,1434.8133027264967,STR,10
2160.0,227.0,100.0,0.0,6.0,4039.405623728867,1415.594386713622,STR,10
2170.0,228.6593768,100.0,0.0,6.0,4160.0,1383.0,STR,10
2180.0,230.97500159999998,100.0,0.0,6.0,4269.954956428708,1338.4287467405732,STR,10
2190.0,234.0,100.0,0.0,6.0,4422.792629498618,1245.9433730843436,STR,10
2200.0,234.55000137142858,100.0,0.0,6.0,4487.0,1203.0,STR,11
2210.0,236.0,100.0,0.0,6.0,4557.3404857483465,1147.8609141903275,STR,11
2220.0,236.83571565714286,100.0,0.0,6.0,4588.0,1116.0,STR,11
2230.0,238.41250102857143,100.0,0.0,6.0,4682.079839003453,1021.4577283831827,STR,11
2250.0,241.0890628,100.0,0.0,6.0,4803.555836563614,886.9618841116483,STR,11
2270.0,241.9640628,100.0,0.0,6.0,4949.785417018957,706.757807430789,STR,11
2300.0,243.0303574857143,100.0,0.0,6.0,5143.609231448598,467.155462730933,STR,11
2310.0,244.0,100.0,0.0,6.0,5292.483472326627,297.61221882872815,STR,11
2320.0,244.1781256,100.0,0.0,6.0,5317.0,270.0,STR,11
2340.0,245.0890628,100.0,0.0,6.0,5397.709851927342,177.84529092024252,STR,11
2360.0,245.9328128,100.0,0.0,6.0,5513.963661694583,42.8377369551507,STR,11
2370.0,246.0236113777778,100.0,0.0,6.0,5601.125696805118,-52.718115044825524,STR,11
2390.0,246.8569447111111,100.0,0.0,6.0,5737.479735933217,-206.41487926720052,STR,11
2400.0,247.14250048,100.0,0.0,6.0,5787.0,-262.0,STR,11
2410.0,247.69250048,100.0,0.0,6.0,5888.0,-375.0,STR,11
2420.0,248.0,100.0,0.0,6.0,5945.356340427708,-440.2539598398736,STR,12
2440.0,248.8078128,96.7687488,0.0,6.0,6057.537582073118,-569.2027995760391,STR,12
2450.0,248.3218744,30.8999424,0.5,6.0,6157.741376026976,-686.7523643209986,STR,12
2460.0,244.9892480024664,0.6021503995067184,1.0,6.0,6245.0,-791.0,STR,12
2470.0,233.0,3.0,1.0,6.0,6334.2699045934805,-904.6299268032772,STR,12
2490.0,216.45999615999997,1.0266692266666666,1.0,5.0,6367.821580568644,-982.304663948626,STR,12
2500.0,210.65651034353647,3.462604137414584,1.0,5.0,6406.117365698136,-1085.63693972222,STR,12
2520.0,202.6094148448824,0.24376593795296397,1.0,4.5,6428.229773882521,-1248.407147578321,STR,12
2530.0,194.82857142857142,2.6,0.0,4.0,6416.70916417737,-1397.7426747782142,STR,12
2540.0,190.79999451428571,16.7000192,0.0,4.0,6394.0,-1497.0,STR,12
2550.0,189.0,23.0,0.0,4.0,6379.0431847623095,-1544.998761670995,STR,12
2560.0,185.22500159999998,53.750005333333334,0.0,4.0,6336.174512156135,-1652.3261814745629,STR,12
2570.0,188.0,63.0,0.0,4.0,6259.285837621246,-1779.623310733595,STR,12
2580.0,190.01136581818182,68.6318242909091,0.0,4.0,6202.0,-1860.0,STR,12
2590.0,193.0,77.0,0.0,5.0,6158.39419889142,-1922.4388526333464,STR,12
2600.0,198.4625024,84.31042346666666,0.0,5.0,6091.7228838516885,-1971.1162309632246,STR,12
2610.0,203.9625024,99.8937568,0.0,5.0,5932.068167893602,-2065.5003021291577,STR,12
2630.0,213.26750528,100.0,0.0,5.0,5798.0,-2113.0,STR,12
2640.0,215.757814,100.0,0.0,5.0,5733.138587866131,-2130.160891130822,STR,13
2660.0,220.64750336,100.0,0.0,5.0,5556.304727985518,-2167.0131352630715,STR,13
2670.0,227.0,100.0,0.0,5.0,5443.819278191333,-2186.000844567768,STR,13
2680.0,230.4625024,100.0,0.0,5.0,5356.341750614196,-2198.8381172594845,STR,13
2690.0,234.4343792,100.0,0.0,5.0,5242.0,-2212.0,STR,13
2700.0,238.0,100.0,0.0,6.0,5135.610397997381,-2219.1026616597214,STR,13
2710.0,239.03636712727274,100.0,0.0,6.0,5098.0,-2221.0,STR,13
2760.0,254.14166826666667,100.0,0.0,6.0,4528.008582304741,-2241.6620028400475,STR,13
2780.0,257.64166826666667,100.0,0.0,6.5,4378.640587451836,-2250.976679681153,STR,13
2790.0,258.98500096,100.0,0.0,7.0,4222.0,-2261.0,STR,13
2800.0,259.0,100.0,0.0,7.0,4219.842593882108,-2261.14383418488,STR,13
2810.0,263.0687536,100.0,0.0,7.0,4063.0,-2272.0,STR,13
2820.0,265.0,100.0,0.0,7.0,3987.51302439933,-2277.245289799109,STR,13
2830.0,266.2068194909091,100.0,0.0,7.0,3857.0,-2286.0,STR,13
2850.0,267.78522792727273,100.0,0.0,7.0,3686.6045815904654,-2296.4211137681655,STR,13
2860.0,268.29250048,100.0,0.0,7.0,3576.0,-2303.0,STR,14
2870.0,268.59250048,100.0,0.0,7.0,3487.0,-2308.0,STR,14
2880.0,269.0564267222216,100.0,0.0,7.0,3351.487001746722,-2317.963166882545,STR,14
2910.0,270.1024936248188,100.0,0.0,7.0,3112.8271619933616,-2336.7471976364577,STR,14
2920.0,271.0914139995859,100.0,0.0,7.0,2979.0,-2350.0,STR,14
2930.0,272.0,100.0,0.0,7.0,2854.451506808765,-2363.0317928472077,STR,14
2940.0,272.0,100.0,0.0,7.0,2784.0,-2370.0,STR,14
2950.0,272.0,100.0,0.0,7.0,2707.2046044412145,-2377.17633582727,STR,14
2970.0,272.0,100.0,0.0,7.0,2398.196912231013,-2410.178741156962,STR,14
3000.0,251.49166666666667,10.833333333333336,0.5,7.0,2187.379431995677,-2434.6162272443826,STR,14
3010.0,239.8562272,0.0,1.0,7.0,2113.0,-2444.0,STR,14
3020.0,214.74061360000002,0.0,1.0,7.0,1990.2344005661168,-2459.216078136027,STR,14
3030.0,193.8531064,0.0,1.0,7.0,1875.0,-2474.0,STR,14
3040.0,171.5,0.0,1.0,7.0,1753.7588915407878,-2491.4153436920033,STR,14
3050.0,148.7687408,0.0,1.0,6.5,1648.8419423522623,-2508.2291160915224,STR,14
3060.0,127.93124639999999,0.0,1.0,4.0,1538.375041148623,-2529.0884660937104,STR,14
3070.0,119.2731011878788,0.0,1.0,2.6666666666666665,1464.2498223498608,-2546.4551322242864,STR,14
3080.0,103.05795083636363,0.0,1.0,2.0,1332.6544700728195,-2595.1702264225078,STR,15
3090.0,92.332997888,0.0,1.0,1.0,1274.2106930427726,-2641.6143312415506,STR,15
3100.0,83.41999872000001,1.0,0.6666666666666666,1.0,1229.113646839193,-2729.9763948528066,STR,15
3110.0,77.0187488,18.227862217142857,0.0,1.0,1231.9665842928669,-2828.392650339915,STR,15
3120.0,78.90555804444445,36.9000064,0.0,1.0,1271.8332139515353,-2913.029460651453,STR,15
3130.0,87.19815205925926,51.45370548148148,0.0,1.0,1328.8895658205277,-2975.9489350023487,STR,15
3140.0,97.9437536,55.981251199999996,0.0,1.0,1401.6967576774512,-3033.8500461240255,STR,15
3150.0,107.96000256,63.13166890666667,0.0,2.0,1480.309324433545,-3083.799887500379,STR,15
3160.0,119.4,76.47777777777777,0.0,2.0,1644.9309965794648,-3180.7479469572895,STR,15
3170.0,135.76100558047574,100.0,0.0,2.0,1736.5985103986188,-3234.054190445946,STR,15
3180.0,146.5,100.0,0.0,2.5,1790.6210002165135,-3265.88652794113,STR,15
3190.0,156.24167253333331,100.0,0.0,3.0,1905.7196389163792,-3341.96057929513,STR,15
3200.0,161.8375024,100.0,0.0,3.0,1996.9009861768493,-3405.8082714246502,STR,15
3210.0,166.5,100.0,0.0,4.0,2096.620103888269,-3503.431440949591,STR,15
3220.0,176.60000426666667,100.0,0.0,4.0,2180.12289057455,-3623.675296911228,STR,15
3230.0,184.0,100.0,0.0,4.0,2236.7695594826832,-3736.8424192925545,STR,15
3240.0,187.77000192,100.0,0.0,4.0,2252.9293059425404,-3803.0212174560024,STR,15
3250.0,191.0,100.0,0.0,4.0,2266.0234248926854,-3862.8289084022445,STR,15
3260.0,193.9437536,100.0,0.0,4.0,2277.0,-3927.0,STR,15
3270.0,197.203501056,100.0,0.0,5.0,2288.1357029549363,-4020.027858603296,STR,15
3320.0,207.307002112,100.0,0.0,5.0,2244.0,-4539.0,STR,16
3330.0,208.0,100.0,0.0,5.0,2235.6569725274508,-4571.584452614659,STR,16
3340.0,210.07083413333334,100.0,0.0,5.0,2198.1494880196583,-4689.086076634025,STR,16
3350.0,212.14166826666667,100.0,0.0,5.0,2123.0,-4880.0,STR,16
3370.0,213.3937488,80.80204533333333,0.0,5.0,2075.9190387215835,-4979.000008750158,STR,16
3380.0,210.65999616,4.95749952,1.0,5.0,2021.555204790241,-5074.6989787082275,STR,16
3400.0,197.45999616,3.30749952,1.0,5.0,1904.7686783963193,-5239.154055597446,STR,16
3410.0,189.50499328,2.60749952,1.0,5.0,1792.0,-5371.0,STR,16
3420.0,181.0,2.0,1.0,4.0,1729.7506971122425,-5432.981168531143,STR,16
3430.0,173.4954519272727,0.0,1.0,4.0,1687.112159636214,-5455.946827409119,STR,16
3440.0,169.71817658181817,0.0,1.0,4.0,1633.0,-5481.0,STR,16
3450.0,163.6772701090909,0.0,0.5,4.0,1533.7964429991293,-5504.517949549774,STR,16
3460.0,159.84444017777778,1.347224888888889,0.0,4.0,1461.0,-5510.0,STR,16
3470.0,153.64841081904763,12.64921660952381,0.0,4.0,1322.5757300268288,-5499.271042688498,STR,16
3480.0,152.0,46.0,0.0,4.0,1228.6096066900102,-5473.698042730941,STR,16
3490.0,156.15,61.09,0.0,4.0,1131.7261060847673,-5428.818384443028,STR,16
3500.0,162.32143085714284,68.35000959999999,0.0,4.0,998.0371141360797,-5337.269037254986,STR,16
3510.0,167.0,88.0,0.0,4.0,918.3718513857059,-5267.590218735682,STR,16
3520.0,170.9111111111111,93.86666666666667,0.0,4.0,870.0,-5221.0,STR,17
3530.0,174.06666951111112,98.60000426666667,0.0,4.0,818.9666623529027,-5174.276387777697,STR,17
3540.0,189.73333333333335,100.0,0.0,4.0,720.704291989693,-5085.310892830506,STR,17
3560.0,201.95555555555555,100.0,0.0,4.0,571.0,-4952.0,STR,17
3570.0,206.0,100.0,0.0,5.0,529.2016482628654,-4914.427539931679,STR,17
3580.0,212.94750335999998,100.0,0.0,5.0,475.7319906570135,-4865.754299046285,STR,17
3590.0,220.0,100.0,0.0,5.0,454.0638798454592,-4845.712538174695,STR,17
3600.0,224.4625024,100.0,0.0,5.0,355.05832144794635,-4757.961374731535,STR,17
3610.0,230.06875359999998,100.0,0.0,5.5,229.73463583028084,-4647.011529673642,STR,17
3640.0,240.9500032,100.0,0.0,6.0,91.56165906112801,-4522.605106813237,STR,17
3660.0,247.132814,100.0,0.0,6.0,-34.666797679860764,-4408.884742976834,STR,17
3670.0,249.765628,100.0,0.0,6.0,-122.0,-4331.0,STR,17
3680.0,252.88181992727272,100.0,0.0,6.0,-221.56199600222234,-4241.777165398598,STR,17
3700.0,257.03636712727274,100.0,0.0,6.0,-342.0,-4134.0,STR,17
3710.0,260.0,100.0,0.0,6.0,-418.5691533891146,-4062.6096719254374,STR,17
3720.0,260.99250048,100.0,0.0,6.5,-538.2109992556232,-3964.110454301829,STR,17
3740.0,261.9104170666667,100.0,0.0,7.0,-726.3747322357403,-3835.480445743583,STR,18
3760.0,262.92321462857143,100.0,0.0,7.0,-838.8277320760874,-3782.3709501337107,STR,18
3780.0,263.0,100.0,0.0,7.0,-1018.1432552874932,-3730.9727693903924,STR,18
3790.0,263.0,100.0,0.0,7.0,-1134.747702279132,-3717.729665198091,STR,18
3810.0,261.0,100.0,0.0,7.0,-1336.3525433763095,-3722.246281411769,STR,18
3820.0,259.5281232,100.0,0.0,7.0,-1469.0,-3735.0,STR,18
3830.0,258.0,100.0,0.0,7.0,-1538.4782807717597,-3751.2395778800305,STR,18
3840.0,257.19166506666664,100.0,0.0,7.0,-1581.0,-3767.0,STR,18
3850.0,255.8796872,100.0,0.0,7.0,-1702.9156340785412,-3813.7831390723377,STR,18
3870.0,255.0671872,100.0,0.0,7.0,-1873.574955453875,-3896.7536108657923,STR,18
3880.0,255.0,100.0,0.0,7.0,-2034.6417863355516,-3984.287174434193,STR,18
3890.0,255.8656256,100.0,0.0,7.0,-2136.592148161607,-4035.3700102708262,STR,18
3920.0,255.84999893333332,100.0,0.0,7.0,-2384.468252927034,-4133.3904335961,STR,18
3930.0,254.0,100.0,0.0,7.0,-2519.3708548209556,-4168.036126499962,STR,18
3940.0,253.44285622857143,100.0,0.0,7.0,-2617.0,-4184.0,STR,18
3950.0,253.0,100.0,0.0,7.0,-2702.4207514714763,-4193.63676001442,STR,18
3960.0,253.0,100.0,0.0,7.0,-2771.0,-4198.0,STR,19
3980.0,252.9714285714286,100.0,0.0,7.0,-2933.868710399482,-4195.289649458031,STR,19
3990.0,252.22857142857143,100.0,0.0,7.0,-3079.0,-4178.0,STR,19
4000.0,251.27499840000002,96.19374160000001,0.0,7.0,-3227.1900239191978,-4146.152462383807,STR,19
4020.0,244.437488,72.8249792,1.0,7.0,-3381.0373251210754,-4107.098238588816,STR,19
4040.0,208.765616,10.993734399999997,1.0,7.0,-3580.551805694123,-4020.3560330849796,STR,19
4050.0,194.87498666666667,1.3250005333333332,1.0,7.0,-3667.0,-3969.0,STR,19
4060.0,180.18749333333335,1.9125002666666666,1.0,7.0,-3759.0845813161777,-3900.055251307879,STR,19
4070.0,171.69498752,1.75749952,1.0,7.0,-3802.0,-3862.0,STR,19
4080.0,151.46874400000002,0.9645829333333333,1.0,5.0,-3925.5986340216914,-3716.0955601518936,STR,19
4090.0,134.0749952,0.29250048,1.0,3.0,-3966.490123637376,-3653.3730224617675,STR,19
4100.0,125.51874880000001,0.5062496,1.0,2.0,-3998.919489717009,-3588.5949236673023,STR,19
4110.0,115.17916586666666,0.0,1.0,2.0,-4042.8740102929028,-3451.848590510463,STR,19
4120.0,107.69590586181818,0.0,0.3333333333333333,2.0,-4048.742852083593,-3372.5357694031622,STR,19
4130.0,99.64431621818181,0.0,0.0,2.0,-4035.9992093354294,-3263.496487844044,STR,19
4140.0,98.0671872,22.6906328,0.0,2.0,-4007.9070024625835,-3185.297390232583,STR,19
4150.0,101.4694464,40.42916942222222,0.0,2.0,-3949.1044571117186,-3087.6446994184284,STR,19
4160.0,106.14583466666667,47.633335466666665,0.0,2.0,-3879.615720976439,-3020.497533975993,STR,19
4170.0,111.33636538181818,55.33636538181818,0.0,2.0,-3802.091009655555,-2969.9318294587083,STR,19
4180.0,117.88181992727273,61.88181992727273,0.0,2.5,-3717.9076674329076,-2934.366352053759,STR,20
4190.0,128.4250048,70.40536091428572,0.0,3.0,-3632.5541896173363,-2908.4276382386697,STR,20
4200.0,140.89583893333335,80.38667178666667,0.0,3.0,-3528.6096506773424,-2882.6199040646266,STR,20
4210.0,155.06,94.8,0.0,3.0,-3406.0,-2855.0,STR,20
4220.0,161.575,100.0,0.0,3.0,-3348.612604050386,-2843.5130275440224,STR,20
4230.0,169.0,100.0,0.0,3.0,-3286.358380875775,-2830.8950008717648,STR,20
4240.0,180.34591115984242,100.0,0.0,4.0,-3128.249998155985,-2799.813586618609,STR,20
4250.0,187.8000128,100.0,0.0,4.0,-2988.0,-2775.0,STR,20
4260.0,198.0,100.0,0.0,4.0,-2892.9950311062967,-2758.55348808046,STR,20
4270.0,204.6,100.0,0.0,4.0,-2804.0,-2744.0,STR,20
4280.0,209.70714788571428,100.0,0.0,5.0,-2711.6434522979225,-2729.643347927954,STR,20
4300.0,219.9410752,100.0,0.0,5.0,-2557.0862124975833,-2705.8597032372854,STR,20
4310.0,226.94750335999998,100.0,0.0,5.5,-2434.106006991979,-2686.858887795589,STR,20
4320.0,232.94375359999998,100.0,0.0,6.0,-2340.0843507765712,-2671.8559131486454,STR,20
4340.0,240.19479386666666,100.0,0.0,6.0,-2204.5198061081305,-2650.868150342986,STR,20
4350.0,244.0562544,100.0,0.0,6.0,-2093.0,-2633.0,STR,20
4370.0,250.73646053333334,100.0,0.0,6.0,-1859.633612585032,-2595.64347584589,STR,20
4390.0,258.14000384,100.0,0.0,6.0,-1628.0,-2557.0,STR,20
4400.0,259.0,100.0,0.0,7.0,-1598.0906297129031,-2551.918011062964,STR,21
4410.0,265.3214354285714,100.0,0.0,7.0,-1469.0,-2530.0,STR,21
4420.0,269.9625024,100.0,0.0,7.0,-1368.1644543525258,-2513.1736295891806,STR,21
4440.0,275.4812512,100.0,0.0,7.0,-1108.46287424004,-2470.085502499088,STR,21
4450.0,277.0,100.0,0.0,7.0,-989.510508159073,-2450.0920231678638,STR,21
4470.0,283.0,100.0,0.0,7.0,-819.4100373811342,-2420.4645748961993,STR,21
4480.0,283.7125024,100.0,0.0,7.0,-788.0,-2415.0,STR,21
4490.0,286.0,100.0,0.0,7.0,-685.2537863874098,-2397.318409152574,STR,21
4500.0,288.74000384,100.0,0.0,7.0,-583.0,-2380.0,STR,21
4510.0,290.0,100.0,0.0,8.0,-523.3516077619366,-2369.9633998445183,STR,21
4530.0,293.7704576,100.0,0.0,8.0,-279.0,-2329.0,STR,21
4540.0,297.0,100.0,0.0,8.0,-165.7795096677761,-2309.876526551372,STR,21
4550.0,297.57083413333334,100.0,0.0,8.0,-68.0,-2292.0,STR,21
4560.0,298.0,100.0,0.0,8.0,47.77121069483533,-2270.232636505765,STR,21
4580.0,302.1156256,100.0,0.0,8.0,273.57484982466144,-2227.4659306978037,STR,21
4590.0,303.0,100.0,0.0,8.0,379.72006965643516,-2207.717223490839,STR,21
4600.0,303.0,100.0,0.0,8.0,444.2695285888432,-2196.3112614140473,STR,21
4610.0,303.77000192,100.0,0.0,8.0,491.0,-2188.0,STR,21
4620.0,305.08906279999997,100.0,0.0,8.0,616.2143594216425,-2165.502584786381,STR,22
4640.0,305.8031256,100.0,0.0,8.0,808.0,-2130.0,STR,22
4650.0,306.0,100.0,0.0,8.0,860.2817122584827,-2120.3139238268923,STR,22
4660.0,307.30833493333336,100.0,0.0,8.0,992.0,-2096.0,STR,22
4670.0,308.0,100.0,0.0,8.0,1095.1500650804521,-2076.8931647150675,STR,22
4700.0,308.0,100.0,0.0,8.0,1398.6072343811038,-2021.526672413205,STR,22
4720.0,307.01243763986054,100.0,0.0,8.0,1684.4950908577364,-1969.5433753580965,STR,22
4730.0,307.0,100.0,0.0,8.0,1758.970472344423,-1955.6114758259607,STR,22
4740.0,306.5878131070255,100.0,0.0,8.0,1799.0,-1948.0,STR,22
4760.0,306.0,100.0,0.0,8.0,1957.7537069091181,-1918.6717040111985,STR,22
4770.0,306.0,100.0,0.0,8.0,2071.5825514401167,-1897.5046048072577,STR,22
4780.0,304.975,100.0,0.0,8.0,2209.219405482584,-1872.2090289470602,STR,22
4800.0,304.3874992,100.0,0.0,8.0,2373.0,-1844.0,STR,22
4810.0,304.0,100.0,0.0,8.0,2478.980453846454,-1826.8255844737123,STR,22
4820.0,304.0,100.0,0.0,8.0,2572.129176474635,-1812.1054487770552,STR,22
4840.0,304.0,100.0,0.0,8.0,2752.0,-1784.0,STR,23
4860.0,304.0,100.0,0.0,8.0,3048.0640070508057,-1737.710779265836,STR,23
4890.0,302.10749952000003,100.0,0.0,8.0,3292.958670428973,-1699.488879427146,STR,23
4910.0,300.82249856,100.0,0.0,8.0,3442.0,-1676.0,STR,23
4920.0,299.47249856,100.0,0.0,8.0,3590.0,-1653.0,STR,23
4930.0,299.0,100.0,0.0,8.0,3640.2051762705496,-1645.6261351897367,STR,23
4940.0,290.1083157333333,84.64163626666667,0.0,8.0,3721.0,-1634.0,STR,23
4950.0,277.0,62.0,1.0,8.0,3863.191282928006,-1613.0792969033835,STR,23
4960.0,245.5812368,2.970808533333333,1.0,8.0,4090.1739850802323,-1578.5537010598086,STR,23
4980.0,200.47248896,0.0,1.0,8.0,4300.349245582782,-1540.975195614341,STR,23
5000.0,166.2718696,0.0,1.0,8.0,4423.871966026651,-1510.5779448297312,STR,23
5010.0,148.80624640000002,0.0,1.0,5.0,4525.619741436805,-1480.2789014266878,STR,23
5020.0,136.7369017904762,0.0,1.0,3.0,4591.760089768933,-1451.8237185085188,STR,23
5030.0,122.39106697142857,0.0,1.0,2.5,4668.332339552473,-1401.1139324061928,STR,23
5040.0,106.35693937777778,0.0,1.0,1.6666666666666667,4743.306399009321,-1305.861966751321,STR,23
5050.0,96.13874752,0.0,1.0,1.0,4784.058977527698,-1202.316360442574,STR,23
5060.0,89.5812488,0.0,0.75,1.0,4798.160956726608,-1105.0138677106752,STR,24
5070.0,85.0249984,0.0,0.0,1.0,4795.214019504931,-1030.5500525043958,STR,24
5090.0,78.89341565998686,33.48902609997809,0.0,1.0,4704.944300227776,-825.7194520622439,STR,24
5100.0,84.49,41.51,0.0,1.0,4642.06795715158,-771.3409911564058,STR,24
5110.0,93.34922040000001,45.574222,0.0,1.5,4541.96398590185,-729.1676866108629,STR,24
5120.0,106.23166890666666,59.308334933333335,0.0,2.0,4436.092170704097,-710.9063500083622,STR,24
5130.0,118.30893165714286,71.2321462857143,0.0,2.0,4344.164601181748,-711.3568872833314,STR,24
5140.0,127.3531304,72.0,0.0,2.0,4247.857932094039,-715.3072821027197,STR,24
5150.0,141.0,100.0,0.0,3.0,4111.612276463919,-725.4570350254253,STR,24
5160.0,152.91429119999998,100.0,0.0,3.0,4045.1038518810237,-732.4039816602249,STR,24
5170.0,166.37046283636363,100.0,0.0,3.0,3952.0,-743.0,STR,24
5190.0,176.46042186666665,100.0,0.0,4.0,3842.4895762680408,-755.3763361295262,STR,24
5200.0,187.83542186666665,100.0,0.0,4.0,3692.9428509196223,-772.3413143337966,STR,24
5210.0,196.13889422222223,100.0,0.0,4.0,3588.0,-783.0,STR,24
5220.0,199.0,100.0,0.0,5.0,3535.28530066565,-787.8108957706453,STR,24
5230.0,202.90178742857142,100.0,0.0,5.0,3412.1815890767766,-798.8297338094242,STR,24
5240.0,207.8500096,100.0,0.0,5.0,3330.0,-806.0,STR,24
5250.0,218.0,100.0,0.0,5.0,3113.735935528601,-824.0913509298057,STR,24
5260.0,218.0,100.0,0.0,5.0,3033.706342324084,-830.8976030479782,STR,24
5280.0,224.7125024,100.0,0.0,5.0,2948.3266286917974,-838.4843459464441,STR,25
5290.0,232.0022784,100.0,0.0,5.0,2790.0,-852.0,STR,25
5300.0,235.54773294545456,100.0,0.0,5.0,2712.0,-859.0,STR,25
5310.0,238.0,100.0,0.0,6.0,2657.682290973407,-863.5680154065858,STR,25
5320.0,241.37000192,100.0,0.0,6.0,2546.064333339452,-872.8289229883758,STR,25
5330.0,243.78500096,100.0,0.0,6.0,2405.4347550950206,-885.2110989768652,STR,25
5350.0,245.60909265454546,100.0,0.0,6.0,2271.0,-896.0,STR,25
5360.0,247.60909265454546,100.0,0.0,6.0,2121.0,-909.0,STR,25
5370.0,248.0,100.0,0.0,6.0,2086.4462927737964,-911.9956610142607,STR,25
5380.0,249.6,100.0,0.0,6.0,1866.0,-931.0,STR,25
5390.0,250.0,100.0,0.0,6.0,1823.646269948636,-934.7360716062544,STR,25
5410.0,251.91103140598565,100.0,0.0,6.5,1675.5794324379508,-947.6889055829699,STR,25
5420.0,253.19318050909092,100.0,0.0,7.0,1536.0,-959.0,STR,25
5430.0,254.2840896,100.0,0.0,7.0,1424.0,-969.0,STR,25
5440.0,255.2386932152216,100.0,0.0,7.0,1315.170012235973,-978.9251470091524,STR,25
5450.0,256.0,100.0,0.0,7.0,1206.4091758280094,-988.4064860525596,STR,25
5460.0,256.57000192,100.0,0.0,7.0,1152.0,-993.0,STR,25
5470.0,257.48500096,100.0,0.0,7.0,1064.7698817873584,-1000.3886341713012,STR,25
0.0,291.4499968,100.0,0.0,7.0,1023.92304037331,-1003.7662483750422,COL,1
10.0,293.8249984,100.0,0.0,7.0,908.4775563011007,-1013.7667179268065,COL,1
20.0,297.4805518222222,100.0,0.0,7.0,754.0,-1028.0,COL,1
40.0,300.9902759111111,100.0,0.0,7.5,604.5836424044778,-1041.0353820265946,COL,1
60.0,303.39222072888884,100.0,0.0,8.0,381.38600415676314,-1060.0247848949493,COL,1
80.0,306.0,100.0,0.0,8.0,241.4304987040899,-1072.4524858991876,COL,1
90.0,307.75,100.0,0.0,8.0,111.07800637257905,-1083.9457806191754,COL,1
110.0,310.8928557714286,100.0,0.0,8.0,-234.88306943353152,-1114.7865680921416,COL,1
130.0,312.0,100.0,0.0,8.0,-339.036113811726,-1123.8885825160837,COL,1
140.0,314.03571382857143,100.0,0.0,8.0,-427.01357711877233,-1131.3999401469446,COL,1
160.0,314.7857133714286,100.0,0.0,8.0,-608.0,-1147.0,COL,1
170.0,315.12499968,100.0,0.0,8.0,-703.8914601914678,-1155.2787259469033,COL,1
200.0,316.0,100.0,0.0,8.0,-1026.5301785920904,-1183.4051197836502,COL,1
220.0,316.0,100.0,0.0,8.0,-1201.805232887914,-1199.5750511891108,COL,2
240.0,316.0,100.0,0.0,8.0,-1359.0,-1213.0,COL,2
250.0,316.0,100.0,0.0,8.0,-1447.6327583315615,-1220.8190792208156,COL,2
260.0,316.0,100.0,0.0,8.0,-1586.0,-1233.0,COL,2
270.0,315.8,100.0,0.0,8.0,-1807.0599234409806,-1251.9425708519043,COL,2
280.0,315.0,100.0,0.0,8.0,-1954.530664213566,-1264.8631667705827,COL,2
300.0,315.7857133714286,100.0,0.0,8.0,-2041.0,-1273.0,COL,2
310.0,316.0,100.0,0.0,8.0,-2113.9522855102523,-1279.3058286891142,COL,2
320.0,315.30000128,100.0,0.0,8.0,-2321.0,-1297.0,COL,2
330.0,315.0,100.0,0.0,8.0,-2388.060575250109,-1302.7124026031051,COL,2
340.0,315.0,100.0,0.0,8.0,-2492.8996767877366,-1311.5848559407095,COL,2
360.0,316.0,100.0,0.0,8.0,-2608.0,-1322.0,COL,2
370.0,315.3333333333333,100.0,0.0,8.0,-2748.0,-1335.0,COL,2
380.0,315.0,100.0,0.0,8.0,-2814.304810385768,-1340.5709668717886,COL,2
390.0,315.0,100.0,0.0,8.0,-2905.0,-1348.0,COL,2
400.0,315.0,100.0,0.0,8.0,-3025.2819565677464,-1358.4678340979797,COL,2
410.0,315.0,100.0,0.0,8.0,-3263.558304963325,-1379.85932640286,COL,2
440.0,315.0,100.0,0.0,8.0,-3428.7147572627146,-1394.6023594613455,COL,3
450.0,310.9499904,79.74995200000001,0.0,8.0,-3480.0,-1399.0,COL,3
470.0,296.5,7.5,0.5,8.0,-3727.1342503618375,-1420.0079168983877,COL,3
480.0,271.9375,0.0,1.0,8.0,-3896.0,-1435.0,COL,3
490.0,254.0,0.0,1.0,8.0,-4071.620576564307,-1450.800935300969,COL,3
500.0,249.6,0.0,1.0,8.0,-4118.0,-1455.0,COL,3
510.0,232.0,0.0,1.0,8.0,-4252.551218392156,-1467.3596800533508,COL,3
520.0,211.0,0.0,1.0,8.0,-4315.332234724051,-1473.4226716521823,COL,3
530.0,194.83582773891084,0.0,1.0,8.0,-4371.095146457085,-1478.5314393520168,COL,3
540.0,169.1468792,0.0,1.0,8.0,-4484.049809101702,-1485.7614789620693,COL,3
550.0,163.0218792,0.0,1.0,7.0,-4546.2222459658105,-1487.0027065575264,COL,3
560.0,148.0375072,0.0,1.0,5.0,-4633.937917509706,-1486.440398903588,COL,3
570.0,134.44285988571428,0.0,1.0,2.0,-4774.008164540187,-1477.747524382603,COL,3
580.0,126.375,0.0,1.0,2.0,-4843.395191030999,-1464.331796688503,COL,3
590.0,116.33333333333334,0.0,1.0,2.0,-4933.489002358476,-1428.8713158690844,COL,3
600.0,102.85833770666667,0.0,1.0,1.25,-5031.593148147536,-1349.0025220852235,COL,3
610.0,90.81250186666666,0.0,1.0,1.0,-5093.699325738534,-1250.7677247362153,COL,3
620.0,83.64062733333333,0.0,0.5,1.0,-5118.722914417244,-1167.383941271849,COL,3
630.0,76.4375008,0.0,0.0,1.0,-5127.4273657572785,-1076.8538213581894,COL,3
640.0,72.9829549090909,10.124991999999999,0.0,1.0,-5114.294135115002,-1000.2912919352885,COL,3
650.0,76.43939359030303,28.099998720000002,0.0,1.0,-5061.302119697097,-892.1493823332661,COL,3
660.0,81.35185093756614,38.16666392380952,0.0,1.0,-4993.599738716943,-827.9211773076204,COL,4
670.0,87.9999981037037,49.999998103703696,0.0,1.0,-4885.101805778909,-792.7032531366186,COL,4
680.0,97.27043883390517,58.060795511568585,0.0,1.0,-4700.762507977552,-815.6166854143254,COL,4
690.0,106.71428571428571,27.0,0.3333333333333333,1.0,-4598.912315546545,-857.0812761796273,COL,4
700.0,100.1388888888889,0.25,1.0,1.0,-4499.354758877968,-887.2859384716081,COL,4
710.0,93.10119161904761,1.046428342857143,1.0,1.0,-4426.83992287885,-902.605106666589,COL,4
720.0,87.09991241142858,0.9633926857142857,0.25,1.0,-4327.133735543199,-909.6826156977847,COL,4
730.0,79.63375168,0.0,0.0,1.0,-4229.503825547077,-876.211156431718,COL,4
740.0,73.31666709333334,13.073331413333332,0.0,1.0,-4168.057516194147,-790.6082504904379,COL,4
750.0,77.79166666666666,36.29166666666667,0.0,1.0,-4140.652914582827,-678.6419167910067,COL,4
760.0,82.99999817142857,44.49999954285714,0.0,1.0,-4141.6227367836445,-592.340200266761,COL,4
770.0,92.0,52.875,0.0,1.0,-4155.658741930101,-509.36459281641095,COL,4
780.0,99.47856886857143,59.94642697142857,0.0,1.0,-4212.970321284729,-400.6483107130859,COL,4
790.0,111.0,67.0,0.0,2.0,-4279.741504806492,-313.2777250007821,COL,4
800.0,121.46666666666665,74.33333333333333,0.0,2.0,-4325.996728716046,-260.6953403960686,COL,4
810.0,136.75,84.375,0.0,2.0,-4380.060167971749,-189.9306101495556,COL,4
820.0,145.49999542857142,87.24999862857143,0.0,2.5,-4426.39010162802,-111.41342613614805,COL,4
830.0,157.33333333333331,88.66666666666666,0.0,3.0,-4467.0,-22.5,COL,4
850.0,173.16666087619046,96.66666544761904,0.0,4.0,-4521.571522541212,159.30992388462877,COL,4
860.0,189.9,100.0,0.0,4.0,-4544.4738813685535,287.43584276823265,COL,4
870.0,198.0,100.0,0.0,4.0,-4556.242687019877,384.48756395595575,COL,4
880.0,201.34261161499006,100.0,0.0,4.0,-4561.0,440.0,COL,5
890.0,210.5,100.0,0.0,5.0,-4566.995741154493,595.034522202659,COL,5
900.0,218.0,100.0,0.0,5.0,-4565.22047830594,686.0742220328498,COL,5
910.0,221.75,100.0,0.0,5.0,-4562.5,759.0,COL,5
920.0,228.0,100.0,0.0,5.0,-4554.174581054356,919.7155798906778,COL,5
930.0,234.0,100.0,0.0,6.0,-4544.117602195758,1075.7885020207364,COL,5
940.0,235.875,100.0,0.0,6.0,-4539.34164524605,1136.3818957164665,COL,5
960.0,241.98962457258125,100.0,0.0,6.0,-4523.956660521129,1252.2657754587494,COL,5
980.0,251.80178194285713,100.0,0.0,6.0,-4493.33713676591,1421.5285314678233,COL,5
1000.0,256.8249984,100.0,0.0,6.0,-4448.072012632879,1597.6451904977032,COL,5
1010.0,262.11428022857143,100.0,0.0,6.0,-4402.0,1726.0,COL,5
1020.0,265.74249856,100.0,0.0,6.0,-4325.116291312494,1872.5753073132187,COL,5
1030.0,268.0,100.0,0.0,7.0,-4271.2184298968805,1967.3979754697348,COL,5
1040.0,270.0,100.0,0.0,7.0,-4229.0,2015.0,COL,5
1050.0,271.0,100.0,0.0,7.0,-4181.78939835775,2062.486084545139,COL,5
1070.0,275.1249984,100.0,0.0,7.0,-3982.047989617472,2253.625512975551,COL,5
1090.0,278.3,100.0,0.0,7.0,-3876.8312138769934,2330.0888574244555,COL,5
1110.0,279.94999808,100.0,0.0,7.0,-3741.0,2412.0,COL,6
1120.0,281.4,100.0,0.0,7.0,-3481.6982281627756,2533.636404878529,COL,6
1150.0,284.69999872,100.0,0.0,7.0,-3205.5429362316227,2629.9364396097717,COL,6
1170.0,287.18749760000003,100.0,0.0,7.0,-3021.0351631643152,2685.275218891606,COL,6
1180.0,290.0,100.0,0.0,7.0,-2871.8449169289765,2730.161912076307,COL,6
1190.0,291.2499968,100.0,0.0,7.0,-2780.0,2758.0,COL,6
1210.0,294.22222222222223,100.0,0.0,7.0,-2619.6938483317,2808.655377387076,COL,6
1220.0,295.3333333333333,100.0,0.0,7.0,-2469.0,2858.0,COL,6
1230.0,296.0,100.0,0.0,7.0,-2374.6803284751895,2889.4641303423687,COL,6
1250.0,296.4999992888889,100.0,0.0,7.0,-2236.0,2937.0,COL,6
1260.0,297.0,100.0,0.0,7.0,-2096.4785684464186,2986.848639718148,COL,6
1270.0,297.0,100.0,0.0,7.0,-2003.0,3021.0,COL,6
1280.0,297.0,100.0,0.0,7.0,-1940.4939262109133,3044.0485751037486,COL,6
1290.0,297.2857142857143,100.0,0.0,7.0,-1879.0,3067.0,COL,6
1300.0,297.92857142857144,100.0,0.0,7.0,-1738.037398962518,3120.9212583499466,COL,6
1320.0,298.0,100.0,0.0,7.0,-1512.1331572045756,3208.4763480421793,COL,7
1330.0,298.1874992,100.0,0.0,7.0,-1455.0,3231.0,COL,7
1350.0,299.0,100.0,0.0,7.0,-1263.9912784310336,3309.011559901364,COL,7
1360.0,299.0,100.0,0.0,7.0,-1171.0,3348.0,COL,7
1370.0,299.0,100.0,0.0,7.0,-1127.210883936963,3366.3045223438367,COL,7
1380.0,299.0,83.28571428571428,0.0,7.0,-1057.0,3396.0,COL,7
1390.0,295.6388693523992,58.81884074996117,0.0,7.0,-913.350868594652,3458.7006586364932,COL,7
1430.0,227.407633256574,14.541123709053345,0.0,7.0,-501.0,3644.0,COL,7
1440.0,205.0,0.0,1.0,7.0,-370.64586944234486,3701.531604590198,COL,7
1450.0,205.0,0.0,1.0,7.0,-294.27873121989364,3735.4956769600144,COL,7
1460.0,205.0,0.0,1.0,6.0,-143.82029355084546,3802.226638482611,COL,7
1470.0,205.0,0.0,1.0,4.0,-82.93217123785654,3827.1055677376025,COL,7
1480.0,157.6685402074074,0.0,1.0,3.6666666666666665,17.854327273791263,3856.1851708031586,COL,7
1490.0,132.0500096,0.0,1.0,3.0,136.0,3874.0,COL,7
1500.0,124.40000512,0.0,1.0,3.0,191.41991965708317,3869.147092681418,COL,7
1510.0,112.24444927999998,0.13888853333333334,1.0,2.3333333333333335,286.84366095274686,3839.7648158833435,COL,7
1520.0,107.83333546666667,1.3333290666666666,1.0,2.0,347.65775705080864,3799.805060966415,COL,7
1530.0,100.21428662857143,20.142853485714287,0.0,2.0,451.9326190741165,3686.4196699866825,COL,7
1540.0,100.49999725714287,40.99999268571429,0.0,2.0,510.0842498185352,3585.314923321678,COL,8
1550.0,106.6249984,55.97916373333334,0.0,2.0,536.7040242916863,3509.369741088518,COL,8
1560.0,115.2,69.39999999999999,0.0,2.0,565.5559820534531,3376.5711546809493,COL,8
1570.0,126.62499306666666,72.49999360000001,0.0,2.0,576.2560999149323,3295.8292113541324,COL,8
1580.0,138.46874400000002,83.43749439999999,0.0,2.0,583.6519327118581,3218.895905827888,COL,8
1590.0,151.59374400000002,95.68749439999999,0.0,2.5,593.3160686422668,3105.7190096579016,COL,8
1600.0,163.0,98.5,0.0,3.0,604.0,3007.0,COL,8
1610.0,173.0,100.0,0.0,3.0,609.5167753835881,2955.32217329334,COL,8
1620.0,178.7,100.0,0.0,3.0,616.0,2904.0,COL,8
1630.0,191.05,100.0,0.0,3.5,642.8246383115736,2693.8996020137465,COL,8
1650.0,201.041664,100.0,0.0,4.0,654.3075415678928,2614.935746928363,COL,8
1660.0,205.0,100.0,0.0,5.0,671.2520453787891,2504.6317159561154,COL,8
1670.0,212.5,100.0,0.0,5.0,704.0,2294.0,COL,8
1680.0,215.0,100.0,0.0,5.0,713.235072128334,2239.648281158378,COL,8
1690.0,226.25,100.0,0.0,5.0,737.119572083126,2113.486428698106,COL,8
1710.0,231.0,100.0,0.0,5.0,752.9541548200725,2034.1594233359144,COL,8
1720.0,235.71428571428572,100.0,0.0,5.5,778.9689265286174,1921.3057415505618,COL,8
1730.0,239.48962457258125,100.0,0.0,6.0,809.0,1805.0,COL,8
1740.0,242.18281159999998,100.0,0.0,6.0,835.4236474404519,1714.8599488918057,COL,8
1760.0,245.0,100.0,0.0,6.0,893.1615504914143,1544.2618607770287,COL,9
1770.0,245.56428434285715,100.0,0.0,6.0,925.0,1475.0,COL,9
1780.0,246.9249993142857,100.0,0.0,6.0,1028.5547660143102,1270.3270595051313,COL,9
1810.0,247.94874976,88.61500287999999,0.0,6.0,1120.4526783065016,1133.7056656725879,COL,9
1820.0,248.0,82.7500096,0.0,6.0,1191.0,1048.0,COL,9
1830.0,248.0,76.75,0.0,6.0,1268.0469606601062,970.8747073085825,COL,9
1850.0,246.25,64.625,0.0,6.0,1431.0794728420558,847.6864800487814,COL,9
1860.0,245.25,57.0,0.0,6.0,1526.9279412574422,794.8608432976833,COL,9
1880.0,242.15000192,52.15000192,0.0,6.0,1670.8960875781431,734.9243704167973,COL,9
1900.0,239.63636596363636,49.045457454545456,0.0,6.0,1824.0,693.0,COL,9
1910.0,237.91666773333333,47.333329066666664,0.0,6.0,1948.3487333370758,672.7993670575411,COL,9
1920.0,236.50000213333334,52.999991466666664,0.0,6.0,2060.0,664.0,COL,9
1930.0,234.50000213333334,60.99999146666667,0.0,6.0,2211.0,670.0,COL,9
1940.0,234.0,63.0,0.0,6.0,2249.7530091737426,675.8942681218234,COL,9
1950.0,234.0,66.99999268571429,0.0,6.0,2341.0,696.0,COL,9
1960.0,234.16666666666669,71.66666666666666,0.0,6.0,2452.9778455954647,731.3326666755934,COL,9
1970.0,235.0,75.0,0.0,6.0,2575.0,783.0,COL,9
1990.0,235.2,77.5,0.0,6.0,2762.5530713905723,891.8697541726149,COL,10
2000.0,237.0,82.0,0.0,6.0,2850.989029484527,954.2863635425415,COL,10
2010.0,238.125,82.1875,0.0,6.0,2905.704678682974,1016.7383936436972,COL,10
2030.0,239.8124992,57.7187616,0.0,6.0,3028.747495225228,1152.5417884404835,COL,10
2040.0,239.50000091428572,55.99999817142857,0.0,6.0,3113.0,1229.0,COL,10
2050.0,238.83333333333331,56.66666666666667,0.0,6.0,3260.2212784845033,1326.4573479673209,COL,10
2080.0,235.58333511111113,50.91666702222222,0.0,6.0,3418.393612286124,1399.8459645963508,COL,10
2100.0,231.125,50.875,0.0,6.0,3674.2387177569426,1447.2777093912878,COL,10
2110.0,232.0,57.0,0.0,6.0,3757.278556238466,1453.6038779606954,COL,10
2120.0,231.00250047999998,73.95749184,0.0,6.0,3856.283772038147,1446.9713318540448,COL,10
2140.0,234.44289663798372,77.44289663798372,0.0,6.0,4053.751352185165,1415.0744815051426,COL,10
2150.0,235.28571428571428,78.85714285714286,0.0,6.0,4135.0,1392.0,COL,10
2160.0,236.0,81.0,0.0,6.0,4255.372899715569,1344.8605037836996,COL,10
2170.0,236.3980095700605,81.59701435509076,0.0,6.0,4280.0,1333.0,COL,10
2180.0,238.24583253333333,85.96666026666666,0.0,6.0,4399.4112381792675,1265.157008167169,COL,10
2190.0,240.0,100.0,0.0,6.0,4511.403069185993,1184.4380787857804,COL,10
2210.0,240.91458293333335,100.0,0.0,6.0,4613.686165834399,1091.5945885561691,COL,11
2220.0,242.34249856,100.0,0.0,6.0,4708.0,995.0,COL,11
2230.0,243.39249856,100.0,0.0,6.0,4772.0,924.0,COL,11
2240.0,244.0,100.0,0.0,6.0,4808.9145792760855,881.2348835791051,COL,11
2250.0,244.69499904,100.0,0.0,6.0,4869.0,809.0,COL,11
2260.0,245.8,100.0,0.0,6.0,4973.099635861156,677.3688623922128,COL,11
2270.0,246.71428388571428,100.0,0.0,6.0,5073.0,551.0,COL,11
2280.0,248.0,100.0,0.0,6.0,5128.150462338007,482.8515501092138,COL,11
2290.0,249.1249984,100.0,0.0,6.0,5180.0,425.0,COL,11
2300.0,250.0,100.0,0.0,6.0,5278.339469820244,313.3190989140837,COL,11
2310.0,250.4285696,100.0,0.0,6.0,5319.0,267.0,COL,11
2320.0,252.0,100.0,0.0,6.0,5420.416586515051,150.85425660423317,COL,11
2330.0,252.08333226666667,100.0,0.0,6.0,5429.0,141.0,COL,11
2340.0,253.08333333333331,100.0,0.0,6.0,5539.811530776664,14.350133197792307,COL,11
2360.0,254.1874992,100.0,0.0,6.0,5655.196263212928,-113.4630198278688,COL,11
2370.0,255.0,100.0,0.0,6.0,5731.178912496442,-198.32517373710905,COL,11
2380.0,255.0,100.0,0.0,6.0,5822.283959427929,-300.61582586449447,COL,11
2400.0,256.55555555555554,100.0,0.0,6.0,5945.0,-439.0,COL,11
2410.0,257.0,100.0,0.0,6.0,5979.7283573456225,-479.20165687409445,COL,11
2420.0,245.33333333333334,44.44444444444445,0.0,6.0,6074.0,-589.0,COL,12
2430.0,235.30000896,0.0,1.0,6.0,6148.718040457094,-675.051665411265,COL,12
2440.0,224.8,0.0,1.0,6.0,6210.888228081309,-748.1658132639609,COL,12
2450.0,216.75,0.75,1.0,6.0,6271.0,-824.0,COL,12
2470.0,203.1875056,2.6874992,1.0,5.0,6362.770257962673,-972.4558115960644,COL,12
2480.0,198.375,6.75,1.0,4.0,6397.0,-1057.0,COL,12
2490.0,194.2187528,12.687496,0.5,4.0,6419.882963603597,-1153.8997599721142,COL,12
2500.0,187.91666666666669,20.916666666666664,0.0,4.0,6428.791433242006,-1273.3378990959795,COL,12
2510.0,186.9375008,53.624992,0.0,4.0,6401.5723126544035,-1465.3545862741084,COL,12
2520.0,186.0,63.0,0.0,4.0,6376.8812958206845,-1558.631766424991,COL,12
2530.0,190.0,70.12499840000001,0.0,4.0,6342.470441771666,-1638.6651294892679,COL,12
2540.0,190.0,72.0,0.0,4.0,6322.320794180376,-1684.2134654309618,COL,12
2550.0,194.4952968999906,71.38087887501175,0.0,4.0,6274.607150073328,-1763.6478992169093,COL,12
2570.0,198.15,67.4,0.0,4.0,6138.114983763702,-1928.3945396344675,COL,12
2580.0,201.0,75.0,0.0,5.0,6084.8269818119215,-1982.6912091010013,COL,12
2590.0,203.35409194311154,80.49288120059363,0.0,5.0,5992.093879328557,-2032.3093479958063,COL,12
2600.0,206.8392822857143,84.83928228571429,0.0,5.0,5841.0,-2100.0,COL,12
2610.0,209.0,87.0,0.0,5.0,5774.488477271676,-2123.5865458511507,COL,12
2630.0,217.73749759999998,91.4749952,0.0,5.0,5663.776321133223,-2146.6333005688575,COL,12
2640.0,222.0,100.0,0.0,5.0,5585.207230063077,-2161.150227453497,COL,13
2650.0,226.98958133333332,100.0,0.0,5.0,5454.696391689829,-2184.0499631532025,COL,13
2660.0,229.74999296,100.0,0.0,5.0,5392.0,-2194.0,COL,13
2680.0,238.0,100.0,0.0,6.0,5199.0,-2215.0,COL,13
2700.0,244.0,100.0,0.0,6.0,4997.0,-2225.0,COL,13
2710.0,248.0,100.0,0.0,6.0,4908.004866178627,-2227.511020653723,COL,13
2720.0,251.0,100.0,0.0,6.0,4845.0,-2229.0,COL,13
2730.0,255.0,100.0,0.0,6.0,4736.4356897076605,-2232.467168793743,COL,13
2740.0,258.2,100.0,0.0,6.0,4618.998077450664,-2237.365951402904,COL,13
2750.0,262.0,100.0,0.0,6.0,4475.0,-2245.0,COL,13
2760.0,265.0,100.0,0.0,6.0,4358.524487064917,-2252.1251715891317,COL,13
2770.0,265.89999616,100.0,0.0,6.0,4314.0,-2255.0,COL,13
2780.0,268.0,100.0,0.0,7.0,4186.6960461427425,-2263.532202000412,COL,13
2790.0,268.0,100.0,0.0,7.0,4066.795158316824,-2271.6145580433476,COL,13
2800.0,269.5,100.0,0.0,7.0,4031.0,-2274.0,COL,13
2810.0,274.6,100.0,0.0,7.0,3847.466430106543,-2286.0982657359928,COL,13
2820.0,277.0,100.0,0.0,7.0,3708.8018410090217,-2294.9608476805797,COL,13
2840.0,278.75,100.0,0.0,7.0,3573.0,-2303.0,COL,13
2850.0,279.0,100.0,0.0,7.0,3545.1062814559946,-2304.746222323775,COL,13
2860.0,279.84999935999997,100.0,0.0,7.0,3410.3413557488907,-2313.6748149060645,COL,14
2880.0,280.8214281142857,100.0,0.0,7.0,3209.5211072880097,-2329.1211758766335,COL,14
2890.0,281.1111111111111,100.0,0.0,7.0,3139.0,-2335.0,COL,14
2910.0,282.0555548444445,100.0,0.0,7.0,2851.072085024677,-2363.181718996764,COL,14
2940.0,284.0,100.0,0.0,7.0,2603.9702992061984,-2388.436566646053,COL,14
2950.0,283.1428608,91.2143232,0.0,7.0,2560.0,-2393.0,COL,14
2960.0,280.2857142857143,61.92857142857143,0.5,7.0,2403.2679332858806,-2409.790170232019,COL,14
2970.0,272.20003328,41.30007552,1.0,7.0,2341.0,-2417.0,COL,14
2980.0,254.0,0.0,1.0,7.0,2237.7803990657017,-2429.136679000965,COL,14
3010.0,156.70452592807408,0.0,1.0,7.0,1731.0,-2495.0,COL,14
3020.0,141.15302685629482,0.0,1.0,4.0,1667.2743208457127,-2505.439007270783,COL,14
3030.0,123.18750399999999,0.0,1.0,2.0,1573.6358098953506,-2521.72713796049,COL,14
3040.0,109.69074536296296,0.0,1.0,2.0,1469.1578036691815,-2545.9284356609273,COL,14
3050.0,99.3375008,0.0,1.0,1.0,1351.13095051302,-2587.6923752828825,COL,14
3060.0,89.55059954285714,0.0,0.3333333333333333,1.0,1284.7359619684246,-2630.065926631646,COL,14
3070.0,81.5,0.0,0.0,1.0,1229.8280447376233,-2723.1115716130244,COL,14
3080.0,75.47321405714285,17.258924914285714,0.0,1.0,1230.2929908490237,-2816.7141058883426,COL,15
3090.0,78.93749813333334,40.99999573333333,0.0,1.0,1269.4729857638583,-2909.709990184851,COL,15
3100.0,86.36111004444444,53.19444266666667,0.0,1.0,1328.4097830238795,-2976.05486718861,COL,15
3110.0,97.2499984,58.499999360000004,0.0,1.0,1405.3037771710158,-3036.5756125061234,COL,15
3120.0,107.66666666666666,61.91666666666667,0.0,2.0,1475.123107155263,-3081.71606954887,COL,15
3130.0,118.99999146666666,75.42856411428572,0.0,2.0,1681.4623931258195,-3202.877373352296,COL,15
3140.0,133.0,85.14285714285714,0.0,2.0,1791.8641976753995,-3267.7601909476593,COL,15
3150.0,147.16666666666669,87.16666666666666,0.0,2.0,1908.1954110753518,-3341.757068718205,COL,15
3160.0,153.0,86.0,0.0,3.0,1947.3482003764461,-3368.930971374752,COL,15
3170.0,164.6249952,86.9687496,0.0,3.0,2054.747799195165,-3461.20170845928,COL,15
3180.0,171.625,87.375,0.0,4.0,2150.8596543735543,-3575.712804768003,COL,15
3200.0,182.33333333333331,93.77777777777777,0.0,4.0,2206.520746905007,-3669.835629754047,COL,15
3210.0,192.31666346666668,99.60138702222221,0.0,4.0,2255.11277926721,-3813.596192712369,COL,15
3230.0,197.9874662596329,100.0,0.0,4.0,2281.0,-3952.0,COL,15
3240.0,204.24481228629062,100.0,0.0,4.0,2293.231277343395,-4076.4591288559345,COL,15
3250.0,208.0,100.0,0.0,5.0,2291.5458987884367,-4210.715126218215,COL,15
3260.0,212.23749759999998,100.0,0.0,5.0,2284.750156513637,-4336.545889672139,COL,15
3270.0,216.109372,100.0,0.0,5.0,2272.0,-4416.0,COL,15
3280.0,218.0,100.0,0.0,5.0,2258.2708978912215,-4476.489491456165,COL,15
3290.0,221.0,100.0,0.0,5.0,2225.3673613067313,-4604.940508338787,COL,15
3300.0,220.9187504,91.87504,0.0,5.0,2218.0,-4629.0,COL,16
3310.0,220.46041706666665,46.04170666666667,0.0,5.0,2172.5,-4758.5,COL,16
3320.0,220.0,0.0,1.0,5.0,2120.335712669397,-4886.116442382376,COL,16
3330.0,209.6,0.0,1.0,5.0,2080.0,-4970.0,COL,16
3340.0,201.0,0.0,1.0,5.0,2050.0751943027594,-5025.599117547288,COL,16
3350.0,191.562504,0.0,1.0,4.5,1987.0747755947218,-5127.227799165895,COL,16
3360.0,185.75,0.0,1.0,4.0,1932.0,-5206.0,COL,16
3370.0,172.4375,0.0,1.0,3.0,1874.121097029541,-5278.000443414557,COL,16
3380.0,163.85000192,0.14999807999999998,1.0,3.0,1781.6179609190463,-5382.09459706841,COL,16
3390.0,160.4375024,4.0312456,0.0,3.0,1659.9991772659625,-5466.836680333106,COL,16
3400.0,155.0,14.0,0.0,3.0,1575.1136220588098,-5503.660846135128,COL,16
3410.0,151.718752,16.6249984,0.0,3.0,1507.5,-5507.0,COL,16
3420.0,149.25,19.25,0.0,3.0,1433.9543876096104,-5509.2748345817145,COL,16
3430.0,147.44444444444446,31.22222222222222,0.0,3.0,1328.0364770387164,-5499.574981443325,COL,16
3440.0,148.94444373333334,58.972209066666665,0.0,3.0,1221.0864240104695,-5470.516071088861,COL,16
3450.0,152.125,67.5,0.0,3.0,1140.0,-5434.0,COL,16
3460.0,155.60713874285716,74.32142262857143,0.0,3.0,1077.251965290584,-5396.184184929699,COL,16
3470.0,164.83333333333331,86.5,0.0,3.0,980.4424016385003,-5321.5175473709205,COL,16
3480.0,175.57142857142856,94.85714285714286,0.0,3.0,899.090476581615,-5247.759935394734,COL,16
3490.0,183.42857142857142,99.14285714285714,0.0,3.0,783.0,-5141.0,COL,16
3500.0,185.0,100.0,0.0,4.0,764.1915947450345,-5123.880369292339,COL,16
3510.0,197.14285714285714,100.0,0.0,4.0,692.7370737742742,-5060.995770367413,COL,16
3520.0,204.0,100.0,0.0,5.0,555.6571265212907,-4938.852546444107,COL,17
3530.0,207.2142774857143,100.0,0.0,5.0,499.0,-4888.0,COL,17
3540.0,213.0,100.0,0.0,5.0,437.54249936921263,-4832.223645953565,COL,17
3550.0,218.68635578181818,100.0,0.0,5.0,411.0,-4808.0,COL,17
3570.0,230.97954152727272,100.0,0.0,5.0,358.83598158771315,-4761.855033429281,COL,17
3580.0,238.23635665454546,100.0,0.0,5.0,261.0,-4675.0,COL,17
3600.0,246.9818146909091,100.0,0.0,5.5,77.73231460587303,-4510.759262673604,COL,17
3610.0,252.0,100.0,0.0,6.0,22.06970944641049,-4460.389507938664,COL,17
3620.0,253.4749952,100.0,0.0,6.0,5.0,-4445.0,COL,17
3630.0,257.0,100.0,0.0,6.0,-58.95679954770706,-4387.672901210813,COL,17
3640.0,261.1062464,100.0,0.0,6.0,-187.0,-4273.0,COL,17
3650.0,263.0,100.0,0.0,6.0,-237.600961667157,-4227.4515022127625,COL,17
3660.0,264.4107108571429,100.0,0.0,6.0,-285.0,-4185.0,COL,17
3670.0,268.0863627636364,100.0,0.0,7.0,-456.9435491444869,-4032.362704282363,COL,17
3690.0,270.54545454545456,100.0,0.0,7.0,-554.0,-3951.0,COL,17
3700.0,272.0,100.0,0.0,7.0,-646.4681976706024,-3886.1994861821827,COL,17
3710.0,272.0,77.5000576,0.0,7.0,-714.0,-3844.0,COL,17
3720.0,272.0,64.0,0.0,7.0,-754.2682789927399,-3821.5719277559156,COL,17
3730.0,268.0,60.0,0.0,7.0,-860.7555536138186,-3772.4031063056955,COL,17
3740.0,267.0,60.5,0.0,7.0,-940.0,-3746.0,COL,18
3750.0,265.75,63.25,0.0,7.0,-1052.1754958002343,-3724.819106688358,COL,18
3760.0,264.8,71.8,0.0,7.0,-1210.137742317227,-3714.437375481221,COL,18
3770.0,264.0,79.0,0.0,7.0,-1346.2209953494312,-3712.4154332021026,COL,18
3790.0,262.0,95.0,0.0,7.0,-1493.6912473335738,-3739.341598348194,COL,18
3800.0,262.0,95.71428571428571,0.0,7.0,-1524.0,-3749.0,COL,18
3810.0,262.0,99.8214262857143,0.0,7.0,-1725.992133922633,-3822.8415845965446,COL,18
3830.0,261.1,100.0,0.0,7.0,-1853.148857674873,-3885.51850751434,COL,18
3850.0,261.6,100.0,0.0,7.0,-2014.0,-3972.0,COL,18
3860.0,262.13888853333333,100.0,0.0,7.0,-2153.167830558348,-4042.6692578998404,COL,18
3880.0,263.0,100.0,0.0,7.0,-2358.0,-4125.0,COL,18
3900.0,261.95833386666664,100.0,0.0,7.0,-2574.7020696831128,-4177.288830309266,COL,18
3920.0,260.85000063999996,100.0,0.0,7.0,-2699.676233718952,-4193.184760920309,COL,18
3930.0,260.0,100.0,0.0,7.0,-2794.995410032107,-4199.844986171921,COL,18
3940.0,259.6111118222222,93.00001280000001,0.0,7.0,-2915.0,-4197.0,COL,18
3960.0,258.59375520000003,79.4375328,1.0,7.0,-3178.0724889214507,-4158.473688296531,COL,19
3980.0,243.375,0.0,1.0,7.0,-3325.933693673227,-4124.653493328355,COL,19
4000.0,222.42858239999998,0.0,1.0,7.0,-3571.2941113319393,-4023.541052589291,COL,19
4010.0,201.0,0.0,1.0,7.0,-3698.4646682238017,-3949.5984682889875,COL,19
4020.0,189.33250624,0.0,1.0,6.5,-3750.7070328826503,-3906.177882042746,COL,19
4030.0,175.0,0.0,1.0,4.0,-3808.704624886396,-3856.007080040414,COL,19
4040.0,158.5375072,0.0,1.0,3.5,-3866.6505036327985,-3794.185706087361,COL,19
4050.0,150.79167466666667,0.0,1.0,3.0,-3910.5,-3736.0,COL,19
4060.0,138.9593792,0.0,1.0,3.0,-3972.070676346014,-3641.4719903871264,COL,19
4070.0,125.0250048,0.0,1.0,2.0,-4023.406225580936,-3524.482279555593,COL,19
4080.0,116.5125024,0.0,1.0,2.0,-4040.92747456285,-3456.2515238729056,COL,19
4090.0,108.26339405714286,0.0,0.5,2.0,-4048.1885482327616,-3357.2462775874665,COL,19
4100.0,102.21428662857143,1.9642834285714283,0.0,2.0,-4031.1400199478603,-3249.4422402204723,COL,19
4110.0,100.3928576,25.035699200000003,0.0,2.0,-3986.5328925362683,-3145.2196501594212,COL,19
4120.0,103.33333191111112,42.33333191111111,0.0,2.0,-3928.7192540750725,-3062.0396216771455,COL,19
4130.0,106.77777777777777,45.77777777777778,0.0,2.0,-3863.059596299185,-3006.4157432276957,COL,19
4140.0,111.0,56.4,0.0,2.0,-3784.5,-2961.5,COL,19
4150.0,118.0,64.5,0.0,2.0,-3712.733606904195,-2932.5957117725275,COL,19
4160.0,127.7083296,73.7083296,0.0,2.0,-3611.543438714822,-2902.113332619473,COL,19
4170.0,135.6249978666667,75.79166631111111,0.0,2.0,-3514.3454409860583,-2879.3380979561302,COL,19
4180.0,149.4062432,81.3437472,0.0,2.5,-3409.9037966442156,-2856.3919260613793,COL,20
4190.0,158.3124896,87.624992,0.0,3.0,-3323.0,-2838.0,COL,20
4200.0,166.625,93.5,0.0,3.0,-3234.5797802465886,-2820.380804387646,COL,20
4210.0,178.0,100.0,0.0,4.0,-3108.3642223088473,-2796.2514464132196,COL,20
4220.0,185.14999296000002,100.0,0.0,4.0,-3049.3883293261692,-2785.483849805512,COL,20
4230.0,193.75,100.0,0.0,4.0,-2967.0,-2771.0,COL,20
4250.0,206.81249493333334,100.0,0.0,4.5,-2776.160133053135,-2739.883032596544,COL,20
4260.0,215.3333248,100.0,0.0,5.0,-2555.0,-2705.0,COL,20
4270.0,220.0,100.0,0.0,5.0,-2516.7522131582973,-2699.4023875402404,COL,20
4280.0,224.2428489142857,100.0,0.0,5.0,-2493.0,-2696.0,COL,20
4290.0,232.0,100.0,0.0,6.0,-2387.3763579578617,-2679.779865254024,COL,20
4300.0,238.28249664,100.0,0.0,6.0,-2263.451373590332,-2659.9211010563386,COL,20
4320.0,246.8562464,100.0,0.0,6.0,-2097.1788477249042,-2632.9881433583887,COL,20
4330.0,250.74999466666668,100.0,0.0,6.0,-1952.0,-2611.0,COL,20
4350.0,259.546872,100.0,0.0,6.0,-1792.0016302243566,-2584.1748197229495,COL,20
4360.0,263.0,100.0,0.0,6.0,-1729.9509005523616,-2573.5772047713253,COL,20
4370.0,267.7374976,100.0,0.0,6.5,-1587.1026634542918,-2549.6501718347654,COL,20
4390.0,274.84285439999996,100.0,0.0,7.0,-1401.556384861994,-2518.0613496832784,COL,20
4410.0,279.57749568,100.0,0.0,7.0,-1250.0,-2494.0,COL,21
4420.0,283.64999424,100.0,0.0,7.0,-1111.0,-2471.0,COL,21
4430.0,285.8,100.0,0.0,7.0,-1032.7416616526602,-2457.3855263160444,COL,21
4440.0,289.0,100.0,0.0,7.0,-922.6240182532216,-2438.271558977377,COL,21
4460.0,292.14999808,100.0,0.0,7.0,-776.6813260215949,-2413.1916336061377,COL,21
4470.0,294.84999808,100.0,0.0,7.0,-508.35226322456595,-2366.8373507648857,COL,21
4500.0,301.0,100.0,0.0,8.0,-339.726170391291,-2339.7400711382884,COL,21
4510.0,303.5714249142857,100.0,0.0,8.0,-240.0,-2323.0,COL,21
4520.0,305.0,100.0,0.0,8.0,-142.20669520067244,-2305.629983553335,COL,21
4530.0,307.0,100.0,0.0,8.0,-6.0,-2281.0,COL,21
4550.0,311.0,100.0,0.0,8.0,246.65397540563657,-2234.109793130732,COL,21
4570.0,312.7142857142857,100.0,0.0,8.0,445.2470622779329,-2196.951966491457,COL,21
4600.0,314.55555555555554,100.0,0.0,8.0,641.0,-2161.0,COL,21
4610.0,315.0,100.0,0.0,8.0,703.8970832710858,-2149.351239089269,COL,21
4620.0,316.6666666666667,100.0,0.0,8.0,883.0,-2116.0,COL,22
4640.0,318.0,100.0,0.0,8.0,1022.0,-2090.0,COL,22
4650.0,318.07142765714286,100.0,0.0,8.0,1166.6760673809747,-2063.057002215971,COL,22
4670.0,319.57142674285717,100.0,0.0,8.0,1475.0,-2008.0,COL,22
4680.0,320.0,100.0,0.0,8.0,1554.1080285444693,-1993.8129481313015,COL,22
4690.0,320.0,100.0,0.0,8.0,1746.1853042250714,-1958.7132251417324,COL,22
4710.0,320.0,100.0,0.0,8.0,1878.0,-1934.0,COL,22
4730.0,320.0,100.0,0.0,8.0,1952.410034132347,-1919.8892962342306,COL,22
4740.0,320.0,100.0,0.0,8.0,2032.709021804561,-1904.9438238318621,COL,22
4770.0,319.0937504,100.0,0.0,8.0,2369.548499066973,-1844.3455423579442,COL,22
4780.0,319.0,100.0,0.0,8.0,2482.0,-1826.0,COL,22
4790.0,319.0,100.0,0.0,8.0,2580.0,-1811.0,COL,22
4810.0,319.0,100.0,0.0,8.0,2711.1385291373886,-1790.6007059371057,COL,22
4820.0,319.0,100.0,0.0,8.0,2842.0,-1770.0,COL,22
4830.0,319.0,100.0,0.0,8.0,3122.0,-1726.0,COL,22
4840.0,319.0,100.0,0.0,8.0,3192.253961768577,-1715.0055591757268,COL,23
4870.0,319.0,100.0,0.0,8.0,3363.5572984313767,-1688.7597317425882,COL,23
4880.0,317.8258740938107,95.59702785178996,0.0,8.0,3420.0,-1680.0,COL,23
4890.0,310.6344192379827,76.16489607686972,1.0,8.0,3643.277131237239,-1645.2298992273054,COL,23
4910.0,273.0,0.0,1.0,8.0,3796.0645218863315,-1622.137615971966,COL,23
4920.0,264.4416874666667,0.0,1.0,8.0,3831.0,-1617.0,COL,23
4940.0,221.42334634666668,0.0,1.0,8.0,4093.312273076162,-1577.9148086140128,COL,23
4950.0,202.0,0.0,1.0,8.0,4203.8077573339415,-1560.419552167246,COL,23
4960.0,189.66666666666666,0.0,1.0,8.0,4267.0,-1548.0,COL,23
4970.0,164.07142857142856,0.0,1.0,7.0,4413.410490558487,-1512.4882280883332,COL,23
4980.0,148.16666666666669,0.0,1.0,5.0,4521.507943893519,-1481.1070211458823,COL,23
4990.0,132.19445262222223,0.0,1.0,3.5,4597.627642417381,-1449.175835800289,COL,23
5000.0,115.166672,0.0,1.0,2.0,4680.409948530392,-1387.1509113967315,COL,23
5010.0,98.75,0.0,1.0,1.5,4761.739097546717,-1272.157571844008,COL,23
5020.0,92.83333546666667,0.0,1.0,1.0,4788.441482686323,-1187.2965834931067,COL,23
5030.0,84.28571428571428,0.0,0.5,1.0,4797.6164798739765,-1109.3401677731474,COL,23
5040.0,75.59375,0.9375,0.0,1.0,4789.995017613506,-1005.9924477451442,COL,23
5050.0,73.375,14.5,0.0,1.0,4771.501905671241,-940.3147645182286,COL,23
5060.0,76.9166656,28.19999744,0.0,1.0,4728.115413116179,-855.8856534138763,COL,24
5070.0,82.54999936,42.129998463999996,0.0,1.0,4645.922605308109,-775.8737382292813,COL,24
5080.0,92.74999679999999,55.71428205714285,0.0,1.0,4532.675236920781,-723.4529128929764,COL,24
5090.0,104.90874688,63.223749760000004,0.0,1.0,4441.514709498884,-712.0326284481835,COL,24
5100.0,115.0,64.0,0.0,2.0,4342.291531586853,-712.1674912409759,COL,24
5110.0,120.9476246898952,69.55111637723553,0.0,2.0,4291.0,-714.0,COL,24
5120.0,132.5137813311228,79.47869490066046,0.0,2.0,4213.027951201926,-717.8227031427431,COL,24
5130.0,144.8483671822168,86.73433363659811,0.0,2.5,4100.564141620093,-727.5184179167946,COL,24
5140.0,158.812496,98.1624992,0.0,3.0,3974.6505423813987,-740.0740268410436,COL,24
5150.0,169.84374400000002,100.0,0.0,3.0,3893.737016768977,-749.7150338511353,COL,24
5160.0,179.625,100.0,0.0,4.0,3815.23536019067,-758.7159902481465,COL,24
5180.0,192.2187448,100.0,0.0,4.0,3659.65073655158,-775.9869044305192,COL,24
5190.0,204.0,100.0,0.0,5.0,3429.0,-798.0,COL,24
5210.0,213.74999680000002,100.0,0.0,5.0,3324.3295037829394,-806.0744136647304,COL,24
5220.0,218.0,100.0,0.0,5.0,3245.3663427684296,-812.6802358610298,COL,24
5230.0,218.0,100.0,0.0,5.0,3123.8737514172035,-823.5238558205792,COL,24
5240.0,218.0,100.0,0.0,5.0,3046.0,-830.0,COL,24
5250.0,218.0,100.0,0.0,5.0,2919.710662058709,-840.5212556598126,COL,24
5260.0,218.0,100.0,0.0,5.0,2804.0,-851.0,COL,24
5270.0,218.0,100.0,0.0,5.0,2703.992567691157,-859.769782881767,COL,24
5280.0,241.99996586666666,100.0,0.0,5.0,2549.0,-873.0,COL,25
5290.0,250.0,100.0,0.0,5.0,2510.456838780082,-876.2034183707631,COL,25
5310.0,254.843748,100.0,0.0,5.5,2360.7895309593905,-888.5490383024243,COL,25
5320.0,259.1666666666667,100.0,0.0,6.0,2210.0,-902.0,COL,25
5330.0,260.0,100.0,0.0,6.0,2181.097086059088,-904.4371825953517,COL,25
5340.0,262.84999808,100.0,0.0,6.0,2043.2476978412265,-915.6485384456672,COL,25
5350.0,264.5909061818182,100.0,0.0,6.0,1911.0,-927.0,COL,25
5370.0,267.65908945454544,100.0,0.0,6.5,1572.8768864747099,-956.4970930832194,COL,25
5410.0,272.8863621818182,100.0,0.0,7.0,1332.472455326958,-976.6003528752224,COL,25
5420.0,273.89999872,100.0,0.0,7.0,1188.0,-990.0,COL,25
5440.0,274.92999936,100.0,0.0,7.0,1031.2905656266717,-1003.1989233717322,COL,25
0.0,274.51749888,100.0,0.0,7.0,1020.7384552219439,-1004.2259898302088,LIN,1
10.0,278.20999936,100.0,0.0,7.0,928.4582460463412,-1012.5037711177574,LIN,1
20.0,280.0,100.0,0.0,7.0,774.0526101485983,-1026.0746170753532,LIN,1
40.0,283.5388864,100.0,0.0,7.0,612.0,-1040.0,LIN,1
50.0,287.0,100.0,0.0,7.0,479.0731535885742,-1051.772838058193,LIN,1
70.0,293.14958203205885,100.0,0.0,7.0,321.0,-1066.0,LIN,1
80.0,297.30749951999996,100.0,0.0,7.0,191.03221535939917,-1077.5095439226163,LIN,1
100.0,300.2531248,100.0,0.0,8.0,8.911111611913217,-1093.1785418666227,LIN,1
110.0,301.0,100.0,0.0,8.0,-86.54759651285796,-1101.402819333798,LIN,1
120.0,301.0,100.0,0.0,8.0,-174.0,-1109.0,LIN,1
130.0,301.0,100.0,0.0,8.0,-281.09254446093587,-1118.3171315095374,LIN,1
140.0,302.0821421714286,100.0,0.0,8.0,-392.0,-1128.0,LIN,1
150.0,304.0,100.0,0.0,8.0,-541.2869524694094,-1141.1900451894542,LIN,1
170.0,308.11250186666666,100.0,0.0,8.0,-731.0,-1158.0,LIN,1
190.0,310.72291759999996,100.0,0.0,8.0,-885.6899274166718,-1171.4902490454897,LIN,1
210.0,311.64999954285713,100.0,0.0,8.0,-1058.0,-1187.0,LIN,1
220.0,312.0,100.0,0.0,8.0,-1173.8986974442723,-1196.7071331624022,LIN,2
230.0,312.0,100.0,0.0,8.0,-1312.2247176712742,-1208.678191981172,LIN,2
240.0,312.3812504,100.0,0.0,8.0,-1473.0,-1223.0,LIN,2
260.0,313.0,100.0,0.0,8.0,-1596.2429399007121,-1234.0985909972173,LIN,2
270.0,312.6638890666667,100.0,0.0,8.0,-1663.0,-1240.0,LIN,2
290.0,312.05416675555557,100.0,0.0,8.0,-1853.4373514038837,-1256.511851799603,LIN,2
310.0,311.99750015999996,100.0,0.0,8.0,-2077.5775544231265,-1275.9634519021906,LIN,2
330.0,311.0,100.0,0.0,8.0,-2266.19565438445,-1292.337055405887,LIN,2
340.0,311.0,100.0,0.0,8.0,-2402.0421789772918,-1304.5341645897024,LIN,2
350.0,310.6843752,100.0,0.0,8.0,-2519.0,-1315.0,LIN,2
370.0,310.0609376,100.0,0.0,8.0,-2779.254446219734,-1337.7696908124967,LIN,2
390.0,310.0,100.0,0.0,8.0,-2919.2480904617346,-1350.0660035146843,LIN,2
400.0,309.4964288,100.0,0.0,8.0,-2999.0,-1357.0,LIN,2
410.0,309.0,100.0,0.0,8.0,-3110.716638093434,-1366.5991201951151,LIN,2
420.0,309.0,100.0,0.0,8.0,-3255.0,-1379.0,LIN,2
430.0,309.0,100.0,0.0,8.0,-3324.0,-1385.0,LIN,2
440.0,309.0,100.0,0.0,8.0,-3410.7175814724224,-1392.698654354146,LIN,3
450.0,309.0,100.0,0.0,8.0,-3648.0,-1414.0,LIN,3
460.0,309.0,100.0,0.0,8.0,-3715.955817487582,-1420.047850950779,LIN,3
470.0,308.0,100.0,1.0,8.0,-3871.6484242175493,-1433.722864798728,LIN,3
480.0,289.0,0.0,1.0,8.0,-3986.2458130855066,-1443.5885244978258,LIN,3
490.0,275.29286582857145,0.0,1.0,8.0,-4038.0,-1448.0,LIN,3
500.0,251.0,0.0,1.0,8.0,-4093.1473311301215,-1452.6113042360696,LIN,3
510.0,251.0,0.0,1.0,8.0,-4131.0,-1456.0,LIN,3
520.0,251.0,0.0,1.0,8.0,-4242.317574250032,-1466.4559795169446,LIN,3
530.0,226.2562830518047,0.0,1.0,8.0,-4336.0,-1475.0,LIN,3
540.0,188.0,0.0,1.0,8.0,-4443.248798189037,-1483.492380607949,LIN,3
550.0,176.02917013333334,0.0,1.0,8.0,-4536.492499832561,-1487.1331502021587,LIN,3
560.0,167.95600756859034,0.0,1.0,7.0,-4618.55341986277,-1487.0085945315784,LIN,3
590.0,131.41795625534982,0.0,1.0,5.0,-4924.786957441931,-1434.5381273832618,LIN,3
600.0,115.02083555555555,0.0,1.0,2.3333333333333335,-4993.629495512155,-1386.1906699131912,LIN,3
610.0,107.62916728888888,0.0,1.0,2.0,-5046.762914324745,-1330.6732118949046,LIN,3
620.0,97.25000177777777,0.0,1.0,2.0,-5103.776309380311,-1225.4338551067037,LIN,3
630.0,83.257750304,0.0,1.0,2.0,-5126.8966967942015,-1110.1885782866527,LIN,3
640.0,74.94277731555555,0.2236110222222222,0.3333333333333333,2.0,-5114.474597929678,-999.0350773018472,LIN,3
650.0,71.68375024,9.7749984,0.0,2.0,-5083.68406757352,-928.7269216530206,LIN,3
660.0,72.83062464,27.58687424,0.0,2.0,-5027.39145548146,-855.4532606280006,LIN,4
670.0,77.53379591111111,31.331712177777778,0.0,2.0,-4957.8330017062,-807.0538013560669,LIN,4
680.0,83.47986062222222,42.87204702222222,0.0,2.0,-4800.978635875811,-792.9571644149271,LIN,4
690.0,94.0214272,56.5107136,0.0,2.0,-4671.54023335533,-827.7873400115637,LIN,4
700.0,104.33749973333333,33.80417208888889,0.3333333333333333,2.0,-4572.371457370452,-865.6931519078618,LIN,4
710.0,103.69904859428571,0.0,1.0,2.0,-4487.425511370647,-889.6461684155194,LIN,4
720.0,92.81071151615346,0.0,1.0,2.0,-4380.911928541787,-908.8237181830341,LIN,4
730.0,86.0,0.0,0.5,2.0,-4291.886306757552,-903.3759208896286,LIN,4
740.0,81.24901777905137,0.24393485712785348,0.0,2.0,-4207.861131330607,-856.4321342373634,LIN,4
750.0,75.05266823708406,17.122660384997086,0.0,2.0,-4151.109516963726,-741.6464087686905,LIN,4
760.0,78.38849158095239,28.044244723809523,0.0,2.0,-4141.524901697811,-677.8976811804448,LIN,4
770.0,83.2729176,40.529167466666664,0.0,2.0,-4143.1785758284095,-573.3711697248771,LIN,4
780.0,94.0,54.0,0.0,2.0,-4167.091260321219,-478.90785386148895,LIN,4
790.0,100.97291653333333,60.00714270476191,0.0,2.0,-4215.2219949367545,-393.78619784354504,LIN,4
800.0,109.73281159999999,67.76249920000001,0.0,2.0,-4301.832719448581,-288.7317098469631,LIN,4
810.0,122.61979066666667,80.65104133333334,0.0,2.0,-4371.33027375594,-202.88112162845763,LIN,4
820.0,139.0,89.0,0.0,3.0,-4443.5422040267695,-70.86012551051634,LIN,4
830.0,149.02499840000002,92.0,0.0,3.0,-4476.94239389054,1.8659610858753561,LIN,4
840.0,159.0,92.0,0.0,3.0,-4491.1347168365755,40.48592520583035,LIN,4
850.0,163.0499968,93.79999857777777,0.0,3.0,-4497.0,62.0,LIN,4
860.0,177.48749851428573,100.0,0.0,4.0,-4528.937447786546,195.68794464726665,LIN,4
870.0,188.16606994285715,100.0,0.0,4.0,-4547.608178820443,312.77519123911003,LIN,4
880.0,194.68928274285713,100.0,0.0,4.0,-4556.0,388.0,LIN,5
890.0,204.1437488,100.0,0.0,5.0,-4565.153799753598,503.7539292653334,LIN,5
900.0,212.0374976,100.0,0.0,5.0,-4567.0,626.0,LIN,5
910.0,216.76749888,100.0,0.0,5.0,-4565.048774910793,704.2357279466303,LIN,5
920.0,222.0,100.0,0.0,5.0,-4561.073046940021,795.7333857912844,LIN,5
930.0,226.81499904,100.0,0.0,5.0,-4555.760728357218,896.045999558736,LIN,5
940.0,231.02999808,100.0,0.0,5.0,-4551.0,986.0,LIN,5
960.0,239.11499904,100.0,0.0,5.5,-4535.940567420466,1161.0397102426437,LIN,5
970.0,240.0,100.0,0.0,6.0,-4523.0,1262.0,LIN,5
980.0,240.0,100.0,0.0,6.0,-4506.3249424991645,1356.8510569624298,LIN,5
990.0,240.0,100.0,0.0,6.0,-4472.371698931172,1512.542409152099,LIN,5
1020.0,259.1374992,100.0,0.0,6.0,-4389.640973614418,1753.9293686138171,LIN,5
1030.0,261.77499839999996,100.0,0.0,7.0,-4334.502934013553,1863.576411623782,LIN,5
1040.0,265.0,100.0,0.0,7.0,-4251.859229601414,1981.4331807101335,LIN,5
1050.0,266.70124260945863,100.0,0.0,7.0,-4195.0,2055.0,LIN,5
1060.0,270.0,100.0,0.0,7.0,-4132.1086821956915,2128.784833968958,LIN,5
1070.0,271.0055552,100.0,0.0,7.0,-4079.231981632537,2173.8062151548957,LIN,5
1090.0,273.45555484444446,100.0,0.0,7.0,-3948.0,2280.0,LIN,5
1100.0,275.0,100.0,0.0,7.0,-3864.668234795716,2339.3994273269,LIN,6
1110.0,276.2964278857143,100.0,0.0,7.0,-3781.0,2390.0,LIN,6
1120.0,278.0,100.0,0.0,7.0,-3637.822913949681,2464.350133041467,LIN,6
1130.0,279.3812496,100.0,0.0,7.0,-3531.051957059213,2512.8180406301194,LIN,6
1140.0,280.33888924444443,100.0,0.0,7.0,-3371.0,2577.0,LIN,6
1160.0,281.1374992,100.0,0.0,7.0,-3182.1371814842455,2636.350035903368,LIN,6
1170.0,282.3874992,100.0,0.0,7.0,-3103.8841547931206,2661.626282686705,LIN,6
1190.0,285.0083338666667,100.0,0.0,7.0,-2842.892979646209,2738.7323447132803,LIN,6
1210.0,287.0,100.0,0.0,7.0,-2638.1480562969296,2802.5065159850374,LIN,6
1220.0,287.43214262857146,100.0,0.0,7.0,-2538.0,2835.0,LIN,6
1230.0,288.0,100.0,0.0,7.0,-2407.8517786462885,2878.1514759024967,LIN,6
1250.0,289.0,100.0,0.0,8.0,-2253.7242153148068,2930.5657589367684,LIN,6
1260.0,289.0,100.0,0.0,8.0,-2189.0,2953.0,LIN,6
1270.0,289.0,100.0,0.0,8.0,-2115.525577557596,2979.011493616075,LIN,6
1280.0,289.0,100.0,0.0,8.0,-2037.5475405203229,3007.7038627637494,LIN,6
1290.0,289.36071405714284,100.0,0.0,8.0,-1962.0,3036.0,LIN,6
1310.0,290.04374986666664,100.0,0.0,8.0,-1775.4092190568117,3106.431923317088,LIN,6
1320.0,291.0,100.0,0.0,8.0,-1625.654297773189,3163.7839104666295,LIN,7
1340.0,291.0,100.0,0.0,8.0,-1511.0611335264364,3208.9201230874423,LIN,7
1350.0,292.0,100.0,0.0,8.0,-1355.6053488815746,3270.9481858112745,LIN,7
1360.0,292.0,100.0,0.0,8.0,-1304.0,3292.0,LIN,7
1380.0,292.0,100.0,0.0,8.0,-1144.9236594879605,3359.0188969479204,LIN,7
1390.0,291.16250026666665,100.0,0.0,8.0,-989.0,3426.0,LIN,7
1400.0,291.0,100.0,0.0,8.0,-961.3124147924129,3438.0174333699,LIN,7
1410.0,284.3416696888889,60.833351111111114,0.0,8.0,-857.0,3484.0,LIN,7
1420.0,272.7203164,0.0,1.0,8.0,-641.5456553401623,3582.119373809601,LIN,7
1440.0,235.0,0.0,1.0,8.0,-481.085196533777,3653.0522055098636,LIN,7
1450.0,225.3406272,0.0,1.0,8.0,-415.9087681315426,3681.4213929350462,LIN,7
1460.0,208.3708416,0.0,1.0,8.0,-340.0,3715.0,LIN,7
1470.0,191.88858297250889,0.0,1.0,8.0,-276.9288073448441,3743.754025319338,LIN,7
1480.0,161.24513100922456,0.0,1.0,8.0,-148.3956806653694,3800.224746626142,LIN,7
1490.0,148.11364072727272,0.0,1.0,8.0,-44.0,3839.0,LIN,7
1500.0,138.6761590152106,0.0,1.0,3.0,55.93831600020951,3865.0238756976696,LIN,7
1510.0,129.25978813034322,0.0,1.0,2.5,133.04296366491306,3873.2263326423817,LIN,7
1520.0,120.00972337777777,0.0,1.0,2.0,232.96222821585877,3860.5442904144543,LIN,7
1530.0,109.23750079999999,0.0,0.5,2.0,350.00025537079875,3798.1046148070163,LIN,7
1540.0,103.78281253333333,9.0,0.0,2.0,409.01754759793465,3741.582565242317,LIN,8
1550.0,100.04999970909091,18.699995927272727,0.0,2.0,487.9600282999141,3630.3429513659653,LIN,8
1560.0,101.73181847272727,42.245458618181814,0.0,2.0,513.928926350485,3572.9153272551494,LIN,8
1570.0,105.42083306666666,60.2624992,0.0,2.0,544.4515065258538,3483.7081264358603,LIN,8
1580.0,111.11499904,63.70499968,0.0,2.0,564.8911082203169,3384.5160186334288,LIN,8
1590.0,123.59285577142857,82.35535497142857,0.0,2.5,581.2487898488345,3241.466377137693,LIN,8
1600.0,130.76249919999998,90.60781159999999,0.0,3.0,585.520945551583,3190.9390944152615,LIN,8
1610.0,151.37812213333333,98.89999928888888,0.0,3.0,596.6601547553117,3073.082742785336,LIN,8
1630.0,168.47249856000002,100.0,0.0,3.0,609.4097134304739,2955.758481441664,LIN,8
1640.0,180.2732128,100.0,0.0,4.0,629.4676366476807,2795.631268213745,LIN,8
1650.0,190.0,100.0,0.0,4.0,642.5808699451529,2694.5571320206345,LIN,8
1660.0,197.47499702857144,100.0,0.0,4.0,651.0,2635.0,LIN,8
1670.0,203.9819438222222,100.0,0.0,4.0,664.4680318703986,2542.692775629683,LIN,8
1690.0,210.31499904,100.0,0.0,5.0,698.6743936734274,2321.7886000776125,LIN,8
1700.0,216.0,100.0,0.0,5.0,724.8202816779188,2178.737956571053,LIN,8
1710.0,223.21999872,100.0,0.0,5.0,748.1898264649034,2060.089484321673,LIN,8
1740.0,233.00499968,100.0,0.0,6.0,790.9272647520029,1871.2787463879831,LIN,8
1750.0,235.0145824,100.0,0.0,6.0,825.9012222781616,1745.323696342622,LIN,8
1770.0,242.1423608888889,99.68680604444444,0.0,6.0,882.3998842569333,1581.3985061249468,LIN,9
1810.0,246.17361066666666,90.81805653333333,0.0,6.0,1054.0,1230.0,LIN,9
1820.0,247.0,89.0,0.0,6.0,1123.5633401770933,1134.3453049574186,LIN,9
1830.0,247.0,87.29500032,0.0,6.0,1227.3980109700594,1007.8010664691315,LIN,9
1840.0,247.0,85.0,0.0,6.0,1338.1699504588855,905.6557903743511,LIN,9
1860.0,245.79500032,79.57750144,0.0,6.0,1443.0,840.0,LIN,9
1870.0,245.0,76.0,0.0,6.0,1517.6664307666992,798.7064337898398,LIN,9
1880.0,245.0,76.0,0.0,6.0,1615.0,755.0,LIN,9
1890.0,245.0,76.0,0.0,6.0,1677.3443506450412,733.261281838978,LIN,9
1900.0,243.1062488,69.0562456,0.0,6.0,1817.0,696.0,LIN,9
1910.0,242.0,65.0,0.0,6.0,1898.9184896367879,680.9217576246663,LIN,9
1930.0,240.1812504,64.0906252,0.0,6.0,2083.696984957739,663.4485582654459,LIN,9
1950.0,238.0,69.0,0.0,6.0,2250.850361282073,676.2354294520048,LIN,9
1960.0,237.77857188571429,69.44285622857143,0.0,6.0,2287.0,684.0,LIN,9
1970.0,237.03214308571427,70.93571382857144,0.0,6.0,2420.932721583126,719.4513563495093,LIN,9
1990.0,236.0,79.42499946666666,0.0,6.0,2594.629782236619,793.8173224580322,LIN,10
2000.0,236.0,82.0,0.0,6.0,2791.9551683192744,898.7332683437185,LIN,10
2010.0,237.0,100.0,0.0,6.0,2820.2447951469762,928.8756980381742,LIN,10
2020.0,237.0,94.58928914285714,0.0,6.0,2849.0,960.0,LIN,10
2030.0,237.0,85.50893028571429,0.0,6.0,2928.570853767786,1040.8918541006092,LIN,10
2050.0,239.85749952,52.615005440000004,0.0,6.0,3021.491690764411,1143.619111125926,LIN,10
2070.0,236.1187504,50.0296876,0.0,6.0,3178.6464218521896,1278.3146156891096,LIN,10
2080.0,233.486112,46.9833344,0.0,6.0,3284.0,1341.0,LIN,10
2090.0,230.991072,44.0,0.0,6.0,3436.651760801469,1403.872666817656,LIN,10
2110.0,226.16964342857142,44.0,0.0,6.0,3551.20404496061,1431.6273715709272,LIN,10
2130.0,226.0,87.812496,0.0,6.0,3780.7222628225104,1450.7762352785735,LIN,10
2140.0,228.513888,87.9944448,0.0,6.0,3939.0,1438.0,LIN,10
2150.0,231.0,87.0,0.0,6.0,4040.56838434542,1420.2081406452307,LIN,10
2170.0,234.1312496,97.17656120000001,0.0,6.0,4168.489970163302,1379.2890707870847,LIN,10
2180.0,236.0249984,100.0,0.0,6.0,4237.0,1353.0,LIN,10
2190.0,241.0,100.0,0.0,6.0,4380.671837761917,1275.7736165308067,LIN,10
2200.0,241.0,100.0,0.0,6.0,4433.0,1243.0,LIN,11
2210.0,241.0,100.0,0.0,6.0,4512.922507368191,1185.3068932049384,LIN,11
2220.0,244.2938483034025,100.0,0.0,6.0,4610.0,1095.0,LIN,11
2240.0,247.00711698382736,100.0,0.0,6.0,4706.521021262362,996.5102565434227,LIN,11
2250.0,248.1530242626105,100.0,0.0,6.0,4781.0,914.0,LIN,11
2260.0,249.0,100.0,0.0,6.0,4834.285041002644,851.1336618775599,LIN,11
2270.0,249.9406248,100.0,0.0,6.0,4900.103543014219,769.8405811691975,LIN,11
2280.0,250.86071405714284,100.0,0.0,6.0,5008.0,632.0,LIN,11
2290.0,251.0,100.0,0.0,6.0,5025.429714172504,610.0099948901579,LIN,11
2300.0,251.44722204444443,100.0,0.0,6.0,5095.0,524.0,LIN,11
2310.0,252.0013888,100.0,0.0,6.0,5186.564121220274,418.4977065832895,LIN,11
2320.0,252.5027776,100.0,0.0,6.0,5396.0,179.0,LIN,11
2340.0,253.0,100.0,0.0,6.0,5495.49586804751,64.15817761592015,LIN,11
2360.0,253.64090938181818,100.0,0.0,6.0,5544.0,9.0,LIN,11
2370.0,254.15499968,100.0,0.0,6.0,5674.659366784297,-135.47226773717827,LIN,11
2380.0,255.0,100.0,0.0,6.0,5757.504897838799,-227.73433344627395,LIN,11
2400.0,255.67222257777777,100.0,0.0,6.0,5827.0,-306.0,LIN,11
2410.0,256.0,90.31252,0.0,6.0,5895.871137328362,-382.67587983675617,LIN,11
2430.0,256.0,2.968759999999996,0.5,6.0,6075.494509916209,-590.222474581268,LIN,12
2440.0,245.0,0.0,1.0,6.0,6124.867301845817,-647.3771896487948,LIN,12
2450.0,235.21750208,0.0,1.0,6.0,6172.934104178089,-703.2151201628692,LIN,12
2460.0,232.0,0.0,1.0,6.0,6247.0,-792.0,LIN,12
2470.0,229.89062666666666,0.5062496,1.0,6.0,6291.850175199604,-852.7792158968697,LIN,12
2490.0,207.98958666666667,5.7624992,1.0,6.0,6401.0,-1067.0,LIN,12
2500.0,207.0,6.0,1.0,5.0,6403.60713778841,-1077.9589850226866,LIN,12
2540.0,190.48750080000002,16.3062464,0.0,5.0,6371.476703407925,-1562.1268520610238,LIN,12
2550.0,183.0,50.0,0.0,5.0,6352.113358208031,-1638.381480218702,LIN,12
2560.0,182.35357165714285,51.292856685714284,0.0,5.0,6296.0,-1727.0,LIN,12
2570.0,182.83749973333332,52.0,0.0,5.0,6216.453218737904,-1842.2593366822177,LIN,12
2580.0,185.67499946666666,67.63332835555556,0.0,5.0,6154.0,-1912.0,LIN,12
2590.0,187.0,80.0,0.0,5.0,6072.291228007212,-1978.286465631296,LIN,12
2600.0,188.8812496,80.0,0.0,5.0,5974.953773183188,-2045.5022903765466,LIN,12
2610.0,197.0,100.0,0.0,5.0,5822.274958496427,-2106.3569633138136,LIN,12
2620.0,201.93499776,100.0,0.0,5.0,5758.0,-2124.0,LIN,12
2630.0,204.0,100.0,0.0,5.0,5738.137707649665,-2129.3144542674463,LIN,12
2640.0,214.0,100.0,0.0,5.0,5701.65279114392,-2138.2632373366732,LIN,13
2650.0,217.8220617388326,100.0,0.0,5.0,5640.682211379407,-2150.0920360370897,LIN,13
2660.0,225.69038842770414,100.0,0.0,5.0,5522.0,-2173.0,LIN,13
2670.0,228.75749952,100.0,0.0,5.0,5454.170104973307,-2184.1133814148175,LIN,13
2680.0,231.3812496,100.0,0.0,6.0,5340.96952355123,-2201.336690877958,LIN,13
2700.0,234.7624992,100.0,0.0,6.0,5166.0,-2218.0,LIN,13
2710.0,238.52083199999998,100.0,0.0,6.0,5000.68411831905,-2224.7672092417824,LIN,13
2720.0,246.0,100.0,0.0,6.0,4851.931835782891,-2229.545950626315,LIN,13
2740.0,246.0,100.0,0.0,6.0,4777.89596604842,-2230.840812695722,LIN,13
2750.0,250.35714742857144,100.0,0.0,6.0,4715.0,-2233.0,LIN,13
2760.0,256.0187512,100.0,0.0,6.0,4602.724609733665,-2237.965051799718,LIN,13
2770.0,259.0125008,100.0,0.0,7.0,4488.714894000783,-2243.9591445364345,LIN,13
2780.0,261.31500096,100.0,0.0,7.0,4358.33427034799,-2252.007056334978,LIN,13
2810.0,266.86499904,100.0,0.0,7.0,4086.3940894992656,-2270.4500740039257,LIN,13
2820.0,269.43000192,100.0,0.0,7.0,3960.0,-2279.0,LIN,13
2830.0,270.31499904,100.0,0.0,7.0,3915.0,-2282.0,LIN,13
2840.0,273.1906248,100.0,0.0,7.0,3756.0512126779677,-2291.5750059943375,LIN,13
2850.0,274.0,100.0,0.0,7.0,3658.3038199594866,-2297.969591807494,LIN,13
2860.0,274.6749994666667,100.0,0.0,7.0,3597.0,-2302.0,LIN,14
2870.0,276.0,100.0,0.0,7.0,3475.515919829068,-2309.0676235709984,LIN,14
2880.0,276.0,100.0,0.0,7.0,3383.0,-2315.0,LIN,14
2890.0,276.0,100.0,0.0,7.0,3238.720473771294,-2326.601362282825,LIN,14
2910.0,277.75416640000003,100.0,0.0,7.0,3069.4034142658847,-2341.1203681395014,LIN,14
2920.0,278.0,100.0,0.0,7.0,2939.0,-2354.0,LIN,14
2930.0,278.0,100.0,0.0,7.0,2862.6107728441866,-2361.6561807656317,LIN,14
2940.0,278.2892854857143,100.0,0.0,7.0,2800.0,-2368.0,LIN,14
2950.0,279.0,100.0,0.0,7.0,2646.889584846488,-2384.01014861015,LIN,14
2970.0,280.67083306666666,100.0,0.0,7.0,2490.9729585854693,-2400.137033920041,LIN,14
2980.0,279.2571446857143,78.21430857142857,0.0,7.0,2414.0,-2408.0,LIN,14
2990.0,272.8625088,0.0,1.0,7.0,2248.517886098143,-2426.937133532034,LIN,14
3000.0,228.945316,0.0,1.0,7.0,2062.4711760780965,-2449.940870152067,LIN,14
3020.0,191.69375359999998,0.0,1.0,7.0,1946.7030323204626,-2465.286875934332,LIN,14
3030.0,176.0,0.0,1.0,7.0,1894.177968605742,-2471.560498189777,LIN,14
3040.0,164.59000277333334,0.0,1.0,7.0,1751.7507356591238,-2492.0080771895423,LIN,14
3050.0,131.0,0.0,1.0,3.0,1584.6323611441694,-2520.0173048741945,LIN,14
3060.0,122.04821577142857,0.0,1.0,2.0,1548.4311880119335,-2527.1635771529104,LIN,14
3070.0,109.92857295238095,0.0,1.0,2.0,1449.8145159252588,-2550.6761044908194,LIN,14
3080.0,100.42142902857142,0.0,1.0,2.0,1346.9411750676159,-2587.1434260573374,LIN,15
3090.0,91.94305623703706,0.0,1.0,2.0,1270.005884403475,-2644.4660914144424,LIN,15
3100.0,84.14732228571428,12.736605714285716,0.5,2.0,1228.0799180220752,-2733.8543949411396,LIN,15
3110.0,79.46749941333334,33.836245813333335,0.0,2.0,1234.1172263219794,-2837.8824536515676,LIN,15
3120.0,83.18611235555557,50.67777848888889,0.0,2.0,1266.1545762570393,-2907.2882763768885,LIN,15
3130.0,90.68055644444445,55.344445155555555,0.0,2.0,1344.8227580525056,-2991.352027649537,LIN,15
3140.0,103.48499776,68.83999743999999,0.0,2.0,1423.0,-3048.5,LIN,15
3150.0,111.51166592,76.00666624,0.0,2.0,1492.6171311505684,-3091.7222374840408,LIN,15
3160.0,115.0303552,79.017856,0.0,2.0,1672.6777826068792,-3197.8122594413835,LIN,15
3170.0,130.81606948571428,88.30357028571429,0.0,2.5,1776.942723385389,-3257.869212526938,LIN,15
3180.0,143.16606994285715,90.7178569142857,0.0,3.0,1837.0968076376548,-3294.7685612064265,LIN,15
3190.0,154.18958186666669,98.5187488,0.0,3.0,1920.218121731032,-3350.314815607453,LIN,15
3200.0,164.12249856,100.0,0.0,3.0,1991.4081221143658,-3404.290753082788,LIN,15
3210.0,167.4696425142857,100.0,0.0,3.0,2073.7975405890343,-3480.4736425078213,LIN,15
3220.0,170.52499840000002,100.0,0.0,4.0,2140.112519095045,-3558.9681056384516,LIN,15
3230.0,179.44047542857143,100.0,0.0,4.0,2196.456997919735,-3654.3489243775475,LIN,15
3240.0,184.18124906666668,100.0,0.0,4.0,2241.690335597502,-3764.788985406961,LIN,15
3250.0,190.0,100.0,0.0,4.0,2269.7237376042826,-3894.15414315352,LIN,15
3260.0,192.20499968000001,100.0,0.0,4.0,2287.5362878700157,-4019.602986957237,LIN,15
3270.0,194.0,100.0,0.0,5.0,2295.450720690135,-4093.9447373932435,LIN,15
3280.0,197.87857005714287,100.0,0.0,5.0,2295.0,-4162.0,LIN,15
3290.0,200.0,100.0,0.0,5.0,2292.099881054837,-4220.7247486520255,LIN,15
3300.0,204.46666524444444,100.0,0.0,5.0,2282.0,-4353.0,LIN,16
3310.0,208.30499967999998,100.0,0.0,5.0,2267.7478191542696,-4439.023121579587,LIN,16
3320.0,210.0,100.0,0.0,5.0,2236.3348547700075,-4554.6301355507185,LIN,16
3330.0,212.20499968000001,94.87500800000001,0.0,5.0,2183.5057039792973,-4726.796935602508,LIN,16
3350.0,215.40999936,14.750016000000002,0.0,5.0,2141.0,-4838.0,LIN,16
3360.0,216.0,0.0,0.0,5.0,2123.057738845085,-4875.391143290081,LIN,16
3370.0,200.79107337142858,0.0,0.5,5.0,2030.5538933408404,-5061.14781504735,LIN,16
3390.0,185.20000142222221,0.0,1.0,4.5,1968.7297734078331,-5155.189595111729,LIN,16
3400.0,169.17778062222223,0.0,1.0,4.0,1883.6196692275882,-5266.505811649428,LIN,16
3410.0,167.0,0.0,1.0,4.0,1831.103917156666,-5328.3071177898,LIN,16
3420.0,156.5805536,0.0,1.0,3.3333333333333335,1746.5465829603206,-5410.989716254662,LIN,16
3430.0,156.0,0.0,1.0,3.0,1704.3001262812445,-5444.677873998942,LIN,16
3440.0,148.0507958179894,24.47697781164021,0.3333333333333333,3.0,1541.985190356562,-5498.036534550476,LIN,16
3450.0,140.0,47.0,0.0,3.0,1433.4035392687156,-5511.213921909943,LIN,16
3460.0,140.8156248,60.8656216,0.0,3.0,1406.1470656572299,-5508.1197202132535,LIN,16
3470.0,144.67083306666666,68.67083306666666,0.0,3.0,1292.0737507034037,-5491.651936952495,LIN,16
3480.0,150.51666559999998,75.16190354285715,0.0,3.0,1176.496963752314,-5449.434622639973,LIN,16
3500.0,161.37321325714285,98.46785462857143,0.0,3.5,994.6143174071503,-5335.396724681459,LIN,16
3510.0,176.83055217777778,100.0,0.0,4.0,935.0,-5282.0,LIN,16
3520.0,182.13624928000002,100.0,0.0,4.0,887.8953484068271,-5237.598150417599,LIN,17
3540.0,191.36666453333333,100.0,0.0,5.0,744.4084780505218,-5107.231963414051,LIN,17
3550.0,206.02812319999998,100.0,0.0,5.0,597.3109568833431,-4975.278847533735,LIN,17
3560.0,215.0,100.0,0.0,5.0,515.0255061824986,-4901.537711634097,LIN,17
3570.0,221.0,100.0,0.0,5.0,438.17303831463084,-4832.926817061356,LIN,17
3580.0,225.3968736,100.0,0.0,5.0,412.12634926390353,-4809.83059769061,LIN,17
3600.0,234.00749952,100.0,0.0,6.0,329.1947891432817,-4736.1746749443155,LIN,17
3610.0,237.02812319999998,100.0,0.0,6.0,230.30782924445083,-4647.276201711008,LIN,17
3620.0,246.0,100.0,0.0,6.0,117.9724902098295,-4546.685788527202,LIN,17
3630.0,248.31428388571427,100.0,0.0,6.0,67.0,-4501.0,LIN,17
3640.0,254.0,100.0,0.0,6.0,-10.518040635535868,-4431.03238037291,LIN,17
3650.0,255.37188155963813,100.0,0.0,6.0,-57.0,-4389.0,LIN,17
3670.0,258.0929703899095,100.0,0.0,6.0,-185.0,-4274.0,LIN,17
3680.0,259.0,100.0,0.0,6.0,-222.1978751174155,-4240.941076943583,LIN,17
3690.0,262.6080396838465,100.0,0.0,6.5,-334.7511733361653,-4141.375039000452,LIN,17
3700.0,264.9249989818182,100.0,0.0,7.0,-482.0,-4011.0,LIN,17
3720.0,270.0,100.0,0.0,7.0,-594.2010104734857,-3920.1824901521486,LIN,17
3730.0,270.20499968,100.0,0.0,7.0,-609.0,-3910.0,LIN,17
3740.0,271.0,100.0,0.0,7.0,-728.092808907121,-3834.7486641761006,LIN,18
3750.0,271.0,100.0,0.0,7.0,-887.9735054029903,-3770.6385606304366,LIN,18
3760.0,271.0,100.0,0.0,7.0,-1037.0,-3727.0,LIN,18
3770.0,271.0,100.0,0.0,7.0,-1118.7282481747075,-3710.1968411871712,LIN,18
3790.0,269.0,100.0,0.0,7.0,-1201.3821334313066,-3712.9170728408826,LIN,18
3800.0,269.0,100.0,0.0,7.0,-1334.8756786813926,-3715.4851599797516,LIN,18
3820.0,266.08889031111113,100.0,0.0,7.0,-1529.0,-3751.0,LIN,18
3830.0,265.0,100.0,0.0,7.0,-1596.1921641253696,-3771.846858755723,LIN,18
3840.0,264.17999872,100.0,0.0,7.0,-1657.0,-3795.0,LIN,18
3850.0,263.0,100.0,0.0,7.0,-1759.1864905928144,-3841.176488840661,LIN,18
3860.0,263.0,100.0,0.0,7.0,-1937.9522367485665,-3931.0471160196594,LIN,18
3880.0,263.94722204444446,100.0,0.0,7.0,-2197.0,-4064.0,LIN,18
3890.0,264.0,100.0,0.0,7.0,-2206.695841267535,-4068.8464183922692,LIN,18
3910.0,264.0,100.0,0.0,7.0,-2346.0,-4122.0,LIN,18
3920.0,264.0,100.0,0.0,7.0,-2524.581155795093,-4162.012723246194,LIN,18
3930.0,263.5593752,100.0,0.0,7.0,-2660.0,-4189.0,LIN,18
3940.0,263.0,100.0,0.0,7.0,-2754.1398798382397,-4204.549452233417,LIN,18
3960.0,263.0,100.0,0.0,7.0,-2870.9520495655343,-4198.250075076094,LIN,19
3980.0,258.6821449142857,0.0,1.0,7.0,-3103.6429467235284,-4172.25767673572,LIN,19
4000.0,240.38000128,0.0,1.0,7.0,-3251.5595651972517,-4143.239157639559,LIN,19
4010.0,230.3296904,0.0,1.0,7.0,-3365.459506163833,-4109.543377588812,LIN,19
4030.0,203.80416853333332,0.0,1.0,6.0,-3528.3370448591754,-4048.078615200706,LIN,19
4040.0,191.55416853333332,0.0,1.0,5.5,-3683.2438471552023,-3957.7242694882575,LIN,19
4050.0,169.9031272,0.0,1.0,4.0,-3749.5194079183593,-3907.762744748308,LIN,19
4060.0,159.62272814545454,0.0,1.0,4.0,-3804.2567017600645,-3858.8405939154936,LIN,19
4070.0,150.60909265454546,0.0,1.0,4.0,-3934.0,-3704.0,LIN,19
4080.0,149.0,0.0,1.0,3.0,-3950.388722618559,-3681.4180368048255,LIN,19
4090.0,131.5841127644337,0.0,1.0,3.0,-3995.2125936367797,-3598.6457283233085,LIN,19
4100.0,121.5,0.0,1.0,3.0,-4034.125400812327,-3490.7353028442462,LIN,19
4110.0,114.49283200164427,0.0,1.0,2.5,-4047.9110654986443,-3397.2356944968164,LIN,19
4120.0,108.4906256,0.0,1.0,2.0,-4038.669866331178,-3279.56202747589,LIN,19
4130.0,101.9343752,0.1968744,0.0,2.0,-4015.8456073885745,-3199.4969348608583,LIN,19
4140.0,99.8406252,10.9406188,0.0,2.0,-3989.0221205415546,-3142.183695285994,LIN,19
4150.0,99.19090967272727,37.47727418181818,0.0,2.0,-3929.2747341453914,-3064.041542444903,LIN,19
4160.0,103.62772788363637,49.77682018909091,0.0,2.0,-3841.6366477938345,-2994.1330269731707,LIN,19
4170.0,109.72638951111111,60.74305724444444,0.0,2.0,-3738.963064729016,-2942.3747851281437,LIN,19
4180.0,120.0,68.0,0.0,2.0,-3637.2578185627344,-2910.852637995833,LIN,20
4190.0,126.0,68.55249984,0.0,2.0,-3549.459162663848,-2886.755735998657,LIN,20
4200.0,136.0,80.79687,0.0,2.25,-3450.2214205607634,-2864.9199872904155,LIN,20
4210.0,142.5464256,97.0214272,0.0,3.0,-3366.0,-2847.0,LIN,20
4220.0,151.9984356,100.0,0.0,3.0,-3289.1337739774563,-2831.3724158282034,LIN,20
4230.0,168.0214272,100.0,0.0,4.0,-3146.3288045672416,-2803.0623204976687,LIN,20
4250.0,181.19583146666668,100.0,0.0,4.0,-2928.726911444287,-2764.0429912616546,LIN,20
4260.0,194.0,100.0,0.0,4.0,-2848.1179671280865,-2750.347899682668,LIN,20
4270.0,201.3531224,100.0,0.0,4.0,-2788.0,-2741.0,LIN,20
4280.0,207.62999808,100.0,0.0,5.0,-2703.257955976298,-2727.9465253538565,LIN,20
4290.0,220.01249919999998,100.0,0.0,5.0,-2567.295490878516,-2707.750573537015,LIN,20
4300.0,224.0249984,100.0,0.0,5.0,-2469.0,-2692.0,LIN,20
4310.0,227.51499904000002,100.0,0.0,6.0,-2388.3012896671944,-2679.720854295697,LIN,20
4320.0,232.0,100.0,0.0,6.0,-2297.8203223039422,-2665.4462530549226,LIN,20
4330.0,232.0,100.0,0.0,6.0,-2202.614032654217,-2649.9287854344193,LIN,20
4340.0,250.0,100.0,0.0,6.0,-2013.1903052021319,-2619.970122389343,LIN,20
4350.0,250.86785645714286,100.0,0.0,6.0,-1944.0,-2609.0,LIN,20
4360.0,253.0,100.0,0.0,6.0,-1840.3441624360262,-2592.1381794977556,LIN,20
4370.0,258.71499904,100.0,0.0,6.0,-1756.6596173672551,-2578.1116386294766,LIN,20
4390.0,264.63862841393217,100.0,0.0,6.0,-1618.0,-2555.0,LIN,20
4400.0,269.0,100.0,0.0,7.0,-1454.6970997206329,-2527.3375166024853,LIN,21
4410.0,271.507836487456,100.0,0.0,7.0,-1352.0,-2510.0,LIN,21
4420.0,277.0,100.0,0.0,7.0,-1257.5364663251312,-2494.7595925083397,LIN,21
4430.0,279.0249984,100.0,0.0,7.0,-1216.0,-2488.0,LIN,21
4440.0,282.0,100.0,0.0,7.0,-1118.938545454243,-2471.831420643115,LIN,21
4460.0,285.3812496,100.0,0.0,7.0,-849.103961744638,-2425.899930354921,LIN,21
4480.0,292.0,100.0,0.0,7.0,-680.7832033873572,-2396.0793572341463,LIN,21
4490.0,294.535712,100.0,0.0,7.0,-587.0,-2380.0,LIN,21
4500.0,297.0,100.0,0.0,8.0,-484.6469436780012,-2363.206626118501,LIN,21
4520.0,298.0250016,100.0,0.0,8.0,-324.91758039568134,-2337.312815816587,LIN,21
4530.0,302.0500032,100.0,0.0,8.0,-195.0,-2315.0,LIN,21
4540.0,304.0,100.0,0.0,8.0,-106.45337856484446,-2298.812849928444,LIN,21
4550.0,305.21500096,100.0,0.0,8.0,101.0,-2260.0,LIN,21
4570.0,307.0,100.0,0.0,8.0,263.80289146397746,-2229.6248108948485,LIN,21
4590.0,308.47272843636364,100.0,0.0,8.0,355.0,-2213.0,LIN,21
4610.0,311.0291665777778,100.0,0.0,8.0,598.5910218431021,-2168.916718616345,LIN,21
4630.0,311.6138887111111,100.0,0.0,8.0,813.0,-2129.0,LIN,22
4640.0,312.0,100.0,0.0,8.0,918.1293266469606,-2109.580076592322,LIN,22
4660.0,313.4357138285714,100.0,0.0,8.0,1069.0,-2082.0,LIN,22
4670.0,314.0,100.0,0.0,8.0,1156.4776883779732,-2065.9359496109696,LIN,22
4690.0,314.6281248,100.0,0.0,8.0,1396.0,-2022.0,LIN,22
4700.0,315.0,100.0,0.0,8.0,1483.5531966785384,-2006.1979898399886,LIN,22
4710.0,314.16250026666665,100.0,0.0,8.0,1585.0,-1988.0,LIN,22
4720.0,314.0,100.0,0.0,8.0,1609.5415555361321,-1983.4709372342138,LIN,22
4730.0,314.0,100.0,0.0,8.0,1768.5068026485123,-1953.7322849806533,LIN,22
4740.0,313.79750016,100.0,0.0,8.0,1859.0,-1937.0,LIN,22
4760.0,313.34750016,100.0,0.0,8.0,2099.0,-1893.0,LIN,22
4770.0,313.0,100.0,0.0,8.0,2230.3694045484613,-1868.6011348845532,LIN,22
4790.0,312.34750016,100.0,0.0,8.0,2416.0,-1836.0,LIN,22
4800.0,312.0,100.0,0.0,8.0,2570.383702316426,-1811.9689491478582,LIN,22
4810.0,312.0,100.0,0.0,8.0,2681.0,-1795.0,LIN,22
4820.0,312.0,100.0,0.0,8.0,2770.490270168718,-1781.134458749405,LIN,22
4850.0,313.0,100.0,0.0,8.0,2997.7086368639975,-1745.2956915917268,LIN,23
4870.0,313.0,100.0,0.0,8.0,3177.676439417952,-1717.4564357551615,LIN,23
4880.0,312.3093752,100.0,0.0,8.0,3288.122406365222,-1700.3168370762178,LIN,23
4890.0,312.5041664,100.0,0.0,8.0,3434.0,-1677.0,LIN,23
4910.0,305.74062960000003,84.21876,1.0,8.0,3579.9455414091017,-1654.54897328056,LIN,23
4930.0,263.4273905201369,0.0,1.0,8.0,3814.015083254732,-1619.1903254307704,LIN,23
4940.0,228.48547810402738,0.0,1.0,8.0,3956.6809119343943,-1598.6752749820112,LIN,23
4960.0,208.92857142857144,0.0,1.0,8.0,4150.906991563128,-1568.8611343851398,LIN,23
4970.0,180.8944727173555,0.0,1.0,6.0,4247.24039217141,-1552.7201251105676,LIN,23
4980.0,171.0,0.0,1.0,6.0,4345.450066944586,-1529.1371951913372,LIN,23
4990.0,152.88750262857144,0.0,1.0,5.0,4461.537826609627,-1501.16374394981,LIN,23
5000.0,143.4249952,0.0,1.0,3.0,4540.713452691796,-1476.5746163112074,LIN,23
5010.0,124.6750048,0.0,1.0,2.5,4655.367976948275,-1412.916348630499,LIN,23
5020.0,112.87000191999999,0.0,1.0,2.0,4704.98268024272,-1363.118162381919,LIN,23
5030.0,102.7250016,0.0,1.0,2.0,4761.971321063962,-1263.4256628825501,LIN,23
5040.0,93.343748,0.0,1.0,2.0,4791.799515703979,-1174.2874249974875,LIN,23
5050.0,86.9937504,0.0,1.0,2.0,4795.90324847482,-1076.7223830598257,LIN,23
5060.0,79.91625056,0.0,0.3333333333333333,2.0,4788.5771786391815,-999.5510703783572,LIN,24
5070.0,76.50265628,9.906248,0.0,2.0,4753.8835724364135,-901.6793972716112,LIN,24
5080.0,77.14318138181818,31.238635636363636,0.0,2.0,4714.9809583013575,-838.0721876801795,LIN,24
5090.0,85.17014194202598,45.90671310794805,0.0,2.0,4622.588063775061,-761.0262808073253,LIN,24
5100.0,96.0,59.5124992,0.0,2.0,4526.527081866906,-722.5886920255214,LIN,24
5110.0,101.97187413333334,67.1343744,0.0,2.0,4427.199325212016,-712.0790916312877,LIN,24
5120.0,115.07749824,74.7624992,0.0,2.0,4305.0,-713.0,LIN,24
5130.0,122.1374983111111,79.58749795555556,0.0,2.0,4261.273093702134,-715.2987532210825,LIN,24
5140.0,139.85062130472932,100.0,0.0,3.0,4108.464718933086,-726.284088087571,LIN,24
5150.0,149.0,100.0,0.0,3.0,4041.688450999001,-733.185972402843,LIN,24
5160.0,155.0,100.0,0.0,3.0,3984.549563275929,-739.4757702507675,LIN,24
5170.0,173.0,100.0,0.0,4.0,3855.0,-754.0,LIN,24
5180.0,182.81406944673142,100.0,0.0,4.0,3786.205335287169,-762.3676287388238,LIN,24
5190.0,187.0,100.0,0.0,4.0,3686.5385700457796,-772.9985833549263,LIN,24
5200.0,194.01428479999998,100.0,0.0,5.0,3589.354017324378,-782.9663581357144,LIN,24
5220.0,204.0250016,100.0,0.0,5.0,3335.590596875731,-805.3980271148324,LIN,24
5230.0,213.59167253333334,100.0,0.0,5.0,3270.0,-811.0,LIN,24
5240.0,219.0,100.0,0.0,5.0,3212.802430894225,-816.0018444292414,LIN,24
5250.0,220.94999862857142,100.0,0.0,5.0,3086.0,-827.0,LIN,24
5260.0,222.0,100.0,0.0,5.0,3007.1563239599827,-833.6620039936208,LIN,24
5270.0,228.5722176,100.0,0.0,5.0,2871.0,-845.0,LIN,24
5280.0,235.0,100.0,0.0,6.0,2807.1338347942756,-850.2698468491076,LIN,25
5290.0,242.22916533333333,100.0,0.0,6.0,2663.1595930605317,-862.6829239539592,LIN,25
5300.0,244.54166933333335,100.0,0.0,6.0,2487.0,-878.0,LIN,25
5310.0,247.0,100.0,0.0,6.0,2372.422128962035,-887.8976820153861,LIN,25
5320.0,247.0,100.0,0.0,6.0,2339.419728351931,-890.5366063981377,LIN,25
5330.0,248.35555413333333,100.0,0.0,6.0,2322.0,-892.0,LIN,25
5380.0,263.0,100.0,0.0,7.0,1769.0360610544174,-940.0177450094078,LIN,25
5390.0,264.5093744,100.0,0.0,7.0,1617.0,-953.0,LIN,25
5400.0,266.0,100.0,0.0,7.0,1478.481544195925,-964.6472491618056,LIN,25
5420.0,268.6777770666667,100.0,0.0,7.0,1318.0,-978.0,LIN,25
5430.0,270.0,100.0,0.0,7.0,1277.3692703727297,-981.4232083680103,LIN,25
5440.0,270.5035712,49.64288,0.0,7.0,1225.0,-986.0,LIN,25
5450.0,270.3761370181818,0.0,0.0,7.0,1091.6171653737542,-997.8282080890588,LIN,25
0.0,280.24,100.0,0.0,7.0,955.0168373100347,-1010.2204284247691,HUL,1
10.0,285.1,100.0,0.0,7.0,833.0,-1021.0,HUL,1
20.0,286.0,100.0,0.0,7.0,805.752632816691,-1023.3904033028276,HUL,1
40.0,291.5622758293347,100.0,0.0,7.0,598.2431986527006,-1041.560302710146,HUL,1
50.0,294.99249856,100.0,0.0,7.0,410.6334629870207,-1058.0318498378413,HUL,1
70.0,298.78999808000003,100.0,0.0,7.5,257.90494524471035,-1071.116116225729,HUL,1
80.0,301.3166634666667,100.0,0.0,8.0,37.0,-1090.0,HUL,1
90.0,303.0,100.0,0.0,8.0,-65.78032136386227,-1099.023221028327,HUL,1
120.0,305.90156160000004,100.0,0.0,8.0,-213.24546038876548,-1112.6137452252335,HUL,1
130.0,306.57142857142856,100.0,0.0,8.0,-350.0,-1124.0,HUL,1
140.0,307.0,100.0,0.0,8.0,-439.87268993261875,-1131.7408325575975,HUL,1
150.0,310.0,100.0,0.0,8.0,-555.0,-1142.0,HUL,1
160.0,311.0,100.0,0.0,8.0,-606.9743330948072,-1146.670412728497,HUL,1
170.0,311.89999872,100.0,0.0,8.0,-866.0,-1170.0,HUL,1
190.0,313.0,100.0,0.0,8.0,-980.5828944689079,-1179.931502008827,HUL,1
200.0,313.85714285714283,100.0,0.0,8.0,-1040.0,-1185.0,HUL,1
220.0,315.0625,100.0,0.0,8.0,-1203.7335356650694,-1199.320063116717,HUL,2
240.0,315.9375,100.0,0.0,8.0,-1446.996367703951,-1220.2843761643405,HUL,2
270.0,315.9791669333333,100.0,0.0,8.0,-1671.9848739096583,-1239.8414316045842,HUL,2
280.0,315.5833333333333,100.0,0.0,8.0,-1964.0,-1266.0,HUL,2
310.0,315.0,100.0,0.0,8.0,-2127.8179540577303,-1280.1164728489834,HUL,2
320.0,314.4166677333333,100.0,0.0,8.0,-2207.0,-1287.0,HUL,2
330.0,313.9166677333333,100.0,0.0,8.0,-2319.0,-1297.0,HUL,2
390.0,311.0,100.0,0.0,8.0,-3044.9875716483175,-1361.1182561683563,HUL,2
400.0,311.0,100.0,0.0,8.0,-3193.6102399623037,-1374.2098066825672,HUL,2
420.0,310.0,100.0,0.0,8.0,-3410.3300078246552,-1393.2173589671224,HUL,2
430.0,309.5,100.0,0.0,8.0,-3466.0,-1398.0,HUL,2
450.0,308.0,100.0,0.0,8.0,-3580.911966737077,-1407.472318330093,HUL,3
470.0,305.9339158857143,75.86425965714287,0.0,8.0,-3677.6122931706595,-1415.964820922174,HUL,3
480.0,287.3678656,37.7285888,0.0,8.0,-3799.0,-1427.0,HUL,3
490.0,268.2125024,0.0,1.0,8.0,-3911.447765475987,-1436.3724157803986,HUL,3
500.0,257.0,0.0,1.0,8.0,-4018.0512935360593,-1445.5003120253264,HUL,3
510.0,232.0,0.0,1.0,7.0,-4145.0,-1457.0,HUL,3
520.0,206.125,0.0,1.0,7.0,-4255.098262755185,-1467.4784993735502,HUL,3
530.0,189.7,0.0,1.0,7.0,-4359.005146682484,-1476.9741036415032,HUL,3
540.0,176.95,0.0,1.0,6.5,-4456.451464568895,-1484.9287308019373,HUL,3
550.0,164.52618955354515,0.0,1.0,6.0,-4563.0,-1488.0,HUL,3
560.0,154.02618955354515,0.0,1.0,4.5,-4708.29113782391,-1483.9938564973218,HUL,3
570.0,149.0,0.0,1.0,3.0,-4782.047181620938,-1484.5160689331765,HUL,3
580.0,141.5535817142857,0.0,1.0,3.0,-4827.0,-1469.0,HUL,3
590.0,128.3500032,0.0,1.0,3.0,-4938.707832492001,-1426.6313778246497,HUL,3
600.0,110.21667047619047,0.0,1.0,2.3333333333333335,-5027.52386569763,-1350.3306169778305,HUL,3
610.0,105.0,0.0,1.0,2.0,-5088.497769195865,-1281.3815510068475,HUL,3
620.0,90.38333482666667,0.0,0.8,1.0,-5109.766119995658,-1202.286788842195,HUL,3
630.0,82.26666752,0.0,0.0,1.0,-5127.682682002494,-1090.8729566287604,HUL,3
640.0,77.14285714285715,6.428571428571428,0.0,1.0,-5116.573180340429,-1006.8342577948148,HUL,3
650.0,73.425,25.7125,0.0,1.0,-5076.919431353467,-917.3953153402292,HUL,3
660.0,78.71904736304762,34.13333077333333,0.0,1.0,-5016.160143580351,-845.7171580794478,HUL,4
670.0,84.71428388571428,42.07142582857143,0.0,1.0,-4887.670985608161,-788.599734900947,HUL,4
680.0,89.81818181818181,47.18181818181819,0.0,1.0,-4841.938670530735,-783.0247417286164,HUL,4
690.0,100.0,50.5,0.0,1.5,-4642.242190396289,-839.2137664926918,HUL,4
700.0,103.86180568888888,18.20900924444444,0.0,2.0,-4579.160097549283,-863.4719878664636,HUL,4
710.0,98.0,0.0,1.0,2.0,-4494.538802677411,-887.698543201965,HUL,4
720.0,90.7125,0.0,1.0,1.25,-4373.058876707565,-908.3451970894297,HUL,4
730.0,81.83800712493031,0.0,0.0,1.0,-4274.742896714254,-900.3570856173756,HUL,4
740.0,73.45555768888889,0.0,0.0,1.0,-4207.16109205081,-857.9515508547607,HUL,4
750.0,71.89944433777778,24.76666026666667,0.0,1.0,-4160.578243483231,-769.7216915833328,HUL,4
760.0,77.26999904,38.4312488,0.0,1.0,-4142.342887968022,-684.2219427203204,HUL,4
770.0,86.19047436190476,49.49999786666666,0.0,1.0,-4142.513248321629,-557.0304145650488,HUL,4
780.0,95.64285257142856,53.60714422857143,0.0,1.25,-4167.119723163711,-480.71233761052633,HUL,4
790.0,103.74999296,56.24998912,0.0,2.0,-4199.0,-417.0,HUL,4
800.0,118.0,75.0,0.0,2.0,-4280.394934676567,-312.645366111739,HUL,4
810.0,131.07142857142856,87.28571428571428,0.0,2.0,-4359.102458313091,-221.26403626565553,HUL,4
820.0,145.66665813333333,92.95833066666667,0.0,2.5,-4421.780398170331,-117.59881988723654,HUL,4
830.0,156.7,96.1,0.0,3.0,-4474.480329524054,-11.079867187562057,HUL,4
840.0,171.78570057142858,99.35714011428571,0.0,3.0,-4495.0,53.0,HUL,4
850.0,178.14999424,100.0,0.0,4.0,-4518.3563696945475,151.90739581899743,HUL,4
860.0,184.0,100.0,0.0,4.0,-4540.077830683618,247.29966593209764,HUL,4
870.0,189.0,100.0,0.0,4.0,-4549.45011416423,304.16215190766246,HUL,4
880.0,197.0,100.0,0.0,4.0,-4555.0,372.0,HUL,5
890.0,207.0,100.0,0.0,4.5,-4564.342252503802,485.14003218769517,HUL,5
900.0,213.49999616,100.0,0.0,5.0,-4566.345686978128,614.5391568897094,HUL,5
910.0,222.19998976,100.0,0.0,5.0,-4560.0,813.0,HUL,5
920.0,223.0,100.0,0.0,5.0,-4559.482785403749,826.4966708174247,HUL,5
930.0,229.0,100.0,0.0,5.0,-4553.931504361377,946.0913579155504,HUL,5
940.0,231.22750528,100.0,0.0,5.0,-4551.0,986.0,HUL,5
960.0,239.175,100.0,0.0,5.5,-4534.086765037011,1174.1392132539233,HUL,5
970.0,245.625,100.0,0.0,6.0,-4513.0,1318.0,HUL,5
980.0,250.4,100.0,0.0,6.0,-4471.644910518382,1511.4346516008447,HUL,5
1000.0,254.0,100.0,0.0,6.0,-4421.725794886208,1685.111376424694,HUL,5
1010.0,256.0,100.0,0.0,6.0,-4379.264853556944,1779.5467892213721,HUL,5
1020.0,260.4900478503025,100.0,0.0,6.0,-4336.466950701553,1861.1879637389873,HUL,5
1050.0,265.36562319999996,100.0,0.0,7.0,-4245.05621165292,1995.2435493480425,HUL,5
1060.0,267.99062319999996,100.0,0.0,7.0,-4177.747226034842,2073.280156901545,HUL,5
1070.0,269.3249984,100.0,0.0,7.0,-4094.0,2159.0,HUL,5
1080.0,270.0,100.0,0.0,7.0,-4041.1094163880575,2205.0684425069608,HUL,5
1090.0,273.0,100.0,0.0,7.0,-3854.8299197449246,2343.688532997505,HUL,5
1100.0,273.4178550857143,100.0,0.0,7.0,-3827.0,2362.0,HUL,6
1120.0,276.1875,100.0,0.0,7.0,-3652.7155309333057,2456.6667037582256,HUL,6
1140.0,279.05555555555554,100.0,0.0,7.0,-3333.9376264684815,2588.2211566177302,HUL,6
1160.0,279.7222215111111,100.0,0.0,7.0,-3087.0,2666.0,HUL,6
1170.0,280.0,100.0,0.0,7.0,-3028.6615525056386,2683.024351077088,HUL,6
1180.0,281.69999872,100.0,0.0,7.0,-2948.931819876876,2706.4653055197005,HUL,6
1210.0,286.895832,100.0,0.0,7.0,-2674.9756354020838,2791.2250618639787,HUL,6
1220.0,287.0,100.0,0.0,7.0,-2556.4270227807046,2829.108404410616,HUL,6
1230.0,287.4374992,100.0,0.0,7.0,-2445.0,2866.0,HUL,6
1250.0,288.1249994666667,100.0,0.0,7.0,-2285.895694228967,2919.465139630992,HUL,6
1270.0,288.875,100.0,0.0,7.0,-2120.5100173124138,2978.354413440626,HUL,6
1280.0,288.1250016,100.0,0.0,7.0,-2023.0,3014.0,HUL,6
1290.0,287.0,100.0,0.0,7.0,-1892.5194915839568,3062.0512712836257,HUL,6
1300.0,287.6874992,100.0,0.0,7.0,-1813.5063147501737,3091.903491269368,HUL,6
1310.0,288.22727214545455,100.0,0.0,7.0,-1701.0,3135.0,HUL,6
1340.0,288.97727243636365,100.0,0.0,7.0,-1432.9152882427948,3239.290653882901,HUL,7
1350.0,288.0,100.0,0.0,7.0,-1301.430293110324,3293.8098397517942,HUL,7
1360.0,287.83333333333337,100.0,0.0,7.0,-1264.5,3308.5,HUL,7
1380.0,287.05555555555554,100.0,0.0,7.0,-1091.9540633582242,3381.9460636412196,HUL,7
1390.0,288.49999725714287,100.0,0.0,7.0,-973.0,3432.0,HUL,7
1400.0,290.0,100.0,0.0,7.0,-866.5437065400083,3478.940277468656,HUL,7
1420.0,276.5000192,50.00007111111111,0.0,7.0,-739.0,3537.0,HUL,7
1430.0,263.0,0.0,1.0,7.0,-633.2262982828481,3585.0532128373015,HUL,7
1440.0,252.4119552144365,0.0,1.0,7.0,-522.3005372343245,3634.6667229161003,HUL,7
1450.0,237.66666666666666,0.0,1.0,7.0,-409.0,3685.0,HUL,7
1460.0,213.0,0.0,1.0,7.0,-323.1576801424046,3722.8906236087732,HUL,7
1470.0,197.57142857142856,0.0,1.0,7.0,-265.1825830233661,3748.718324280389,HUL,7
1480.0,170.25,0.0,1.0,7.0,-150.45458153750388,3799.5287587221114,HUL,7
1490.0,161.875,0.0,1.0,6.5,-84.9267433574436,3824.921689914717,HUL,7
1500.0,147.95536228571427,0.0,1.0,4.0,9.784241003785585,3855.112569084771,HUL,7
1510.0,130.4066111542857,0.0,1.0,3.25,124.40785747340587,3871.9306756461747,HUL,7
1520.0,119.43000576,0.0,1.0,3.0,222.0,3864.0,HUL,7
1530.0,113.34500224,1.8749951999999999,0.5,2.25,302.58657986883475,3830.0213703732193,HUL,7
1540.0,108.0,25.599999999999998,0.0,2.0,398.7639996852072,3751.9995854644326,HUL,8
1550.0,105.41666666666667,38.166666666666664,0.0,2.0,448.0,3696.0,HUL,8
1560.0,110.03868864761904,55.24404716190476,0.0,2.0,506.864928552553,3591.2821361578303,HUL,8
1570.0,117.71428205714287,61.92857051428571,0.0,2.0,554.8049824501195,3441.819087085986,HUL,8
1580.0,125.875,77.75,0.0,2.5,564.6708103674787,3385.781938780103,HUL,8
1590.0,132.71428571428572,84.0,0.0,3.0,575.0,3310.0,HUL,8
1600.0,143.33332906666666,95.23332778666668,0.0,3.0,586.5904745038451,3177.162080289716,HUL,8
1610.0,158.0,100.0,0.0,3.0,599.4372528450799,3042.293814406984,HUL,8
1620.0,167.0,100.0,0.0,3.0,607.9244083000469,2968.1855804404645,HUL,8
1630.0,173.0,100.0,0.0,4.0,618.0598541704713,2886.0121081284105,HUL,8
1640.0,185.25,100.0,0.0,4.0,626.3338768532215,2821.702455279928,HUL,8
1650.0,192.99999634285714,100.0,0.0,4.0,643.3483746627041,2694.585889257768,HUL,8
1660.0,198.66666666666666,100.0,0.0,4.0,655.0,2612.0,HUL,8
1670.0,206.0,100.0,0.0,4.0,668.0,2522.0,HUL,8
1690.0,217.8333318095238,100.0,0.0,5.0,696.8838394739514,2334.8689346184087,HUL,8
1700.0,222.6,100.0,0.0,5.0,723.7748082377911,2180.721138333013,HUL,8
1720.0,229.3927548395792,100.0,0.0,5.0,753.8615512916842,2033.2046824346962,HUL,8
1740.0,238.1875,100.0,0.0,6.0,802.3199310126976,1827.1635559472568,HUL,8
1750.0,241.46875,100.0,0.0,6.0,835.0336031567263,1717.8483092774086,HUL,8
1760.0,243.8125,100.0,0.0,6.0,869.0,1616.0,HUL,9
1770.0,246.0,100.0,0.0,6.0,920.1500843755701,1493.0830027013249,HUL,9
1780.0,248.0,100.0,0.0,6.0,987.7564150063256,1348.2769925535488,HUL,9
1790.0,249.25,100.0,0.0,6.0,1016.1935569198331,1291.319184781461,HUL,9
1810.0,250.99792491451626,100.0,0.0,6.0,1083.1636088871082,1184.7754457521141,HUL,9
1830.0,251.0,100.0,0.0,6.0,1189.1900496890444,1050.2850032455494,HUL,9
1850.0,252.9124992,100.0,0.0,6.0,1315.295233888575,930.5245003790608,HUL,9
1860.0,253.0,96.16428982857143,0.0,6.0,1428.0,849.0,HUL,9
1870.0,252.75250047999998,93.50500095999999,0.0,6.0,1571.8517924226098,776.3818674233623,HUL,9
1880.0,252.0,92.0,0.0,6.0,1665.810205644277,732.9245561021455,HUL,9
1890.0,251.33333333333334,84.0,0.0,6.0,1716.0,720.0,HUL,9
1900.0,251.0,80.0,0.0,6.0,1768.6886326409303,709.2210698538552,HUL,9
1910.0,250.0,73.0,0.0,6.0,1980.979203848418,670.0331711288258,HUL,9
1920.0,249.83333546666665,73.33332906666666,0.0,6.0,1994.0,668.0,HUL,9
1930.0,248.0,77.0,0.0,6.0,2081.5526913850513,661.0865396377429,HUL,9
1940.0,247.8,77.6,0.0,6.0,2118.0,663.0,HUL,9
1950.0,247.35000064,78.94999808,0.0,6.0,2236.0,674.0,HUL,9
1960.0,246.9,80.7,0.0,6.0,2358.214985655488,700.5627407418847,HUL,9
1980.0,246.15000064,85.94999552,0.0,6.0,2553.0,772.0,HUL,10
1990.0,246.0,87.0,0.0,6.0,2589.3723134757493,788.5692045843987,HUL,10
2000.0,245.0,91.5624928,0.0,6.0,2715.551757021013,858.6459644283378,HUL,10
2010.0,245.0,100.0,0.0,6.0,2817.920129018461,936.0632104027013,HUL,10
2020.0,245.0,100.0,0.0,6.0,2879.0,989.0,HUL,10
2030.0,245.0,100.0,0.0,6.0,2966.642006602272,1083.1167801740876,HUL,10
2040.0,245.22222222222223,90.0,0.0,6.0,2999.0,1119.0,HUL,10
2050.0,245.66666666666666,70.0,0.0,6.0,3077.0,1198.0,HUL,10
2060.0,246.0,55.0,0.0,6.0,3137.369181234365,1249.063784697856,HUL,10
2070.0,241.0000071111111,55.49999928888889,0.0,6.0,3231.0,1312.0,HUL,10
2080.0,236.0,56.0,0.0,6.0,3333.826165532506,1365.5829992893769,HUL,10
2090.0,236.8,74.4,0.0,6.0,3435.764077113796,1403.2086825760757,HUL,10
2100.0,236.71428571428572,81.28571428571429,0.0,6.0,3516.0,1425.0,HUL,10
2110.0,236.07142857142856,86.42857142857143,0.0,6.0,3633.278538162116,1444.3655794026856,HUL,10
2120.0,235.0,94.0,0.0,6.0,3806.241315009078,1449.5189549599586,HUL,10
2130.0,235.1874992,93.8125008,0.0,6.0,3850.0,1448.0,HUL,10
2150.0,236.0,93.0,0.0,6.0,4001.931873912085,1428.4102061959013,HUL,10
2160.0,235.16666666666669,87.16666666666666,0.0,6.0,4110.801182863322,1398.9335773092212,HUL,10
2170.0,235.0,92.0,0.0,6.0,4205.0,1366.0,HUL,10
2180.0,235.03575670901705,100.0,0.0,6.0,4322.775222738936,1310.7419646323856,HUL,10
2220.0,235.7616209228024,100.0,0.0,6.0,4639.0,1067.0,HUL,11
2230.0,236.0,100.0,0.0,6.0,4726.767414905661,974.367548367329,HUL,11
2240.0,236.0,100.0,0.0,6.0,4785.811035241558,906.7113441193421,HUL,11
2260.0,236.9564311716399,100.0,0.0,6.0,4925.336696502911,738.6118993982791,HUL,11
2270.0,237.0,100.0,0.0,6.0,4980.9298765385065,667.5655965342503,HUL,11
2280.0,237.44166613333334,100.0,0.0,6.0,5031.0,603.0,HUL,11
2290.0,237.9430552888889,100.0,0.0,6.0,5105.367243232943,510.9596020206427,HUL,11
2310.0,239.4937488,100.0,0.0,6.0,5215.0,385.0,HUL,11
2320.0,240.0,100.0,0.0,6.0,5259.655657825431,334.48882414767263,HUL,11
2330.0,240.89999872,100.0,0.0,6.0,5364.0,216.0,HUL,11
2340.0,241.84999936,100.0,0.0,6.0,5447.09102895487,119.95298906830618,HUL,11
2350.0,242.0,100.0,0.0,6.0,5505.0,54.0,HUL,11
2360.0,242.08333226666667,100.0,0.0,6.0,5571.763560814904,-20.285916028484284,HUL,11
2380.0,245.0,100.0,0.0,6.0,5725.359317653014,-192.78006264415177,HUL,11
2390.0,245.07142765714286,100.0,0.0,6.0,5739.0,-208.0,HUL,11
2400.0,245.85714285714286,100.0,0.0,6.0,5903.099638130087,-390.9221504034191,HUL,11
2420.0,244.0,100.0,0.0,6.0,5988.95391420658,-489.830994514852,HUL,12
2430.0,241.0000054857143,100.0,0.0,6.0,6031.0,-539.0,HUL,12
2440.0,237.625,99.25,0.0,6.0,6100.2581558784095,-618.9351118015264,HUL,12
2450.0,233.8750048,91.7500096,0.0,6.0,6185.0,-718.0,HUL,12
2460.0,232.0,88.0,0.0,6.0,6237.308363391475,-783.7721027751237,HUL,12
2470.0,226.6,9.699999999999996,0.5,6.0,6324.786666583975,-900.7356875710351,HUL,12
2480.0,215.0,0.0,1.0,6.0,6366.133443717936,-973.8342701071404,HUL,12
2490.0,213.25000746666666,0.0,1.0,6.0,6375.0,-996.0,HUL,12
2500.0,207.75000319999998,0.9062384000000001,1.0,5.0,6406.57721141642,-1089.544802953235,HUL,12
2510.0,200.75000319999998,26.2812384,0.5,5.0,6428.46805563296,-1249.908938724096,HUL,12
2530.0,195.5,40.5,0.0,5.0,6421.0,-1375.0,HUL,12
2540.0,190.95,52.8,0.0,5.0,6396.527786020837,-1486.2999123652894,HUL,12
2550.0,190.3,63.2,0.0,5.0,6333.0,-1651.5,HUL,12
2560.0,190.0,68.0,0.0,5.0,6287.477588677679,-1745.9946642364569,HUL,12
2570.0,191.8333312,80.6666624,0.0,5.0,6248.522494886793,-1802.926041463391,HUL,12
2580.0,195.0,87.0,0.0,5.0,6178.257592554492,-1877.245714003704,HUL,12
2590.0,200.25,90.75,0.0,5.0,6039.0,-2008.0,HUL,12
2600.0,202.0,92.0,0.0,5.0,5995.2626292169525,-2036.7933600923884,HUL,12
2610.0,206.3,94.3,0.0,5.0,5880.410990150837,-2085.693248675155,HUL,12
2620.0,212.0,100.0,0.0,5.0,5834.726462500747,-2102.9789535381665,HUL,12
2630.0,213.71428571428572,100.0,0.0,5.0,5786.0,-2117.0,HUL,12
2640.0,215.0,100.0,0.0,5.0,5720.3190670344775,-2133.6337305084717,HUL,13
2650.0,218.48547440161374,100.0,0.0,5.0,5643.0,-2151.0,HUL,13
2660.0,222.48749759999998,100.0,0.0,5.0,5555.568267764047,-2166.9373628653866,HUL,13
2680.0,230.98749759999998,100.0,0.0,5.0,5347.475416907667,-2201.127376581192,HUL,13
2690.0,236.73749759999998,100.0,0.0,5.5,5092.723234945199,-2221.61244869371,HUL,13
2720.0,243.64124832,100.0,0.0,6.0,4936.1694017833615,-2226.340852665793,HUL,13
2730.0,246.187496,100.0,0.0,6.0,4825.0,-2230.0,HUL,13
2740.0,248.6875,100.0,0.0,6.0,4715.276299379493,-2233.515772598188,HUL,13
2760.0,252.0,100.0,0.0,6.0,4534.0,-2242.0,HUL,13
2770.0,253.75,100.0,0.0,6.0,4449.274638054874,-2246.4497314885257,HUL,13
2780.0,256.0,100.0,0.0,6.0,4364.498054275238,-2251.429956550961,HUL,13
2790.0,257.89999872,100.0,0.0,6.0,4228.698708042735,-2260.488851872192,HUL,13
2810.0,259.18181701818185,100.0,0.0,6.0,4028.0,-2274.0,HUL,13
2820.0,260.0833322666667,100.0,0.0,6.0,3890.939326932862,-2283.531820394006,HUL,13
2840.0,261.49999786666666,100.0,0.0,6.0,3775.0,-2291.0,HUL,13
2850.0,263.49999786666666,100.0,0.0,6.0,3593.0,-2302.0,HUL,13
2860.0,264.0,100.0,0.0,7.0,3548.442078058675,-2304.6454234981557,HUL,14
2870.0,264.4999990857143,100.0,0.0,7.0,3446.0,-2311.0,HUL,14
2880.0,265.0,100.0,0.0,7.0,3340.352792845133,-2318.665308984816,HUL,14
2890.0,265.3333333333333,100.0,0.0,7.0,3284.0,-2323.0,HUL,14
2900.0,266.0,100.0,0.0,7.0,3174.0,-2332.0,HUL,14
2910.0,268.1,100.0,0.0,7.0,2926.939423303683,-2355.0879470957143,HUL,14
2930.0,269.0,100.0,0.0,7.0,2798.5037884143085,-2367.7033778125106,HUL,14
2940.0,270.0,100.0,0.0,7.0,2703.036895083873,-2377.760745294473,HUL,14
2960.0,270.0,100.0,0.0,7.0,2526.0,-2396.0,HUL,14
2970.0,270.0,100.0,0.0,7.0,2484.6501818350102,-2400.539552660206,HUL,14
2980.0,271.49999725714287,100.0,0.0,7.0,2376.0,-2413.0,HUL,14
2990.0,270.5,94.44444444444444,0.0,7.0,2179.566458277675,-2435.514791372557,HUL,14
3010.0,225.00001279999998,0.0,1.0,7.0,2018.7551903731378,-2455.398498054221,HUL,14
3030.0,189.25,0.0,1.0,7.0,1802.0541801284992,-2484.4907513035964,HUL,14
3040.0,170.0,0.0,1.0,7.0,1739.497822711367,-2493.2118655999034,HUL,14
3050.0,153.04250816,0.0,1.0,7.0,1677.8278611237101,-2503.0298167072624,HUL,14
3060.0,135.05226246700124,0.0,1.0,4.333333333333333,1547.649098087313,-2527.1812084617527,HUL,14
3070.0,114.80265390658599,0.0,1.0,2.0,1428.394909492149,-2557.091123171383,HUL,14
3080.0,103.77083733333333,0.0,1.0,1.5,1356.0147568740992,-2584.39677412571,HUL,15
3090.0,91.45500336,0.0,1.0,1.0,1270.8370514717383,-2646.344355581738,HUL,15
3100.0,81.24187584,15.56937152,0.75,1.0,1226.1432740266982,-2749.111900577328,HUL,15
3110.0,78.67857097142857,33.7499968,0.0,1.0,1236.3979674873913,-2847.5110536089987,HUL,15
3120.0,81.84821226666666,47.675589333333335,0.0,1.0,1265.226205798903,-2903.9302945984514,HUL,15
3130.0,90.41666453333333,56.22916693333333,0.0,1.0,1339.9864879147567,-2985.9584658969543,HUL,15
3140.0,101.3749984,60.0833216,0.0,1.3333333333333333,1432.3603965212735,-3054.7102192987695,HUL,15
3150.0,108.6,75.2,0.0,2.0,1519.2608856637949,-3108.462032453301,HUL,15
3160.0,125.11111111111111,85.77777777777777,0.0,2.0,1710.7504232493634,-3220.196322427117,HUL,15
3170.0,134.77777777777777,94.22222222222223,0.0,2.0,1784.0,-3263.0,HUL,15
3180.0,144.82499712,100.0,0.0,3.0,1885.318981327391,-3326.0246451980856,HUL,15
3190.0,154.5,100.0,0.0,3.0,1987.0,-3400.0,HUL,15
3200.0,164.2499904,100.0,0.0,3.0,2074.0,-3480.0,HUL,15
3210.0,169.3125,100.0,0.0,4.0,2122.665239178681,-3536.9161074449903,HUL,15
3220.0,174.7812472,100.0,0.0,4.0,2187.2703845896995,-3633.0322980752594,HUL,15
3230.0,182.58333333333331,100.0,0.0,4.0,2234.9976724036105,-3741.9370594433267,HUL,15
3240.0,189.0,100.0,0.0,4.0,2276.2994602144663,-3921.5349104258107,HUL,15
3250.0,190.12499839999998,100.0,0.0,4.0,2284.8506173368646,-3982.4668953727205,HUL,15
3260.0,192.1874976,100.0,0.0,4.0,2293.875830775231,-4122.112428490807,HUL,15
3270.0,195.0,100.0,0.0,4.0,2295.7106423055884,-4174.456298862929,HUL,15
3280.0,197.0,100.0,0.0,5.0,2294.1997179636196,-4245.008589902035,HUL,15
3290.0,197.74294534998592,100.0,0.0,5.0,2289.0,-4290.0,HUL,15
3300.0,200.1,100.0,0.0,5.0,2259.0931545418844,-4475.958002495165,HUL,16
3310.0,202.0,100.0,0.0,5.0,2243.365976441689,-4551.634677869711,HUL,16
3320.0,204.27757851496415,100.0,0.0,5.0,2223.0,-4614.0,HUL,16
3330.0,206.0,100.0,0.0,5.0,2194.5788528162498,-4694.953759652658,HUL,16
3340.0,207.56785645714285,100.0,0.0,5.0,2134.965222728905,-4851.302328297428,HUL,16
3360.0,206.41000192,100.0,0.0,5.0,2061.346801961602,-5005.231398338075,HUL,16
3370.0,203.0,100.0,0.0,5.0,2024.517709825827,-5070.763619244701,HUL,16
3380.0,200.0062512,10.187536000000001,0.5,5.0,1960.8302254477207,-5167.2325609552045,HUL,16
3390.0,194.25001472,7.5000064,1.0,5.0,1925.0,-5215.0,HUL,16
3400.0,177.0,0.0,1.0,5.0,1832.0,-5328.0,HUL,16
3410.0,171.0,1.2,1.0,5.0,1732.0,-5425.0,HUL,16
3420.0,167.0,2.0,0.0,4.0,1686.6671518122912,-5458.261176570611,HUL,16
3430.0,164.85714285714286,18.42857142857143,0.0,4.0,1617.2151334736764,-5484.3984046809965,HUL,16
3440.0,160.0,32.2,0.0,4.0,1508.562099559636,-5507.8877739354775,HUL,16
3450.0,159.0,48.5,0.0,4.0,1418.0,-5510.0,HUL,16
3460.0,159.44999808,64.19999487999999,0.0,4.0,1334.270251364515,-5501.277966178162,HUL,16
3470.0,162.86666581333336,70.13333418666667,0.0,4.0,1224.6219740829345,-5471.8066304000495,HUL,16
3480.0,165.875,77.125,0.0,4.0,1124.252415406756,-5423.404195195912,HUL,16
3490.0,168.4,74.3,0.0,4.0,1015.3536218815859,-5353.202103553935,HUL,16
3510.0,175.42499701333335,98.79166666666667,0.0,4.0,903.6895863164013,-5251.609634059168,HUL,16
3520.0,181.0,100.0,0.0,4.0,837.0185622888101,-5190.103944907779,HUL,17
3530.0,193.00793254603172,100.0,0.0,4.0,734.573594627077,-5097.980860173486,HUL,17
3550.0,209.30555164444445,100.0,0.0,5.0,556.9421865961355,-4939.416452784126,HUL,17
3580.0,221.07142399999998,100.0,0.0,5.0,392.7062583608315,-4792.249536575336,HUL,17
3590.0,229.28571428571428,100.0,0.0,5.0,370.812089387816,-4772.820166134953,HUL,17
3600.0,231.4999936,100.0,0.0,5.0,330.0,-4737.0,HUL,17
3610.0,235.0,100.0,0.0,6.0,254.49964739523406,-4670.402799251393,HUL,17
3670.0,257.11260774361955,100.0,0.0,6.0,-213.0,-4250.0,HUL,17
3680.0,260.0,100.0,0.0,6.0,-273.63421559963274,-4195.2393714915615,HUL,17
3690.0,260.28469731437053,100.0,0.0,6.0,-315.0,-4158.0,HUL,17
3700.0,261.406248,100.0,0.0,6.0,-435.0957226767272,-4051.4245476009496,HUL,17
3720.0,266.0263886222222,100.0,0.0,6.0,-563.9358358033693,-3944.058723207906,HUL,17
3740.0,266.94166613333334,100.0,0.0,6.0,-765.0,-3816.0,HUL,18
3750.0,267.0,100.0,0.0,6.0,-786.4869547726335,-3806.776980146585,HUL,18
3760.0,265.3375008,100.0,0.0,6.5,-991.5509069383247,-3731.7036208960835,HUL,18
3780.0,265.89285668571426,100.0,0.0,7.0,-1114.4864997396728,-3718.6479931898325,HUL,18
3790.0,265.5625008,100.0,0.0,7.0,-1249.0,-3713.0,HUL,18
3810.0,265.0,100.0,0.0,7.0,-1442.7975319612572,-3738.6596185945614,HUL,18
3820.0,263.0,100.0,0.0,7.0,-1592.0,-3770.0,HUL,18
3840.0,261.0,100.0,0.0,7.0,-1718.7469098716342,-3818.319651129319,HUL,18
3850.0,260.375,100.0,0.0,7.0,-1792.757890280543,-3856.980692869644,HUL,18
3870.0,260.8214281142857,100.0,0.0,7.0,-2039.2856900266374,-3985.96121497731,HUL,18
3890.0,261.0,100.0,0.0,7.0,-2164.0,-4049.0,HUL,18
3900.0,261.0,100.0,0.0,7.0,-2221.9517877840835,-4074.391871645774,HUL,18
3910.0,259.83333546666665,100.0,0.0,7.0,-2316.0,-4111.0,HUL,18
3920.0,259.0,100.0,0.0,7.0,-2386.9358815078485,-4133.742182806763,HUL,18
3930.0,258.16666666666663,100.0,0.0,7.0,-2527.785466913819,-4168.322110920086,HUL,18
3940.0,257.50000128,100.0,0.0,7.0,-2621.0,-4184.0,HUL,18
3950.0,257.0,100.0,0.0,7.0,-2690.675896487566,-4192.1725419052655,HUL,18
3960.0,257.0,100.0,0.0,7.0,-2823.1037846620256,-4198.056408879049,HUL,19
3970.0,256.8333333333333,100.0,0.0,7.0,-2898.0,-4197.0,HUL,19
3980.0,255.96428617142857,100.0,0.0,7.0,-3047.261777215852,-4182.9235447993215,HUL,19
4000.0,255.1071433142857,100.0,0.0,7.0,-3224.0046730877352,-4147.6178216041935,HUL,19
4010.0,253.28571428571428,42.857142857142854,0.0,7.0,-3416.0,-4094.0,HUL,19
4020.0,252.0,0.0,1.0,7.0,-3484.0760900198884,-4070.9365232078635,HUL,19
4030.0,227.83333333333334,0.0,1.0,7.0,-3540.0,-4042.0,HUL,19
4040.0,223.0,0.0,1.0,7.0,-3554.588213712699,-4034.273455390909,HUL,19
4050.0,196.84376079999998,0.0,1.0,7.0,-3710.0149590946594,-3938.276454812899,HUL,19
4060.0,176.6875,0.0,1.0,7.0,-3823.6121718022987,-3839.612275530348,HUL,19
4070.0,157.0,0.0,1.0,4.0,-3883.1781954609287,-3776.123371282705,HUL,19
4080.0,153.44444444444446,0.0,1.0,4.0,-3895.0,-3759.0,HUL,19
4090.0,141.91111537777778,0.0,1.0,3.5,-3956.815618077407,-3667.889746925207,HUL,19
4100.0,128.26065367931204,0.0,1.0,3.0,-4011.8654708189233,-3559.699962590866,HUL,19
4110.0,114.28358553827917,0.0,1.0,2.3333333333333335,-4040.730872802907,-3446.8601273419304,HUL,19
4120.0,101.5125024,0.0,1.0,2.0,-4048.33808616736,-3347.997386720379,HUL,19
4130.0,93.6750016,0.0,0.0,2.0,-4034.303477070076,-3259.3307210942194,HUL,19
4140.0,86.84166826666666,3.2,0.0,2.0,-4000.695164262031,-3170.8970363569383,HUL,19
4150.0,82.29999871999999,26.325000319999997,0.0,2.0,-3935.0620932931706,-3073.8713325358417,HUL,19
4160.0,88.375,37.125,0.0,2.0,-3859.943178783137,-3005.9141563893427,HUL,19
4170.0,95.83333119999999,56.199997440000004,0.0,2.0,-3762.9791375215113,-2954.5569637893373,HUL,19
4180.0,106.7187448,69.4999936,0.0,2.0,-3661.1972093279787,-2916.6282565973956,HUL,20
4190.0,118.56249600000001,72.0625024,0.0,2.0,-3583.5,-2896.0,HUL,20
4200.0,125.0,75.0,0.0,2.3333333333333335,-3503.138829670185,-2876.8776389199897,HUL,20
4210.0,134.66666666666666,82.22222222222223,0.0,3.0,-3404.0,-2855.0,HUL,20
4220.0,142.583328,84.86110933333333,0.0,3.0,-3335.1245260659134,-2840.184191549655,HUL,20
4230.0,151.9375,97.1875,0.0,3.0,-3217.259698562504,-2816.473443664424,HUL,20
4240.0,159.35712914285713,100.0,0.0,3.0,-3151.0,-2804.0,HUL,20
4250.0,170.5,100.0,0.0,4.0,-3121.7038201215482,-2799.3531745837304,HUL,20
4260.0,180.0,100.0,0.0,4.0,-3017.2010149556627,-2779.8558399999324,HUL,20
4270.0,191.0,100.0,0.0,4.0,-2845.528847309723,-2750.947217462769,HUL,20
4290.0,202.57142857142856,100.0,0.0,5.0,-2735.108839369706,-2733.247370441787,HUL,20
4300.0,212.0,100.0,0.0,5.0,-2537.465217791786,-2703.048790375612,HUL,20
4310.0,215.92856137142857,100.0,0.0,5.0,-2459.0,-2691.0,HUL,20
4320.0,223.0,100.0,0.0,5.0,-2385.2273613023617,-2679.3474506314105,HUL,20
4330.0,227.1068125090909,100.0,0.0,5.0,-2334.0,-2671.0,HUL,20
4350.0,235.98522443636364,100.0,0.0,5.5,-2140.6970116958464,-2639.951718585855,HUL,20
4360.0,243.23635665454546,100.0,0.0,6.0,-2015.0,-2620.0,HUL,20
4380.0,251.9818146909091,100.0,0.0,6.0,-1758.6230020928654,-2578.938416389027,HUL,20
4390.0,254.0,100.0,0.0,6.0,-1683.5679063128937,-2565.9700809351602,HUL,20
4400.0,256.35999232,100.0,0.0,6.0,-1661.0,-2562.0,HUL,21
4410.0,262.0,100.0,0.0,6.0,-1574.5076831372328,-2547.263929329726,HUL,21
4420.0,266.7906208,100.0,0.0,6.0,-1399.0,-2518.0,HUL,21
4430.0,269.0,100.0,0.0,7.0,-1329.1662039719035,-2506.5457073018065,HUL,21
4440.0,271.2571373714286,100.0,0.0,7.0,-1265.0,-2496.0,HUL,21
4450.0,277.17272552727275,100.0,0.0,7.0,-1038.047801716247,-2458.3386595173743,HUL,21
4470.0,282.09090909090907,100.0,0.0,7.0,-906.0,-2436.0,HUL,21
4490.0,285.0,100.0,0.0,7.0,-786.6677782327616,-2414.8777925805616,HUL,21
4500.0,288.24999679999996,100.0,0.0,7.0,-677.2875843198306,-2395.7126683504694,HUL,21
4510.0,291.0,100.0,0.0,7.0,-525.3399824990579,-2369.7725864937843,HUL,21
4520.0,293.5,100.0,0.0,7.0,-430.0,-2354.0,HUL,21
4530.0,296.0,100.0,0.0,7.0,-332.8765819238246,-2338.3024598875218,HUL,21
4540.0,297.0,100.0,0.0,7.0,-259.0,-2326.0,HUL,21
4550.0,298.2,100.0,0.0,8.0,-130.52914056946395,-2303.5638088232777,HUL,21
4560.0,299.0,100.0,0.0,8.0,13.652398493011663,-2277.1700458046016,HUL,21
4590.0,304.1428571428571,100.0,0.0,8.0,217.52362932267584,-2237.4017407302013,HUL,21
4610.0,305.92857051428575,100.0,0.0,8.0,479.8352113089327,-2190.4161965225085,HUL,21
4630.0,308.2,100.0,0.0,8.0,645.4534144682235,-2160.101022298907,HUL,22
4650.0,309.2,100.0,0.0,8.0,808.0,-2130.0,HUL,22
4660.0,310.0,100.0,0.0,8.0,945.8270042999152,-2104.351445975764,HUL,22
4670.0,310.5555541333333,100.0,0.0,8.0,1028.0,-2089.0,HUL,22
4690.0,312.0,100.0,0.0,8.0,1249.0,-2048.0,HUL,22
4710.0,311.0,100.0,0.0,8.0,1511.9590447639894,-2000.8044428251321,HUL,22
4730.0,311.0,100.0,0.0,8.0,1645.5659006792366,-1976.42970751959,HUL,22
4740.0,310.70000128,100.0,0.0,8.0,1675.0,-1971.0,HUL,22
4750.0,310.0,100.0,0.0,8.0,1761.8329195741837,-1955.0715987372537,HUL,22
4760.0,309.6111118222222,100.0,0.0,8.0,1904.0,-1929.0,HUL,22
4780.0,309.0312496,100.0,0.0,8.0,2261.8058493785215,-1863.2406103252447,HUL,22
4810.0,309.875,100.0,0.0,8.0,2455.710812229474,-1829.3594018698102,HUL,22
4830.0,309.0,100.0,0.0,8.0,2785.4927964570707,-1778.977083900298,HUL,22
4840.0,309.0,100.0,0.0,8.0,2857.0,-1768.0,HUL,23
4860.0,309.0,100.0,0.0,8.0,3043.2733760052656,-1738.9235586622626,HUL,23
4870.0,308.20500096,100.0,0.0,8.0,3145.0,-1723.0,HUL,23
4880.0,308.0,100.0,0.0,8.0,3171.1298658473684,-1718.9691368749109,HUL,23
4890.0,308.0,100.0,0.0,8.0,3298.0832706977862,-1699.7181697376957,HUL,23
4910.0,308.91458293333335,100.0,0.0,8.0,3447.8298537710775,-1675.4670156208817,HUL,23
4920.0,307.375008,89.6000512,0.0,8.0,3492.0,-1668.0,HUL,23
4930.0,298.20834133333335,30.93338453333334,0.0,8.0,3677.0,-1640.0,HUL,23
4940.0,294.0,4.0,1.0,8.0,3755.768141813138,-1628.1739344202929,HUL,23
4950.0,276.19064960000003,2.2625024,1.0,8.0,3863.0,-1612.0,HUL,23
4970.0,244.4468888,0.0,1.0,8.0,4067.0499990346516,-1581.7046395545817,HUL,23
4980.0,230.0,0.0,1.0,8.0,4136.672859625656,-1571.2591057991467,HUL,23
4990.0,199.1140724,0.0,1.0,7.0,4263.906922574421,-1548.9313961226594,HUL,23
5000.0,187.57142857142858,0.0,1.0,6.0,4336.0,-1533.0,HUL,23
5010.0,172.37500373333333,0.0,1.0,5.333333333333333,4439.747486959876,-1505.550941125294,HUL,23
5020.0,152.28573257142858,0.0,1.0,4.0,4567.0,-1464.0,HUL,23
5030.0,144.25000685714286,0.0,1.0,3.0,4606.839176104693,-1444.5933512255178,HUL,23
5040.0,128.35714742857144,0.0,1.0,2.6666666666666665,4716.047539036983,-1351.8786312639666,HUL,23
5050.0,111.66667093333334,0.0,1.0,2.0,4758.0,-1278.5,HUL,23
5060.0,98.8,0.0,1.0,2.0,4789.032609056337,-1181.3791472890696,HUL,24
5070.0,91.0,0.0,1.0,1.0,4798.890220982791,-1096.2177599670563,HUL,24
5080.0,81.60000213333333,2.325,0.6,1.0,4784.212217980674,-982.499993569488,HUL,24
5090.0,76.06250133333333,30.562489599999996,0.0,1.0,4763.876916972292,-919.2088994625166,HUL,24
5100.0,78.19374904,39.44999808,0.0,1.0,4710.681052948931,-836.0965851288925,HUL,24
5110.0,83.875,45.0,0.0,1.0,4651.871469698873,-777.3407428228579,HUL,24
5120.0,89.56249813333334,45.0,0.0,1.0,4568.782292972638,-734.8101113834987,HUL,24
5130.0,99.52869973333333,52.5068739047619,0.0,1.6666666666666667,4451.220311048602,-711.5682877388866,HUL,24
5140.0,110.58999808,63.40166698666667,0.0,2.0,4399.81220861713,-711.024100123844,HUL,24
5150.0,119.11041386666668,80.45832533333333,0.0,2.0,4301.71114599968,-713.6880346334141,HUL,24
5160.0,124.67499093333333,85.4749952,0.0,2.0,4226.0,-717.0,HUL,24
5170.0,139.1583317333333,96.31666346666667,0.0,2.3333333333333335,4128.865425578982,-724.7798029884071,HUL,24
5180.0,146.68499712,100.0,0.0,3.0,4027.412760095213,-734.4716418722223,HUL,24
5190.0,164.9624928,100.0,0.0,3.5,3912.0123510301155,-747.3113063658558,HUL,24
5200.0,175.15499136,100.0,0.0,4.0,3812.0,-759.0,HUL,24
5210.0,184.64999424,100.0,0.0,4.0,3709.1194836776112,-770.7348709302446,HUL,24
5220.0,191.6,100.0,0.0,4.0,3623.8330715843053,-779.9045281448249,HUL,24
5230.0,203.29999616,100.0,0.0,4.0,3494.963091245591,-792.244170138882,HUL,24
5240.0,208.39999232,100.0,0.0,4.0,3313.0,-807.0,HUL,24
5250.0,209.0,100.0,0.0,5.0,3294.8856602317187,-808.4707666136093,HUL,24
5260.0,212.0,100.0,0.0,5.0,3180.280530821739,-818.4976352386471,HUL,24
5270.0,213.92856868571428,100.0,0.0,5.0,3107.0,-825.0,HUL,24
5280.0,215.0,100.0,0.0,5.0,3036.5611385254315,-830.9198998656282,HUL,25
5290.0,215.0,100.0,0.0,5.0,2940.0,-839.0,HUL,25
5300.0,215.0,100.0,0.0,5.0,2769.107532892312,-853.7316254266709,HUL,25
5310.0,219.28571428571428,100.0,0.0,5.0,2652.0,-864.0,HUL,25
5320.0,221.0,100.0,0.0,5.0,2612.117384491137,-867.4804903030561,HUL,25
5340.0,237.88888888888889,100.0,0.0,5.0,2454.5089988425834,-881.1068891528105,HUL,25
5350.0,246.11111111111111,100.0,0.0,5.0,2290.0,-895.0,HUL,25
5370.0,251.0,100.0,0.0,6.0,2178.0,-904.0,HUL,25
5380.0,253.07142765714286,100.0,0.0,6.0,2063.245141641538,-914.1060877769473,HUL,25
5390.0,254.57142674285714,100.0,0.0,6.0,1761.0,-940.0,HUL,25
5400.0,255.0,100.0,0.0,6.0,1686.9871235159458,-946.2888228542981,HUL,25
5410.0,256.0,100.0,0.0,6.0,1534.0345305777487,-959.145814620408,HUL,25
5430.0,257.64999808,100.0,0.0,6.0,1442.0,-967.0,HUL,25
5440.0,259.0,100.0,0.0,6.0,1378.8549753079883,-972.7304384924332,HUL,25
5450.0,259.0,100.0,0.0,6.0,1318.6052323494855,-978.0270250253288,HUL,25
5470.0,261.71874879999996,100.0,0.0,6.0,1074.8299129069383,-999.0496719723694,HUL,25
5480.0,262.08249984,100.0,0.0,6.0,1026.2962501570973,-1003.3661613223754,HUL,25
0.0,282.31874719999996,100.0,0.0,7.0,1048.4131062627262,-1001.801287635126,BEA,1
10.0,287.0,100.0,0.0,7.0,870.895233095494,-1017.5231566594805,BEA,1
20.0,290.4999936,100.0,0.0,7.0,708.0,-1032.0,BEA,1
30.0,292.0,100.0,0.0,7.0,658.4862958477934,-1036.3607771455315,BEA,1
50.0,296.535712,100.0,0.0,7.0,529.1098938832331,-1047.5096460625946,BEA,1
70.0,301.0,100.0,0.0,7.0,330.0,-1065.0,BEA,1
90.0,302.5,100.0,0.0,7.0,37.763679373851524,-1090.392333638578,BEA,1
100.0,304.0,100.0,0.0,7.0,-64.73139543225017,-1099.2081069399226,BEA,1
120.0,308.0,100.0,0.0,8.0,-173.6080162490154,-1108.471581630173,BEA,1
130.0,308.1874992,100.0,0.0,8.0,-225.0,-1113.0,BEA,1
150.0,309.0,100.0,0.0,8.0,-551.0,-1142.0,BEA,1
170.0,312.0,100.0,0.0,8.0,-698.5307235121961,-1154.863503196251,BEA,1
190.0,313.0,100.0,0.0,8.0,-827.0,-1166.0,BEA,1
200.0,314.1249984,100.0,0.0,8.0,-984.0,-1180.0,BEA,1
210.0,315.0,100.0,0.0,8.0,-1106.3870227241548,-1190.5745138070502,BEA,1
220.0,315.09999872,100.0,0.0,8.0,-1123.0,-1192.0,BEA,2
230.0,316.0,100.0,0.0,8.0,-1268.178277076124,-1204.4713587606734,BEA,2
240.0,316.0,100.0,0.0,8.0,-1332.0,-1210.0,BEA,2
260.0,316.0,100.0,0.0,8.0,-1621.4912150019206,-1235.3737752195252,BEA,2
280.0,315.1392850285714,100.0,0.0,8.0,-1769.0,-1249.0,BEA,2
290.0,315.0,100.0,0.0,8.0,-1796.0190606565557,-1251.3838095226884,BEA,2
310.0,315.0,100.0,0.0,8.0,-2030.6843808100075,-1271.5104921380043,BEA,2
320.0,314.0,100.0,0.0,8.0,-2188.217073887037,-1285.0315725543978,BEA,2
330.0,314.0,100.0,0.0,8.0,-2222.0,-1288.0,BEA,2
340.0,313.91666666666663,100.0,0.0,8.0,-2349.8487638975803,-1299.4760712721793,BEA,2
370.0,313.0,100.0,0.0,8.0,-2720.0,-1332.0,BEA,2
400.0,311.3636363636364,100.0,0.0,8.0,-2961.0,-1353.0,BEA,2
410.0,311.0,100.0,0.0,8.0,-3038.1166671274045,-1360.1804882609385,BEA,2
420.0,311.0,100.0,0.0,8.0,-3211.136781633616,-1375.5055976552212,BEA,2
440.0,309.96041706666665,100.0,0.0,8.0,-3380.9449300994957,-1390.1251351847784,BEA,3
460.0,309.0,100.0,0.0,8.0,-3641.6502738869976,-1413.0746986224083,BEA,3
470.0,305.0333397333333,98.01666986666666,0.0,8.0,-3765.0,-1424.0,BEA,3
480.0,301.0,96.0,1.0,8.0,-3870.2020004415435,-1433.3103082939665,BEA,3
490.0,275.0,0.0,1.0,8.0,-3978.393201485999,-1442.8715830164492,BEA,3
500.0,262.0,0.0,1.0,8.0,-4064.886091470145,-1450.5139638315304,BEA,3
510.0,256.54251776,0.0,1.0,8.0,-4093.0,-1453.0,BEA,3
520.0,232.4,0.0,1.0,8.0,-4204.0,-1463.0,BEA,3
530.0,225.0,0.0,1.0,8.0,-4244.376494168106,-1466.8523054312127,BEA,3
540.0,207.15001344,0.0,1.0,8.0,-4335.450657311164,-1475.3598207166597,BEA,3
550.0,182.437512,0.0,1.0,8.0,-4485.052964086231,-1483.952994216536,BEA,3
560.0,158.16666666666669,0.0,1.0,7.0,-4652.68035727063,-1486.914597535097,BEA,3
570.0,149.2,0.0,1.0,4.0,-4714.717506130786,-1483.5289766811147,BEA,3
590.0,133.12381293714284,0.0,1.0,3.3333333333333335,-4855.893016748371,-1461.0598785754835,BEA,3
600.0,116.77777777777777,0.0,1.0,2.0,-4962.520738941265,-1410.360226189027,BEA,3
610.0,101.0,0.0,1.0,2.0,-5050.0,-1327.0,BEA,3
620.0,93.42857417142856,0.0,1.0,2.0,-5091.723578334015,-1254.1496602029163,BEA,3
630.0,85.44444586666667,0.0,0.6666666666666666,2.0,-5123.258742412097,-1137.3433175170444,BEA,3
640.0,78.44011343872361,0.0,0.0,2.0,-5125.707573088064,-1048.1105891551797,BEA,3
650.0,70.49732091428572,0.011113244444444446,0.0,2.0,-5100.535662202592,-959.5870442624059,BEA,3
660.0,70.0,17.11111111111111,0.0,2.0,-5049.584849309294,-878.0532979004441,BEA,4
670.0,77.27083333333333,30.166666666666668,0.0,2.0,-4969.25809907846,-807.5336507360948,BEA,4
680.0,83.31534202696054,41.13761564852896,0.0,2.0,-4820.145033184928,-793.83890924043,BEA,4
690.0,91.6499968,50.8428544,0.0,2.0,-4682.233769697267,-824.3723406000667,BEA,4
700.0,101.0,53.0,0.3333333333333333,2.0,-4566.502983935373,-867.594063593633,BEA,4
710.0,94.14000127999999,0.0,1.0,2.0,-4495.874767782847,-887.4314905087516,BEA,4
720.0,88.85416853333334,0.0,1.0,2.0,-4403.830720010752,-906.4447671272529,BEA,4
730.0,81.9729176,0.45,0.25,2.0,-4296.251474267452,-903.8613837122011,BEA,4
740.0,77.61785782857143,0.0,0.0,2.0,-4206.445009250163,-853.3888379169877,BEA,4
750.0,74.61110992592593,11.833331199999998,0.0,2.0,-4162.529754757914,-783.3475588233379,BEA,4
760.0,79.0,26.0,0.0,2.0,-4145.0,-708.0,BEA,4
770.0,86.33333333333334,39.44444444444444,0.0,2.0,-4139.441884372538,-585.664338180069,BEA,4
780.0,92.22916284444445,46.93055205925926,0.0,2.0,-4157.38951222625,-504.50411086579334,BEA,4
790.0,101.29166666666667,54.083333333333336,0.0,2.0,-4198.825655208493,-418.17286916466065,BEA,4
800.0,107.40703396055538,64.67838993425896,0.0,2.0,-4253.131591779042,-344.27779879066196,BEA,4
810.0,125.0500096,74.6437536,0.0,2.0,-4337.0,-248.0,BEA,4
820.0,135.875,79.125,0.0,2.0,-4387.3623319303815,-178.3160518869531,BEA,4
830.0,143.7142857142857,84.0,0.0,3.0,-4435.032488101583,-92.92222542890677,BEA,4
840.0,157.85714285714286,91.0,0.0,3.0,-4484.0,22.0,BEA,4
850.0,166.0,94.0,0.0,3.0,-4501.390664319048,80.19288498500987,BEA,4
860.0,183.33333333333331,99.77777777777777,0.0,3.5,-4531.023650144161,203.81547783328907,BEA,4
870.0,189.0,100.0,0.0,4.0,-4551.5268654645415,349.07320627580583,BEA,4
880.0,190.99169965806502,100.0,0.0,4.0,-4556.0,387.0,BEA,5
890.0,197.0,100.0,0.0,5.0,-4564.295704890591,474.2600792561742,BEA,5
900.0,204.7124928,100.0,0.0,5.0,-4566.962785729051,562.1959008798514,BEA,5
910.0,217.546872,100.0,0.0,5.0,-4565.802373111053,678.3029298393296,BEA,5
920.0,220.343744,100.0,0.0,5.0,-4564.0,734.0,BEA,5
930.0,226.19791466666666,100.0,0.0,5.0,-4558.307270115814,852.0889561700124,BEA,5
940.0,231.0,100.0,0.0,5.0,-4549.887642732771,997.6865808796992,BEA,5
950.0,231.61070811428573,100.0,0.0,5.0,-4549.0,1010.0,BEA,5
960.0,240.0,100.0,0.0,6.0,-4533.010067840969,1181.8756295156848,BEA,5
970.0,241.0,100.0,0.0,6.0,-4530.0,1207.0,BEA,5
980.0,247.0,100.0,0.0,6.0,-4504.0,1367.0,BEA,5
990.0,250.0,100.0,0.0,6.0,-4467.0,1529.0,BEA,5
1000.0,254.0,100.0,0.0,6.0,-4424.333311446266,1667.586631104956,BEA,5
1030.0,258.843748,100.0,0.0,6.0,-4342.726890991999,1849.5139155015409,BEA,5
1050.0,265.5,100.0,0.0,6.0,-4257.923901159687,1979.2132950070595,BEA,5
1060.0,269.0,100.0,0.0,7.0,-4168.665547577773,2079.213019873599,BEA,5
1070.0,270.49999725714287,100.0,0.0,7.0,-4063.0,2187.0,BEA,5
1080.0,272.0,100.0,0.0,7.0,-3973.4063142650684,2265.046515378238,BEA,5
1100.0,274.25,100.0,0.0,7.0,-3830.0,2360.0,BEA,6
1110.0,275.0,100.0,0.0,7.0,-3773.890253013279,2393.210091531426,BEA,6
1130.0,278.14999936000004,100.0,0.0,7.0,-3465.2333675719665,2543.8427127998134,BEA,6
1150.0,279.1249984,100.0,0.0,7.0,-3262.269052239683,2611.7784632405255,BEA,6
1160.0,281.0,100.0,0.0,7.0,-3136.984669227379,2650.6411755505196,BEA,6
1180.0,284.0,100.0,0.0,7.0,-2965.0,2702.0,BEA,6
1200.0,286.0,100.0,0.0,7.0,-2829.5236025467816,2743.2837150973564,BEA,6
1210.0,286.0,100.0,0.0,7.0,-2722.0,2776.0,BEA,6
1230.0,288.68279513654716,100.0,0.0,7.0,-2532.428847249538,2837.3493953716143,BEA,6
1240.0,289.30250048,100.0,0.0,7.0,-2417.0,2875.0,BEA,6
1260.0,289.95125024000004,100.0,0.0,7.0,-2219.041458149691,2942.3539149211124,BEA,6
1270.0,290.0,100.0,0.0,7.0,-2113.0,2981.0,BEA,6
1280.0,290.0,100.0,0.0,7.0,-2055.3616397231863,3001.9577443241133,BEA,6
1290.0,290.45,100.0,0.0,7.0,-1916.0,3053.0,BEA,6
1310.0,291.0,100.0,0.0,7.0,-1681.5163002861077,3141.93860179863,BEA,6
1320.0,291.0,100.0,0.0,7.0,-1629.0,3162.0,BEA,7
1340.0,291.0,100.0,0.0,7.0,-1456.9983346049835,3229.2936129088966,BEA,7
1360.0,291.0,100.0,0.0,7.0,-1252.0,3314.0,BEA,7
1370.0,291.0,100.0,0.0,7.0,-1220.2157541804736,3327.257678342138,BEA,7
1380.0,291.0,100.0,0.0,7.0,-1077.6676970908043,3387.1405016878944,BEA,7
1400.0,291.0,100.0,0.0,7.0,-932.1692363186851,3450.309861234544,BEA,7
1410.0,285.7875072,42.08341333333333,0.0,7.0,-739.0,3538.0,BEA,7
1420.0,282.0,0.0,1.0,7.0,-652.5446480433202,3577.222605548578,BEA,7
1440.0,245.2468864,0.0,1.0,7.0,-545.6056246784922,3624.364895672369,BEA,7
1450.0,221.71428571428572,0.0,1.0,7.0,-444.0,3669.0,BEA,7
1460.0,199.75,0.0,1.0,7.0,-330.66889178010047,3719.3611788546564,BEA,7
1470.0,179.80002303999999,0.0,1.0,7.0,-155.0,3798.0,BEA,7
1480.0,160.0,0.0,1.0,5.0,-99.16106050668587,3821.375256572965,BEA,7
1490.0,144.88690476190476,0.0,1.0,4.333333333333333,-30.233461927505004,3842.883139060692,BEA,7
1500.0,129.8125,0.0,1.0,3.5,90.05415641558511,3869.971993737666,BEA,7
1510.0,120.70833706666667,0.0,1.0,2.0,176.4479660071919,3871.8280598048723,BEA,7
1520.0,115.16666666666667,0.0,1.0,2.0,275.0,3846.0,BEA,7
1530.0,106.58333386666668,6.666658133333333,0.0,2.0,347.4980363653729,3801.342757792287,BEA,7
1550.0,104.0,48.0,0.0,2.0,506.2044387890428,3592.2817397182425,BEA,8
1560.0,105.6874976,51.9374944,0.0,2.0,517.79122631529,3563.4241339145356,BEA,8
1570.0,110.25,60.0,0.0,2.0,551.3780081340733,3454.32193852436,BEA,8
1580.0,121.01071634285715,69.00952563809524,0.0,2.0,567.1616725362916,3371.284704116975,BEA,8
1590.0,130.12321173333333,76.67618986666666,0.0,2.0,578.7571035618008,3271.675358754683,BEA,8
1600.0,145.0,78.0,0.0,3.0,585.4302883580812,3194.6328893731543,BEA,8
1610.0,151.0,86.0,0.0,3.0,592.0,3113.0,BEA,8
1620.0,159.625,99.41666666666666,0.0,3.0,602.5246940229824,3014.586674653133,BEA,8
1630.0,169.0,100.0,0.0,3.5,613.1198286163442,2927.2920426195396,BEA,8
1640.0,181.9,100.0,0.0,4.0,623.6639399892382,2835.5761977368866,BEA,8
1650.0,189.98503454083135,100.0,0.0,4.0,640.0,2716.0,BEA,8
1660.0,195.98503454083135,100.0,0.0,4.0,666.0523564991236,2529.6231260086365,BEA,8
1680.0,207.0,100.0,0.0,5.0,680.0774457773332,2429.5673778210603,BEA,8
1690.0,212.46070674285716,100.0,0.0,5.0,695.0,2346.0,BEA,8
1700.0,219.1589248,100.0,0.0,5.0,727.2541657065375,2166.6394242407196,BEA,8
1710.0,229.0,100.0,0.0,5.0,742.2278233061741,2078.2302047302164,BEA,8
1720.0,231.9749952,100.0,0.0,5.0,757.0,2016.0,BEA,8
1730.0,236.08333226666667,100.0,0.0,5.0,803.5282179004706,1823.2144665008886,BEA,8
1750.0,238.0,100.0,0.0,6.0,836.0793378256158,1689.461544794034,BEA,8
1760.0,242.0,100.0,0.0,6.0,857.6275002484163,1638.0083778231055,BEA,9
1770.0,245.0,100.0,0.0,6.0,897.0184218378586,1547.0888830853698,BEA,9
1780.0,247.16666453333335,100.0,0.0,6.0,974.0,1372.0,BEA,9
1790.0,248.0,100.0,0.0,6.0,1003.0023878522655,1310.831272681033,BEA,9
1810.0,251.04999936000002,99.55000576,0.0,6.0,1053.0002597944613,1231.5290599522125,BEA,9
1820.0,252.0,91.0,0.0,6.0,1126.0,1125.0,BEA,9
1830.0,253.0,78.0,0.0,6.0,1200.2174220942175,1038.5314765408082,BEA,9
1840.0,252.14285714285714,74.0,0.0,6.0,1237.0,1000.0,BEA,9
1850.0,249.9,64.5,0.0,6.0,1348.6622726159567,902.4428593452056,BEA,9
1860.0,249.0,69.0,0.0,6.0,1530.4355281002695,794.6615083533807,BEA,9
1870.0,248.375,69.0,0.0,6.0,1605.373086971592,756.4124437091085,BEA,9
1890.0,246.14285714285714,62.5,0.0,6.0,1714.6469582081252,720.5617763682958,BEA,9
1900.0,244.50000384,60.50000384,0.0,6.0,1755.0,710.0,BEA,9
1910.0,243.0,59.0,0.0,6.0,1810.2093360474805,696.345937253722,BEA,9
1920.0,242.0,62.0,0.0,6.0,1901.0,680.0,BEA,9
1930.0,240.0,68.0,0.0,6.0,2138.182877384287,670.2461312914752,BEA,9
1940.0,240.0,69.07142582857144,0.0,6.0,2215.0,671.0,BEA,9
1950.0,240.0,71.0,0.0,6.0,2281.8447865059156,675.7626483045495,BEA,9
1960.0,240.0,81.54545454545455,0.0,6.0,2347.0,698.0,BEA,9
1980.0,240.0,100.0,0.0,6.0,2587.0,788.0,BEA,10
1990.0,240.0,100.0,0.0,6.0,2670.567195264484,829.1750145195845,BEA,10
2000.0,240.0,100.0,0.0,6.0,2724.1501211885907,865.2766565886685,BEA,10
2010.0,240.0,100.0,0.0,6.0,2821.0,936.0,BEA,10
2020.0,240.0,100.0,0.0,6.0,2861.763111979858,972.1888160351591,BEA,10
2030.0,240.0,100.0,0.0,6.0,2954.0,1070.0,BEA,10
2050.0,242.875,100.0,0.0,6.0,3066.537562874407,1187.3843985182743,BEA,10
2060.0,243.0,74.8,0.0,6.0,3230.183967733785,1312.0450849381914,BEA,10
2080.0,240.0,72.0,0.0,6.0,3324.178138078384,1367.9150703382709,BEA,10
2090.0,236.6355160310932,60.224306108826255,0.0,6.0,3391.0,1388.0,BEA,10
2100.0,233.50416746666667,53.80971768888889,0.0,6.0,3514.4233274888725,1423.2022204242799,BEA,10
2120.0,231.0875008,67.50416213333332,0.0,6.0,3701.7626802651102,1449.2991473752975,BEA,10
2130.0,231.99444337777777,80.92776391111111,0.0,6.0,3825.0,1449.0,BEA,10
2140.0,232.99722168888889,93.96388195555556,0.0,6.0,3942.3202976058064,1436.9511412650809,BEA,10
2160.0,233.99861084444444,99.99166506666666,0.0,6.0,4109.876448905882,1398.9410633833966,BEA,10
2170.0,234.0,100.0,0.0,6.0,4212.510087456732,1364.5933343862205,BEA,10
2180.0,234.875,100.0,0.0,6.0,4301.533653534628,1320.7504642430802,BEA,10
2200.0,235.0,100.0,0.0,6.0,4522.468278803024,1174.9740587947317,BEA,11
2210.0,236.0,100.0,0.0,6.0,4583.747546587226,1124.369149268798,BEA,11
2220.0,237.07142765714286,100.0,0.0,6.0,4630.26279198065,1074.8934524550295,BEA,11
2240.0,238.78571337142859,100.0,0.0,6.0,4740.679813196255,958.9584358994675,BEA,11
2250.0,239.99999744,100.0,0.0,6.0,4798.0,894.0,BEA,11
2270.0,243.08333333333331,100.0,0.0,6.0,4933.651253271999,727.6137659042877,BEA,11
2280.0,243.91666666666669,100.0,0.0,6.0,5017.674535413965,620.0047620050369,BEA,11
2290.0,245.71428571428572,100.0,0.0,6.0,5094.0,525.0,BEA,11
2300.0,247.0,100.0,0.0,6.0,5132.969979779348,478.80097632652917,BEA,11
2310.0,248.7499968,100.0,0.0,6.0,5211.0,390.0,BEA,11
2320.0,250.0,100.0,0.0,6.0,5364.525657485072,215.29354565245117,BEA,11
2330.0,250.0,100.0,0.0,6.0,5463.4836442589085,101.38797674554883,BEA,11
2350.0,252.67857005714285,100.0,0.0,6.0,5516.278050640997,40.62689134781317,BEA,11
2360.0,254.39999744,100.0,0.0,6.0,5648.0,-105.0,BEA,11
2370.0,255.0,100.0,0.0,6.0,5683.388121938392,-144.30001236893395,BEA,11
2380.0,256.0,100.0,0.0,6.0,5733.970159833377,-201.3806946223242,BEA,11
2390.0,257.0,100.0,0.0,6.0,5790.0,-265.0,BEA,11
2400.0,258.3333333333333,100.0,0.0,6.0,5866.0,-350.0,BEA,11
2410.0,259.0,100.0,0.0,6.0,5902.47214154484,-390.8339545042344,BEA,11
2420.0,259.74999936,100.0,0.0,6.0,5984.300144981666,-484.32543553212076,BEA,12
2440.0,259.05000064,50.600033280000005,0.5,6.0,6143.033175483453,-668.8226695326443,BEA,12
2460.0,230.4812464,0.0,1.0,6.0,6237.004016869469,-779.469641944934,BEA,12
2480.0,218.125,0.0,1.0,6.0,6345.278130867544,-936.5605870785896,BEA,12
2490.0,209.6875,1.6875,1.0,6.0,6393.0,-1045.0,BEA,12
2500.0,203.5,3.5,1.0,5.0,6424.180558268853,-1197.3326663348994,BEA,12
2510.0,199.0,8.0,0.0,5.0,6433.440728072865,-1335.5124237574419,BEA,12
2520.0,194.0,11.0,0.0,5.0,6417.656531737823,-1411.8171554392604,BEA,12
2530.0,189.50995214969745,16.38805742036306,0.0,5.0,6399.082072949112,-1478.7767964870686,BEA,12
2550.0,182.5593744,65.3562464,0.0,4.0,6348.5557266126,-1623.0793378230787,BEA,12
2560.0,186.312496,72.6374944,0.0,4.0,6296.0,-1727.0,BEA,12
2570.0,188.0,75.0,0.0,4.0,6268.687171092568,-1768.017895448674,BEA,12
2580.0,191.41785508571428,78.13928502857144,0.0,4.0,6162.722714318121,-1903.2743226713997,BEA,12
2590.0,197.0,80.0,0.0,4.0,6089.3946584188125,-1972.4753285635702,BEA,12
2600.0,198.0,80.375,0.0,4.0,6076.0,-1982.0,BEA,12
2610.0,205.61111111111111,83.94444444444444,0.0,5.0,5932.655430580028,-2064.7761307209203,BEA,12
2630.0,214.4722183111111,97.63888284444445,0.0,5.0,5767.185744058976,-2122.6341517526116,BEA,12
2640.0,218.79999487999999,100.0,0.0,5.0,5694.0,-2139.0,BEA,13
2650.0,220.0,100.0,0.0,5.0,5664.307798969066,-2144.9541307660293,BEA,13
2660.0,226.5624944,100.0,0.0,5.0,5474.0,-2181.0,BEA,13
2670.0,227.625,100.0,0.0,5.0,5449.303517152947,-2185.026455078994,BEA,13
2680.0,232.0,100.0,0.0,5.0,5361.805448038756,-2198.1761469146018,BEA,13
2690.0,234.187496,100.0,0.0,5.0,5272.0,-2209.0,BEA,13
2700.0,237.49999786666666,100.0,0.0,6.0,5134.7562906017065,-2218.915103338745,BEA,13
2710.0,241.0,100.0,0.0,6.0,4995.671822527721,-2225.086250554236,BEA,13
2720.0,242.406248,100.0,0.0,6.0,4935.5,-2227.0,BEA,13
2740.0,246.74999680000002,100.0,0.0,6.0,4758.609200548568,-2231.389757060336,BEA,13
2750.0,250.68181643636365,100.0,0.0,6.0,4634.60522690949,-2236.345007506672,BEA,13
2780.0,255.86363461818183,100.0,0.0,6.0,4366.850757746241,-2251.435492847889,BEA,13
2790.0,259.16666666666663,100.0,0.0,6.0,4231.09303807762,-2260.030537741216,BEA,13
2800.0,259.6666666666667,100.0,0.0,6.0,4189.0,-2263.0,BEA,13
2810.0,261.6666666666667,100.0,0.0,6.0,4016.0,-2275.0,BEA,13
2820.0,262.0,100.0,0.0,6.0,3987.0032774408937,-2277.013890299928,BEA,13
2830.0,262.4999990857143,100.0,0.0,6.0,3885.0,-2284.0,BEA,13
2840.0,263.0,100.0,0.0,6.0,3779.8867627335885,-2290.5513545630324,BEA,13
2850.0,263.9999985777778,100.0,0.0,6.0,3652.0,-2298.0,BEA,13
2860.0,265.0,100.0,0.0,6.0,3544.640680662893,-2304.3146924460116,BEA,14
2870.0,265.8144649835049,100.0,0.0,6.0,3406.6151137610223,-2313.9120045950895,BEA,14
2880.0,266.3333333333333,100.0,0.0,6.0,3255.0,-2325.0,BEA,14
2890.0,267.0,100.0,0.0,7.0,3141.209699964734,-2333.6403011040497,BEA,14
2910.0,267.8571428571429,100.0,0.0,7.0,3052.288834115672,-2342.4925292677062,BEA,14
2930.0,268.91666666666663,100.0,0.0,7.0,2853.7880244139333,-2362.5290957995917,BEA,14
2940.0,269.875,100.0,0.0,7.0,2735.164400061628,-2374.5254329636373,BEA,14
2960.0,271.1392850285714,100.0,0.0,7.0,2554.706080154831,-2393.454453794604,BEA,14
2980.0,272.85357074285713,100.0,0.5,7.0,2373.532058219799,-2412.7231392018316,BEA,14
2990.0,262.76501248,91.76752256,1.0,7.0,2231.8630092260946,-2429.177879621991,BEA,14
3000.0,235.53002496,42.53504512,1.0,7.0,2088.0,-2447.0,BEA,14
3010.0,213.36501248000002,2.467522559999999,1.0,7.0,1983.8521047277004,-2460.7965073156165,BEA,14
3020.0,200.0,0.0,1.0,7.0,1888.0137529111564,-2472.7092631540313,BEA,14
3030.0,176.6250176,0.0,1.0,7.0,1806.3508099100643,-2483.3315427505586,BEA,14
3040.0,153.10555555555555,0.0,1.0,7.0,1673.40095963003,-2504.331294944348,BEA,14
3060.0,118.37797801904762,0.0,1.0,4.25,1489.908078933072,-2539.9748323928156,BEA,14
3070.0,104.28571794285713,0.0,1.0,2.5,1360.5636720258958,-2581.9354894292774,BEA,14
3080.0,92.04761904761904,0.38095238095238093,1.0,1.3333333333333333,1311.9742319340985,-2609.680456544644,BEA,15
3090.0,86.36666709333333,0.7333341866666666,0.0,1.0,1241.6663149916633,-2687.472563656124,BEA,15
3100.0,81.2,9.200000000000001,0.0,1.0,1221.1346856005282,-2766.835706029599,BEA,15
3110.0,78.87499908571428,44.24999817142857,0.0,1.0,1236.5522517377688,-2843.6165434772274,BEA,15
3120.0,85.22222222222223,57.22222222222222,0.0,1.0,1278.7895952986648,-2922.881415796883,BEA,15
3130.0,97.99999817142857,62.83333363809524,0.0,1.0,1361.7155559549722,-3005.260609493897,BEA,15
3140.0,106.60000000000001,64.8,0.0,2.0,1433.1430207044534,-3055.4962771260343,BEA,15
3150.0,114.50695871124255,71.50695871124255,0.0,2.0,1494.0,-3093.0,BEA,15
3160.0,125.859375,78.546875,0.0,2.0,1716.25110300041,-3223.125007704652,BEA,15
3170.0,139.15625,94.96875,0.0,2.5,1831.6591989564008,-3294.081496155548,BEA,15
3180.0,152.0,100.0,0.0,3.0,1977.0637623766647,-3393.669529461077,BEA,15
3190.0,159.0,100.0,0.0,3.0,2022.2509973244546,-3426.7892115363943,BEA,15
3200.0,164.9875494870975,100.0,0.0,3.5,2060.121024624596,-3465.131460038782,BEA,15
3210.0,172.1285686857143,100.0,0.0,4.0,2135.9181274439275,-3554.206655382186,BEA,15
3220.0,176.8249984,100.0,0.0,4.0,2201.1851069452077,-3661.2283479982398,BEA,15
3230.0,181.4749952,100.0,0.0,4.0,2237.0,-3749.0,BEA,15
3240.0,185.48499712,100.0,0.0,4.0,2264.952438307296,-3865.2282509716715,BEA,15
3250.0,190.0,100.0,0.0,4.0,2281.3141137453376,-3942.2257991948436,BEA,15
3260.0,190.83333333333331,100.0,0.0,4.0,2286.0760379667468,-4010.852802895256,BEA,15
3270.0,196.0,100.0,0.0,4.0,2292.921466025307,-4225.690693030841,BEA,15
3280.0,196.2499968,100.0,0.0,4.0,2293.0,-4237.0,BEA,15
3290.0,199.9,100.0,0.0,5.0,2286.344771647075,-4322.082170193342,BEA,15
3300.0,204.84999424,100.0,0.0,5.0,2267.0,-4438.0,BEA,16
3310.0,208.0,100.0,0.0,5.0,2249.64470294576,-4516.619714446287,BEA,16
3320.0,209.0,100.0,0.0,5.0,2238.0,-4561.0,BEA,16
3330.0,212.62499839999998,100.0,0.0,5.0,2186.298174634158,-4723.2175146542,BEA,16
3350.0,217.9375008,100.0,0.0,5.0,2133.8525072552757,-4856.661716152452,BEA,16
3360.0,214.8125056,84.37504,1.0,5.0,2067.2973563906025,-4992.521436805039,BEA,16
3370.0,203.0,0.0,1.0,5.0,2000.9133734190536,-5108.817259083074,BEA,16
3380.0,197.66666666666666,0.0,1.0,5.0,1981.0,-5138.0,BEA,16
3390.0,183.0,0.0,1.0,5.0,1913.128787779695,-5230.078880169853,BEA,16
3400.0,172.50000924444444,0.0,1.0,5.0,1838.0,-5320.0,BEA,16
3410.0,165.4,0.0,1.0,4.0,1761.7312856438693,-5399.105847978265,BEA,16
3420.0,163.28571428571428,1.5714285714285714,0.0,4.0,1700.1909529203776,-5446.909207118412,BEA,16
3430.0,159.35714285714286,10.214285714285715,0.0,4.0,1615.826730948628,-5486.6924494925315,BEA,16
3440.0,157.25000319999998,17.9062376,0.0,4.0,1484.6025537413734,-5508.604304536939,BEA,16
3450.0,150.0,46.0,0.0,4.0,1374.963326152366,-5509.325720974328,BEA,16
3460.0,150.83333333333331,51.0,0.0,4.0,1303.031715785653,-5495.043890808398,BEA,16
3470.0,154.57142857142856,57.714285714285715,0.0,4.0,1205.1293819771222,-5463.190229997793,BEA,16
3480.0,157.35875494264712,61.501781778715255,0.0,4.0,1150.0,-5439.0,BEA,16
3510.0,170.47079753324567,75.99403937885049,0.0,4.0,940.0,-5286.0,BEA,16
3520.0,178.0,86.0,0.0,4.0,839.342016714561,-5192.6398477044395,BEA,17
3530.0,191.0414857760777,99.21576108951814,0.0,4.0,696.0,-5063.0,BEA,17
3540.0,194.5,100.0,0.0,4.5,663.0119299018764,-5033.696811062911,BEA,17
3550.0,203.624992,100.0,0.0,5.0,589.0,-4968.0,BEA,17
3560.0,210.29165866666668,100.0,0.0,5.0,521.0,-4907.0,BEA,17
3570.0,212.0,100.0,0.0,5.0,501.33041457598756,-4889.340282598432,BEA,17
3580.0,217.9749952,100.0,0.0,5.0,396.0,-4795.0,BEA,17
3590.0,220.0,100.0,0.0,5.0,383.6887983824196,-4784.266023360939,BEA,17
3600.0,227.19998976,100.0,0.0,5.0,365.0,-4768.0,BEA,17
3610.0,234.79999487999999,100.0,0.0,5.0,274.16994689503616,-4685.625339856857,BEA,17
3620.0,237.2499968,100.0,0.0,5.0,211.0,-4629.0,BEA,17
3630.0,239.33332906666666,100.0,0.0,6.0,135.8033670067682,-4562.278205942376,BEA,17
3650.0,251.14285531428573,100.0,0.0,6.0,-44.37124983553231,-4399.833606444103,BEA,17
3670.0,254.42857142857144,100.0,0.0,6.0,-236.26469595614313,-4228.570431084192,BEA,17
3690.0,258.0,100.0,0.0,6.0,-338.67393599518545,-4137.164145554352,BEA,17
3700.0,258.99999817142856,100.0,0.0,6.0,-392.0,-4090.0,BEA,17
3710.0,260.25,100.0,0.0,6.0,-479.0084343433733,-4013.5599469805147,BEA,17
3730.0,263.3749984,100.0,0.0,6.0,-632.7884884168028,-3896.4903238957872,BEA,17
3750.0,264.0,100.0,0.0,6.5,-827.3219269378417,-3784.651428507508,BEA,18
3760.0,264.0,100.0,0.0,7.0,-916.3398269581227,-3750.4623086860656,BEA,18
3770.0,264.0,100.0,0.0,7.0,-947.0,-3744.0,BEA,18
3780.0,263.9375008,100.0,0.0,7.0,-1085.2536751150778,-3720.922189276423,BEA,18
3800.0,262.1875008,100.0,0.0,7.0,-1295.5777472776226,-3713.918992445887,BEA,18
3820.0,261.0,100.0,0.0,7.0,-1458.0,-3733.0,BEA,18
3830.0,260.0,100.0,0.0,7.0,-1601.3507424823651,-3774.2661345926203,BEA,18
3840.0,259.7,100.0,0.0,7.0,-1627.0,-3783.0,BEA,18
3850.0,258.5,100.0,0.0,7.0,-1735.0,-3827.0,BEA,18
3860.0,257.15,100.0,0.0,6.5,-1947.941040987414,-3936.5281476879136,BEA,18
3880.0,258.0,100.0,0.0,6.0,-2056.7255867907306,-3995.8687672716596,BEA,18
3890.0,258.0,100.0,0.0,6.0,-2185.3827689693085,-4052.8451613640773,BEA,18
3910.0,258.75,100.0,0.0,6.0,-2421.0,-4144.0,BEA,18
3920.0,259.0,100.0,0.0,6.0,-2482.286092456048,-4161.4980485274045,BEA,18
3930.0,257.0,100.0,0.0,6.0,-2625.902763812684,-4184.354729946815,BEA,18
3950.0,257.0,100.0,0.0,6.0,-2715.654007502277,-4194.9546356643605,BEA,18
3960.0,255.85714285714286,100.0,0.0,6.0,-2801.0,-4199.0,BEA,19
3970.0,255.0,100.0,0.0,6.0,-2882.8137867601054,-4197.792668489017,BEA,19
3980.0,254.25103754274187,100.0,0.0,6.0,-3013.967821007749,-4186.4523952359505,BEA,19
3990.0,253.0250048,87.81256,0.0,6.0,-3083.0,-4177.0,BEA,19
4010.0,242.0500096,0.0,1.0,6.0,-3289.029051701116,-4133.468694680776,BEA,19
4020.0,219.0500096,0.0,1.0,6.0,-3515.0301203838653,-4053.913145764997,BEA,19
4040.0,199.0250048,0.0,1.0,5.5,-3633.727146232123,-3988.9491246454136,BEA,19
4050.0,189.6875152,0.0,1.0,5.0,-3705.0,-3942.0,BEA,19
4060.0,180.1875,0.0,1.0,5.0,-3767.2665139668256,-3892.7401531172777,BEA,19
4070.0,159.75,0.0,1.0,4.5,-3864.3986696198385,-3795.8004452516316,BEA,19
4080.0,152.5,0.0,1.0,3.5,-3906.848041586729,-3742.622417291713,BEA,19
4090.0,139.60000768,0.0,1.0,3.0,-3958.002821448884,-3665.6859864912876,BEA,19
4100.0,126.78409522424242,0.0,1.0,3.0,-4020.329341883756,-3535.1873247215703,BEA,19
4110.0,121.6250048,0.0,1.0,3.0,-4042.0,-3459.0,BEA,19
4120.0,115.70833615238094,0.0,0.3333333333333333,2.3333333333333335,-4049.007150287289,-3354.2317098786602,BEA,19
4130.0,111.16666666666666,0.0,0.0,2.0,-4036.757430131014,-3263.563228265053,BEA,19
4140.0,105.53333333333335,1.0,0.0,2.0,-3988.8856477900204,-3149.0498962617603,BEA,19
4150.0,103.08333333333333,31.166666666666668,0.0,2.0,-3930.96727223307,-3064.0230039533512,BEA,19
4160.0,104.81249919999999,42.624998399999996,0.0,2.0,-3863.6839209187683,-3007.1611795099097,BEA,19
4170.0,108.66666544761904,52.49999664761905,0.0,2.0,-3771.324249939736,-2957.144771358007,BEA,19
4180.0,118.66666382222222,63.49999786666667,0.0,2.0,-3665.6784814610637,-2916.947895710653,BEA,20
4200.0,128.91666666666666,69.83333333333333,0.0,2.0,-3514.133739069803,-2879.2668226974033,BEA,20
4210.0,141.97749568,77.98249664,0.0,2.5,-3424.8278271021663,-2859.9638366954478,BEA,20
4220.0,152.32868991395117,86.60724159495929,0.0,3.0,-3299.693073597717,-2833.4730197874287,BEA,20
4230.0,160.0,91.42857142857143,0.0,3.0,-3245.0,-2822.0,BEA,20
4240.0,175.89552153263617,100.0,0.0,4.0,-3155.2470088427017,-2804.6967344458453,BEA,20
4250.0,185.1062464,100.0,0.0,4.0,-3043.9776045897297,-2784.8280886278562,BEA,20
4260.0,193.0,100.0,0.0,4.0,-2936.9208772284537,-2765.8074307738925,BEA,20
4270.0,197.57291466666666,100.0,0.0,4.5,-2825.8765713811144,-2747.2607043489234,BEA,20
4280.0,206.50249088,100.0,0.0,5.0,-2713.0,-2730.0,BEA,20
4290.0,213.15249088,100.0,0.0,5.0,-2632.0,-2717.0,BEA,20
4300.0,217.0,100.0,0.0,5.0,-2582.80561938946,-2709.4356663537237,BEA,20
4310.0,220.82249472,100.0,0.0,5.0,-2499.0,-2697.0,BEA,20
4320.0,226.9,100.0,0.0,5.0,-2345.2274812417463,-2673.289284635908,BEA,20
4330.0,232.64284525714285,100.0,0.0,5.0,-2195.0,-2649.0,BEA,20
4340.0,241.0,100.0,0.0,6.0,-2099.218044244365,-2633.8799099912153,BEA,20
4350.0,246.0624928,100.0,0.0,6.0,-2035.0,-2624.0,BEA,20
4360.0,250.0,100.0,0.0,6.0,-1941.4803147800628,-2609.0519726992006,BEA,20
4370.0,251.071424,100.0,0.0,6.0,-1898.0,-2602.0,BEA,20
4380.0,255.0,100.0,0.0,6.0,-1744.099222711397,-2576.402038418768,BEA,20
4390.0,255.91665493333332,100.0,0.0,6.0,-1730.0,-2574.0,BEA,20
4400.0,266.0,100.0,0.0,6.0,-1572.2329999236867,-2546.7554758163383,BEA,21
4410.0,266.6666666666667,100.0,0.0,6.0,-1544.0,-2542.0,BEA,21
4420.0,270.56249760000003,100.0,0.0,7.0,-1378.0239070471396,-2515.075545945185,BEA,21
4430.0,273.0,100.0,0.0,7.0,-1257.068429546981,-2495.1551843819843,BEA,21
4440.0,277.2,100.0,0.0,7.0,-1142.0,-2476.0,BEA,21
4450.0,280.0,100.0,0.0,7.0,-1080.0325553145822,-2465.693456897476,BEA,21
4470.0,284.6666666666667,100.0,0.0,7.0,-911.0,-2437.0,BEA,21
4480.0,286.0,100.0,0.0,7.0,-852.8126394368487,-2426.6535673147873,BEA,21
4490.0,289.8888888888889,100.0,0.0,7.0,-691.0,-2398.0,BEA,21
4510.0,293.19999744,100.0,0.0,7.0,-555.037126371393,-2375.3648899731597,BEA,21
4520.0,296.2,100.0,0.0,7.0,-433.34080684220925,-2354.531543372252,BEA,21
4530.0,298.75,100.0,0.0,7.0,-303.0,-2333.0,BEA,21
4550.0,302.5416629333333,100.0,0.0,7.0,-90.0,-2296.0,BEA,21
4560.0,304.0,100.0,0.0,7.0,4.385359052100327,-2278.6337841294353,BEA,21
4570.0,305.5,100.0,0.0,7.0,119.0,-2257.0,BEA,21
4590.0,307.8749984,100.0,0.0,7.5,277.75317495878846,-2226.566156653624,BEA,21
4610.0,310.25,100.0,0.0,8.0,466.9007764551731,-2193.0018063573284,BEA,21
4630.0,313.0624992,100.0,0.0,8.0,783.2078450778299,-2134.3792861417255,BEA,22
4640.0,314.0,100.0,0.0,8.0,941.6998000340383,-2105.051077568034,BEA,22
4660.0,315.0,100.0,0.0,8.0,1083.1202065013467,-2079.0896025177653,BEA,22
4670.0,315.0,100.0,0.0,8.0,1163.0989401845497,-2064.1322178752416,BEA,22
4690.0,317.0,100.0,0.0,8.0,1275.0939729358079,-2043.2023883561335,BEA,22
4700.0,317.2476484499953,100.0,0.0,8.0,1348.0,-2030.0,BEA,22
4720.0,318.0,100.0,0.0,8.0,1651.2092428785065,-1975.7648832726288,BEA,22
4740.0,318.0,100.0,0.0,8.0,1771.8348130227666,-1953.5288462295134,BEA,22
4750.0,318.569394628741,100.0,0.0,8.0,1870.0,-1935.0,BEA,22
4760.0,319.0,100.0,0.0,8.0,1999.3744232744739,-1910.9962046842465,BEA,22
4780.0,319.56785645714285,100.0,0.0,8.0,2197.0,-1875.0,BEA,22
4790.0,320.0,100.0,0.0,8.0,2325.912598137186,-1852.4444040316869,BEA,22
4810.0,318.85250048,100.0,0.0,8.0,2557.054855574622,-1814.6366205897687,BEA,22
4830.0,318.0,100.0,0.0,8.0,2682.445614040313,-1795.1313509766715,BEA,22
4850.0,317.00208373333334,100.0,0.0,8.0,2858.41678308313,-1767.9334008026017,BEA,23
4860.0,317.0,100.0,0.0,8.0,2945.0,-1754.0,BEA,23
4880.0,317.0,100.0,0.0,8.0,3206.0,-1713.0,BEA,23
4900.0,315.8,100.0,0.0,8.0,3467.0,-1672.0,BEA,23
4920.0,315.0,100.0,1.0,8.0,3580.748030788791,-1654.4437046277367,BEA,23
4930.0,296.57142857142856,57.14285714285714,1.0,8.0,3657.0,-1643.0,BEA,23
4940.0,272.0,0.0,1.0,8.0,3780.5705409110396,-1624.7857768213635,BEA,23
4950.0,250.4,0.0,1.0,8.0,3902.3726136321848,-1606.768581410951,BEA,23
4960.0,231.5,0.0,1.0,8.0,4034.0,-1587.0,BEA,23
4970.0,213.65001856,0.0,1.0,8.0,4147.0018565340615,-1569.7363830135496,BEA,23
4980.0,185.85001344,0.0,1.0,8.0,4253.328049529225,-1550.9196885456013,BEA,23
4990.0,166.0,0.0,1.0,8.0,4342.404189187962,-1530.6708578413159,BEA,23
5000.0,149.8,0.0,1.0,7.0,4453.4235188606235,-1501.3959830817016,BEA,23
5010.0,141.0,0.0,1.0,5.0,4524.791248845085,-1481.4607968851806,BEA,23
5020.0,123.80000128,0.0,1.0,3.25,4610.490138024507,-1440.939433774864,BEA,23
5030.0,109.32540078730159,0.0,1.0,2.0,4702.101996308099,-1366.476756269104,BEA,23
5040.0,101.75000320000001,0.027777422222222223,1.0,2.0,4766.837879839006,-1259.684761524897,BEA,23
5050.0,92.25000320000001,1.1071423999999999,0.0,1.0,4791.855611762889,-1170.2383102298154,BEA,23
5060.0,85.92500032,1.3142863542857142,0.0,1.0,4798.693153204019,-1094.08468144076,BEA,24
5080.0,82.34648707076566,38.918189628770364,0.0,1.0,4761.0,-913.0,BEA,24
5090.0,84.32532211437052,47.95759550014841,0.0,1.0,4726.788734263884,-856.2640221176835,BEA,24
5100.0,87.2374976,50.0,0.0,1.0,4671.598180662038,-792.4594317300496,BEA,24
5110.0,96.70833066666667,51.104165333333334,0.0,1.6666666666666667,4573.969097420622,-737.2757612837307,BEA,24
5120.0,104.16666453333333,57.38095116190476,0.0,2.0,4479.101479151852,-713.4093355810378,BEA,24
5130.0,111.3124976,61.1562488,0.0,2.0,4384.836540548073,-710.4580718558109,BEA,24
5140.0,117.0,67.0,0.0,2.0,4315.0,-713.0,BEA,24
5150.0,130.875,74.25,0.0,2.0,4243.964735362191,-716.5357345622488,BEA,24
5160.0,137.96428434285713,77.28571245714286,0.0,2.0,4137.207599897178,-724.4611943709893,BEA,24
5170.0,140.0,80.0,0.0,3.0,4056.659842659668,-731.141493267613,BEA,24
5180.0,154.3437432,96.87499199999999,0.0,3.5,3972.6315651805508,-740.295414047262,BEA,24
5190.0,168.87499200000002,100.0,0.0,4.0,3863.4695299911486,-752.6694116489485,BEA,24
5200.0,179.5,100.0,0.0,4.0,3743.039004067015,-766.2130463068852,BEA,24
5210.0,185.49998848,100.0,0.0,4.0,3672.0,-774.0,BEA,24
5220.0,192.0,100.0,0.0,4.0,3587.9509033987597,-782.7764141719412,BEA,24
5230.0,198.91666666666669,100.0,0.0,5.0,3479.221861898468,-793.0036295001617,BEA,24
5240.0,209.2142829714286,100.0,0.0,5.0,3347.4925451358567,-804.5244627180392,BEA,24
5260.0,214.3571401142857,100.0,0.0,5.0,3198.8803807252016,-817.1896698401563,BEA,24
5270.0,216.71428571428572,100.0,0.0,5.0,3021.0,-832.0,BEA,24
5280.0,218.0,100.0,0.0,5.0,2957.2053322010906,-837.2440540729906,BEA,25
5290.0,220.75,100.0,0.0,5.0,2891.8934589100763,-842.7041276504634,BEA,25
5310.0,235.53124400000002,100.0,0.0,5.0,2674.8206962746744,-861.8975987981105,BEA,25
5320.0,240.0,100.0,0.0,6.0,2481.8145456335715,-878.8332980213837,BEA,25
5330.0,240.875,100.0,0.0,6.0,2445.0,-882.0,BEA,25
5340.0,247.0,100.0,0.0,6.0,2329.219611903625,-891.0752333123348,BEA,25
5350.0,247.88888888888889,100.0,0.0,6.0,2295.0,-894.0,BEA,25
5370.0,250.77222115555554,100.0,0.0,6.0,2112.2298052134147,-910.4136903201975,BEA,25
5380.0,254.49122638174302,100.0,0.0,6.0,1932.0,-925.0,BEA,25
5400.0,258.0,100.0,0.0,6.0,1810.29902152933,-935.5546595633896,BEA,25
5410.0,258.49792491451626,100.0,0.0,6.0,1715.0,-944.0,BEA,25
5420.0,259.0,100.0,0.0,6.0,1578.0864472557114,-955.9675008900292,BEA,25
5430.0,261.54249856,100.0,0.0,6.0,1407.3243342009384,-970.7847132656196,BEA,25
5440.0,263.2437488,100.0,0.0,6.0,1311.0,-979.0,BEA,25
5450.0,264.0,100.0,0.0,6.0,1247.3139251994703,-984.423140268349,BEA,25
5470.0,266.0593744,100.0,0.0,7.0,1091.5044254728296,-997.7329245595354,BEA,25
0.0,282.89629487407404,100.0,0.0,7.0,1019.4995649274678,-1004.3491851046107,OCO,1
10.0,285.00629052331936,100.0,0.0,7.0,949.0,-1010.0,OCO,1
20.0,288.0,100.0,0.0,7.0,837.5627018322843,-1019.3825000974189,OCO,1
40.0,291.83409396363635,100.0,0.0,7.0,596.0,-1041.0,OCO,1
50.0,295.0,100.0,0.0,7.0,469.26308306178646,-1052.7302656299619,OCO,1
60.0,296.5125024,100.0,0.0,7.0,399.0,-1059.0,OCO,1
70.0,297.0,100.0,0.0,7.0,374.35363034248104,-1061.1135289780968,OCO,1
80.0,300.0,100.0,0.0,7.0,220.56105039977174,-1073.9222612973736,OCO,1
90.0,300.60999936,100.0,0.0,7.0,150.0,-1080.0,OCO,1
100.0,302.41000192,100.0,0.0,7.0,-100.0,-1102.0,OCO,1
120.0,304.0,100.0,0.0,8.0,-199.38909517133652,-1110.7325876519858,OCO,1
130.0,306.0125024,100.0,0.0,8.0,-270.0,-1117.0,OCO,1
140.0,307.0,100.0,0.0,8.0,-337.7015839403502,-1123.0733773028378,OCO,1
160.0,308.44999964444446,100.0,0.0,8.0,-628.0,-1149.0,OCO,1
170.0,309.0,100.0,0.0,8.0,-701.1898222822119,-1155.2808908489578,OCO,1
190.0,310.0,100.0,0.0,8.0,-817.0,-1165.0,OCO,1
210.0,311.98277347399437,100.0,0.0,8.0,-1066.1773163966955,-1187.2214701394878,OCO,1
220.0,311.75882863592153,100.0,0.0,8.0,-1178.0,-1197.0,OCO,2
310.0,309.95250048,100.0,0.0,8.0,-2062.486740932154,-1274.919750816535,OCO,2
330.0,308.95568203636367,100.0,0.0,8.0,-2344.687432421652,-1299.17725667604,OCO,2
360.0,308.0693184,100.0,0.0,8.0,-2621.538481172565,-1323.093245278371,OCO,2
380.0,306.9303574857143,100.0,0.0,8.0,-2891.1133044758826,-1347.3197853471725,OCO,2
400.0,306.0,100.0,0.0,8.0,-3023.34790019366,-1358.526154788839,OCO,2
420.0,306.0,100.0,0.0,8.0,-3215.0,-1375.0,OCO,2
430.0,306.0,100.0,0.0,8.0,-3317.501180030205,-1384.0941701595889,OCO,2
440.0,305.625,100.0,0.0,8.0,-3417.0,-1393.0,OCO,3
460.0,305.0625,100.0,0.0,8.0,-3568.7700178653718,-1406.4968325481886,OCO,3
480.0,303.2857142857143,24.571428571428573,0.5,8.0,-3789.3108210699174,-1426.0686886181957,OCO,3
500.0,268.55003392,4.8500070399999995,1.0,8.0,-4045.0,-1448.0,OCO,3
510.0,250.0,1.0,1.0,8.0,-4130.080930874313,-1455.506567782649,OCO,3
520.0,236.8,1.0,1.0,8.0,-4190.0,-1461.0,OCO,3
530.0,205.29167573333334,1.0416661333333335,1.0,7.0,-4320.10052511375,-1473.5361130057474,OCO,3
550.0,182.77241210756134,1.9791664,1.0,6.25,-4472.65847501233,-1484.6856308801025,OCO,3
560.0,161.0,1.0,1.0,6.0,-4629.834153224096,-1485.7733141749195,OCO,3
570.0,152.47500159999998,0.2895834666666667,1.0,5.0,-4708.086552329585,-1484.4440337193992,OCO,3
580.0,134.18214491428571,0.0,1.0,3.5,-4771.059663236174,-1477.6516796584276,OCO,3
590.0,123.03610951111112,0.0,1.0,2.3333333333333335,-4871.296485822639,-1455.6510607613843,OCO,3
600.0,114.23750079999999,0.0,1.0,2.0,-4964.758140404257,-1409.2258891808074,OCO,3
610.0,104.10092397037037,0.0,1.0,2.0,-5049.017879550339,-1322.05922129949,OCO,3
620.0,94.66666666666667,0.0,1.0,2.0,-5103.513640272097,-1230.603296547818,OCO,3
630.0,89.9861111111111,0.0,1.0,2.0,-5117.773109576085,-1179.1791047493161,OCO,3
640.0,82.01875,0.0,0.25,2.0,-5125.66517838625,-1056.6514615850824,OCO,3
650.0,76.59958582921439,0.4333312,0.0,2.0,-5102.777832534793,-966.0404500805171,OCO,3
660.0,73.60166698666666,16.777912426666667,0.0,2.0,-5050.875231038248,-881.9231901292371,OCO,4
670.0,80.01874826666666,37.68124746666667,0.0,2.0,-4963.893433421238,-811.1106968679924,OCO,4
680.0,86.14285714285714,44.92857142857143,0.0,2.0,-4859.537651709561,-787.7467189753704,OCO,4
690.0,93.55714157714286,49.48928475428571,0.0,2.0,-4701.299768960249,-813.5855931779447,OCO,4
700.0,101.29166506666667,46.75,0.0,2.0,-4594.684348842659,-857.2041512394912,OCO,4
710.0,99.56818443636364,0.0,1.0,2.0,-4498.332226842107,-887.8558530864228,OCO,4
720.0,90.8,0.0,1.0,2.0,-4398.5,-907.0,OCO,4
730.0,82.92916586666666,0.0,0.25,2.0,-4302.0870540661235,-905.0110863184856,OCO,4
740.0,74.4916672,0.0,0.0,2.0,-4214.271702540516,-864.235558713016,OCO,4
750.0,71.1223956,8.4515652,0.0,2.0,-4164.685591178771,-785.143490962228,OCO,4
760.0,73.40625056,28.92125216,0.0,2.0,-4142.80956232395,-686.9689429939248,OCO,4
770.0,80.28125,42.28125,0.0,2.0,-4140.194838943485,-588.9436253134061,OCO,4
780.0,90.81818181818181,51.45454545454545,0.0,2.0,-4160.158094429738,-500.72986162508585,OCO,4
790.0,103.11590909090908,58.54772727272727,0.0,2.0,-4206.86987734938,-407.6197062156664,OCO,4
800.0,110.625,63.5,0.0,2.0,-4296.939023128894,-294.33138475202327,OCO,4
810.0,123.1984336,73.1062464,0.0,3.0,-4372.092519449753,-200.48237244282015,OCO,4
820.0,135.0,84.0,0.0,3.0,-4409.3564313682455,-145.04342747987874,OCO,4
830.0,147.11040586666667,86.27708053333333,0.0,3.0,-4437.23106345434,-89.70641088892233,OCO,4
840.0,162.0,91.0,0.0,3.0,-4465.116613490424,-29.105666112915955,OCO,4
850.0,168.41071085714287,98.28214217142857,0.0,3.0,-4500.836723232904,74.02608041005406,OCO,4
860.0,177.58332586666666,100.0,0.0,4.0,-4529.048163329127,194.96189517145964,OCO,4
870.0,189.83333333333331,100.0,0.0,4.0,-4546.449574429103,303.70219427182445,OCO,4
880.0,195.9,100.0,0.0,4.0,-4558.971504902367,413.789704933817,OCO,5
890.0,204.0,100.0,0.0,5.0,-4566.0,516.0,OCO,5
900.0,215.0,100.0,0.0,5.0,-4566.457658222891,633.8966712742721,OCO,5
910.0,215.85714285714286,100.0,0.0,5.0,-4566.0,658.0,OCO,5
920.0,220.14285714285714,100.0,0.0,5.0,-4561.837414372603,780.9105025792489,OCO,5
930.0,225.2,100.0,0.0,5.0,-4555.840852703115,893.9472870934857,OCO,5
940.0,228.33333333333334,100.0,0.0,5.0,-4552.0,958.0,OCO,5
960.0,239.74999680000002,100.0,0.0,6.0,-4530.346455648523,1200.3765824821958,OCO,5
980.0,246.0,100.0,0.0,6.0,-4507.0,1355.0,OCO,5
990.0,251.40100269922937,100.0,0.0,6.0,-4474.505706083418,1503.3245844700803,OCO,5
1010.0,257.01503535560596,100.0,0.0,6.0,-4415.0,1692.0,OCO,5
1020.0,259.0,100.0,0.0,6.0,-4388.096445287685,1757.0019256789037,OCO,5
1030.0,261.81750336,100.0,0.0,6.0,-4336.0,1860.0,OCO,5
1050.0,265.48374944,100.0,0.0,6.0,-4251.547347888867,1985.6851635780688,OCO,5
1070.0,269.06944355555555,100.0,0.0,6.0,-4126.0,2128.0,OCO,5
1080.0,271.3812496,100.0,0.0,7.0,-3997.1565560358385,2240.804049139173,OCO,5
1090.0,273.0,100.0,0.0,7.0,-3934.469555954108,2294.626289239408,OCO,5
1100.0,274.5093768,100.0,0.0,7.0,-3852.0,2346.0,OCO,6
1110.0,276.0,100.0,0.0,7.0,-3626.525598533722,2460.488805043602,OCO,6
1120.0,277.1666666666667,100.0,0.0,7.0,-3428.0,2557.0,OCO,6
1130.0,278.0,100.0,0.0,7.0,-3348.4229077070204,2593.506240829798,OCO,6
1140.0,279.0,100.0,0.0,7.0,-3316.19038371654,2601.218625304677,OCO,6
1160.0,282.0,100.0,0.0,7.0,-3217.0,2626.0,OCO,6
1170.0,282.0,100.0,0.0,7.0,-2960.0,2703.0,OCO,6
1190.0,283.0,100.0,0.0,7.0,-2847.9068185769333,2736.872301348809,OCO,6
1200.0,285.33333333333337,100.0,0.0,7.0,-2774.1253423292737,2759.5289563897045,OCO,6
1220.0,289.0,100.0,0.0,7.0,-2611.0,2811.0,OCO,6
1230.0,289.0,100.0,0.0,7.0,-2504.0,2846.0,OCO,6
1240.0,289.0,100.0,0.0,7.0,-2427.317283048982,2871.5379899449263,OCO,6
1260.0,289.0,100.0,0.0,7.0,-2276.0,2923.0,OCO,6
1270.0,289.0,100.0,0.0,7.0,-2123.6849385511687,2976.4897331382767,OCO,6
1280.0,289.32916586666664,100.0,0.0,7.0,-2064.0,2998.0,OCO,6
1290.0,290.0,100.0,0.0,7.0,-1927.7788739729926,3048.4195084934263,OCO,6
1310.0,290.0,100.0,0.0,7.0,-1792.6434935442267,3100.1358682802447,OCO,6
1320.0,289.00250048,100.0,0.0,7.0,-1642.5055037254942,3157.1917530947107,OCO,7
1340.0,289.0,100.0,0.0,7.0,-1357.0,3270.0,OCO,7
1350.0,289.0,100.0,0.0,7.0,-1320.8851868183428,3284.522897702373,OCO,7
1380.0,289.95000064,100.0,0.0,7.0,-1135.4907546568147,3363.2684747503545,OCO,7
1390.0,289.2,100.0,0.0,7.0,-1027.442537841885,3408.7110954899667,OCO,7
1410.0,289.0,100.0,0.0,7.0,-829.1643226203762,3496.3594129527733,OCO,7
1420.0,276.7,70.0,0.0,7.0,-652.0,3577.0,OCO,7
1440.0,248.0,0.0,1.0,7.0,-505.0391950201043,3640.9205011630343,OCO,7
1450.0,231.125,0.0,1.0,7.0,-443.38131481091324,3668.5749367789117,OCO,7
1460.0,222.5,0.0,1.0,7.0,-413.0,3683.0,OCO,7
1470.0,184.2500096,0.0,1.0,6.0,-223.70866918483637,3767.4773735238023,OCO,7
1480.0,170.0,0.0,1.0,6.0,-140.40938773419646,3803.599980772561,OCO,7
1490.0,146.7500096,0.0,1.0,5.0,-66.73021819400621,3831.075724472118,OCO,7
1500.0,133.31034896004283,0.0,1.0,3.6666666666666665,25.29758265193477,3857.768659705307,OCO,7
1510.0,119.72750144,0.0,1.0,3.0,130.39273240099843,3872.1170323392607,OCO,7
1520.0,110.24583360000001,0.0,1.0,3.0,223.56143850761978,3861.89902687227,OCO,7
1530.0,105.79499904,0.10250048,1.0,3.0,308.294327880965,3827.4662793642874,OCO,7
1540.0,102.43888782222223,13.098619377777778,0.0,3.0,402.09443641266125,3749.6941675278526,OCO,8
1550.0,101.78571428571428,42.714285714285715,0.0,3.0,463.04751712002127,3673.073606312818,OCO,8
1560.0,105.0,51.0,0.0,3.0,495.0,3617.0,OCO,8
1570.0,111.91666666666667,58.454166666666666,0.0,3.0,535.2414131163624,3512.426084115744,OCO,8
1580.0,121.68656459790844,67.58208613054458,0.0,3.0,562.3531654206432,3399.6594910925687,OCO,8
1590.0,125.0,72.0,0.0,3.0,566.9060108270157,3369.3998602647907,OCO,8
1600.0,139.6281196,78.031244,0.0,3.0,581.3926306644429,3240.2576937198533,OCO,8
1610.0,155.3562464,98.11874879999999,0.0,3.0,592.3075465349409,3114.611608872174,OCO,8
1620.0,163.46874400000002,100.0,0.0,3.0,610.5800345310021,2950.3596758190706,OCO,8
1630.0,176.0,100.0,0.0,4.0,619.3061287315431,2870.0020836421577,OCO,8
1640.0,182.74999588571427,100.0,0.0,4.0,627.8247433136704,2806.6773894122307,OCO,8
1650.0,194.75,100.0,0.0,4.0,642.0301271944437,2704.947648891644,OCO,8
1660.0,201.5,100.0,0.0,4.0,657.0,2596.0,OCO,8
1670.0,205.0,100.0,0.0,5.0,670.1536232717493,2505.7444898292215,OCO,8
1680.0,209.5833216,100.0,0.0,5.0,679.0,2448.0,OCO,8
1690.0,216.2142829714286,100.0,0.0,5.0,693.0488886389246,2359.934789234187,OCO,8
1700.0,221.57142857142856,100.0,0.0,5.0,718.3094233311997,2208.6539179241636,OCO,8
1710.0,225.9999926857143,100.0,0.0,5.0,738.0,2109.0,OCO,8
1720.0,230.55555555555554,100.0,0.0,5.0,758.2791970271762,2008.6598191076337,OCO,8
1740.0,239.72221866666666,100.0,0.0,5.5,810.6694007652459,1798.9346970927313,OCO,8
1760.0,243.6,100.0,0.0,6.0,850.0226236444057,1672.0406455377197,OCO,9
1770.0,245.57142674285714,100.0,0.0,6.0,937.0,1448.0,OCO,9
1780.0,246.0,100.0,0.0,6.0,951.9163397852194,1412.8627033458788,OCO,9
1790.0,249.4020104381206,96.98492171409532,0.0,6.0,984.6316938558803,1350.5622887637846,OCO,9
1800.0,251.0,85.0,0.0,6.0,1028.7198563124307,1274.0547837728577,OCO,9
1810.0,252.0,80.0,0.0,6.0,1091.9216846208967,1171.2375285807238,OCO,9
1820.0,252.2928585142857,77.80356114285715,0.0,6.0,1109.0,1147.0,OCO,9
1830.0,253.71785782857143,67.11606628571428,0.0,6.0,1197.7599937637865,1040.8906097347765,OCO,9
1840.0,253.18999808,62.16499328,0.0,6.0,1257.0,981.0,OCO,9
1850.0,251.4916672,58.08472213333333,0.0,6.0,1336.3671131620372,913.0417163561958,OCO,9
1870.0,246.82500053333334,58.862499911111115,0.0,6.0,1499.9326230750125,808.7978966606233,OCO,9
1880.0,245.4968744,53.4656184,0.0,6.0,1629.0,750.0,OCO,9
1890.0,245.0,48.0,1.0,6.0,1686.6494034204559,726.7483869961789,OCO,9
1900.0,242.5,41.0,1.0,6.0,1751.0,711.0,OCO,9
1910.0,240.0,34.0,0.0,6.0,1865.0904359579863,689.4932015477721,OCO,9
1920.0,236.5,34.4375,0.0,6.0,2011.0,667.0,OCO,9
1930.0,232.0,35.0,0.0,6.0,2127.834155524105,660.1486783299043,OCO,9
1940.0,231.5,46.875,0.0,6.0,2201.651490939652,668.8232642525561,OCO,9
1950.0,228.0,53.0,0.0,6.0,2260.959426755686,678.190500688866,OCO,9
1960.0,226.71428571428572,62.0,0.0,6.0,2348.0,698.0,OCO,9
1970.0,226.16597497150542,68.49377474354876,0.0,6.0,2432.271679865662,724.4762130387358,OCO,9
1980.0,227.0,76.0,0.0,6.0,2552.5786733583564,772.4248906556745,OCO,10
1990.0,227.35909003636363,80.30908043636364,0.0,6.0,2598.0,794.0,OCO,10
2000.0,228.44999912727272,93.39998952727272,0.0,6.0,2729.0,868.0,OCO,10
2010.0,229.0,100.0,0.0,6.0,2786.760775268145,910.4193303622014,OCO,10
2060.0,233.0,100.0,0.0,6.0,3097.548774373681,1224.7319315068014,OCO,10
2070.0,233.375,99.625,0.0,6.0,3187.0,1283.0,OCO,10
2080.0,233.9687496,99.0312504,0.0,6.0,3340.1748746721137,1368.1722021232247,OCO,10
2090.0,234.0,99.0,0.0,6.0,3408.07826802589,1397.7613240252465,OCO,10
2100.0,234.27777706666666,95.11112106666667,0.0,6.0,3456.0,1409.0,OCO,10
2110.0,234.97727301818182,84.95454603636364,0.0,6.0,3679.484453555384,1448.046920656518,OCO,10
2140.0,234.02272756363635,83.04545512727273,0.0,6.0,3901.9320570148507,1442.2072110342174,OCO,10
2150.0,234.66666666666666,81.0,0.0,6.0,4012.0,1425.0,OCO,10
2160.0,235.0,80.0,0.0,6.0,4063.257565646018,1413.2453127675026,OCO,10
2170.0,235.3,80.9,0.0,6.0,4138.0,1391.0,OCO,10
2180.0,235.95,82.85,0.0,6.0,4294.682942378091,1325.131632130308,OCO,10
2190.0,236.85714285714286,90.28571428571429,0.0,6.0,4375.0,1281.0,OCO,10
2200.0,238.0,100.0,0.0,6.0,4463.0,1222.0,OCO,11
2220.0,238.92857142857144,100.0,0.0,6.0,4594.747395187707,1109.7917050986212,OCO,11
2240.0,240.9374992,100.0,0.0,6.0,4748.426041559838,950.0723660397969,OCO,11
2250.0,241.0,100.0,0.0,6.0,4809.461387038811,879.7487454022196,OCO,11
2270.0,244.2562512,100.0,0.0,6.0,4951.188594606401,705.1823694775767,OCO,11
2280.0,246.0,100.0,0.0,6.0,4997.676200876836,644.8446635992013,OCO,11
2290.0,248.0,100.0,0.0,6.0,5033.612672677337,596.8011669918388,OCO,11
2300.0,248.3156248,100.0,0.0,6.0,5087.0,533.0,OCO,11
2310.0,248.9078124,100.0,0.0,6.0,5232.6193274304405,364.61117327329043,OCO,11
2320.0,251.0,100.0,0.0,6.0,5326.345349579644,257.8111820217983,OCO,11
2330.0,251.66666666666666,100.0,0.0,6.0,5356.0,224.0,OCO,11
2340.0,253.0,100.0,0.0,6.0,5427.547593325474,141.88648424302434,OCO,11
2350.0,254.16666666666666,100.0,0.0,6.0,5495.0,65.0,OCO,11
2360.0,255.66666666666666,100.0,0.0,6.0,5579.0,-29.0,OCO,11
2370.0,256.0,100.0,0.0,6.0,5597.967689867694,-50.13356522195135,OCO,11
2380.0,256.625,100.0,0.0,6.0,5693.0,-156.0,OCO,11
2390.0,257.0,100.0,0.0,6.0,5745.902204961505,-215.17251951587195,OCO,11
2400.0,258.0,100.0,0.0,6.0,5817.0,-295.0,OCO,11
2410.0,259.1875,100.0,0.0,6.0,5932.024356352269,-424.54724746337024,OCO,11
2420.0,260.0,100.0,0.0,6.0,6001.36658441289,-503.3758870071268,OCO,12
2440.0,258.0654211197481,3.2710559874057665,0.5,6.0,6106.294603198361,-626.028225487179,OCO,12
2450.0,251.28501632,0.0,1.0,6.0,6147.0,-674.0,OCO,12
2460.0,241.0,0.0,1.0,6.0,6223.512758170653,-767.1511610866862,OCO,12
2470.0,229.83500672,0.0,1.0,6.0,6317.7681711660525,-888.6655449832442,OCO,12
2480.0,214.0,4.0,1.0,6.0,6385.054801624394,-1004.4246084901346,OCO,12
2500.0,204.0250048,6.99249856,1.0,6.0,6402.041633122749,-1072.195627110887,OCO,12
2520.0,190.3181858909091,12.863634618181818,1.0,5.5,6428.017418131194,-1276.007831003671,OCO,12
2530.0,186.0,14.333333333333334,1.0,5.0,6422.0,-1365.0,OCO,12
2540.0,178.91666666666666,24.75,0.0,4.666666666666667,6386.117654866767,-1521.1516058713598,OCO,12
2550.0,176.0,48.666666666666664,0.0,4.0,6359.0,-1597.0,OCO,12
2560.0,176.0,71.02776533333333,0.0,4.0,6312.85435115767,-1697.1939199351584,OCO,12
2570.0,181.0,74.0,0.0,4.0,6246.0,-1802.0,OCO,12
2580.0,183.0,77.0,0.0,4.0,6161.519156179558,-1899.3807317972344,OCO,12
2590.0,185.77777066666667,78.94443946666667,0.0,4.0,6111.0,-1953.0,OCO,12
2600.0,193.0,84.0,0.0,5.0,6039.951908610434,-2012.2533656142207,OCO,12
2610.0,198.624992,84.5624992,0.0,5.0,5979.0,-2042.0,OCO,12
2620.0,201.75,84.875,0.0,5.0,5930.835936316808,-2065.691593654172,OCO,12
2630.0,208.32142720000002,91.07142400000001,0.0,5.0,5827.853707998394,-2105.7967585576494,OCO,12
2650.0,211.41840502231702,100.0,0.0,5.0,5632.403769362767,-2152.640707772072,OCO,13
2660.0,221.0,100.0,0.0,5.0,5538.168925132253,-2169.7176567806996,OCO,13
2670.0,222.446432,100.0,0.0,5.0,5505.0,-2175.0,OCO,13
2680.0,227.4203116,100.0,0.0,5.0,5353.178861955951,-2199.2604036340354,OCO,13
2700.0,235.40500096,100.0,0.0,5.0,5126.1475292872665,-2219.3737529476934,OCO,13
2710.0,237.0,100.0,0.0,5.0,5024.079815268484,-2224.2841498827956,OCO,13
2730.0,243.51250240000002,100.0,0.0,5.5,4871.114643805769,-2228.3577901053213,OCO,13
2740.0,250.0,100.0,0.0,6.0,4719.0,-2233.0,OCO,13
2760.0,250.44444444444446,100.0,0.0,6.0,4596.778643088587,-2238.1532772603196,OCO,13
2770.0,255.77777777777777,100.0,0.0,6.0,4354.0,-2252.0,OCO,13
2780.0,258.0,100.0,0.0,6.0,4293.644177535587,-2255.8800740603924,OCO,13
2790.0,258.75,100.0,0.0,6.0,4225.0,-2261.0,OCO,13
2800.0,259.0,100.0,0.0,6.0,4190.130274141139,-2263.493154272204,OCO,13
2820.0,262.5,100.0,0.0,6.0,3976.6130062332604,-2277.9311013085744,OCO,13
2830.0,264.8695641803955,100.0,0.0,6.0,3839.006520039049,-2286.4271479942754,OCO,13
2850.0,265.99499904,100.0,0.0,6.0,3684.0,-2296.0,OCO,13
2860.0,266.99749952,100.0,0.0,6.5,3432.513706022122,-2312.031557999831,OCO,14
2880.0,268.0,100.0,0.0,7.0,3313.1084587378964,-2320.61832770449,OCO,14
2890.0,268.29499904,100.0,0.0,7.0,3284.0,-2323.0,OCO,14
2900.0,269.19499904,100.0,0.0,7.0,3150.0,-2334.0,OCO,14
2910.0,270.0,100.0,0.0,7.0,3034.995276750682,-2344.6622944498863,OCO,14
2920.0,270.1666666666667,100.0,0.0,7.0,3001.0,-2348.0,OCO,14
2930.0,271.0,100.0,0.0,7.0,2775.6476826018966,-2370.7525473091964,OCO,14
2940.0,271.57142857142856,100.0,0.0,7.0,2625.0,-2386.0,OCO,14
2950.0,272.0,100.0,0.0,7.0,2575.8652485715893,-2390.7537834832256,OCO,14
2960.0,273.16666453333335,100.0,0.0,7.0,2534.0,-2395.0,OCO,14
2970.0,274.0,100.0,0.0,7.0,2473.651657446245,-2401.668958661905,OCO,14
2990.0,272.66666666666663,91.66666666666666,0.0,7.0,2291.9790131262034,-2422.2897339511796,OCO,14
3000.0,258.0,0.0,1.0,7.0,2140.976139557547,-2439.982858092553,OCO,14
3010.0,255.58336426666668,0.0,1.0,7.0,2125.0,-2442.0,OCO,14
3020.0,231.41666666666669,0.0,1.0,7.0,1950.7929075786224,-2464.8471325506603,OCO,14
3040.0,179.0,0.0,1.0,7.0,1780.0,-2487.0,OCO,14
3050.0,151.00000426666668,0.0,1.0,7.0,1668.656952837232,-2504.450063723491,OCO,14
3060.0,133.97222897777777,0.0,1.0,5.333333333333333,1564.76181524805,-2523.8336587044364,OCO,14
3070.0,117.8750048,0.0,1.0,3.5,1470.578075546784,-2545.105431859164,OCO,14
3080.0,105.48538029705851,0.0,1.0,2.6666666666666665,1374.0125057408495,-2576.9963408583694,OCO,15
3090.0,96.44375093333333,0.0,1.0,1.5,1289.7162772405563,-2625.2380089705093,OCO,15
3100.0,88.46904807619048,0.0,0.3333333333333333,1.0,1234.0672238865245,-2697.9245331846773,OCO,15
3110.0,83.25,16.71875,0.0,1.0,1222.2846102735928,-2772.8509979976284,OCO,15
3120.0,80.67708333333333,39.489583333333336,0.0,1.25,1244.708701680394,-2864.79635968291,OCO,15
3130.0,86.7875,52.25,0.0,2.0,1301.387627455078,-2949.499870061389,OCO,15
3140.0,95.0,60.0,0.0,2.0,1392.0,-3028.0,OCO,15
3150.0,107.48958133333333,64.98333013333333,0.0,2.0,1477.1892506092743,-3082.7991189377813,OCO,15
3160.0,119.45207813333333,73.3624976,0.0,2.0,1660.2169354586142,-3190.431884714803,OCO,15
3170.0,126.0,78.0,0.0,2.0,1771.7331802588603,-3254.707770886464,OCO,15
3180.0,140.92857142857144,95.28571428571428,0.0,2.5,1818.3433378152304,-3283.590654419388,OCO,15
3190.0,149.83333333333334,100.0,0.0,3.0,1924.5676573892022,-3353.790971298258,OCO,15
3200.0,158.44999552000002,100.0,0.0,3.0,2056.0793113082777,-3464.981205477792,OCO,15
3210.0,163.0,100.0,0.0,3.0,2108.433168917237,-3515.7627166259663,OCO,15
3220.0,172.4285696,100.0,0.0,4.0,2152.671256065351,-3576.460336657465,OCO,15
3230.0,176.0,100.0,0.0,4.0,2209.0,-3679.0,OCO,15
3240.0,181.0,100.0,0.0,4.0,2254.7141943712363,-3825.0147681806707,OCO,15
3250.0,184.0,100.0,0.0,4.0,2272.55489309678,-3893.329362010947,OCO,15
3260.0,189.0,100.0,0.0,4.0,2285.4320128082813,-3980.3260467110313,OCO,15
3270.0,190.3124944,100.0,0.0,4.0,2287.0,-4013.0,OCO,15
3280.0,196.0,100.0,0.0,5.0,2294.0,-4220.0,OCO,15
3290.0,200.0,100.0,0.0,5.0,2290.939256791945,-4315.079724089526,OCO,15
3310.0,204.0,100.0,0.0,5.0,2275.0,-4399.0,OCO,16
3320.0,207.61666304000002,100.0,0.0,5.0,2239.029625082288,-4556.409587672113,OCO,16
3340.0,214.3761741699857,100.0,0.0,5.0,2192.6005359581777,-4704.505526447929,OCO,16
3350.0,217.63009341999353,100.0,0.0,5.0,2109.6772034250753,-4909.954237567959,OCO,16
3370.0,218.9303574857143,6.96425142857143,0.5,5.0,2058.5094349880137,-5009.824876574359,OCO,16
3390.0,198.5321353142857,0.0,1.0,5.0,1975.9663902770512,-5145.923761750581,OCO,16
3400.0,178.0,0.0,1.0,4.0,1901.022250923593,-5245.58378748195,OCO,16
3410.0,175.0,0.16666666666666669,1.0,4.0,1853.0,-5303.0,OCO,16
3420.0,160.0,1.0,1.0,4.0,1734.0,-5423.0,OCO,16
3430.0,155.0909090909091,5.909090909090909,1.0,4.0,1634.0,-5480.0,OCO,16
3440.0,153.75,6.9,0.0,4.0,1599.0871340367764,-5490.873768288353,OCO,16
3450.0,146.97361137777776,10.5374912,0.0,4.0,1460.4988959950508,-5509.049415250559,OCO,16
3460.0,145.0,45.0,0.0,4.0,1310.9275540288045,-5495.5792466691355,OCO,16
3470.0,146.49583253333333,55.47082773333334,0.0,4.0,1227.5755451153518,-5473.608044938605,OCO,16
3480.0,147.0,67.0,0.0,4.0,1147.2348229062657,-5438.549403989396,OCO,16
3490.0,154.58999808,69.81124736000001,0.0,4.0,1093.651614231418,-5406.74421628211,OCO,16
3500.0,161.2,78.9,0.0,4.0,1007.6697055615272,-5344.807994439505,OCO,16
3510.0,168.79999487999999,81.69999872,0.0,4.0,932.6956902993502,-5278.509160117601,OCO,16
3520.0,175.2499904,89.8749856,0.0,4.0,871.0,-5221.0,OCO,17
3530.0,182.0,100.0,0.0,4.0,773.851094568852,-5132.627377067957,OCO,17
3540.0,188.66666666666669,100.0,0.0,4.5,679.4941137320684,-5047.980495728703,OCO,17
3550.0,197.0,100.0,0.0,5.0,620.9278008292126,-4996.509359316018,OCO,17
3560.0,198.7,100.0,0.0,5.0,609.0,-4986.0,OCO,17
3580.0,214.76428208761902,100.0,0.0,5.0,441.7120925977526,-4836.349719686802,OCO,17
3590.0,225.0,100.0,0.0,5.0,404.5696668299213,-4801.766268206913,OCO,17
3600.0,228.75,100.0,0.0,5.0,370.54186020681834,-4771.550201314435,OCO,17
3610.0,233.0,100.0,0.0,5.0,300.0,-4709.0,OCO,17
3630.0,240.0,100.0,0.0,6.0,161.0,-4585.0,OCO,17
3640.0,247.14285714285714,100.0,0.0,6.0,59.0,-4494.0,OCO,17
3650.0,250.17856914285716,100.0,0.0,6.0,13.035094311771635,-4452.551521417256,OCO,17
3660.0,253.21428114285715,100.0,0.0,6.0,-75.0,-4373.0,OCO,17
3670.0,255.0,100.0,0.0,6.0,-143.70914659664268,-4311.606930840767,OCO,17
3680.0,257.8749984,100.0,0.0,6.0,-314.7993934462155,-4158.73522860546,OCO,17
3710.0,262.0,100.0,0.0,6.0,-433.81883519849106,-4047.85272309543,OCO,17
3720.0,262.7799432806382,100.0,0.0,6.0,-505.0,-3991.0,OCO,17
3730.0,264.0035721142857,100.0,0.0,6.0,-666.6783365316335,-3872.220706189922,OCO,17
3760.0,266.0,100.0,0.0,6.0,-806.719754122295,-3795.114351560135,OCO,18
3780.0,266.0,100.0,0.0,6.0,-1031.752288748073,-3727.3614670812494,OCO,18
3790.0,266.0,100.0,0.0,6.0,-1178.0,-3715.0,OCO,18
3810.0,264.3125,100.0,0.0,6.0,-1382.0,-3720.0,OCO,18
3820.0,263.0,100.0,0.0,6.0,-1502.816849343584,-3734.856233629468,OCO,18
3830.0,260.0,100.0,0.0,6.0,-1587.2329519591297,-3763.0847549267824,OCO,18
3840.0,260.0,100.0,0.0,6.0,-1681.2331183954434,-3804.337645243585,OCO,18
3860.0,258.2554527568631,100.0,0.0,6.0,-1848.0,-3883.0,OCO,18
3870.0,257.78750034285713,100.0,0.0,6.0,-1915.3743897323275,-3918.995357897878,OCO,18
3890.0,257.00178605714285,100.0,0.0,6.0,-2072.4016186267854,-4003.1991899901072,OCO,18
3900.0,259.0,100.0,0.0,6.0,-2255.5352613439204,-4084.922870331695,OCO,18
3910.0,259.0,100.0,0.0,6.0,-2368.7064155159087,-4130.195229484851,OCO,18
3930.0,257.0,100.0,0.0,6.0,-2473.4281569203904,-4158.034566933344,OCO,18
3940.0,257.0,100.0,0.0,6.0,-2609.8355186977046,-4177.015223810057,OCO,18
3950.0,256.95833386666664,100.0,0.0,6.0,-2785.739942331448,-4197.177037960834,OCO,18
3980.0,255.0833344,100.0,0.0,6.0,-3020.0,-4186.0,OCO,19
3990.0,255.0,100.0,0.0,6.0,-3036.839466369149,-4182.991212891316,OCO,19
4000.0,253.5,90.3,0.0,6.0,-3213.216213109966,-4150.22066554334,OCO,19
4010.0,249.0,3.0,1.0,6.0,-3315.7013850714584,-4129.3525411881,OCO,19
4020.0,234.21430674285713,1.0714313142857141,1.0,6.0,-3397.0,-4100.0,OCO,19
4030.0,226.0,0.0,1.0,6.0,-3474.8695265633996,-4066.5988736762138,OCO,19
4040.0,218.8,0.0,1.0,6.0,-3613.296045812468,-4002.8984214469906,OCO,19
4050.0,204.0,0.0,1.0,6.0,-3670.846295290928,-3966.994815277628,OCO,19
4060.0,198.83335537777776,0.0,1.0,6.0,-3686.0,-3955.0,OCO,19
4070.0,173.0,0.0,1.0,4.0,-3803.0,-3860.0,OCO,19
4090.0,154.66666666666669,0.0,1.0,4.0,-3954.8191829156626,-3671.92001344479,OCO,19
4100.0,134.00000853333333,0.0,1.0,3.5,-4009.2177667739434,-3565.9884951313898,OCO,19
4110.0,128.2812528,0.0,1.0,3.0,-4031.0,-3499.0,OCO,19
4120.0,122.22222222222223,0.0,1.0,2.6666666666666665,-4047.3905806097496,-3405.0393943907943,OCO,19
4130.0,114.88944905916694,0.0,1.0,2.0,-4046.9603740668126,-3318.0134325621602,OCO,19
4140.0,105.73471928888888,0.0,1.0,2.0,-4017.444351142932,-3205.7933512659324,OCO,19
4150.0,98.65178571428572,8.535714285714285,0.5,2.0,-3967.8120770472015,-3113.69264721789,OCO,19
4160.0,96.07142857142857,41.92857142857143,0.0,2.0,-3904.9881663142373,-3041.3814036245576,OCO,19
4170.0,99.25925925925925,52.96296296296296,0.0,2.0,-3836.4049226347356,-2989.957225186949,OCO,19
4180.0,108.57952900994646,61.497924914516254,0.0,2.0,-3720.088038501528,-2936.1539328654894,OCO,20
4190.0,118.2374976,68.1781232,0.0,2.0,-3632.768517020413,-2908.7487868986736,OCO,20
4200.0,124.47916266666668,71.99166506666667,0.0,3.0,-3555.02946005941,-2888.802781487615,OCO,20
4210.0,132.39582933333332,75.19791466666666,0.0,3.0,-3465.4925924060753,-2867.7976774029216,OCO,20
4220.0,142.50892342857145,80.37321051428572,0.0,3.0,-3373.8584581127075,-2848.785036342695,OCO,20
4230.0,157.71428571428572,91.64285714285714,0.0,3.0,-3251.647266719674,-2823.5483921045384,OCO,20
4240.0,167.0,100.0,0.0,4.0,-3149.0,-2804.0,OCO,20
4250.0,177.0,100.0,0.0,4.0,-3036.0,-2784.0,OCO,20
4260.0,186.0,100.0,0.0,4.0,-2930.551720269933,-2765.6650262665917,OCO,20
4280.0,199.5624944,100.0,0.0,4.5,-2775.0414278072253,-2739.342602182514,OCO,20
4290.0,212.0,100.0,0.0,5.0,-2664.6395181927082,-2721.7429577564753,OCO,20
4300.0,214.5,100.0,0.0,5.0,-2592.491556559112,-2710.8620200970026,OCO,20
4310.0,220.99999085714285,100.0,0.0,5.0,-2421.0,-2685.0,OCO,20
4320.0,226.0,100.0,0.0,5.0,-2316.104113545326,-2668.6335673706417,OCO,20
4340.0,239.125,100.0,0.0,5.5,-2157.1979232543263,-2642.965951320076,OCO,20
4360.0,245.0,100.0,0.0,6.0,-1984.7533359849444,-2615.2862945402935,OCO,20
4370.0,247.9999872,100.0,0.0,6.0,-1933.0,-2607.0,OCO,20
4380.0,255.312496,100.0,0.0,6.0,-1774.7963453696252,-2581.5912483559778,OCO,20
4390.0,260.0,100.0,0.0,6.0,-1655.3863372458568,-2561.762313416673,OCO,20
4410.0,265.0,100.0,0.0,6.0,-1490.0,-2533.0,OCO,21
4430.0,271.25,100.0,0.0,7.0,-1357.1900542520216,-2511.4925673465204,OCO,21
4440.0,273.0,100.0,0.0,7.0,-1252.0,-2494.0,OCO,21
4450.0,277.73118054618874,100.0,0.0,7.0,-1084.0,-2467.0,OCO,21
4460.0,279.0,100.0,0.0,7.0,-1038.5554684881467,-2459.3189361784725,OCO,21
4470.0,282.0250048,100.0,0.0,7.0,-945.0,-2443.0,OCO,21
4490.0,288.5125024,100.0,0.0,7.0,-741.3889455956122,-2407.2757719819774,OCO,21
4500.0,290.2,100.0,0.0,7.0,-630.0,-2388.0,OCO,21
4510.0,291.0,100.0,0.0,7.0,-568.9636056692989,-2377.710320067659,OCO,21
4520.0,295.05,100.0,0.0,7.0,-420.0,-2353.0,OCO,21
4540.0,300.0,100.0,0.0,7.0,-166.82429262660003,-2310.110985464028,OCO,21
4550.0,300.6,100.0,0.0,7.0,-109.0,-2300.0,OCO,21
4570.0,303.8,100.0,0.0,7.5,89.74576316731856,-2262.1693112698467,OCO,21
4600.0,307.7081838862231,100.0,0.0,8.0,338.3113997401127,-2215.6966347742227,OCO,21
4620.0,309.99499904000004,100.0,0.0,8.0,523.3826007370724,-2182.9316683664456,OCO,22
4630.0,311.89499904,100.0,0.0,8.0,689.7302660335426,-2152.435038098552,OCO,22
4650.0,313.5791658666667,100.0,0.0,8.0,967.4459203574929,-2100.450191412905,OCO,22
4680.0,314.9671872,100.0,0.0,8.0,1164.7358078227999,-2064.5537720873654,OCO,22
4700.0,315.57142857142856,100.0,0.0,8.0,1312.0,-2037.0,OCO,22
4710.0,316.0,100.0,0.0,8.0,1404.0666082676025,-2020.5681522253567,OCO,22
4720.0,316.875,100.0,0.0,8.0,1545.0703957006851,-1995.2202783985522,OCO,22
4740.0,317.44999936,100.0,0.0,8.0,1832.0,-1942.0,OCO,22
4760.0,318.0,100.0,0.0,8.0,1949.135616572355,-1920.3069578411666,OCO,22
4770.0,318.0,100.0,0.0,8.0,2005.0,-1910.0,OCO,22
4780.0,318.0,100.0,0.0,8.0,2159.1100911701924,-1881.6176156931358,OCO,22
4810.0,318.0,100.0,0.0,8.0,2445.940856951035,-1831.2143929693182,OCO,22
4830.0,317.9791669333333,100.0,0.0,8.0,2670.1556127828026,-1796.9921297581361,OCO,22
4850.0,317.5833333333333,100.0,0.0,8.0,2962.0,-1751.0,OCO,23
4870.0,317.0,100.0,0.0,8.0,3129.6874520815068,-1724.5999892834634,OCO,23
4880.0,310.14584586666666,85.41669333333333,0.0,8.0,3205.0,-1713.0,OCO,23
4890.0,304.27084586666666,72.91669333333334,0.0,8.0,3309.0,-1697.0,OCO,23
4940.0,270.0,0.0,1.0,8.0,3965.4683710536774,-1597.3811841789548,OCO,23
4950.0,268.125024,0.0,1.0,8.0,3981.0,-1595.0,OCO,23
4960.0,255.0,0.0,1.0,8.0,4081.897614710355,-1579.4369453140703,OCO,23
4970.0,200.375,0.0,1.0,8.0,4237.705595324412,-1554.101763760791,OCO,23
4990.0,164.6583317333333,0.0,1.0,8.0,4357.373450005624,-1527.2829966123454,OCO,23
5000.0,149.7208352,0.0,1.0,6.0,4470.761140513541,-1496.7987818205409,OCO,23
5010.0,139.0,0.0,1.0,4.0,4542.005924758684,-1473.8238836556561,OCO,23
5020.0,125.04166666666666,0.0,1.0,3.0,4632.0,-1427.5,OCO,23
5030.0,118.0,0.0,1.0,2.0,4691.1939955182615,-1377.5195008068738,OCO,23
5040.0,108.40374136479215,0.0,1.0,2.0,4747.719181041383,-1299.1664714101207,OCO,23
5050.0,100.0112240943765,0.0,1.0,2.0,4792.045593481433,-1168.817605222167,OCO,23
5060.0,91.5035721142857,0.4988092952380952,0.6666666666666666,2.0,4798.071776636642,-1077.925439485671,OCO,24
5070.0,85.89047801904762,0.26309546666666667,0.0,2.0,4786.662960711504,-981.9862494602515,OCO,24
5080.0,81.63888924444444,2.1666645333333334,0.0,2.0,4751.238479572273,-889.541726636854,OCO,24
5090.0,80.91666613333334,30.6874976,0.0,2.0,4731.213348495672,-864.0821703399316,OCO,24
5100.0,86.46666496,44.43333205333334,0.0,2.0,4667.250879633695,-788.7165197743678,OCO,24
5110.0,93.90476190476191,50.333333333333336,0.0,2.0,4587.227672409424,-741.6911757405522,OCO,24
5120.0,100.8,57.7,0.0,2.0,4504.227868984147,-716.947114541385,OCO,24
5130.0,109.66666666666667,63.583333333333336,0.0,2.0,4390.108432823862,-709.9605260459621,OCO,24
5140.0,125.5476160609524,67.4761887695238,0.0,2.0,4357.943106341274,-711.4226542904365,OCO,24
5150.0,133.83333333333331,72.83333333333334,0.0,3.0,4272.612482167976,-714.6253166749741,OCO,24
5160.0,143.0,82.0,0.0,3.0,4106.498225302683,-726.9457999149284,OCO,24
5170.0,149.7857097142857,90.82142262857143,0.0,3.0,4036.9890995049773,-733.1004846236078,OCO,24
5180.0,159.9090909090909,96.81818181818181,0.0,3.0,3969.0,-741.0,OCO,24
5190.0,172.0,100.0,0.0,4.0,3787.0,-762.0,OCO,24
5200.0,181.0,100.0,0.0,4.0,3716.477038092154,-769.3409972574324,OCO,24
5210.0,188.0250048,100.0,0.0,4.0,3663.92373304007,-775.0263852213969,OCO,24
5220.0,193.69583893333333,100.0,0.0,4.0,3565.0,-786.0,OCO,24
5230.0,196.0,100.0,0.0,5.0,3519.3888714570503,-790.2063750833056,OCO,24
5240.0,205.0,100.0,0.0,5.0,3407.0,-799.0,OCO,24
5250.0,213.625,100.0,0.0,5.0,3269.18649580264,-810.7801921520656,OCO,24
5260.0,216.7,100.0,0.0,5.0,3082.059263152786,-827.3946520646136,OCO,24
5280.0,220.0,100.0,0.0,5.0,2980.7045542297933,-835.7894040704886,OCO,25
5290.0,221.12149465630227,100.0,0.0,5.0,2915.0,-841.0,OCO,25
5300.0,224.9749952,100.0,0.0,5.0,2791.77186630065,-851.520816829058,OCO,25
5320.0,239.4749952,100.0,0.0,5.5,2601.0501960793345,-868.596568559625,OCO,25
5330.0,242.48610844444445,100.0,0.0,6.0,2474.0,-879.0,OCO,25
5340.0,244.9930542222222,100.0,0.0,6.0,2351.6596947323865,-889.0300931194818,OCO,25
5360.0,249.98958133333332,100.0,0.0,6.0,2186.649178853224,-904.0265261036236,OCO,25
5370.0,252.09249856,100.0,0.0,6.0,2091.7275997122633,-911.3379464383183,OCO,25
5380.0,254.5,100.0,0.0,6.0,1962.0,-923.0,OCO,25
5390.0,255.0,100.0,0.0,6.0,1924.4774305162657,-926.2995055572201,OCO,25
5400.0,257.78571154285714,100.0,0.0,6.0,1645.0,-950.0,OCO,25
5410.0,258.0,100.0,0.0,6.0,1628.3102697196537,-951.4227207886213,OCO,25
5420.0,259.0,100.0,0.0,6.0,1531.0667383051377,-959.8638015804479,OCO,25
5430.0,260.07142765714286,100.0,0.0,6.0,1443.2599462780095,-967.4699448424253,OCO,25
5450.0,261.7857133714286,100.0,0.0,6.0,1274.210639542193,-981.7095022553132,OCO,25
5460.0,262.99999744,100.0,0.0,6.0,1191.0,-989.0,OCO,25
5470.0,264.83999744,100.0,0.0,6.0,1062.972953113056,-1000.302205131991,OCO,25
0.0,282.59999999999997,100.0,0.0,7.0,1073.3672743811626,-999.3824611904868,ALB,1
10.0,285.0,100.0,0.0,7.0,926.0,-1012.0,ALB,1
20.0,292.0,100.0,0.0,7.0,733.0,-1029.0,ALB,1
30.0,293.0,100.0,0.0,7.0,564.8400806406762,-1043.8729458242026,ALB,1
60.0,300.74999679999996,100.0,0.0,7.0,333.1497078931088,-1064.5286342297677,ALB,1
80.0,303.0,100.0,0.0,8.0,172.725385013239,-1078.9901071152358,ALB,1
90.0,303.75,100.0,0.0,8.0,138.0,-1082.0,ALB,1
100.0,306.0,100.0,0.0,8.0,5.1958439024077165,-1093.351099001711,ALB,1
110.0,306.99999817142856,100.0,0.0,8.0,-166.0,-1108.0,ALB,1
120.0,308.0,100.0,0.0,8.0,-307.6913098694633,-1120.4591563540198,ALB,1
140.0,311.0,100.0,0.0,8.0,-492.0,-1137.0,ALB,1
150.0,312.0,100.0,0.0,8.0,-541.2775588188226,-1141.2902649207513,ALB,1
180.0,315.14999936000004,100.0,0.0,8.0,-771.4571138704354,-1161.0904120168489,ALB,1
200.0,316.0624992,100.0,0.0,8.0,-1001.7997879994941,-1181.8978668599057,ALB,1
210.0,317.0,100.0,0.0,8.0,-1149.6310958726021,-1195.1426417001776,ALB,1
240.0,318.0,100.0,0.0,8.0,-1348.0,-1212.0,ALB,2
250.0,319.0,100.0,0.0,8.0,-1487.9874117961697,-1223.774206509414,ALB,2
260.0,318.75,100.0,0.0,8.0,-1524.0,-1227.0,ALB,2
270.0,318.0,100.0,0.0,8.0,-1630.0,-1237.0,ALB,2
290.0,317.10573495448426,100.0,0.0,8.0,-1848.8974581151556,-1256.1306958793261,ALB,2
300.0,316.69749952,100.0,0.0,8.0,-1981.0,-1267.0,ALB,2
320.0,316.09749952,100.0,0.0,8.0,-2191.0,-1286.0,ALB,2
330.0,316.0,100.0,0.0,8.0,-2225.159648535696,-1288.9803317282267,ALB,2
340.0,316.0,100.0,0.0,8.0,-2367.0424193927206,-1301.1233423464364,ALB,2
360.0,315.55,100.0,0.0,8.0,-2582.0,-1320.0,ALB,2
380.0,314.85,100.0,0.0,8.0,-2883.4040145285176,-1346.4246159744976,ALB,2
410.0,313.1,100.0,0.0,8.0,-3101.221648930658,-1365.2795943913882,ALB,2
430.0,313.85409194311154,100.0,0.0,8.0,-3330.0,-1386.0,ALB,2
440.0,314.0,100.0,0.0,8.0,-3367.157269864966,-1389.2548159051314,ALB,3
460.0,313.00250048,100.0,0.0,8.0,-3538.394811261388,-1404.0350924465574,ALB,3
470.0,305.42000384,10.935045119999998,0.5,8.0,-3706.3564483109067,-1419.1769256504829,ALB,3
480.0,289.9416874666667,2.5250048,1.0,8.0,-3923.0,-1438.0,ALB,3
490.0,279.0,0.0,1.0,8.0,-4019.922476025783,-1446.2896890820227,ALB,3
510.0,243.2140736,0.0,1.0,8.0,-4128.913338246572,-1455.4419275313544,ALB,3
520.0,227.71428571428572,0.0,1.0,8.0,-4221.0,-1464.0,ALB,3
530.0,217.0,0.0,1.0,8.0,-4279.233532947026,-1469.9380200309886,ALB,3
540.0,193.375,0.0,1.0,8.0,-4364.232210219738,-1477.0816082202193,ALB,3
550.0,176.95001856,0.0,1.0,8.0,-4528.0,-1487.0,ALB,3
560.0,157.57142857142856,0.0,1.0,8.0,-4603.419811576683,-1487.52257903099,ALB,3
570.0,144.25,0.0,1.0,8.0,-4692.280377132467,-1485.409851190736,ALB,3
580.0,133.75,0.0,1.0,7.0,-4798.364222548362,-1474.1338451010893,ALB,3
590.0,122.0972256,0.0,1.0,4.0,-4915.443510090478,-1435.009844414948,ALB,3
600.0,104.17708666666667,0.0,1.0,1.0,-5029.953785127718,-1354.3134467994164,ALB,3
610.0,99.22917333333334,0.0,1.0,1.0,-5057.0,-1317.0,ALB,3
620.0,80.93750080000001,0.0,1.0,1.0,-5126.746340176791,-1127.5671952513017,ALB,3
630.0,76.25,0.0,0.3333333333333333,1.0,-5124.060523963341,-1049.8721267103895,ALB,3
640.0,70.12678582857143,13.521429942857143,0.0,1.0,-5106.247025230411,-973.0263722425143,ALB,3
650.0,73.0656248,30.315624800000002,0.0,1.0,-5067.163717747078,-902.307146404062,ALB,3
660.0,80.3875,39.2875,0.0,1.0,-4984.614338096118,-822.3462919183623,ALB,4
670.0,84.1300076757403,43.396258635207836,0.0,1.0,-4905.280501521766,-791.2514106507924,ALB,4
680.0,90.9900230272209,50.988775905623505,0.0,1.0,-4693.672911607112,-819.0774757442163,ALB,4
690.0,101.49166506666666,54.00714422857143,0.3333333333333333,1.0,-4596.644638760334,-856.2014918664792,ALB,4
700.0,100.7625024,20.1268032,1.0,1.0,-4501.907095743793,-887.0864807893554,ALB,4
710.0,91.42222547301587,0.0,1.0,1.0,-4413.987935348772,-903.8587132309552,ALB,4
720.0,83.0,0.0,0.0,1.0,-4309.094105470767,-909.084160385017,ALB,4
730.0,76.78750112,0.0,0.0,1.0,-4211.918072902731,-864.41906390344,ALB,4
740.0,73.23809523809524,2.285714285714286,0.0,1.0,-4166.603354047158,-792.727454783802,ALB,4
750.0,74.67,31.15,0.0,1.0,-4142.757734713132,-681.3020581647803,ALB,4
760.0,81.52380781714287,40.4047580647619,0.0,1.0,-4139.233879345341,-592.024652702058,ALB,4
770.0,89.8888888888889,51.111111111111114,0.0,1.0,-4162.254642111783,-503.69943929056006,ALB,4
780.0,102.78570971428572,57.03571291428571,0.0,1.0,-4211.839201136292,-395.0773516886108,ALB,4
790.0,111.0909090909091,61.27272727272727,0.0,1.0,-4240.0,-359.0,ALB,4
800.0,124.5,72.0,0.0,2.0,-4339.728300761728,-245.15322728406204,ALB,4
810.0,137.78125599999998,82.2687536,0.0,2.0,-4376.561051069341,-195.57979061010488,ALB,4
820.0,142.34166826666666,89.68333653333333,0.0,2.5,-4421.887862314551,-120.33814110119937,ALB,4
830.0,161.0,95.0,0.0,3.0,-4465.0,-30.0,ALB,4
840.0,175.375,99.79166666666666,0.0,3.0,-4499.812685177832,72.02450917099537,ALB,4
850.0,185.0,100.0,0.0,3.5,-4534.7642803348535,225.2417405216642,ALB,4
860.0,194.0,100.0,0.0,4.0,-4549.182235419575,311.8423830901668,ALB,4
870.0,200.72896793781356,100.0,0.0,4.0,-4554.0,372.0,ALB,4
880.0,206.0,100.0,0.0,5.0,-4561.161369464644,447.93707325842973,ALB,5
890.0,209.63610524444445,100.0,0.0,5.0,-4566.0,520.0,ALB,5
900.0,216.67916373333333,100.0,0.0,5.0,-4565.8564613816125,656.3295635407017,ALB,5
910.0,221.4749952,100.0,0.0,5.0,-4562.0,773.0,ALB,5
930.0,225.98749759999998,100.0,0.0,5.0,-4555.982544392028,886.3159215712701,ALB,5
940.0,234.9812464,100.0,0.0,5.0,-4546.976822135472,1040.3310742682088,ALB,5
950.0,237.78999808,100.0,0.0,5.5,-4539.5163885974025,1130.0538999285855,ALB,5
960.0,244.25,100.0,0.0,6.0,-4520.980969084387,1268.187950582651,ALB,5
980.0,248.85714102857145,100.0,0.0,6.0,-4464.358776182378,1542.0144634050585,ALB,5
1000.0,254.0,100.0,0.0,6.0,-4442.684839151392,1623.5991895258576,ALB,5
1010.0,256.28571062857145,100.0,0.0,6.0,-4416.204665750008,1690.6855050907764,ALB,5
1020.0,262.28570697142857,100.0,0.0,6.0,-4355.0,1827.0,ALB,5
1030.0,264.6249984,100.0,0.0,6.0,-4314.367149492507,1895.6276024776496,ALB,5
1060.0,269.25,100.0,0.0,7.0,-4143.36639257262,2110.258501257168,ALB,5
1070.0,271.5,100.0,0.0,7.0,-4045.0,2203.0,ALB,5
1080.0,272.0,100.0,0.0,7.0,-4020.4558857288207,2223.0870110531714,ALB,5
1090.0,274.2857142857143,100.0,0.0,7.0,-3924.0,2297.0,ALB,5
1100.0,276.0,100.0,0.0,7.0,-3881.2077900586128,2334.369987519114,ALB,6
1110.0,276.5833322666667,100.0,0.0,7.0,-3755.0,2404.0,ALB,6
1120.0,277.4,100.0,0.0,7.0,-3445.8813340493275,2543.569042382946,ALB,6
1130.0,279.0,100.0,0.0,7.0,-3246.5650429387683,2629.1029584819184,ALB,6
1150.0,281.67857005714285,100.0,0.0,7.0,-3177.706126736097,2637.68694781136,ALB,6
1160.0,283.39999744,100.0,0.0,7.0,-2966.0,2702.0,ALB,6
1170.0,284.0,100.0,0.0,7.0,-2908.944634659378,2719.436152920719,ALB,6
1180.0,287.0,100.0,0.0,7.0,-2828.022311660074,2743.563620220764,ALB,6
1200.0,288.0,100.0,0.0,7.0,-2738.0,2771.0,ALB,6
1210.0,289.3333333333333,100.0,0.0,7.0,-2615.0,2810.0,ALB,6
1220.0,290.0,100.0,0.0,7.0,-2517.4790963786045,2841.905362466603,ALB,6
1230.0,290.0,100.0,0.0,7.0,-2372.985739452023,2890.488575311287,ALB,6
1250.0,290.94999936,100.0,0.0,7.0,-2164.6427981617107,2961.8944307097736,ALB,6
1270.0,291.0,100.0,0.0,7.0,-2020.1354129798556,3013.8847599318915,ALB,6
1280.0,291.0,100.0,0.0,7.0,-1975.0,3031.0,ALB,6
1300.0,291.0,100.0,0.0,7.0,-1757.9428507445255,3113.5657025224846,ALB,6
1320.0,291.5625,100.0,0.0,7.0,-1597.0,3175.0,ALB,7
1330.0,292.0,100.0,0.0,7.0,-1362.349098085926,3267.683850835426,ALB,7
1350.0,292.0,100.0,0.0,7.0,-1161.2795496074332,3349.4994718789644,ALB,7
1360.0,292.0,100.0,0.0,7.0,-1065.254183704663,3391.467416931472,ALB,7
1370.0,292.796019140121,100.0,0.0,7.0,-987.0,3426.0,ALB,7
1380.0,293.0,100.0,0.0,7.0,-968.2269727337604,3434.218167846368,ALB,7
1400.0,289.4656424,36.881275200000005,0.0,7.0,-806.4060169608082,3506.206818628173,ALB,7
1410.0,264.0906424,0.13127520000000104,0.5,7.0,-708.6535152066235,3552.1595550083734,ALB,7
1420.0,247.43752,0.0,1.0,7.0,-603.0,3599.0,ALB,7
1430.0,239.0,0.0,1.0,7.0,-544.3272519745074,3624.7142588272472,ALB,7
1440.0,226.0,0.0,1.0,7.0,-365.6474337461028,3703.3759020520083,ALB,7
1450.0,222.93572937142858,0.0,1.0,7.0,-344.0,3713.0,ALB,7
1460.0,202.375,0.0,1.0,7.0,-249.92486882203312,3755.7975251085827,ALB,7
1480.0,178.0,0.0,1.0,5.0,-106.62660088562643,3817.850138007409,ALB,7
1490.0,178.0,0.0,1.0,5.0,60.57004210811134,3867.196971060139,ALB,7
1500.0,178.0,0.0,1.0,5.0,125.86201030984897,3873.8181201394073,ALB,7
1510.0,126.65627119999999,0.0,1.0,5.0,253.08685112413858,3855.9029956213753,ALB,7
1520.0,117.97916853333334,0.0,1.0,5.0,303.91224424197696,3829.789096853938,ALB,7
1530.0,109.75000106666667,0.0,1.0,2.0,391.3806123369603,3762.670333236093,ALB,7
1540.0,106.8750016,5.812491733333334,0.0,2.0,444.25720845223935,3700.154925656177,ALB,8
1550.0,102.28409018181819,34.53692836363636,0.0,2.0,500.1277901508944,3605.3854934567426,ALB,8
1560.0,106.88636218181819,45.772724363636364,0.0,2.0,545.6745243284718,3477.138468207415,ALB,8
1570.0,108.44444444444444,51.111111111111114,0.0,2.0,559.0575563528212,3415.9554739000937,ALB,8
1580.0,119.27777777777777,66.94444444444444,0.0,2.0,573.6959056149257,3321.4472659357734,ALB,8
1590.0,127.49999542857142,73.99999634285714,0.0,2.0,581.164747031127,3243.3967898102546,ALB,8
1600.0,140.4999950222222,83.49999644444443,0.0,2.0,592.260646408806,3119.1276123174503,ALB,8
1610.0,152.14464983504885,90.07232491752443,0.0,2.5,601.5184428950669,3027.7669685825804,ALB,8
1620.0,157.33333333333331,97.0,0.0,3.0,609.3112069158915,2956.393547444488,ALB,8
1630.0,173.28571428571428,100.0,0.0,3.0,617.0,2894.0,ALB,8
1640.0,179.0,100.0,0.0,3.0,621.221065642947,2861.3684479863705,ALB,8
1650.0,185.7222222222222,100.0,0.0,3.6666666666666665,639.5798941725346,2719.959093875545,ALB,8
1660.0,192.0,100.0,0.0,4.0,648.8966725766254,2649.6450821356366,ALB,8
1670.0,201.9749952,100.0,0.0,4.0,666.3448326723349,2527.992665647914,ALB,8
1680.0,213.9749952,100.0,0.0,4.5,687.8801211666125,2390.016653735778,ALB,8
1690.0,218.0,100.0,0.0,5.0,705.0081687045158,2283.355363855896,ALB,8
1700.0,218.4749952,100.0,0.0,5.0,707.0,2272.0,ALB,8
1710.0,223.4749952,100.0,0.0,5.0,730.0,2151.0,ALB,8
1720.0,227.73749759999998,100.0,0.0,5.0,750.376038052144,2045.4148471021404,ALB,8
1730.0,233.0,100.0,0.0,5.0,775.1368661124108,1937.4685192038112,ALB,8
1740.0,234.6666624,100.0,0.0,5.0,790.0,1877.0,ALB,8
1750.0,237.4,100.0,0.0,6.0,816.2639336535639,1778.629560605294,ALB,8
1760.0,241.25,100.0,0.0,6.0,883.4569115022507,1578.4200560986326,ALB,9
1790.0,246.75,100.0,0.0,6.0,971.7949350163333,1376.446498104326,ALB,9
1800.0,248.0,88.85714468571429,0.0,6.0,1034.187536110562,1261.584094085249,ALB,9
1820.0,248.0,85.14285897142858,0.0,6.0,1187.159429611861,1050.7834100434548,ALB,9
1840.0,248.0,78.0,0.0,6.0,1266.1370459272266,973.5651929977813,ALB,9
1860.0,248.0,73.85714285714286,0.0,6.0,1424.949586253571,854.3822288242068,ALB,9
1880.0,248.0,64.45000576,0.0,6.0,1625.337038996816,751.1679321630847,ALB,9
1890.0,246.0,64.0,0.0,6.0,1718.585691734751,717.1451453476899,ALB,9
1900.0,244.4,60.0,0.0,6.0,1779.0,704.0,ALB,9
1910.0,244.0,59.0,0.0,6.0,1796.9860527609026,700.2796658235186,ALB,9
1920.0,243.0,45.0,0.0,6.0,1903.6131568607086,679.7107408457572,ALB,9
1930.0,239.5,45.0,0.0,6.0,1989.8525629146097,668.7741755605482,ALB,9
1940.0,236.50000457142858,46.49999725714286,0.0,6.0,2095.0,663.0,ALB,9
1950.0,234.0,48.5,0.0,6.0,2208.729938747296,670.7496838076323,ALB,9
1960.0,234.0,51.0,0.0,6.0,2337.0,695.0,ALB,9
1980.0,231.0,57.85714285714286,0.0,6.0,2520.943991458812,758.9077641000488,ALB,10
1990.0,231.0,61.28570331428571,0.0,6.0,2569.0,780.0,ALB,10
2000.0,231.2,70.1,0.0,6.0,2683.039918604967,839.5430290726176,ALB,10
2010.0,233.0,80.0,0.0,6.0,2778.235987549363,901.9730956837494,ALB,10
2020.0,234.3927548395792,83.89971355082173,0.0,6.0,2828.0,942.0,ALB,10
2040.0,237.9375,92.9375,0.0,6.0,2953.329240338033,1069.9780384621122,ALB,10
2050.0,237.28125,77.09375,0.0,6.0,3038.108321418293,1159.9039518168702,ALB,10
2060.0,238.6875,77.5625,0.0,6.0,3110.0,1226.0,ALB,10
2070.0,240.0,78.0,0.0,6.0,3215.6830043455548,1295.3816760957206,ALB,10
2080.0,239.75,69.625,0.0,6.0,3367.842083306798,1378.338927250257,ALB,10
2090.0,238.0,53.0,0.0,6.0,3438.4555098949804,1410.5898601387526,ALB,10
2100.0,235.00622525645124,54.9958498290325,0.0,6.0,3520.2559828732715,1426.042765136218,ALB,10
2120.0,233.21785782857143,55.89107108571429,0.0,6.0,3682.6519905068767,1448.4396630521655,ALB,10
2140.0,233.0,63.6499968,0.0,6.0,3851.327244745159,1447.6262096211835,ALB,10
2150.0,233.0,71.67142034285715,0.0,6.0,3974.0,1432.0,ALB,10
2160.0,233.74249856,79.46499328,0.0,6.0,4117.403648345669,1394.5487206363555,ALB,10
2170.0,236.0,90.0,0.0,6.0,4210.429311089593,1367.775856315245,ALB,10
2180.0,236.66666666666666,96.66666666666667,0.0,6.0,4259.0,1343.0,ALB,10
2190.0,237.0,100.0,0.0,6.0,4308.770848420995,1313.0347288384432,ALB,10
2200.0,239.0,100.0,0.0,6.0,4510.355011901922,1183.9048223748146,ALB,11
2220.0,239.2,100.0,0.0,6.0,4593.353139010431,1111.9948325271594,ALB,11
2230.0,240.29999872,100.0,0.0,6.0,4692.0,1012.0,ALB,11
2240.0,241.0,100.0,0.0,6.0,4755.939603136496,942.1888991611871,ALB,11
2250.0,241.2,100.0,0.0,6.0,4791.0,902.0,ALB,11
2270.0,241.92499967999998,100.0,0.0,6.0,4915.076602706758,751.6741753903436,ALB,11
2280.0,243.0,100.0,0.0,6.0,5009.3332101713295,630.1459188364724,ALB,11
2290.0,243.1249984,100.0,0.0,6.0,5019.0,618.0,ALB,11
2300.0,244.3124992,100.0,0.0,6.0,5121.690846033107,492.5483982040852,ALB,11
2320.0,246.11111111111111,100.0,0.0,6.0,5256.790156104386,336.60712814115357,ALB,11
2330.0,246.66666666666666,100.0,0.0,6.0,5369.0,210.0,ALB,11
2340.0,247.0,100.0,0.0,6.0,5428.02905307221,142.31455111288312,ALB,11
2350.0,247.4999992888889,100.0,0.0,6.0,5504.0,55.0,ALB,11
2370.0,248.6,100.0,0.0,6.0,5613.990372752212,-66.98311415750089,ALB,11
2380.0,250.0,100.0,0.0,6.0,5679.217984297462,-139.67430724474247,ALB,11
2390.0,250.28571428571428,100.0,0.0,6.0,5716.0,-181.0,ALB,11
2400.0,250.92857142857144,100.0,0.0,6.0,5800.381633612456,-275.67980313927546,ALB,11
2410.0,252.0,100.0,0.0,6.0,5925.982579673226,-417.61953037036625,ALB,11
2420.0,251.2500032,93.2500288,0.0,6.0,5957.0,-453.0,ALB,12
2440.0,248.0,64.0,1.0,6.0,6058.928837872493,-571.4284761857408,ALB,12
2450.0,233.0,10.666666666666668,1.0,6.0,6134.5469224556255,-658.9602446466411,ALB,12
2460.0,226.14285714285714,0.0,1.0,6.0,6202.0,-737.0,ALB,12
2470.0,220.1418389835913,0.0,1.0,5.0,6274.480995079443,-828.5296865661036,ALB,12
2500.0,202.7210978527423,0.0,1.0,5.0,6417.0,-1133.0,ALB,12
2510.0,197.0,0.0,1.0,4.0,6429.211415914853,-1239.0222730797602,ALB,12
2520.0,193.25,0.0,1.0,4.0,6425.46890844979,-1313.3332182537547,ALB,12
2530.0,184.69710125376164,0.0,1.0,4.0,6397.0,-1484.0,ALB,12
2540.0,182.5,0.5,0.5,4.0,6386.136767974367,-1524.4439782580903,ALB,12
2550.0,178.3500032,22.641640533333334,0.0,4.0,6355.0,-1609.0,ALB,12
2560.0,175.34166826666666,47.20970915555556,0.0,4.0,6316.217775029639,-1690.063239152068,ALB,12
2570.0,176.4937488,60.4562416,0.0,4.0,6250.0,-1797.0,ALB,12
2580.0,177.0,64.0,0.0,4.0,6226.176520792054,-1828.8055769384273,ALB,12
2590.0,181.54999551999998,71.79999232,0.0,4.0,6139.5,-1925.0,ALB,12
2600.0,185.6666624,78.2916608,0.0,4.0,6067.512213882651,-1987.099949018801,ALB,12
2610.0,192.24999680000002,87.1388871111111,0.0,4.0,5979.305188419285,-2041.6492686244233,ALB,12
2630.0,201.35713828571429,92.28571062857142,0.0,4.0,5818.317464158639,-2107.9842050791376,ALB,12
2640.0,208.14285714285714,97.71428571428571,0.0,4.0,5655.0,-2148.0,ALB,13
2650.0,211.0,100.0,0.0,5.0,5601.36292101454,-2159.9346087440017,ALB,13
2660.0,216.0,100.0,0.0,5.0,5515.0643789311525,-2174.713320979546,ALB,13
2670.0,220.49999177142857,100.0,0.0,5.0,5453.0,-2184.0,ALB,13
2680.0,225.375,100.0,0.0,5.0,5354.430182416807,-2199.22602892151,ALB,13
2690.0,229.1249952,100.0,0.0,5.0,5229.0,-2213.0,ALB,13
2700.0,231.0,100.0,0.0,6.0,5139.62571118774,-2218.4186324417196,ALB,13
2710.0,237.3,100.0,0.0,6.0,4979.071622223635,-2225.512151300931,ALB,13
2730.0,240.1249952,100.0,0.0,6.0,4872.712281922732,-2228.6233232306613,ALB,13
2740.0,248.2187472,100.0,0.0,6.0,4729.132929653745,-2232.761182988018,ALB,13
2760.0,254.3437472,100.0,0.0,6.0,4533.995800895883,-2241.1125926780073,ALB,13
2780.0,258.5,100.0,0.0,6.0,4370.0,-2251.0,ALB,13
2790.0,262.0,100.0,0.0,6.0,4223.633076102024,-2261.1420083013995,ALB,13
2800.0,262.6,100.0,0.0,6.0,4197.0,-2263.0,ALB,13
2810.0,265.0,100.0,0.0,6.0,4080.0,-2271.0,ALB,13
2820.0,267.7,100.0,0.0,6.5,3838.1029119933887,-2287.3209621178266,ALB,13
2840.0,269.0,100.0,0.0,7.0,3752.4286386271024,-2292.5164514124394,ALB,13
2850.0,269.8333312,100.0,0.0,7.0,3709.0,-2295.0,ALB,13
2860.0,271.0,100.0,0.0,7.0,3588.3841620084613,-2302.3552131573915,ALB,14
2870.0,271.75,100.0,0.0,7.0,3318.0,-2320.0,ALB,14
2880.0,272.0,100.0,0.0,7.0,3250.0406263734876,-2325.069475340316,ALB,14
2900.0,274.0,100.0,0.0,7.0,3097.403556950827,-2338.496333503228,ALB,14
2910.0,274.0,100.0,0.0,7.0,3001.6332247544206,-2347.678342851468,ALB,14
2930.0,275.14285714285717,100.0,0.0,7.0,2910.0,-2357.0,ALB,14
2940.0,276.24896245725813,100.0,0.0,7.0,2774.609595586378,-2371.101344141325,ALB,14
2950.0,277.0,100.0,0.0,7.0,2632.906886428313,-2385.173182483399,ALB,14
2960.0,277.1218744,100.0,0.0,7.0,2604.0,-2388.0,ALB,14
2980.0,274.47322285714284,85.89289142857143,1.0,7.0,2367.4586795430077,-2413.374937431452,ALB,14
3000.0,253.93750857142857,3.7500342857142854,1.0,7.0,2104.588229776307,-2445.153755705719,ALB,14
3020.0,201.76751296,0.0,1.0,7.0,1959.671965136698,-2463.147216067595,ALB,14
3030.0,179.9687616,0.0,1.0,7.0,1840.0,-2479.0,ALB,14
3040.0,158.75,0.0,1.0,7.0,1736.3321483493974,-2494.3509013689804,ALB,14
3050.0,137.5,0.0,1.0,4.666666666666667,1623.3714029030136,-2512.924609254724,ALB,14
3060.0,120.7500096,0.0,1.0,3.5,1528.7566030670446,-2530.686548033301,ALB,14
3070.0,106.01515675151516,0.0,1.0,1.6666666666666667,1412.0445254746653,-2562.370997783277,ALB,14
3080.0,96.5000064,0.0,1.0,1.0,1328.5,-2600.0,ALB,15
3090.0,86.04166872380952,0.0,1.0,1.0,1262.96972413291,-2655.901192336719,ALB,15
3100.0,75.60000000000001,5.466666666666666,0.0,1.0,1224.6715365823966,-2762.6935946857375,ALB,15
3110.0,73.95833333333333,35.0,0.0,1.0,1232.161142623817,-2836.7497490369933,ALB,15
3120.0,84.93749741714285,50.2888859631746,0.0,1.0,1291.3847981875178,-2933.990056654284,ALB,15
3130.0,98.0,59.0,0.0,1.0,1378.576860054331,-3018.65281254321,ALB,15
3140.0,104.99999573333334,61.91666488888889,0.0,1.5,1428.6858209410689,-3051.8167655491598,ALB,15
3150.0,110.0,64.625,0.0,2.0,1522.6705996341404,-3110.5457337241573,ALB,15
3160.0,119.9749952,66.99499904000001,0.0,2.0,1678.226672742052,-3201.131450023234,ALB,15
3170.0,136.65963571238242,81.70486722509943,0.0,2.0,1786.632891340023,-3264.489716002028,ALB,15
3180.0,150.0,85.39800957006051,0.0,3.0,1920.9949593675447,-3349.718516267346,ALB,15
3190.0,151.96666026666668,89.0,0.0,3.0,2000.1877069949219,-3411.554808028388,ALB,15
3200.0,166.0,89.0,0.0,3.0,2066.502043738587,-3472.5708673453346,ALB,15
3210.0,175.14582933333332,86.25625120000001,0.0,3.5,2129.7517794148216,-3545.6851599556244,ALB,15
3220.0,180.92249472,86.44749952,0.0,4.0,2183.0,-3627.0,ALB,15
3230.0,185.88624736,86.89874976,0.0,4.0,2221.647603167543,-3709.742908226218,ALB,15
3240.0,190.82249472,88.04249856,0.0,4.0,2251.0,-3798.0,ALB,15
3250.0,195.8,89.4,0.0,4.0,2272.0,-3892.0,ALB,15
3260.0,198.89285485714285,90.17857097142857,0.0,4.0,2286.0716025472047,-4011.732833492745,ALB,15
3270.0,203.0,91.0,0.0,5.0,2297.5611428097322,-4141.277648880377,ALB,15
3280.0,206.9374944,96.0624928,0.0,5.0,2295.0,-4195.0,ALB,15
3290.0,210.0,100.0,0.0,5.0,2288.631628220314,-4292.68074334045,ALB,15
3310.0,210.29166293333333,100.0,0.0,5.0,2266.1730876094225,-4444.202463000834,ALB,16
3320.0,217.16666666666669,100.0,0.0,5.0,2230.2906761015,-4590.5988718453045,ALB,16
3340.0,219.9166656,100.0,0.0,5.0,2170.2198553674293,-4763.397049298881,ALB,16
3350.0,217.4,47.8,0.0,5.0,2110.0,-4910.0,ALB,16
3360.0,215.0,13.0,1.0,5.0,2089.6320483385753,-4954.4125340324235,ALB,16
3370.0,195.55555555555554,2.8888888888888893,1.0,5.0,2029.0,-5062.0,ALB,16
3380.0,190.0,0.0,1.0,4.0,2008.20070798851,-5095.182061576641,ALB,16
3390.0,174.40000341333334,0.0,1.0,3.3333333333333335,1916.0007140119417,-5226.193683992144,ALB,16
3400.0,165.6,0.0,1.0,3.0,1853.87004085801,-5301.980744564407,ALB,16
3410.0,160.5,0.0,1.0,3.0,1805.0,-5356.0,ALB,16
3420.0,151.45833706666667,0.0,0.5,3.0,1707.496768617443,-5441.150922517055,ALB,16
3430.0,146.718752,10.4999936,0.0,3.0,1615.0,-5485.0,ALB,16
3440.0,143.0,30.777777777777782,0.0,3.0,1514.8739041358356,-5505.117393636349,ALB,16
3450.0,142.1874976,51.124998399999996,0.0,3.0,1337.9071609540056,-5501.6931998294,ALB,16
3460.0,145.0,53.0,0.0,3.0,1265.2252904401978,-5487.803229089777,ALB,16
3470.0,146.74999893333333,57.74999466666666,0.0,3.0,1189.7094783455666,-5458.307589930578,ALB,16
3480.0,154.0,72.0,0.0,3.0,1117.3356562593735,-5423.961792573883,ALB,16
3490.0,155.73353914996713,75.21942984993898,0.0,3.0,1087.0,-5403.0,ALB,16
3500.0,161.6,85.4,0.0,3.0,963.000267829817,-5306.2904115695765,ALB,16
3510.0,176.98576240118726,94.99288120059363,0.0,3.0,892.7329528954228,-5242.790296773499,ALB,16
3520.0,187.0,100.0,0.0,4.0,816.9771126859168,-5172.753313094111,ALB,17
3530.0,192.11070811428573,100.0,0.0,4.0,733.0,-5097.0,ALB,17
3540.0,196.0,100.0,0.0,4.0,678.6220273116284,-5048.0365986006345,ALB,17
3550.0,208.32749568,100.0,0.0,5.0,576.3867087205922,-4956.218617176972,ALB,17
3560.0,216.0,100.0,0.0,5.0,508.77262896597574,-4895.558570891435,ALB,17
3580.0,224.0736064711111,100.0,0.0,5.0,413.2376270665345,-4810.248408625637,ALB,17
3600.0,236.0,100.0,0.0,5.0,315.0,-4723.0,ALB,17
3620.0,243.2,100.0,0.0,5.0,165.0,-4589.0,ALB,17
3630.0,248.0,100.0,0.0,6.0,98.25723081226359,-4529.480090767749,ALB,17
3640.0,250.57142857142858,100.0,0.0,6.0,52.0,-4488.0,ALB,17
3650.0,254.0,100.0,0.0,6.0,-28.429147046917095,-4415.3053532323165,ALB,17
3660.0,258.0,100.0,0.0,6.0,-115.4478547553405,-4336.646061041284,ALB,17
3680.0,261.0,100.0,0.0,6.0,-222.0,-4241.0,ALB,17
3690.0,263.44999808,100.0,0.0,6.0,-325.44573032085987,-4149.633657009397,ALB,17
3700.0,266.0,100.0,0.0,6.0,-420.00040424661006,-4065.6050164936287,ALB,17
3710.0,266.59999744,100.0,0.0,6.0,-452.0,-4037.0,ALB,17
3720.0,268.125,99.25,0.0,6.0,-539.0798412874443,-3962.5465150062837,ALB,17
3730.0,269.0,94.0,0.0,7.0,-664.5521208049697,-3876.6327353852735,ALB,17
3740.0,268.3,83.5,0.0,7.0,-775.8515870291459,-3808.39318839912,ALB,18
3770.0,268.9375,79.9375,0.0,7.0,-948.9614897869162,-3744.227248400507,ALB,18
3780.0,268.15000064000003,82.54999808,0.0,7.0,-1090.148822161973,-3720.5129618413107,ALB,18
3800.0,266.3571437714286,92.85713737142856,0.0,7.0,-1287.5034763592341,-3713.7734356628844,ALB,18
3810.0,265.8888888888889,95.55555555555556,0.0,7.0,-1354.0,-3717.0,ALB,18
3830.0,264.9444451555555,100.0,0.0,7.0,-1617.9108741471205,-3779.6473574742486,ALB,18
3860.0,262.8928576,100.0,0.0,7.0,-1848.13630679814,-3883.014896098406,ALB,18
3870.0,262.14285714285717,100.0,0.0,7.0,-2008.0,-3969.0,ALB,18
3880.0,262.29999871999996,100.0,0.0,7.0,-2053.96151244707,-3993.8267819303924,ALB,18
3890.0,264.0,100.0,0.0,7.0,-2163.6495495422714,-4047.8772991402475,ALB,18
3960.0,261.34648707076565,100.0,0.0,7.0,-2811.0,-4199.0,ALB,19
3970.0,260.71530268562947,100.0,0.0,7.0,-2927.0546964370087,-4195.8887763464445,ALB,19
3990.0,258.5125024,91.87504,1.0,7.0,-3114.0471772388273,-4171.580167413767,ALB,19
4000.0,253.0,0.0,1.0,7.0,-3268.8336065712706,-4137.966346468521,ALB,19
4010.0,251.3111281777778,0.0,1.0,7.0,-3281.0,-4135.0,ALB,19
4020.0,222.86668373333333,0.0,1.0,7.0,-3479.0,-4069.0,ALB,19
4030.0,221.0,0.0,1.0,7.0,-3496.6011178239196,-4060.6939796236315,ALB,19
4040.0,208.53125599999998,0.0,1.0,7.0,-3653.8819586772956,-3978.7534225611607,ALB,19
4050.0,191.71429302857143,0.0,1.0,6.0,-3723.5560255326873,-3927.5349052277293,ALB,19
4060.0,178.6250208,0.0,1.0,5.0,-3791.0,-3872.0,ALB,19
4070.0,164.0,0.0,1.0,3.0,-3871.7838416168843,-3782.664041844214,ALB,19
4080.0,154.0,0.0,1.0,3.0,-3929.0,-3711.0,ALB,19
4090.0,137.25,0.0,1.0,2.0,-3980.252847218328,-3625.0494008789897,ALB,19
4100.0,122.14286262857144,0.0,1.0,2.0,-4033.8873256144266,-3495.2931321640385,ALB,19
4110.0,113.25000320000001,0.0,1.0,2.0,-4047.2363093321837,-3418.240292805026,ALB,19
4120.0,108.83333546666667,0.0,1.0,2.0,-4049.1072254651867,-3342.869613351584,ALB,19
4130.0,100.6250016,0.0,0.5,2.0,-4030.9065880755707,-3244.816180679658,ALB,19
4140.0,95.94444444444444,0.0,1.0,2.0,-3994.4421312899026,-3154.333146931845,ALB,19
4150.0,90.60714422857143,11.142846171428571,0.0,2.0,-3934.0668611964343,-3071.8455844267164,ALB,19
4160.0,92.14285714285714,34.214285714285715,0.0,2.0,-3843.0180196378114,-2994.182813082747,ALB,19
4170.0,97.71527697777778,43.611111111111114,0.0,2.0,-3779.2183972499847,-2961.264885274624,ALB,19
4180.0,103.0,47.041666666666664,0.0,2.0,-3659.702309314906,-2916.9073961732297,ALB,20
4190.0,113.66666666666666,58.77777777777778,0.0,2.0,-3564.893484630912,-2890.7267506735525,ALB,20
4200.0,126.14582933333332,72.08888462222222,0.0,2.0,-3471.769118902106,-2870.166744733352,ALB,20
4210.0,134.97994601541262,78.48621288559617,0.0,2.0,-3381.0,-2850.0,ALB,20
4220.0,145.48962457258125,85.24481228629062,0.0,2.0,-3297.849103127086,-2832.909023601819,ALB,20
4230.0,156.12749567999998,91.08499712,0.0,3.0,-3157.8978459652535,-2805.5325861886645,ALB,20
4240.0,162.0,95.0,0.0,3.0,-3104.232775419411,-2795.2789493623086,ALB,20
4250.0,178.21874400000002,99.054686,0.0,3.5,-3086.3250631617843,-2792.663521134308,ALB,20
4260.0,191.0,100.0,0.0,4.0,-2992.799985716911,-2775.2923010838326,ALB,20
4270.0,192.2999936,100.0,0.0,4.0,-2974.0,-2772.0,ALB,20
4280.0,199.63332693333334,100.0,0.0,4.0,-2856.0,-2752.5,ALB,20
4290.0,207.0,100.0,0.0,5.0,-2730.6259780816354,-2732.404655304093,ALB,20
4300.0,214.2,100.0,0.0,5.0,-2629.0875341573737,-2716.303160667339,ALB,20
4310.0,219.0,100.0,0.0,5.0,-2528.088519963968,-2700.868602799103,ALB,20
4320.0,225.87499200000002,100.0,0.0,5.0,-2436.4107977513586,-2686.8824768575896,ALB,20
4330.0,231.75,100.0,0.0,5.0,-2320.0,-2669.0,ALB,20
4350.0,240.5,100.0,0.0,6.0,-2198.876526631422,-2649.4390156427853,ALB,20
4370.0,248.29999616,100.0,0.0,6.0,-1998.5679457248114,-2617.5351241941125,ALB,20
4380.0,254.0,100.0,0.0,6.0,-1783.201371578271,-2582.718527623585,ALB,20
4390.0,255.1249952,100.0,0.0,6.0,-1724.0,-2573.0,ALB,20
4400.0,260.0,100.0,0.0,6.0,-1595.0234663605777,-2550.5439276521997,ALB,21
4420.0,267.21874560000003,100.0,0.0,6.0,-1486.0,-2532.5,ALB,21
4430.0,271.0,100.0,0.0,7.0,-1404.3374032083643,-2519.1141269044756,ALB,21
4440.0,274.0,100.0,0.0,7.0,-1315.0,-2504.0,ALB,21
4450.0,277.0,100.0,0.0,7.0,-1224.772115757713,-2489.509079204645,ALB,21
4460.0,279.6666666666667,100.0,0.0,7.0,-1103.0,-2470.0,ALB,21
4470.0,282.6666624,100.0,0.0,7.0,-964.0,-2446.0,ALB,21
4480.0,283.0,100.0,0.0,7.0,-948.4470635751711,-2443.284274703716,ALB,21
4490.0,286.75,100.0,0.0,7.0,-792.0,-2416.0,ALB,21
4500.0,289.0,100.0,0.0,7.0,-697.669492892475,-2399.664031451147,ALB,21
4510.0,290.42856777142856,100.0,0.0,7.0,-618.0,-2386.0,ALB,21
4520.0,293.0,100.0,0.0,7.0,-471.52040745238867,-2361.2734221180717,ALB,21
4530.0,294.3333333333333,100.0,0.0,7.0,-410.0,-2351.0,ALB,21
4540.0,297.0,100.0,0.0,7.0,-295.20973068196,-2331.9170845421995,ALB,21
4550.0,297.85714285714283,100.0,0.0,7.0,-215.0,-2318.0,ALB,21
4560.0,299.57142857142856,100.0,0.0,7.0,-3.0,-2280.0,ALB,21
4570.0,300.0,100.0,0.0,8.0,38.036490364110506,-2272.4610430603543,ALB,21
4590.0,302.1428571428571,100.0,0.0,8.0,195.62748423611603,-2241.7203469789874,ALB,21
4610.0,303.0,100.0,0.0,8.0,468.5247404338109,-2192.087882661329,ALB,21
4620.0,303.7142838857143,100.0,0.0,8.0,575.0,-2173.0,ALB,22
4630.0,305.0,100.0,0.0,8.0,674.2716400321543,-2155.2499228432457,ALB,22
4650.0,305.63181730909093,100.0,0.0,8.0,741.0,-2143.0,ALB,22
4670.0,306.99772683636365,100.0,0.0,8.0,992.4061970108312,-2095.9240123771397,ALB,22
4690.0,307.0,100.0,0.0,8.0,1159.0,-2065.0,ALB,22
4710.0,307.0,100.0,0.0,8.0,1461.4417434867983,-2009.9200967263566,ALB,22
4730.0,307.0,100.0,0.0,8.0,1564.4967645503812,-1991.4543440503107,ALB,22
4740.0,307.0,100.0,0.0,8.0,1680.295954148059,-1970.1338087266713,ALB,22
4760.0,307.0,100.0,0.0,8.0,1880.0,-1933.0,ALB,22
4770.0,307.0,100.0,0.0,8.0,1952.6734415835078,-1919.436385597151,ALB,22
4780.0,307.0,100.0,0.0,8.0,2031.0,-1905.0,ALB,22
4790.0,307.0,100.0,0.0,8.0,2355.820728096448,-1846.106064761045,ALB,22
4800.0,307.0,100.0,0.0,8.0,2379.0,-1842.0,ALB,22
4820.0,307.0,100.0,0.0,8.0,2513.0,-1821.0,ALB,22
4830.0,307.0,100.0,0.0,8.0,2632.776098738832,-1802.7262656420778,ALB,22
4840.0,307.0,100.0,0.0,8.0,2721.0,-1789.0,ALB,23
4850.0,307.0,100.0,0.0,8.0,2773.2914988494094,-1780.8221559759252,ALB,23
4860.0,307.0,100.0,0.0,8.0,2910.1222528102935,-1759.2934960821694,ALB,23
4870.0,307.0,100.0,0.0,8.0,3008.0,-1744.0,ALB,23
4880.0,307.0,100.0,0.0,8.0,3101.645958285871,-1729.5400844238,ALB,23
4890.0,307.0,100.0,0.0,8.0,3222.124254202457,-1710.778221216564,ALB,23
4900.0,306.6,100.0,0.0,8.0,3361.0,-1689.0,ALB,23
4910.0,306.0,100.0,0.0,8.0,3468.461299310553,-1672.186030245111,ALB,23
4930.0,306.0,49.0,1.0,8.0,3644.898117627652,-1645.1347049299052,ALB,23
4940.0,299.0,42.0,1.0,8.0,3679.0,-1640.0,ALB,23
4950.0,258.75002240000003,1.7500224000000024,1.0,8.0,3900.7535843794512,-1606.8462645049472,ALB,23
4970.0,231.6,0.0,1.0,8.0,4033.6549906192413,-1587.0818897277227,ALB,23
4980.0,219.6,0.0,1.0,8.0,4150.0,-1569.0,ALB,23
4990.0,210.0,0.0,1.0,8.0,4238.62061970075,-1553.75652116734,ALB,23
5000.0,196.94447786666666,0.0,1.0,8.0,4288.0,-1544.0,ALB,23
5010.0,163.0,0.0,1.0,8.0,4408.0,-1514.0,ALB,23
5020.0,144.58333866666666,0.0,1.0,7.0,4547.853185816009,-1471.5144612108907,ALB,23
5030.0,129.15000576,0.0,1.0,4.0,4609.787399151877,-1442.900910747354,ALB,23
5040.0,116.23611662222221,0.0,1.0,2.3333333333333335,4717.453138801523,-1342.3955734679218,ALB,23
5050.0,103.125,0.0,1.0,1.0,4770.933659570022,-1255.2610902645374,ALB,23
5060.0,96.1428608,0.0,1.0,1.0,4795.160010265377,-1140.9324835796474,ALB,24
5070.0,87.20500096,0.0,0.6666666666666666,1.0,4797.677745684215,-1053.995818374471,ALB,24
5080.0,79.53125066666666,0.0812496,0.0,1.0,4783.255582760367,-974.6538245555739,ALB,24
5090.0,77.18703739259259,7.207979377777778,0.0,1.0,4747.745616473366,-888.6284840611884,ALB,24
5100.0,78.1624992,35.7437488,0.0,1.0,4738.114775504485,-873.2501772559439,ALB,24
5110.0,85.91473026285715,41.11955033142857,0.0,1.0,4677.401519963893,-800.415376669764,ALB,24
5120.0,95.14285348571428,51.0,0.0,1.0,4592.067757226288,-744.2033193812447,ALB,24
5130.0,103.6428544,52.8214272,0.0,1.25,4482.346039793511,-717.1203043906651,ALB,24
5140.0,115.0,60.0,0.0,2.0,4367.060198893901,-710.3602560901551,ALB,24
5150.0,122.38888391111111,67.38888391111111,0.0,2.0,4360.0,-711.5,ALB,24
5160.0,129.0,74.0,0.0,2.0,4345.787136041909,-712.3060353189096,ALB,24
5170.0,139.26666666666668,79.46666666666667,0.0,2.3333333333333335,4215.672987897837,-718.3541082097827,ALB,24
5180.0,152.0,85.0,0.0,3.0,4109.0,-726.0,ALB,24
5190.0,159.6666624,99.37499199999999,0.0,3.0,4009.55288845644,-736.4859391960512,ALB,24
5200.0,173.99999146666667,100.0,0.0,3.5,3908.778384046923,-747.6222258450202,ALB,24
5210.0,181.25,100.0,0.0,4.0,3836.0,-756.0,ALB,24
5220.0,188.6874944,100.0,0.0,4.0,3749.3682665974225,-765.753290331824,ALB,24
5230.0,197.3124896,100.0,0.0,4.0,3638.0,-778.0,ALB,24
5240.0,205.0625,100.0,0.0,5.0,3528.193223234044,-788.7422319300358,ALB,24
5260.0,215.04999551999998,100.0,0.0,5.0,3336.106976455526,-805.4196335249217,ALB,24
5270.0,221.0,100.0,0.0,5.0,3241.2819983927952,-813.0663909768735,ALB,24
5280.0,225.5,100.0,0.0,5.0,3181.0,-818.0,ALB,25
5300.0,237.8749952,100.0,0.0,5.5,2959.3671296543225,-837.5532757253852,ALB,25
5320.0,245.7222144,100.0,0.0,6.0,2707.0,-859.0,ALB,25
5330.0,250.88392685714285,100.0,0.0,6.0,2650.2580255436683,-863.8381379453335,ALB,25
5350.0,255.0,100.0,0.0,6.0,2519.3717319454167,-875.4108041921686,ALB,25
5360.0,260.38499712,100.0,0.0,6.0,2382.1972141108154,-887.128770503861,ALB,25
5370.0,263.2374976,100.0,0.0,6.0,2237.0,-899.0,ALB,25
5380.0,264.8249984,100.0,0.0,7.0,2105.6494203828042,-910.6069439765713,ALB,25
5400.0,270.0,100.0,0.0,7.0,1891.6854040185667,-928.6931431130903,ALB,25
5410.0,273.093744,100.0,0.0,7.0,1840.0,-933.0,ALB,25
5420.0,275.0,100.0,0.0,7.0,1800.5445376806115,-936.4190417222892,ALB,25
5430.0,277.84249855999997,100.0,0.0,7.0,1647.6962766819477,-949.7946389702358,ALB,25
5450.0,280.5660704,100.0,0.0,7.0,1423.1164640456982,-968.9069026589642,ALB,25
5470.0,282.19249856,100.0,0.0,7.0,1277.0,-982.0,ALB,25
5480.0,283.54999808,100.0,0.0,7.0,1159.0,-992.0,ALB,25
5490.0,284.36,100.0,0.0,7.0,1085.125809874468,-998.6659549243045,ALB,25
0.0,285.175,100.0,0.0,7.0,971.1907049110929,-1008.5720584557821,BOT,1
10.0,289.0,100.0,0.0,7.0,863.0,-1018.0,BOT,1
30.0,294.74999679999996,100.0,0.0,7.0,678.2730169876569,-1034.6753481019136,BOT,1
50.0,298.0,100.0,0.0,7.0,473.0,-1052.0,BOT,1
60.0,301.0,100.0,0.0,8.0,259.71428029336414,-1070.4759059281325,BOT,1
70.0,302.38888533333335,100.0,0.0,8.0,140.0,-1081.0,BOT,1
100.0,306.0,100.0,0.0,8.0,5.076213295331897,-1093.4806240949201,BOT,1
110.0,307.6874976,100.0,0.0,8.0,-105.0,-1103.0,BOT,1
120.0,308.625,100.0,0.0,8.0,-201.07170507480816,-1111.0930545914625,BOT,1
140.0,311.3214272,100.0,0.0,8.0,-392.6324481040019,-1128.2691360854856,BOT,1
160.0,314.0836810044634,100.0,0.0,8.0,-707.0674485766065,-1156.1309578797004,BOT,1
180.0,316.0,100.0,0.0,8.0,-845.5708316111702,-1168.0010105005526,BOT,1
190.0,316.0,100.0,0.0,8.0,-892.0,-1172.0,BOT,1
210.0,316.0,100.0,0.0,8.0,-1057.1534301431082,-1186.5343212963357,BOT,1
220.0,316.3156248,100.0,0.0,8.0,-1154.0,-1195.0,BOT,2
230.0,317.0,100.0,0.0,8.0,-1369.5506720132673,-1213.5205018269394,BOT,2
240.0,317.81000192,100.0,0.0,8.0,-1444.0,-1220.0,BOT,2
250.0,319.0,100.0,0.0,8.0,-1544.1122285639676,-1228.9130825168727,BOT,2
270.0,318.1392850285714,100.0,0.0,8.0,-1735.0,-1246.0,BOT,2
280.0,318.0,100.0,0.0,8.0,-1768.6167045700784,-1248.8836477697303,BOT,2
290.0,318.0,100.0,0.0,8.0,-1946.0,-1264.0,BOT,2
310.0,318.0,100.0,0.0,8.0,-2100.9073479207073,-1278.127200366991,BOT,2
330.0,318.0,100.0,0.0,8.0,-2403.0,-1304.0,BOT,2
340.0,318.0,100.0,0.0,8.0,-2476.17832080722,-1310.4712043942857,BOT,2
360.0,315.375,100.0,0.0,8.0,-2576.650173717214,-1319.8585676006505,BOT,2
380.0,314.25,100.0,0.0,8.0,-2818.0,-1341.0,BOT,2
390.0,314.0,100.0,0.0,8.0,-2893.094471546499,-1347.4127539530512,BOT,2
400.0,313.06521790980224,100.0,0.0,8.0,-3025.454532967799,-1358.7376575286657,BOT,2
420.0,313.0,100.0,0.0,8.0,-3208.0,-1375.0,BOT,2
440.0,313.0,100.0,0.0,8.0,-3502.5642096401343,-1401.049533576881,BOT,3
460.0,309.0,62.0,1.0,8.0,-3633.7525902432385,-1412.2627402743583,BOT,3
470.0,301.92002304,52.85502976,1.0,8.0,-3665.0,-1415.0,BOT,3
480.0,280.32002304,24.955029760000002,1.0,8.0,-3812.0,-1428.0,BOT,3
490.0,258.0833333333333,0.0,1.0,8.0,-3950.2808696997326,-1439.6509869414967,BOT,3
510.0,226.0,0.0,1.0,8.0,-4141.9328153878105,-1456.8979391729927,BOT,3
520.0,208.71428571428572,0.0,1.0,8.0,-4267.625954863943,-1468.6911241104576,BOT,3
530.0,185.0000128,0.0,1.0,7.0,-4334.271643641874,-1474.7134381622363,BOT,3
540.0,174.0,0.0,1.0,6.0,-4464.752307505906,-1484.8730573793355,BOT,3
550.0,162.33333333333331,0.0,1.0,5.0,-4526.780949871292,-1487.0593919926214,BOT,3
560.0,144.41667199999998,0.0,1.0,3.6666666666666665,-4658.477381928088,-1485.7874392699357,BOT,3
580.0,126.0,0.0,1.0,2.0,-4850.39985510823,-1460.9121561885063,BOT,3
590.0,119.00000426666666,0.0,1.0,2.0,-4926.945467534408,-1432.9058486821405,BOT,3
600.0,109.97222471111111,0.0,1.0,2.0,-4997.947841487986,-1382.3523674958349,BOT,3
610.0,101.89891417023773,0.0,1.0,2.0,-5067.366714716126,-1297.5479035493906,BOT,3
620.0,88.82500053333332,0.0,1.0,1.0,-5111.062868365301,-1199.248881017226,BOT,3
630.0,80.11309561904761,0.0,0.6666666666666666,1.0,-5128.2214536291685,-1086.2075707486317,BOT,3
640.0,74.325,2.425,0.0,1.0,-5114.202773018985,-1002.4601020969822,BOT,3
650.0,71.36666666666666,15.8,0.0,1.0,-5070.751732140461,-908.0594078597857,BOT,3
660.0,75.23333333333333,28.833333333333332,0.0,1.0,-5002.64480725896,-836.297248156474,BOT,4
670.0,83.7406232,36.0,0.0,1.0,-4913.585417645984,-786.3226128562357,BOT,4
680.0,89.2718732,39.8171854,0.0,1.25,-4729.8892391058025,-807.6089596565097,BOT,4
690.0,97.71428571428572,42.85714285714286,0.0,2.0,-4632.305837616663,-846.0425029432222,BOT,4
700.0,100.3125,12.5,1.0,2.0,-4548.909647405726,-873.1191361481369,BOT,4
710.0,91.86666752000001,0.0,0.0,2.0,-4427.9967969095405,-902.385146039117,BOT,4
720.0,86.78571519999998,0.0,0.0,2.0,-4342.346297672543,-909.9301671295949,BOT,4
730.0,81.5,0.0,0.0,2.0,-4225.9247657998985,-875.7408881141151,BOT,4
740.0,79.20833386666668,0.0,0.0,2.0,-4177.904895085587,-813.3774742827118,BOT,4
750.0,77.5,10.5,0.0,2.0,-4142.933992323382,-703.2169402313465,BOT,4
760.0,81.51666432,24.649995946666667,0.0,2.0,-4137.958310590433,-624.446983864543,BOT,4
770.0,88.00470069248443,34.00313379498962,0.0,2.0,-4153.869323885712,-522.691498568712,BOT,4
780.0,94.72142994285714,36.93035748571428,0.0,2.0,-4187.25848226452,-437.35082985384497,BOT,4
790.0,101.76785828571428,51.303574857142856,0.0,2.0,-4242.854478245636,-357.77264508362424,BOT,4
800.0,111.97222222222223,58.25,0.0,2.0,-4292.1051226674945,-300.31010686309673,BOT,4
810.0,126.0,77.0,0.0,2.0,-4386.0,-180.0,BOT,4
830.0,148.84545454545454,85.38787878787878,0.0,2.6666666666666665,-4448.969968176744,-64.74915088220352,BOT,4
840.0,159.0,84.0,0.0,3.0,-4484.663455376634,24.482901575167816,BOT,4
850.0,164.39582933333332,92.31666346666667,0.0,4.0,-4511.64582280116,113.54883901889383,BOT,4
860.0,177.2229114666667,100.0,0.0,4.0,-4544.792190541377,297.7096520806992,BOT,4
870.0,187.0,100.0,0.0,4.0,-4557.720463810515,403.5135932908228,BOT,4
880.0,195.0,100.0,0.0,5.0,-4563.544438652292,482.8320591780351,BOT,5
890.0,199.1062464,100.0,0.0,5.0,-4566.712024070838,562.6330344008828,BOT,5
910.0,211.5,100.0,0.0,5.0,-4565.070175333484,694.9864395171628,BOT,5
920.0,218.09999616,100.0,0.0,5.0,-4559.227711669871,821.6565512375623,BOT,5
930.0,222.4999936,100.0,0.0,5.0,-4554.0,927.0,BOT,5
940.0,227.0,100.0,0.0,6.0,-4541.4236738091995,1087.8056553351048,BOT,5
950.0,232.33333333333334,100.0,0.0,6.0,-4529.0,1219.0,BOT,5
960.0,235.0,100.0,0.0,6.0,-4524.093611642787,1261.6909412670052,BOT,5
970.0,239.0,100.0,0.0,6.0,-4511.924813585078,1330.2178558734618,BOT,5
980.0,240.0,100.0,0.0,6.0,-4508.0,1349.0,BOT,5
1000.0,248.74999680000002,100.0,0.0,6.0,-4450.972282184672,1586.6829651461178,BOT,5
1010.0,250.42857142857142,100.0,0.0,6.0,-4432.0,1645.0,BOT,5
1020.0,254.25,100.0,0.0,6.0,-4377.7964808482,1780.788183901464,BOT,5
1030.0,256.0,100.0,0.0,6.0,-4332.491938422923,1866.2779446658412,BOT,5
1040.0,257.3333333333333,100.0,0.0,6.0,-4302.0,1915.0,BOT,5
1060.0,262.0,100.0,0.0,7.0,-4171.0,2081.0,BOT,5
1070.0,266.2857142857143,100.0,0.0,7.0,-4066.0,2184.0,BOT,5
1080.0,268.07142765714286,100.0,0.0,7.0,-4020.1846532606023,2223.6345906556135,BOT,5
1090.0,269.28571245714284,100.0,0.0,7.0,-3913.0,2305.0,BOT,5
1100.0,270.0,100.0,0.0,7.0,-3798.90664419097,2372.222783860968,BOT,6
1120.0,272.8749984,100.0,0.0,7.0,-3483.8716155147804,2535.9643433192323,BOT,6
1140.0,275.0,100.0,0.0,7.0,-3317.5526873977133,2598.822998122072,BOT,6
1150.0,276.55988656127636,100.0,0.0,7.0,-3231.0,2622.0,BOT,6
1170.0,279.0035721142857,100.0,0.0,7.0,-3023.3969353097655,2684.879324793725,BOT,6
1190.0,281.0041674666667,100.0,0.0,7.0,-2866.315530120136,2731.9042297395217,BOT,6
1220.0,283.75,100.0,0.0,7.0,-2612.8076780790243,2810.7865814626775,BOT,6
1230.0,285.0,100.0,0.0,7.0,-2469.0,2858.0,BOT,6
1250.0,285.0,100.0,0.0,7.0,-2259.0,2929.0,BOT,6
1260.0,285.0,100.0,0.0,7.0,-2132.971514377071,2972.7352541779283,BOT,6
1270.0,286.0,100.0,0.0,7.0,-2043.2649613619417,3005.559285263913,BOT,6
1290.0,286.0,100.0,0.0,7.0,-1940.1840513421903,3044.1819718822726,BOT,6
1310.0,286.0,100.0,0.0,7.0,-1738.0787451671572,3120.7633282750785,BOT,6
1320.0,286.42499931428574,100.0,0.0,7.0,-1634.0,3161.0,BOT,7
1330.0,286.99821394285715,100.0,0.0,7.0,-1510.5537771272175,3208.175774808563,BOT,7
1350.0,287.0,100.0,0.0,7.0,-1293.5189628871578,3296.9046236620206,BOT,7
1360.0,287.59499904,100.0,0.0,7.0,-1185.0,3342.0,BOT,7
1370.0,288.0,100.0,0.0,7.0,-1136.7795687442208,3361.9814964426223,BOT,7
1380.0,287.0,100.0,0.0,7.0,-1081.6663035496526,3385.083891968639,BOT,7
1390.0,287.39499904,100.0,0.0,7.0,-1034.0,3406.0,BOT,7
1400.0,288.0,100.0,0.0,7.0,-922.190252193828,3455.7230965693598,BOT,7
1410.0,285.02084586666666,97.91669333333334,1.0,7.0,-744.318804498656,3535.279128386488,BOT,7
1440.0,239.9791792,2.083359999999999,1.0,7.0,-520.0060468944264,3635.08560607548,BOT,7
1450.0,223.6,0.0,1.0,7.0,-368.5245880081632,3701.985016914151,BOT,7
1460.0,193.0,0.0,1.0,7.0,-288.8566434064394,3738.082084732638,BOT,7
1470.0,172.46429714285716,0.0,1.0,7.0,-202.44668702205774,3776.155047875989,BOT,7
1480.0,154.5,0.0,1.0,7.0,-69.96265783935655,3831.1623464961076,BOT,7
1490.0,138.8333383111111,0.0,1.0,6.0,-12.893400071153144,3849.364335287603,BOT,7
1500.0,126.0,0.0,1.0,3.0,96.0,3871.0,BOT,7
1520.0,109.83333333333334,0.0,1.0,2.0,259.66748692865144,3852.058079986599,BOT,7
1530.0,106.91666844444444,1.2499946666666666,0.3333333333333333,2.0,344.0174013130441,3803.1408482656384,BOT,7
1540.0,103.16666666666667,21.38888888888889,0.0,2.0,422.24794086182493,3728.214594971165,BOT,8
1550.0,104.1356779868518,36.24622892768486,0.0,2.0,474.42143928628576,3653.8969738395303,BOT,8
1560.0,111.27083733333333,49.77917226666666,0.0,2.0,523.5,3551.5,BOT,8
1570.0,116.75,59.666666666666664,0.0,2.0,548.3299515397018,3468.1540788979532,BOT,8
1580.0,122.0,73.14285714285714,0.0,2.0,566.0358521139829,3376.7697372393104,BOT,8
1590.0,134.0,74.85714285714286,0.0,2.0,576.7920198967956,3288.328364282441,BOT,8
1600.0,150.4814814814815,95.37037037037037,0.0,2.3333333333333335,588.3116260408516,3164.421681738668,BOT,8
1610.0,164.0,100.0,0.0,4.0,602.5719321601252,3020.0946920569295,BOT,8
1620.0,170.24481228629062,100.0,0.0,4.0,610.4964688333667,2949.764473501187,BOT,8
1640.0,185.3562464,100.0,0.0,4.0,627.1135655285967,2813.6064806611175,BOT,8
1650.0,194.3468696,100.0,0.0,4.0,642.0,2700.0,BOT,8
1660.0,200.23749759999998,100.0,0.0,5.0,658.3065456052251,2583.03895336899,BOT,8
1680.0,206.23749759999998,100.0,0.0,5.0,678.1542178200204,2449.3799807547884,BOT,8
1690.0,213.5,100.0,0.0,5.0,705.1334294013815,2286.790721519927,BOT,8
1710.0,220.0,100.0,0.0,5.0,733.0,2135.0,BOT,8
1720.0,222.0,100.0,0.0,5.0,763.0,1990.0,BOT,8
1730.0,224.0,100.0,0.0,5.0,792.7675485248654,1864.3981973360999,BOT,8
1750.0,226.90624880000001,100.0,0.0,5.0,841.2890252563978,1695.7733054440719,BOT,8
1770.0,230.0,100.0,0.0,5.0,886.7915139715889,1568.391009154941,BOT,9
1780.0,230.0,100.0,0.0,5.0,933.5449213439026,1461.2605043913445,BOT,9
1790.0,230.0,100.0,0.0,5.0,1015.3986117824097,1296.1758298470695,BOT,9
1810.0,231.5,100.0,0.0,5.0,1114.0,1142.0,BOT,9
1820.0,232.0,100.0,0.0,5.0,1134.280103169972,1113.1269239988342,BOT,9
1840.0,232.14999935999998,100.0,0.0,5.0,1249.2892381295624,988.0961754059471,BOT,9
1850.0,233.0,100.0,0.0,5.0,1385.6721178585503,877.6148444545578,BOT,9
1860.0,233.0,100.0,0.0,5.0,1475.0717564667166,813.8376381391622,BOT,9
1880.0,233.0,100.0,0.0,5.0,1611.0,757.0,BOT,9
1890.0,232.875,100.0,0.0,5.0,1720.416114961663,719.5016643207978,BOT,9
1900.0,232.0,100.0,0.0,5.0,1748.0,712.0,BOT,9
1910.0,232.78853009103145,100.0,0.0,5.0,1894.0,681.0,BOT,9
1920.0,233.0,100.0,0.0,5.0,1933.8094655094967,674.7642627716066,BOT,9
1930.0,233.0,100.0,0.0,5.0,2009.0,667.0,BOT,9
1940.0,233.0,100.0,0.0,5.0,2172.914360369849,666.0882721913727,BOT,9
1950.0,233.0,100.0,0.0,5.0,2257.0,678.0,BOT,9
1960.0,233.0,100.0,0.0,5.0,2306.0008049018747,687.4865741599443,BOT,9
1970.0,233.45,100.0,0.0,5.0,2428.0,722.0,BOT,9
1980.0,234.0,100.0,0.0,5.0,2614.724262367301,804.1771795344262,BOT,10
1990.0,234.0,100.0,0.0,5.0,2655.0,824.0,BOT,10
2010.0,234.0,100.0,0.0,5.0,2771.8268376823808,898.1415028634896,BOT,10
2030.0,234.0,100.0,0.0,5.0,2905.2977831040107,1015.5091548933258,BOT,10
2040.0,234.99749952000002,100.0,0.0,5.0,3010.2022886497944,1131.2251217884598,BOT,10
2050.0,235.94749952,96.21000192,0.0,5.0,3097.957440480308,1215.2148628330929,BOT,10
2060.0,234.84166826666666,98.31666346666667,0.0,5.0,3235.0,1314.0,BOT,10
2070.0,234.0,100.0,0.0,5.0,3300.318494486179,1356.520026606823,BOT,10
2090.0,229.164064,51.64064,0.0,5.0,3408.592485121686,1393.6462560837185,BOT,10
2100.0,228.42857142857142,56.285714285714285,0.0,5.0,3513.0,1424.0,BOT,10
2110.0,228.0,61.0,0.0,5.0,3576.3018170743726,1438.639620668017,BOT,10
2120.0,228.0,60.125,0.0,5.0,3675.7930057414924,1446.4523353377685,BOT,10
2130.0,228.44999936,71.69998336,0.0,5.0,3885.0,1444.0,BOT,10
2140.0,229.0,86.0,0.0,5.0,3968.6774514850517,1436.2355449693498,BOT,10
2150.0,230.28571428571428,92.0,0.0,5.0,4011.0,1425.0,BOT,10
2160.0,232.125,100.0,0.0,5.0,4127.426521105859,1394.2197477711672,BOT,10
2180.0,233.875,100.0,0.0,5.5,4295.141595270641,1325.2399774252,BOT,10
2200.0,237.12499839999998,100.0,0.0,6.0,4439.188889175485,1239.0444637298974,BOT,11
2210.0,239.5,100.0,0.0,6.0,4611.0,1095.0,BOT,11
2230.0,243.0,100.0,0.0,6.0,4707.475183941242,999.068376360363,BOT,11
2240.0,244.45833066666665,100.0,0.0,6.0,4747.0,952.0,BOT,11
2250.0,245.70833066666665,100.0,0.0,6.0,4801.0,891.0,BOT,11
2300.0,253.0,100.0,0.0,6.0,5164.095539695635,444.0005320670007,BOT,11
2310.0,253.0,100.0,0.0,6.0,5255.833996501306,337.0382555063547,BOT,11
2330.0,252.125,100.0,0.0,6.0,5417.391400610721,154.00281917311204,BOT,11
2350.0,253.0,100.0,0.0,6.0,5498.563408145582,60.693360746034024,BOT,11
2360.0,254.0,100.0,0.0,6.0,5550.782066261743,2.24051842092363,BOT,11
2370.0,254.0,100.0,0.0,6.0,5621.0,-75.0,BOT,11
2380.0,254.0656248,100.0,0.0,6.0,5692.0678112410715,-154.4737921920447,BOT,11
2390.0,255.0,100.0,0.0,6.0,5763.117584946791,-233.8480083762077,BOT,11
2400.0,255.0,100.0,0.0,6.0,5857.0,-339.0,BOT,11
2420.0,255.0,100.0,0.0,6.0,5959.730021121204,-456.45911007026945,BOT,12
2430.0,255.0,100.0,0.0,6.0,6043.0,-553.0,BOT,12
2440.0,255.0,100.0,0.0,6.0,6062.181713003069,-575.3072038363682,BOT,12
2450.0,244.8,20.950000000000003,0.5,6.0,6138.52487208817,-663.0306105798467,BOT,12
2460.0,228.53616652632425,3.508729851181717,1.0,6.0,6237.0,-780.0,BOT,12
2470.0,214.03616652632425,0.008729851181716874,1.0,6.0,6349.221886013664,-945.3312667747346,BOT,12
2490.0,200.0,0.0,1.0,5.0,6402.390024736238,-1032.0459040468218,BOT,12
2500.0,195.53214902857144,0.0,1.0,5.0,6410.0,-1104.0,BOT,12
2510.0,190.3678592,0.0,0.0,5.0,6425.642362737475,-1259.041999390177,BOT,12
2520.0,185.0,0.0,0.0,4.0,6432.738288213224,-1332.7313148565515,BOT,12
2530.0,182.15000137142857,29.9249856,0.0,4.0,6402.448995625361,-1451.0696993802048,BOT,12
2540.0,181.0,43.7499776,0.0,4.0,6381.0,-1538.0,BOT,12
2550.0,181.0,63.0,0.0,4.0,6357.64422765242,-1631.8879178733669,BOT,12
2560.0,183.0,72.5,0.0,4.0,6305.7522695132475,-1708.83980210974,BOT,12
2570.0,188.08332586666666,80.33332906666666,0.0,4.0,6206.0,-1855.0,BOT,12
2580.0,191.0,82.0,0.0,4.0,6174.576230072034,-1897.3991959356024,BOT,12
2590.0,196.09999872,76.0,0.0,4.0,6121.329989956726,-1945.334115842811,BOT,12
2600.0,198.0,76.0,0.0,5.0,6040.0,-2007.0,BOT,12
2610.0,202.0,77.0,0.0,5.0,5962.479860346747,-2050.032408824704,BOT,12
2620.0,204.0,79.0,0.0,5.0,5927.0,-2067.0,BOT,12
2630.0,209.2,85.6,0.0,5.0,5827.569825134703,-2104.88255162796,BOT,12
2640.0,211.5,100.0,0.0,5.0,5630.581454886507,-2152.998952379599,BOT,13
2650.0,215.0,100.0,0.0,5.0,5545.652087106788,-2171.3056665821364,BOT,13
2660.0,222.71428571428572,100.0,0.0,5.0,5480.0,-2180.0,BOT,13
2670.0,225.24999680000002,100.0,0.0,5.0,5425.371710595115,-2188.77788633309,BOT,13
2680.0,229.0,100.0,0.0,5.0,5333.565691924527,-2202.645268491155,BOT,13
2690.0,231.66666666666666,100.0,0.0,5.0,5254.0,-2211.0,BOT,13
2700.0,237.0,100.0,0.0,6.0,5014.809295307637,-2223.8284559658177,BOT,13
2710.0,240.2142774857143,100.0,0.0,6.0,4935.0,-2227.0,BOT,13
2720.0,246.0,100.0,0.0,6.0,4866.327543623636,-2228.9218956818436,BOT,13
2730.0,250.0,100.0,0.0,6.0,4797.0,-2231.0,BOT,13
2750.0,257.0,100.0,0.0,6.0,4535.0,-2242.0,BOT,13
2770.0,261.0,100.0,0.0,6.0,4437.519459335902,-2247.1096772216324,BOT,13
2780.0,261.0,100.0,0.0,6.0,4364.114144511372,-2251.8357115409003,BOT,13
2790.0,265.69583893333333,100.0,0.0,6.0,4224.0,-2261.0,BOT,13
2800.0,268.0,100.0,0.0,6.0,4162.230054820195,-2265.111388894189,BOT,13
2810.0,271.0,100.0,0.0,6.0,4016.0,-2275.0,BOT,13
2830.0,272.91666666666663,100.0,0.0,6.5,3838.800333063815,-2286.7011237004663,BOT,13
2840.0,274.8,100.0,0.0,7.0,3601.7442780985825,-2301.2386977906617,BOT,13
2860.0,277.0,100.0,0.0,7.0,3471.389399843581,-2309.2831542320946,BOT,14
2870.0,278.1214946563023,100.0,0.0,7.0,3391.0,-2315.0,BOT,14
2890.0,279.16527751111107,100.0,0.0,7.0,3245.5752939906893,-2326.1814730974347,BOT,14
2910.0,279.97083306666667,100.0,0.0,7.0,3012.0516463670715,-2346.7750186685566,BOT,14
2930.0,280.4972216888889,100.0,0.0,7.0,2873.0,-2361.0,BOT,14
2940.0,280.99861084444444,100.0,0.0,7.0,2725.589524920799,-2376.0413664474963,BOT,14
2960.0,281.0,100.0,0.0,7.0,2538.652286167424,-2395.0378809035087,BOT,14
2970.0,281.39499904,100.0,0.0,7.0,2485.0,-2401.0,BOT,14
2980.0,279.375,66.25,0.0,7.0,2348.761018280659,-2415.5592272124195,BOT,14
2990.0,275.0,10.0,1.0,7.0,2261.4580858784802,-2425.415235966633,BOT,14
3010.0,242.21430125714286,0.35714742857142934,1.0,7.0,2004.3117281682887,-2457.862453164546,BOT,14
3020.0,204.5,0.0,1.0,7.0,1906.2789081198534,-2470.681330805217,BOT,14
3030.0,191.57144685714286,0.0,1.0,7.0,1873.0,-2475.0,BOT,14
3040.0,172.26191640380952,0.0,1.0,7.0,1731.989443424098,-2494.5026901076967,BOT,14
3050.0,147.0,0.0,1.0,6.0,1572.032188498515,-2522.302577672909,BOT,14
3060.0,129.0,0.0,1.0,5.333333333333333,1518.8812784744632,-2533.406499132742,BOT,14
3070.0,105.39286034285715,0.0,1.0,2.6666666666666665,1406.870829816857,-2563.7196739087863,BOT,14
3080.0,93.2,0.0,1.0,2.0,1304.2395869227082,-2614.61944682317,BOT,15
3090.0,80.72857453714286,0.0,0.75,1.25,1246.3518855796453,-2681.045635910633,BOT,15
3100.0,76.44444444444444,7.333333333333333,0.0,1.0,1221.291931194154,-2766.1897830569346,BOT,15
3110.0,76.83999897599999,28.399995392,0.0,1.0,1249.2956408746736,-2868.162213474893,BOT,15
3120.0,86.91125216,41.810001920000005,0.0,1.0,1305.4359532414192,-2954.7913425819934,BOT,15
3130.0,94.325,48.4,0.0,1.5,1365.6175911705184,-3008.490456880717,BOT,15
3140.0,103.94166666666666,55.24583333333334,0.0,2.0,1459.1807012348017,-3071.317186510448,BOT,15
3150.0,112.5,62.5,0.0,2.0,1619.7216497948232,-3167.552980720996,BOT,15
3160.0,120.28606699042356,71.28606699042356,0.0,2.0,1736.3297854431992,-3234.6482695196473,BOT,15
3170.0,139.609372,87.4874976,0.0,2.0,1808.2648275329445,-3277.1066548134127,BOT,15
3180.0,146.41874506666667,92.75832959999998,0.0,2.6666666666666665,1875.1287260798074,-3319.748731133135,BOT,15
3190.0,155.0,99.0,0.0,3.0,1962.9690666148604,-3381.431096907605,BOT,15
3200.0,162.55714011428572,100.0,0.0,3.0,2065.113670329436,-3471.2768120613036,BOT,15
3210.0,170.4375,100.0,0.0,4.0,2126.824391429246,-3541.4466300245476,BOT,15
3230.0,177.27777777777777,100.0,0.0,4.0,2204.0277463164857,-3666.5978926721364,BOT,15
3240.0,180.61110755555555,100.0,0.0,4.0,2257.0,-3821.0,BOT,15
3250.0,183.39999744,100.0,0.0,4.0,2269.9283068318045,-3880.8391265649516,BOT,15
3260.0,186.0,100.0,0.0,4.0,2276.2919919492506,-3928.1676087233855,BOT,15
3270.0,189.10416586666668,100.0,0.0,4.0,2293.475338770014,-4105.590993954093,BOT,15
3280.0,191.0,100.0,0.0,4.0,2294.170561373852,-4181.9077231797655,BOT,15
3290.0,193.187496,100.0,0.0,4.0,2291.0,-4263.0,BOT,15
3300.0,196.24999893333333,100.0,0.0,5.0,2278.4023022759857,-4376.500009973997,BOT,16
3310.0,198.25,100.0,0.0,5.0,2254.652858831443,-4493.780906146758,BOT,16
3320.0,199.7499968,100.0,0.0,5.0,2237.0,-4565.0,BOT,16
3330.0,202.37499839999998,100.0,0.0,5.0,2203.1933789009927,-4672.852879219116,BOT,16
3340.0,204.34090821818182,100.0,0.0,5.0,2169.199048723187,-4767.918677267304,BOT,16
3360.0,206.9318173090909,100.0,0.5,5.0,2078.284451346806,-4972.385497227698,BOT,16
3370.0,196.0,0.0,1.0,5.0,2031.581068337117,-5059.78576267505,BOT,16
3380.0,193.16666666666669,0.0,1.0,5.0,2017.5,-5081.5,BOT,16
3390.0,179.94444444444446,0.0,1.0,5.0,1934.8102774143917,-5202.369058067612,BOT,16
3400.0,170.75000502857142,0.0,1.0,5.0,1863.9464466226634,-5289.49476766199,BOT,16
3410.0,161.50000924444444,0.0,1.0,5.0,1788.0,-5374.0,BOT,16
3420.0,154.37107003299025,0.0,1.0,4.0,1720.2695267329555,-5434.293010271815,BOT,16
3430.0,152.33333333333331,0.0,0.0,4.0,1633.57968770244,-5477.613749239454,BOT,16
3440.0,147.57142857142856,5.357142857142857,0.0,3.0,1526.0310988959652,-5507.6782467803005,BOT,16
3450.0,145.0,15.0,0.0,3.0,1477.7116254272091,-5507.487466658015,BOT,16
3460.0,146.3125,48.916666666666664,0.0,3.0,1353.87205853814,-5503.449316527284,BOT,16
3470.0,152.20892754285714,59.348212571428576,0.0,3.0,1222.6560581514887,-5470.848831290434,BOT,16
3480.0,154.78035611428572,63.63392685714285,0.0,3.0,1133.3149705727583,-5429.8454842745305,BOT,16
3490.0,159.21374784,58.33249664,0.0,3.0,1061.4853148938455,-5386.393974342373,BOT,16
3500.0,163.92749568,65.66499328,0.0,3.0,987.0,-5328.0,BOT,16
3510.0,167.76374784,71.63249664,0.0,3.5,924.2187432574074,-5271.52166411935,BOT,16
3520.0,173.49999359999998,88.9166592,0.0,4.0,848.5884022756927,-5201.260650787033,BOT,17
3530.0,183.7,100.0,0.0,4.0,774.4746860262618,-5134.506424424175,BOT,17
3540.0,190.91666666666669,100.0,0.0,5.0,650.4866312264369,-5022.387061572562,BOT,17
3570.0,211.08333333333331,100.0,0.0,5.0,512.9856935317823,-4899.867272581225,BOT,17
3580.0,215.35713828571429,100.0,0.0,6.0,423.6344559604023,-4820.139153116994,BOT,17
3590.0,224.28570514285715,100.0,0.0,6.0,325.0,-4732.0,BOT,17
3600.0,225.0,100.0,0.0,6.0,319.1528642580874,-4726.770721267428,BOT,17
3610.0,231.75,100.0,0.0,6.0,258.0,-4672.0,BOT,17
3620.0,234.0,100.0,0.0,6.0,226.02591435009623,-4643.334423786026,BOT,17
3630.0,238.0,100.0,0.0,6.0,141.0,-4567.0,BOT,17
3640.0,241.0,100.0,0.0,6.0,62.39990711443997,-4496.237867902221,BOT,17
3650.0,244.79999744,100.0,0.0,6.0,-64.8823941942532,-4381.725556994867,BOT,17
3660.0,249.0,100.0,0.0,6.0,-168.8283074239279,-4288.994531033015,BOT,17
3670.0,251.4,100.0,0.0,6.0,-235.0,-4230.0,BOT,17
3680.0,252.0,100.0,0.0,6.0,-251.1253889991814,-4215.556917902002,BOT,17
3690.0,254.0,100.0,0.0,6.0,-330.78979475862604,-4143.906790192919,BOT,17
3700.0,255.75,100.0,0.0,6.0,-398.7392788890118,-4083.510625293607,BOT,17
3710.0,256.99999817142856,100.0,0.0,6.0,-490.0,-4004.0,BOT,17
3720.0,258.0,100.0,0.0,6.0,-566.8357186199082,-3941.141443436243,BOT,17
3730.0,258.3333333333333,100.0,0.0,6.0,-612.0,-3908.0,BOT,17
3740.0,259.0,100.0,0.0,6.0,-708.0,-3847.0,BOT,18
3760.0,258.0,100.0,0.0,7.0,-889.2816145430166,-3761.7055955627447,BOT,18
3770.0,258.0,100.0,0.0,7.0,-951.0,-3744.0,BOT,18
3780.0,257.7,100.0,0.0,7.0,-1086.269048306539,-3721.35103317638,BOT,18
3790.0,255.0,100.0,0.0,7.0,-1220.8271915083735,-3713.3070486408506,BOT,18
3800.0,255.0,100.0,0.0,7.0,-1297.0,-3714.0,BOT,18
3820.0,254.875,100.0,0.0,7.0,-1483.4186629027304,-3738.496084864196,BOT,18
3830.0,253.0,100.0,0.0,7.0,-1600.149610033319,-3772.991793035957,BOT,18
3840.0,253.0,100.0,0.0,7.0,-1706.0,-3815.0,BOT,18
3850.0,253.0,100.0,0.0,7.0,-1836.0479137972407,-3878.5496486867787,BOT,18
3860.0,252.0,100.0,0.0,7.0,-1991.0024491893873,-3960.613924098027,BOT,18
3870.0,252.25,100.0,0.0,7.0,-2020.0,-3976.0,BOT,18
3880.0,253.0,100.0,0.0,7.0,-2082.4383172035705,-4009.1162780796794,BOT,18
3890.0,253.99792491451626,100.0,0.0,7.0,-2165.2557353721268,-4049.114051720674,BOT,18
3910.0,254.0,100.0,0.0,7.0,-2327.9095223670834,-4115.188785136668,BOT,18
3930.0,253.0437504,100.0,0.0,7.0,-2501.6643355630595,-4163.52066741413,BOT,18
3940.0,253.0,100.0,0.0,7.0,-2634.0,-4186.0,BOT,18
3950.0,253.0,100.0,0.0,7.0,-2743.9377194416484,-4194.035452265339,BOT,18
3960.0,253.0,100.0,0.0,7.0,-2868.9207703439342,-4199.908510817476,BOT,19
3970.0,252.33333333333334,100.0,0.0,7.0,-2948.0,-4194.0,BOT,19
3980.0,252.0,100.0,0.0,7.0,-3007.999888067695,-4184.2196708498,BOT,19
4000.0,250.29167573333334,95.83338666666667,1.0,7.0,-3257.963452390388,-4140.370607338061,BOT,19
4010.0,234.0,0.0,1.0,7.0,-3346.425689431797,-4117.8409441008,BOT,19
4020.0,228.0,0.0,1.0,7.0,-3379.0,-4106.0,BOT,19
4030.0,209.2500096,0.0,1.0,7.0,-3523.5913179636564,-4048.5444626515687,BOT,19
4040.0,198.4,0.0,1.0,7.0,-3596.0,-4012.0,BOT,19
4050.0,178.10000896,0.0,1.0,7.0,-3722.6233389973036,-3928.3857353734275,BOT,19
4060.0,163.6250048,0.0,1.0,7.0,-3809.2734061349706,-3854.7570780780616,BOT,19
4070.0,155.1875072,0.0,1.0,6.0,-3884.3265887297293,-3770.159199890746,BOT,19
4080.0,140.0,0.0,1.0,3.0,-3941.918939661806,-3692.701216487252,BOT,19
4090.0,136.8888888888889,0.0,1.0,3.0,-3970.0,-3644.5,BOT,19
4100.0,130.00000426666668,0.0,1.0,3.0,-4015.0675661238647,-3550.4449490857523,BOT,19
4110.0,118.86666666666667,0.0,0.6666666666666666,2.0,-4045.7283662908653,-3427.213444116551,BOT,19
4120.0,113.42857142857143,0.0,0.3333333333333333,2.0,-4047.3313594951305,-3330.1993197466363,BOT,19
4130.0,109.62500159999999,1.3124943999999998,0.0,2.0,-4025.0078089985836,-3222.6601040370388,BOT,19
4140.0,105.66666666666666,20.666666666666668,0.0,2.0,-3982.816253559712,-3132.8033226467287,BOT,19
4150.0,105.95238095238096,34.952380952380956,0.0,2.0,-3933.3449687295865,-3069.490521646306,BOT,19
4160.0,107.78664759837466,37.21572810657902,0.0,2.0,-3888.0,-3026.0,BOT,19
4170.0,115.37783015082644,48.94755568764087,0.0,2.0,-3730.0,-2938.0,BOT,19
4180.0,119.25,53.5,0.0,2.0,-3655.569710239649,-2914.048034163239,BOT,20
4190.0,125.28215585819947,57.28215585819948,0.0,3.0,-3558.7134865522926,-2889.6565138435362,BOT,20
4200.0,131.0,60.5,0.0,3.0,-3480.6420922602547,-2871.382075595714,BOT,20
4210.0,143.95832533333333,73.61387875555556,0.0,3.0,-3383.0,-2850.5,BOT,20
4220.0,149.0,80.0,0.0,3.0,-3335.4539889742473,-2840.638385189086,BOT,20
4230.0,160.3546836,97.468744,0.0,3.0,-3226.280466061067,-2819.004503596526,BOT,20
4240.0,170.54998784,100.0,0.0,3.0,-3146.0,-2803.0,BOT,20
4250.0,179.57499392,100.0,0.0,3.5,-3062.665268516871,-2788.4928682491636,BOT,20
4260.0,189.3518445037037,100.0,0.0,4.666666666666667,-2946.622239834777,-2767.593416916341,BOT,20
4280.0,207.0,100.0,0.0,5.0,-2735.34729054703,-2732.6089044585956,BOT,20
4290.0,207.8571318857143,100.0,0.0,5.0,-2718.0,-2730.0,BOT,20
4300.0,217.28571428571428,100.0,0.0,5.0,-2505.646259809965,-2698.4747289470056,BOT,20
4320.0,227.0,100.0,0.0,5.0,-2387.155869355031,-2680.2548484298645,BOT,20
4330.0,231.99999085714285,100.0,0.0,5.0,-2325.0,-2670.0,BOT,20
4340.0,237.5625,100.0,0.0,6.0,-2223.0289869771973,-2653.1303326159195,BOT,20
4350.0,243.1874928,100.0,0.0,6.0,-2091.0,-2632.0,BOT,20
4360.0,246.0,100.0,0.0,6.0,-2000.6732671473783,-2617.6578290821444,BOT,20
4370.0,251.4,100.0,0.0,6.0,-1838.4350369331892,-2591.829360266179,BOT,20
4390.0,257.74999679999996,100.0,0.0,6.0,-1720.4442307974573,-2572.5813352368364,BOT,20
4400.0,263.2812464,100.0,0.0,7.0,-1576.368216042369,-2548.2537988635813,BOT,21
4420.0,270.3124928,100.0,0.0,7.0,-1386.0,-2516.0,BOT,21
4430.0,272.0,100.0,0.0,7.0,-1340.6686725121576,-2508.652674553171,BOT,21
4440.0,277.0,100.0,0.0,7.0,-1192.0,-2485.0,BOT,21
4460.0,282.4,100.0,0.0,7.0,-1030.3787748762588,-2457.4883286275267,BOT,21
4470.0,286.0,100.0,0.0,7.0,-884.0,-2432.0,BOT,21
4490.0,289.6,100.0,0.0,7.0,-635.3234383264542,-2388.4053258880554,BOT,21
4510.0,293.8333312,100.0,0.0,7.0,-512.7436571505408,-2368.0571127992916,BOT,21
4530.0,297.0,100.0,0.0,7.0,-359.45009661587125,-2342.319164853787,BOT,21
4550.0,302.25,100.0,0.0,7.5,-30.666576892926475,-2284.779691909314,BOT,21
4570.0,308.0,100.0,0.0,8.0,191.33182584151322,-2242.3984796792924,BOT,21
4580.0,308.0,100.0,0.0,8.0,204.0,-2240.0,BOT,21
4590.0,308.0,100.0,0.0,8.0,301.4075065655907,-2222.1714427077327,BOT,21
4600.0,310.85714285714283,100.0,0.0,8.0,398.0,-2205.0,BOT,21
4620.0,313.0,100.0,0.0,8.0,496.1266699294208,-2187.4136378824005,BOT,22
4630.0,314.991699658065,100.0,0.0,8.0,604.0,-2168.0,BOT,22
4640.0,317.1218744,100.0,0.0,8.0,725.8594182984125,-2145.943441957277,BOT,22
4660.0,319.0,100.0,0.0,8.0,964.8967453542704,-2101.436905922044,BOT,22
4670.0,319.8464265142857,100.0,0.0,8.0,1064.0,-2083.0,BOT,22
4690.0,321.8874989714286,100.0,0.0,8.0,1357.4296131591886,-2028.7050478157444,BOT,22
4720.0,324.69249856,100.0,0.0,8.0,1548.0,-1994.0,BOT,22
4730.0,325.0,100.0,0.0,8.0,1578.7625101431477,-1988.4550549517676,BOT,22
4740.0,325.4374992,100.0,0.0,8.0,1708.0,-1965.0,BOT,22
4750.0,325.875,100.0,0.0,8.0,1832.0,-1942.0,BOT,22
4760.0,326.0,100.0,0.0,8.0,1866.6888412530302,-1935.591003351079,BOT,22
4780.0,326.0,100.0,0.0,8.0,2123.522651124761,-1888.245274332115,BOT,22
4790.0,326.5,100.0,0.0,8.0,2249.0,-1865.0,BOT,22
4800.0,327.0,100.0,0.0,8.0,2328.1742742839742,-1850.9151144937814,BOT,22
4820.0,327.94999936,100.0,0.0,8.0,2505.3655866112904,-1821.5186061505813,BOT,22
4840.0,327.4090914909091,100.0,0.0,8.0,2759.0,-1783.0,BOT,23
4860.0,326.95833386666664,100.0,0.0,8.0,2929.4294248288656,-1756.346514969368,BOT,23
4870.0,326.25000106666664,100.0,0.0,8.0,3072.0,-1734.0,BOT,23
4890.0,325.25000106666664,100.0,0.0,8.0,3296.0,-1699.0,BOT,23
4900.0,325.0,100.0,0.0,8.0,3350.027504055607,-1690.7030889295452,BOT,23
4910.0,313.00002194285713,50.00009142857142,0.0,8.0,3472.0,-1672.0,BOT,23
4920.0,301.0,0.0,1.0,8.0,3593.710977672649,-1652.7642675669813,BOT,23
4930.0,292.3333333333333,0.0,1.0,8.0,3657.0,-1643.0,BOT,23
4940.0,275.0,0.0,1.0,8.0,3774.0,-1626.0,BOT,23
4960.0,246.6,0.0,1.0,8.0,4008.808197152637,-1590.7241670473422,BOT,23
4970.0,225.0,0.0,1.0,8.0,4119.049703084236,-1574.5973370780753,BOT,23
4980.0,202.1875,0.0,1.0,8.0,4180.931174752758,-1564.5285956707485,BOT,23
4990.0,180.4375232,0.0,1.0,8.0,4301.0,-1540.0,BOT,23
5000.0,170.2500086857143,0.0,1.0,8.0,4359.767211143013,-1526.0434466823326,BOT,23
5010.0,154.61111111111111,0.0,1.0,8.0,4501.998055646704,-1487.4049649700305,BOT,23
5020.0,129.8333383111111,0.0,1.0,5.0,4589.284720733859,-1454.9575799872455,BOT,23
5030.0,115.875,0.0,1.0,2.0,4691.989947364441,-1377.5069818428988,BOT,23
5040.0,106.00500096,0.0,1.0,2.0,4733.756983486778,-1324.2617388067156,BOT,23
5050.0,92.20466974946656,0.0,1.0,1.3333333333333333,4777.4849667903845,-1227.6972340714283,BOT,23
5060.0,86.94395335204551,0.0,0.5,1.0,4796.126127326113,-1122.7270162607479,BOT,24
5070.0,80.0,7.3166634666666654,0.0,1.0,4792.291575027736,-1020.2096251698191,BOT,24
5080.0,79.25166698666668,21.728329173333332,0.0,1.0,4772.20933085704,-939.6555858888179,BOT,24
5090.0,80.93089170285714,26.054731337142858,0.0,1.5,4734.9399300640025,-870.1972371161231,BOT,24
5100.0,86.6874976,31.249996799999998,0.0,2.0,4675.452623973499,-794.9557998589603,BOT,24
5110.0,92.7232128,38.252973866666665,0.0,2.0,4600.632319279138,-748.6000861280397,BOT,24
5120.0,97.83333333333334,46.5,0.0,2.0,4503.646221400328,-717.878434644204,BOT,24
5130.0,107.0,52.916665599999995,0.0,2.0,4419.335407018483,-711.0997720761014,BOT,24
5140.0,113.4,56.4,0.0,2.0,4360.1865869005305,-711.2675296981089,BOT,24
5150.0,125.66666666666666,60.55555555555556,0.0,2.0,4257.409244741561,-715.7033165905405,BOT,24
5160.0,135.88888888888889,69.33333333333333,0.0,2.0,4169.0,-721.0,BOT,24
5170.0,147.67499648,86.19999232,0.0,3.0,4075.4456080334458,-729.6690450164035,BOT,24
5180.0,159.0,100.0,0.0,3.0,3975.0,-740.0,BOT,24
5190.0,169.83332266666667,100.0,0.0,3.0,3857.0,-754.0,BOT,24
5200.0,177.5625,100.0,0.0,4.0,3778.7138943018826,-762.7176373302184,BOT,24
5210.0,192.4062424,100.0,0.0,4.0,3657.1808695877144,-776.5201805640113,BOT,24
5230.0,202.58333333333331,100.0,0.0,5.0,3530.995141574048,-788.6590676936196,BOT,24
5240.0,209.49999359999998,100.0,0.0,5.0,3316.728474349393,-807.2569063939173,BOT,24
5250.0,217.0,100.0,0.0,5.0,3207.315184088604,-816.4306041846552,BOT,24
5260.0,220.0,100.0,0.0,5.0,3106.24418007877,-824.6500123288672,BOT,24
5270.0,220.0,100.0,0.0,5.0,3048.077778572816,-829.5149450836509,BOT,24
5280.0,225.0,100.0,0.0,6.0,2967.049700065714,-836.5409493638258,BOT,25
5290.0,225.0,100.0,0.0,6.0,2916.0,-841.0,BOT,25
5300.0,225.0,100.0,0.0,6.0,2712.7989257626386,-858.7899312688822,BOT,25
5310.0,225.0,100.0,0.0,6.0,2699.0,-860.0,BOT,25
5320.0,225.0,100.0,0.0,6.0,2617.2777191751434,-867.1851017658231,BOT,25
5330.0,242.0818388622311,100.0,0.0,6.0,2537.0,-874.0,BOT,25
5340.0,255.0,100.0,0.0,6.0,2431.1470775862617,-882.8099951750637,BOT,25
5350.0,260.6785645714286,100.0,0.0,6.0,2273.0,-896.0,BOT,25
5360.0,265.0,100.0,0.0,6.0,2176.346830001574,-904.2387778191279,BOT,25
5370.0,269.0,100.0,0.0,7.0,2024.2212846352652,-917.538863730653,BOT,25
5380.0,270.17999616,100.0,0.0,7.0,1984.0,-921.0,BOT,25
5390.0,273.0,100.0,0.0,7.0,1880.297846163707,-929.806130808077,BOT,25
5410.0,276.99166506666666,100.0,0.0,7.0,1689.6010601971516,-946.034712576962,BOT,25
5420.0,277.99999744,100.0,0.0,7.0,1610.0,-953.0,BOT,25
5440.0,281.0,100.0,0.0,7.0,1377.0,-973.0,BOT,25
5460.0,284.0,100.0,0.0,7.0,1145.0,-993.0,BOT,25
5470.0,286.2303561142857,100.0,0.0,7.0,1017.7065895558624,-1004.4877197023357,BOT,25
0.0,285.25,100.0,0.0,7.0,957.9687762429243,-1009.9904725293202,PER,1
10.0,287.0,100.0,0.0,7.0,838.9149522121305,-1020.5848070601832,PER,1
20.0,292.0,100.0,0.0,7.0,754.832760863441,-1027.4929123358959,PER,1
30.0,292.3333333333333,100.0,0.0,7.0,714.0,-1031.0,PER,1
40.0,293.0,100.0,0.0,7.0,591.9996282301764,-1041.944393011404,PER,1
60.0,296.5,100.0,0.0,7.0,469.0,-1053.0,PER,1
70.0,301.5,100.0,0.0,7.5,303.26770153162283,-1067.4176535289569,PER,1
90.0,303.25,100.0,0.0,8.0,119.0,-1083.0,PER,1
100.0,304.0,100.0,0.0,8.0,25.82521237996726,-1091.5783269544863,PER,1
110.0,306.5,100.0,0.0,8.0,-100.0,-1103.0,PER,1
130.0,309.1875,100.0,0.0,8.0,-305.09914481061367,-1120.1467752541116,PER,1
140.0,310.0,100.0,0.0,8.0,-429.1502630628068,-1130.922642728997,PER,1
170.0,313.0662452269185,100.0,0.0,8.0,-648.422831259721,-1150.7715742966468,PER,1
180.0,314.0,100.0,0.0,8.0,-862.1492373464994,-1168.9783234860918,PER,1
190.0,314.59499904,100.0,0.0,8.0,-1031.0,-1184.0,PER,1
200.0,315.0,100.0,0.0,8.0,-1121.5051258931912,-1192.0211598514934,PER,1
220.0,315.0,100.0,0.0,8.0,-1280.6138269470837,-1205.943904399801,PER,2
240.0,315.99749952,100.0,0.0,8.0,-1397.3328221420497,-1216.028768899579,PER,2
280.0,316.0,100.0,0.0,8.0,-1738.2870372137731,-1245.73683860749,PER,2
290.0,315.55555555555554,100.0,0.0,8.0,-1887.0,-1259.0,PER,2
310.0,314.875,100.0,0.0,8.0,-2130.4405256244463,-1280.3611816595512,PER,2
320.0,314.0,100.0,0.0,8.0,-2229.652000583491,-1289.248992068175,PER,2
340.0,313.6666666666667,100.0,0.0,8.0,-2305.0,-1296.0,PER,2
350.0,313.05555626666666,100.0,0.0,8.0,-2512.0,-1314.0,PER,2
360.0,313.0,100.0,0.0,8.0,-2529.630179347842,-1315.5486534752013,PER,2
380.0,312.0,100.0,0.0,8.0,-2737.0,-1334.0,PER,2
390.0,311.0,100.0,0.0,8.0,-2956.169094932971,-1353.2031241606355,PER,2
400.0,310.72222293333334,100.0,0.0,8.0,-3081.0,-1364.0,PER,2
420.0,310.0,100.0,0.0,8.0,-3234.435452928996,-1376.553680313056,PER,2
440.0,310.0,100.0,0.0,8.0,-3364.0,-1388.5,PER,3
450.0,310.0,100.0,0.0,8.0,-3456.7170660126762,-1397.1002011699165,PER,3
460.0,309.0,100.0,0.0,8.0,-3586.089760756509,-1407.9065452746363,PER,3
470.0,304.714304,78.57151999999999,0.0,8.0,-3646.0,-1413.0,PER,3
490.0,287.41006091519534,0.0,1.0,8.0,-3910.9770986611975,-1436.1976563147418,PER,3
500.0,251.0,0.0,1.0,8.0,-4029.597536288981,-1447.0291437786257,PER,3
510.0,241.4535488,0.0,1.0,8.0,-4062.0,-1450.0,PER,3
520.0,214.05469,0.0,1.0,8.0,-4198.240182642764,-1462.1969119095745,PER,3
540.0,191.58249664,0.0,1.0,6.0,-4392.010363551697,-1480.0882854346376,PER,3
550.0,186.0,0.0,1.0,5.0,-4472.2477177487435,-1485.789896463043,PER,3
560.0,159.9499904,0.0,1.0,4.5,-4577.389668223849,-1487.9500207963931,PER,3
570.0,147.0,0.0,1.0,3.0,-4703.582509570745,-1484.5788348316737,PER,3
580.0,142.0,0.0,1.0,3.0,-4808.0,-1470.0,PER,3
590.0,130.125,0.0,1.0,2.0,-4906.1852671637125,-1444.0988077010272,PER,3
600.0,115.58333333333333,0.0,1.0,2.0,-4982.467935775224,-1393.90006626322,PER,3
610.0,102.14851899241047,0.16583317333333333,1.0,2.0,-5055.8627989310235,-1317.1816601417465,PER,3
620.0,91.01625312,0.9987497599999999,1.0,1.5,-5112.060182808993,-1203.8448053021984,PER,3
630.0,80.94625168,1.43624976,0.75,1.0,-5124.997315791936,-1130.5972919665778,PER,3
640.0,73.0079365079365,4.2063492063492065,0.0,1.0,-5116.776095463531,-1020.4490179622712,PER,3
650.0,69.75000021333332,18.033330773333333,0.0,1.0,-5085.653584648542,-932.1200156525365,PER,3
660.0,72.9583328,32.874998399999996,0.0,1.0,-5017.100333144625,-846.3535501740424,PER,4
670.0,81.0,39.0,0.0,1.0,-4929.0,-795.0,PER,4
680.0,85.24999893333334,44.83333262222222,0.0,1.0,-4816.338542134097,-789.1182523905048,PER,4
690.0,95.85416373333334,51.041662933333335,0.0,1.25,-4665.441585514556,-830.3351004700039,PER,4
700.0,99.25313279348745,22.406016195376214,0.0,2.0,-4553.0,-871.5,PER,4
710.0,98.41250026666667,0.0,0.6666666666666666,2.0,-4461.677115221578,-895.6929234253253,PER,4
720.0,89.82500053333332,0.0,0.0,2.0,-4338.276598887321,-911.2094245080542,PER,4
730.0,84.15625,0.0,0.0,2.0,-4262.871283501172,-894.9557954231096,PER,4
740.0,79.89583333333333,0.0,0.0,2.0,-4191.308030776387,-839.0454042629783,PER,4
750.0,78.05,7.125,0.0,2.0,-4153.457024853146,-750.1534694414069,PER,4
760.0,78.0,25.0,0.0,2.0,-4138.0,-653.0,PER,4
770.0,85.2406232,33.110934799999995,0.0,2.0,-4141.891877115522,-566.1436901028676,PER,4
780.0,92.53541546666668,45.11458133333334,0.0,2.0,-4179.669385460015,-451.3047235163527,PER,4
790.0,101.96428571428572,51.9375,0.0,2.0,-4231.0481078534,-373.3608794648056,PER,4
800.0,111.5,62.25,0.0,2.0,-4294.236268393436,-296.75537901998655,PER,4
810.0,118.94999552,72.4999936,0.0,2.0,-4362.479902348374,-215.91308843147607,PER,4
820.0,135.07142399999998,87.1071424,0.0,2.0,-4400.051106449517,-159.79903703596344,PER,4
830.0,144.0,88.0,0.0,2.0,-4444.0,-77.0,PER,4
840.0,157.25,90.0,0.0,3.0,-4495.928002265492,63.39366039570204,PER,4
850.0,164.0,93.0,0.0,3.0,-4513.062229341963,114.36787821027514,PER,4
860.0,174.2187448,100.0,0.0,3.0,-4528.754848022549,189.86802707319976,PER,4
870.0,186.0,100.0,0.0,4.0,-4557.0,399.0,PER,4
880.0,198.0,100.0,0.0,4.0,-4566.07886687977,490.4047949535302,PER,5
900.0,205.0,100.0,0.0,5.0,-4567.0,576.0,PER,5
910.0,210.0624928,100.0,0.0,5.0,-4566.0,680.0,PER,5
920.0,214.29999616,100.0,0.0,5.0,-4562.275670332277,769.2769812216106,PER,5
930.0,220.84639188246786,100.0,0.0,5.0,-4555.386574744571,898.441735050206,PER,5
950.0,228.16771019498543,100.0,0.0,5.0,-4539.437592617484,1128.1239886060043,PER,5
970.0,235.51250240000002,100.0,0.0,5.5,-4524.396503827819,1247.065733654017,PER,5
980.0,242.0250048,100.0,0.0,6.0,-4494.0,1419.0,PER,5
990.0,243.0,100.0,0.0,6.0,-4488.158436710457,1445.611420917315,PER,5
1000.0,246.25,100.0,0.0,6.0,-4457.624170931176,1564.2254064885806,PER,5
1010.0,248.66666666666669,100.0,0.0,6.0,-4422.859646358424,1672.5159182436792,PER,5
1030.0,256.0,100.0,0.0,6.0,-4294.0,1928.0,PER,5
1060.0,260.90909090909093,100.0,0.0,6.0,-4167.0,2086.0,PER,5
1070.0,262.15,100.0,0.0,6.0,-4121.256456282394,2132.7508363726292,PER,5
1080.0,265.0,100.0,0.0,6.0,-4019.760660671825,2227.9957165605415,PER,5
1090.0,268.1187488,100.0,0.0,7.0,-3893.8617883468364,2318.4587876668656,PER,5
1110.0,271.0,100.0,0.0,7.0,-3623.645279487101,2466.8220339690643,PER,6
1120.0,272.4874976,100.0,0.0,7.0,-3489.0,2532.0,PER,6
1130.0,274.0,100.0,0.0,7.0,-3379.9478527652363,2578.967878957119,PER,6
1140.0,275.0,100.0,0.0,7.0,-3278.0573550376503,2611.8289987881703,PER,6
1150.0,276.0,100.0,0.0,7.0,-3195.8918284520546,2633.8192989152185,PER,6
1160.0,276.58999808,100.0,0.0,7.0,-3167.0,2642.0,PER,6
1180.0,279.6,100.0,0.0,7.0,-3005.8516647828005,2690.373502618078,PER,6
1200.0,282.54999808,100.0,0.0,7.0,-2847.2272028351463,2737.550708207387,PER,6
1210.0,284.3124976,100.0,0.0,7.0,-2719.0,2777.0,PER,6
1230.0,286.0,100.0,0.0,7.0,-2527.4214083015436,2838.8909587136513,PER,6
1240.0,286.6666666666667,100.0,0.0,7.0,-2372.0,2890.0,PER,6
1250.0,287.0,100.0,0.0,7.0,-2321.4110106817816,2906.8143610427655,PER,6
1260.0,287.0,100.0,0.0,7.0,-2231.453703286965,2938.220589118259,PER,6
1290.0,287.0,100.0,0.0,7.0,-1959.39137354823,3037.7372944876706,PER,6
1300.0,287.0,100.0,0.0,7.0,-1892.0,3062.0,PER,6
1320.0,287.0,100.0,0.0,7.0,-1727.8260903994826,3124.2745717516473,PER,7
1330.0,287.1111111111111,100.0,0.0,7.0,-1594.3324901875949,3176.138566299158,PER,7
1360.0,288.0,100.0,0.0,7.0,-1336.0,3279.0,PER,7
1370.0,288.0,100.0,0.0,7.0,-1188.0,3341.0,PER,7
1380.0,288.03571382857143,100.0,0.0,7.0,-1141.5056095325444,3360.6684396036244,PER,7
1390.0,288.6428562285714,100.0,0.0,7.0,-1019.0,3413.0,PER,7
1400.0,289.0,100.0,0.0,7.0,-922.6230071906729,3455.5014121144277,PER,7
1420.0,285.1666688,4.166719999999998,0.5,7.0,-693.3403353649843,3558.4311509839845,PER,7
1440.0,236.0,0.0,1.0,7.0,-545.7107421986233,3623.810737350496,PER,7
1450.0,223.91087915010806,0.0,1.0,7.0,-475.0,3655.0,PER,7
1460.0,204.9624928,0.0,1.0,6.0,-324.2806610719937,3721.8749438389323,PER,7
1480.0,183.94582293333332,0.0,1.0,5.0,-221.18212958916752,3767.9201030541835,PER,7
1490.0,148.25,0.0,1.0,4.5,-84.94793059589557,3825.2917595961862,PER,7
1500.0,139.375,0.0,1.0,3.0,35.0,3859.0,PER,7
1510.0,121.5,0.0,1.0,2.5,157.1786509455484,3875.2132960775048,PER,7
1520.0,115.15,0.0,1.0,2.0,216.25958614955954,3865.3908686773416,PER,7
1530.0,105.81651338291378,0.4249993142857143,0.3333333333333333,2.0,302.36752487754023,3830.5642108269967,PER,7
1540.0,100.67142948571428,9.996427885714285,0.0,2.0,380.1582390526533,3769.2972057062375,PER,8
1550.0,98.33333333333333,32.91999744,0.0,2.0,453.8646695232212,3687.589728072262,PER,8
1560.0,103.53041397333334,48.216661333333334,0.0,2.0,504.73212235370374,3589.3033996884847,PER,8
1580.0,120.48610880000001,73.3611072,0.0,2.0,558.5790368960115,3415.087658539321,PER,8
1590.0,129.6,74.4,0.0,2.0,573.9699272497468,3323.7301817642624,PER,8
1600.0,140.21428114285715,83.03570925714286,0.0,2.5,583.3056102292055,3220.4172342721686,PER,8
1610.0,150.1,98.5,0.0,3.0,594.8099283714084,3084.431939918588,PER,8
1620.0,161.49999359999998,100.0,0.0,3.0,602.1568954464683,3020.9896602115145,PER,8
1640.0,178.0,100.0,0.0,4.0,614.0,2915.0,PER,8
1670.0,196.5,100.0,0.0,4.0,651.4209811964057,2636.0467143924316,PER,8
1680.0,203.4999936,100.0,0.0,4.0,674.0,2481.0,PER,8
1690.0,205.8437464,100.0,0.0,5.0,681.4579919683117,2430.068983764666,PER,8
1700.0,212.875,100.0,0.0,5.0,705.0,2286.0,PER,8
1710.0,214.0,100.0,0.0,5.0,709.0404122502482,2262.74053299446,PER,8
1720.0,218.16666666666669,100.0,0.0,5.0,730.6546025946467,2145.161592443032,PER,8
1730.0,221.55527547041652,100.0,0.0,5.0,756.9890325797048,2019.2025440351558,PER,8
1750.0,225.13541866666668,100.0,0.0,5.0,805.0,1820.0,PER,8
1760.0,227.0,100.0,0.0,5.0,836.3082649337069,1711.5601132449478,PER,9
1770.0,227.875,100.0,0.0,5.0,865.3082389155408,1627.0355740261034,PER,9
1790.0,230.07142857142856,100.0,0.0,5.0,920.9579623147141,1485.6279706864025,PER,9
1800.0,230.92857142857144,100.0,0.0,5.5,986.9960091394919,1347.5857039844423,PER,9
1820.0,231.5,100.0,0.0,6.0,1050.0,1236.0,PER,9
1830.0,231.97222222222223,100.0,0.0,6.0,1110.4699694084134,1146.2113667941285,PER,9
1840.0,233.0,100.0,0.0,6.0,1243.192949266259,996.3002489019467,PER,9
1860.0,233.0,100.0,0.0,6.0,1334.6468091955012,911.1527881843801,PER,9
1870.0,234.0,100.0,0.0,6.0,1417.400668010397,856.7531486996786,PER,9
1880.0,234.0,100.0,0.0,6.0,1499.8595382321355,809.8817612875114,PER,9
1890.0,234.0,100.0,0.0,6.0,1571.0,774.5,PER,9
1900.0,234.03958293333335,100.0,0.0,6.0,1700.4994181338668,725.7663212018125,PER,9
1920.0,235.03392822857143,99.8642870857143,0.0,6.0,1828.554750207503,692.0603566173926,PER,9
1930.0,236.0,96.0,0.0,6.0,2003.1157810156283,668.1720935724668,PER,9
1940.0,235.85714285714286,92.14285714285714,0.0,6.0,2028.0,666.0,PER,9
1950.0,235.0,69.0,0.0,6.0,2181.0,667.0,PER,9
1960.0,235.0,61.0,0.0,6.0,2336.0,695.0,PER,9
1970.0,233.0,62.0,0.0,6.0,2466.2066273044375,733.3256738055106,PER,9
1990.0,233.0,62.968749599999995,0.0,6.0,2632.1269280391384,811.0066906253147,PER,10
2010.0,233.0,68.25,0.0,6.0,2749.625610712841,880.7265126295512,PER,10
2020.0,233.0,70.0,0.0,6.0,2836.76485719191,955.9236005033322,PER,10
2030.0,233.49999908571428,63.50001188571429,0.0,6.0,2933.0,1046.0,PER,10
2040.0,234.0,57.0,0.0,6.0,3010.6424898244554,1123.3177197918772,PER,10
2060.0,235.75,54.375,0.0,6.0,3123.8099742629843,1238.9444113786822,PER,10
2080.0,233.0,45.0,0.0,6.0,3260.626962386728,1331.8243500818628,PER,10
2090.0,231.70000127999998,50.84999424,0.0,6.0,3366.6828405602705,1375.96710106826,PER,10
2100.0,230.7500032,54.3749952,0.0,6.0,3446.0,1407.0,PER,10
2110.0,229.0,57.0,0.0,6.0,3539.736356691466,1436.3171963669633,PER,10
2130.0,227.0,61.0,0.0,6.0,3684.0,1448.0,PER,10
2140.0,227.0,79.875,0.0,6.0,3798.0506267640408,1450.314974680247,PER,10
2150.0,227.0,100.0,0.0,6.0,3887.0,1444.0,PER,10
2160.0,229.68279513654718,100.0,0.0,6.0,4043.4312669747014,1417.5755101851591,PER,10
2170.0,231.5125024,100.0,0.0,6.0,4137.0,1391.0,PER,10
2190.0,234.7562512,100.0,0.0,6.0,4293.420381715164,1326.1959006634902,PER,10
2200.0,235.8,100.0,0.0,6.0,4394.276870113256,1268.8043036870883,PER,11
2210.0,238.25,100.0,0.0,6.0,4514.0,1182.0,PER,11
2230.0,241.15,100.0,0.0,6.0,4682.57624316619,1020.5706127127778,PER,11
2250.0,242.8,100.0,0.0,6.0,4790.0,903.0,PER,11
2260.0,243.0,100.0,0.0,6.0,4804.351972190572,885.8689225118004,PER,11
2270.0,247.27045971555776,100.0,0.0,6.0,4912.0,755.0,PER,11
2280.0,248.0,100.0,0.0,6.0,4930.374317384507,731.966544107117,PER,11
2290.0,248.0,100.0,0.0,6.5,5014.193168619738,624.7529365593296,PER,11
2300.0,248.94749952,100.0,0.0,7.0,5099.07978169116,519.6025885300353,PER,11
2310.0,249.0,100.0,0.0,7.0,5218.0,381.0,PER,11
2320.0,249.0,100.0,0.0,7.0,5278.912095133681,311.13014559618153,PER,11
2340.0,249.9671872,100.0,0.0,7.0,5388.374772006513,187.94353630436768,PER,11
2350.0,250.0,100.0,0.0,7.0,5465.0,99.0,PER,11
2360.0,250.0,100.0,0.0,7.0,5513.92780618106,43.95334116812549,PER,11
2370.0,250.875,100.0,0.0,7.0,5589.965178676517,-40.598250869006236,PER,11
2390.0,251.0,100.0,0.0,7.0,5743.0,-212.0,PER,11
2400.0,251.0,100.0,0.0,7.0,5805.262082947539,-281.766930234633,PER,11
2410.0,251.42857142857142,100.0,0.0,7.0,5836.0,-316.0,PER,11
2420.0,252.0,100.0,0.0,7.0,5919.144541147066,-408.8588353268175,PER,12
2440.0,252.0,100.0,0.0,7.0,6047.257321225097,-556.4880290010956,PER,12
2460.0,242.41667413333334,0.0,1.0,7.0,6166.846577418975,-696.4319289733138,PER,12
2470.0,231.33333333333334,0.0,1.0,7.0,6298.0,-862.0,PER,12
2490.0,215.0,0.0,1.0,6.0,6360.758618078431,-957.3438730446757,PER,12
2500.0,210.20833946666667,0.0,1.0,6.0,6388.5,-1033.0,PER,12
2540.0,191.8125024,0.0,0.0,5.0,6387.702144937037,-1516.1160831184814,PER,12
2550.0,189.0,0.0,0.0,5.0,6357.996225058404,-1600.8054961481705,PER,12
2560.0,183.375,16.875,0.0,5.0,6292.207427243739,-1731.2426445604053,PER,12
2580.0,180.33809615238093,59.028576914285715,0.0,5.0,6220.39922823446,-1836.8448500520017,PER,12
2590.0,183.0142848,75.0857088,0.0,5.0,6161.0,-1905.0,PER,12
2600.0,185.1968744,87.85312239999999,0.0,5.0,6106.992690940606,-1956.5900678357402,PER,12
2610.0,188.0,100.0,0.0,5.0,6046.407367784394,-2002.6300736834482,PER,12
2620.0,198.0,98.0,0.0,5.0,5951.0,-2056.0,PER,12
2630.0,201.83333333333331,99.91666666666666,0.0,5.0,5831.049943500092,-2102.399965546477,PER,12
2640.0,207.4,97.3,0.0,5.0,5762.1318155321715,-2123.48629086461,PER,13
2650.0,212.25,99.55,0.0,5.0,5652.841268740121,-2148.4596992951265,PER,13
2670.0,217.98752878402613,100.0,0.0,5.0,5515.0,-2174.0,PER,13
2680.0,222.98752878402613,100.0,0.0,5.0,5304.573981166668,-2206.062513274752,PER,13
2700.0,236.0,100.0,0.0,6.0,5190.359946848747,-2218.5222376445904,PER,13
2710.0,238.48213942857143,100.0,0.0,6.0,5097.0,-2221.0,PER,13
2720.0,241.73749759999998,100.0,0.0,6.0,4897.600801486791,-2227.9790384352123,PER,13
2740.0,248.0,100.0,0.0,6.0,4799.320332026459,-2230.3838846525505,PER,13
2750.0,250.9749952,100.0,0.0,6.0,4730.0,-2233.0,PER,13
2760.0,255.16666453333335,100.0,0.0,6.0,4515.363655229518,-2242.476958087729,PER,13
2770.0,259.0,100.0,0.0,6.0,4367.012092618523,-2250.1677137742563,PER,13
2790.0,262.0,100.0,0.0,6.0,4307.449170871643,-2255.428789849314,PER,13
2800.0,262.75,100.0,0.0,6.0,4200.545598898846,-2263.0105025541,PER,13
2810.0,265.3333290666667,100.0,0.0,6.0,3994.0,-2277.0,PER,13
2820.0,267.0,100.0,0.0,7.0,3921.250459600982,-2281.680107621415,PER,13
2840.0,271.09999872000003,100.0,0.0,7.0,3820.926986718494,-2287.616348888151,PER,13
2850.0,273.0,100.0,0.0,7.0,3679.0,-2297.0,PER,13
2860.0,274.0,100.0,0.0,7.0,3554.6265328775635,-2304.601746093897,PER,14
2870.0,274.0,100.0,0.0,7.0,3497.0,-2308.0,PER,14
2890.0,274.2,100.0,0.0,7.0,3335.5596710351924,-2318.4185925698507,PER,14
2900.0,276.0,100.0,0.0,7.0,3078.428567641337,-2340.0338348974983,PER,14
2910.0,276.0,100.0,0.0,7.0,2969.772347006915,-2349.865255361937,PER,14
2930.0,277.8571428571429,100.0,0.0,7.0,2873.2865526098844,-2360.4297295651913,PER,14
2940.0,278.49999872,100.0,0.0,7.0,2780.0,-2370.0,PER,14
2950.0,279.0,100.0,0.0,7.0,2706.9109519304175,-2377.2457328857395,PER,14
2960.0,279.0,100.0,0.0,7.0,2611.0,-2387.0,PER,14
2980.0,279.0,100.0,0.0,7.0,2333.873238796284,-2417.761067620556,PER,14
2990.0,272.2143030857143,64.28580571428571,0.0,7.0,2244.0,-2428.0,PER,14
3000.0,260.0,0.0,1.0,7.0,2172.6804142515875,-2436.3888660949906,PER,14
3010.0,241.8181818181818,0.0,1.0,7.0,2114.0,-2444.0,PER,14
3020.0,210.0,0.0,1.0,6.0,1888.0,-2473.0,PER,14
3030.0,187.0,0.0,1.0,6.0,1814.7451394405996,-2482.429942228158,PER,14
3040.0,178.21874400000002,0.0,1.0,6.0,1767.6868184864866,-2489.2410261609084,PER,14
3050.0,177.0,0.0,1.0,5.0,1661.2344903730905,-2506.024437355074,PER,14
3060.0,136.0,0.0,1.0,3.0,1568.0,-2523.0,PER,14
3070.0,117.60555555555555,0.0,1.0,2.3333333333333335,1458.5747510805384,-2548.8395158086605,PER,14
3080.0,107.5,0.0,1.0,2.0,1366.4952185185298,-2577.967994153709,PER,15
3090.0,93.4725105061629,1.0739524575318584,1.0,1.3333333333333333,1300.3669942006084,-2617.913898507393,PER,15
3100.0,83.18055822222222,3.955554133333333,1.0,1.0,1238.2174548217538,-2692.037511226316,PER,15
3110.0,76.20583445333332,17.180829653333333,0.2,1.0,1224.8072574254925,-2791.0858549785644,PER,15
3120.0,77.31428461714286,35.699998719999996,0.0,1.0,1268.246490951746,-2900.7026786081947,PER,15
3130.0,87.52380708571428,46.1190460952381,0.0,1.6666666666666667,1333.7861752664796,-2981.3210128571923,PER,15
3140.0,96.42856643047618,53.80951929904762,0.0,2.0,1398.2839429290862,-3031.7092805920097,PER,15
3150.0,108.66666666666666,67.41666666666666,0.0,2.0,1487.1940996947656,-3088.777429221739,PER,15
3160.0,115.33333333333334,71.58333333333334,0.0,2.0,1662.6946511223232,-3192.8618188131086,PER,15
3170.0,128.81348744126984,96.0,0.0,2.0,1744.0778658515037,-3238.9843693494345,PER,15
3180.0,142.8,100.0,0.0,2.0,1893.2250777674578,-3332.1244756465067,PER,15
3190.0,150.0,100.0,0.0,3.0,1960.848368089461,-3375.1847194022685,PER,15
3200.0,153.57142674285714,100.0,0.0,3.0,2001.4711488056262,-3413.608294298495,PER,15
3210.0,163.34999296,100.0,0.0,3.0,2103.8602057666003,-3510.8959527887887,PER,15
3220.0,171.0,100.0,0.0,4.0,2147.3984155623184,-3560.8279272643217,PER,15
3230.0,177.33333333333331,100.0,0.0,4.0,2193.0,-3648.0,PER,15
3240.0,180.74999808,100.0,0.0,4.0,2233.9405543877465,-3742.2264552404044,PER,15
3250.0,183.0,100.0,0.0,4.0,2258.2135473399744,-3836.062206574389,PER,15
3260.0,185.84999808,100.0,0.0,4.0,2283.9306324094846,-3976.672710410794,PER,15
3270.0,189.0,100.0,0.0,4.0,2293.827146302566,-4076.357605440999,PER,15
3280.0,190.0125024,100.0,0.0,4.0,2294.0,-4108.0,PER,15
3290.0,193.625,100.0,0.0,4.5,2291.294063091667,-4261.607349660023,PER,15
3300.0,196.25,100.0,0.0,5.0,2278.0,-4376.0,PER,16
3310.0,198.2,100.0,0.0,5.0,2245.391505305508,-4530.183551886941,PER,16
3320.0,200.0,100.0,0.0,5.0,2208.226528472994,-4669.247874943858,PER,16
3330.0,202.0,100.0,0.0,5.0,2179.226689766518,-4745.777167615113,PER,16
3340.0,204.69402871018153,100.0,0.0,5.0,2151.07146788527,-4813.993460366917,PER,16
3360.0,208.1218744,87.81255999999999,0.0,5.0,2097.2923365764304,-4934.10921091961,PER,16
3370.0,208.9968744,0.31255999999999773,0.5,5.0,2061.8647558584553,-5005.25594657661,PER,16
3380.0,200.687504,0.0,1.0,5.0,2001.7485950545351,-5105.4330344623095,PER,16
3400.0,178.51250240000002,0.0,1.0,5.0,1887.0600932206935,-5262.2585857494305,PER,16
3410.0,171.3125,0.0625,1.0,4.0,1822.5681920864442,-5337.986626164479,PER,16
3420.0,161.0,1.0,0.0,4.0,1731.967612166506,-5426.346017378278,PER,16
3430.0,160.22222222222223,2.111111111111111,0.0,4.0,1714.0,-5438.0,PER,16
3440.0,154.9722247111111,9.611107555555556,0.0,3.5,1585.2223504870967,-5495.824281057118,PER,16
3450.0,153.15000064,13.54999808,0.0,3.0,1524.9030826683393,-5504.626567422056,PER,16
3460.0,147.1250016,39.31249333333333,0.0,3.0,1371.8564892325178,-5506.150176043996,PER,16
3470.0,147.65624880000001,50.7499968,0.0,3.0,1282.3840240732097,-5489.520302128955,PER,16
3480.0,150.24999893333333,58.749992533333334,0.0,3.0,1173.432013823071,-5450.295119359618,PER,16
3490.0,152.8125,72.1875,0.0,3.0,1088.2601973017127,-5403.522869559449,PER,16
3500.0,157.6874896,79.3124848,0.0,3.0,1045.0,-5375.0,PER,16
3510.0,166.3749984,90.0,0.0,3.0,956.3756208769222,-5300.523745732989,PER,16
3520.0,172.9999872,92.27272145454546,0.0,3.0,891.0,-5240.0,PER,17
3540.0,189.49999359999998,99.77272436363637,0.0,3.5,767.1058613190942,-5127.532552316628,PER,17
3550.0,194.33333333333334,100.0,0.0,4.0,683.9833914401503,-5052.910177377335,PER,17
3560.0,203.66666666666666,100.0,0.0,4.0,567.0,-4948.0,PER,17
3570.0,207.74999497142858,100.0,0.0,5.0,518.8700270264644,-4904.873476500229,PER,17
3580.0,216.0,100.0,0.0,5.0,459.1442843775168,-4850.161062578669,PER,17
3590.0,222.49999075555556,100.0,0.0,5.0,432.0,-4825.0,PER,17
3610.0,230.57232491752444,100.0,0.0,5.0,331.88148600219097,-4737.91100991302,PER,17
3620.0,234.33333333333331,100.0,0.0,6.0,208.2864887445568,-4627.595470469867,PER,17
3630.0,236.0,100.0,0.0,6.0,96.77536823956657,-4527.756293657995,PER,17
3640.0,241.0,100.0,0.0,6.0,52.0,-4488.0,PER,17
3650.0,243.0,100.0,0.0,6.0,18.187998228370603,-4457.609399239416,PER,17
3660.0,248.0,100.0,0.0,6.0,-90.0,-4360.0,PER,17
3670.0,249.0,100.0,0.0,6.0,-110.87063290727173,-4341.139784419676,PER,17
3680.0,250.75,100.0,0.0,6.0,-182.32307014221993,-4276.751948091398,PER,17
3690.0,252.0,100.0,0.0,6.0,-298.47932667319617,-4173.342270329229,PER,17
3700.0,252.69642514285715,100.0,0.0,6.0,-319.0,-4155.0,PER,17
3710.0,256.63392685714285,100.0,0.0,6.0,-434.9098587777489,-4051.410490457778,PER,17
3720.0,258.0,100.0,0.0,6.0,-532.5025143016167,-3968.3470890630797,PER,17
3730.0,257.95250048,100.0,0.0,6.0,-543.0,-3960.0,PER,17
3740.0,257.45250048,100.0,0.0,6.0,-657.0,-3878.0,PER,18
3750.0,257.02625023999997,100.0,0.0,6.0,-761.5929525536751,-3817.6260049490293,PER,18
3760.0,256.0,100.0,0.0,6.0,-870.40030046293,-3769.008526436985,PER,18
3770.0,255.5833344,100.0,0.0,6.0,-933.0,-3748.0,PER,18
3780.0,254.9,100.0,0.0,6.0,-1039.554299184531,-3726.9459675033127,PER,18
3790.0,254.0,100.0,0.0,6.0,-1246.1205059640647,-3714.985751626494,PER,18
3800.0,253.75,100.0,0.0,6.0,-1288.0,-3714.0,PER,18
3830.0,251.125,100.0,0.0,6.0,-1489.6063903159834,-3740.7630433816043,PER,18
3840.0,250.0,100.0,0.0,6.0,-1619.300617243749,-3779.674974642306,PER,18
3860.0,250.0,100.0,0.0,6.0,-1865.2810431914008,-3892.0961812959285,PER,18
3880.0,250.0,100.0,0.0,6.0,-1974.3058198370761,-3951.302714992522,PER,18
3890.0,251.14285714285714,100.0,0.0,6.0,-2119.0,-4027.0,PER,18
3900.0,252.0,100.0,0.0,6.0,-2222.1872330590295,-4073.0287043722064,PER,18
3910.0,252.0,100.0,0.0,6.0,-2382.4953875092096,-4133.449462600009,PER,18
3930.0,251.0,100.0,0.0,6.0,-2517.5629549292676,-4167.858995916173,PER,18
3940.0,251.0,100.0,0.0,6.0,-2618.104288387618,-4183.4978977146975,PER,18
3960.0,251.0,100.0,0.0,6.0,-2777.7454916102615,-4197.747130716496,PER,19
3970.0,251.0,100.0,0.0,6.0,-2841.7489104859405,-4198.970299326407,PER,19
3980.0,251.0,100.0,0.0,6.0,-2940.0,-4195.0,PER,19
3990.0,250.83333333333331,92.16666666666666,0.0,6.0,-3064.4448994975064,-4179.367903711887,PER,19
4000.0,250.0,53.0,1.0,6.0,-3202.0,-4154.0,PER,19
4020.0,237.92857142857144,0.0,1.0,6.0,-3394.028602251912,-4101.137890240797,PER,19
4030.0,229.64288365714285,0.0,1.0,6.0,-3441.0,-4084.0,PER,19
4040.0,210.5,0.0,1.0,6.0,-3549.7019136129156,-4037.0805865469674,PER,19
4050.0,206.0,0.0,1.0,5.0,-3637.905619141632,-3987.6785943070727,PER,19
4060.0,197.08636902669318,0.0,1.0,5.0,-3683.0,-3958.0,PER,19
4070.0,173.625,0.0,1.0,4.0,-3790.4070188531214,-3873.2888062837815,PER,19
4080.0,164.25,0.0,1.0,4.0,-3864.283894700537,-3795.9801708765094,PER,19
4090.0,153.0,0.0,1.0,3.0,-3938.031678264846,-3694.8744033263883,PER,19
4100.0,141.08333333333334,0.0,1.0,3.0,-3998.7447894117918,-3590.31545431337,PER,19
4110.0,126.02282594032124,0.0,1.0,2.5,-4025.0352680654964,-3522.870879417108,PER,19
4120.0,119.7625024,0.0,1.0,2.0,-4044.6338921331376,-3440.7206047008776,PER,19
4130.0,114.80893074285716,0.21309500952380953,1.0,2.0,-4047.9706580671104,-3337.9195879512567,PER,19
4140.0,108.00666794666667,0.5016669866666666,0.0,2.0,-4022.5670652396307,-3217.2644396224437,PER,19
4150.0,101.77777777777777,8.333333333333334,0.0,2.0,-3974.2995726013432,-3127.6658957980712,PER,19
4160.0,100.2,32.972218311111114,0.0,2.0,-3908.3516769191006,-3043.321384622191,PER,19
4170.0,103.04999936,41.28333226666667,0.0,2.0,-3820.6254333979355,-2981.291935523927,PER,19
4180.0,108.54999808,53.02499584,0.0,2.0,-3714.6054041033995,-2933.033375722886,PER,20
4190.0,116.31249600000001,57.8749888,0.0,2.0,-3641.6927566008844,-2910.995515911145,PER,20
4200.0,122.56249600000001,71.781248,0.0,2.0,-3558.918647315328,-2889.8913309693207,PER,20
4210.0,132.77777777777777,77.77777777777777,0.0,2.0,-3466.108319987454,-2868.623178928243,PER,20
4220.0,144.33333333333331,89.33333333333334,0.0,2.5,-3370.5055575753563,-2848.0466308489977,PER,20
4230.0,154.49998933333333,95.99999431111111,0.0,3.0,-3273.0,-2828.0,PER,20
4240.0,163.5,100.0,0.0,3.0,-3167.7063157673488,-2807.3371976966073,PER,20
4250.0,169.85714285714286,100.0,0.0,4.0,-3111.859960624622,-2797.072433551487,PER,20
4260.0,185.57142857142856,100.0,0.0,4.0,-3008.0598056752415,-2778.9143933389596,PER,20
4270.0,196.0,100.0,0.0,4.0,-2865.0551604720254,-2754.091313342226,PER,20
4280.0,198.2499904,100.0,0.0,4.0,-2829.0,-2748.0,PER,20
4290.0,208.0,100.0,0.0,5.0,-2703.023824348834,-2727.964504494755,PER,20
4300.0,215.33333333333334,100.0,0.0,5.0,-2623.0,-2716.0,PER,20
4310.0,220.5,100.0,0.0,5.0,-2539.891022021368,-2703.57468392025,PER,20
4320.0,226.0,100.0,0.0,5.0,-2404.5521845213743,-2682.0989112965294,PER,20
4330.0,228.00237570495366,100.0,0.0,5.0,-2367.0,-2676.0,PER,20
4370.0,247.32538583846733,100.0,0.0,5.0,-1986.0,-2616.0,PER,20
4380.0,254.0,100.0,0.0,6.0,-1854.7771338594216,-2594.3879545838613,PER,20
4390.0,256.5,100.0,0.0,6.0,-1793.0,-2584.0,PER,20
4400.0,259.0,100.0,0.0,6.0,-1722.7788471234994,-2572.100374590019,PER,21
4410.0,261.8692935149197,100.0,0.0,6.5,-1514.4091836916748,-2536.728737594315,PER,21
4420.0,269.0,100.0,0.0,7.0,-1418.0131979789724,-2520.8933903117168,PER,21
4440.0,272.09166293333334,100.0,0.0,7.0,-1330.0,-2507.0,PER,21
4450.0,275.6013870222222,100.0,0.0,7.0,-1194.2022114477284,-2485.38489540661,PER,21
4470.0,278.9874976,100.0,0.0,7.0,-996.0,-2451.0,PER,21
4480.0,280.0,100.0,0.0,7.0,-933.7356624280047,-2440.179986408903,PER,21
4490.0,284.4999936,100.0,0.0,7.0,-794.0,-2416.0,PER,21
4500.0,288.4999936,100.0,0.0,7.0,-668.0,-2394.0,PER,21
4510.0,290.0,100.0,0.0,7.0,-620.3226203818306,-2385.7158347159566,PER,21
4520.0,292.4999936,100.0,0.0,7.0,-540.0,-2372.0,PER,21
4530.0,296.1388871111111,100.0,0.0,7.0,-418.70331928031464,-2352.2410987726516,PER,21
4560.0,301.17856914285716,100.0,0.0,8.0,-129.26969652811349,-2303.266408452207,PER,21
4580.0,305.2857142857143,100.0,0.0,8.0,179.02639662265358,-2245.1044924433004,PER,21
4600.0,309.0,100.0,0.0,8.0,340.597846250908,-2215.8212833660973,PER,21
4620.0,310.9999963428571,100.0,0.0,8.0,424.0,-2201.0,PER,22
4630.0,313.1875,100.0,0.0,8.0,560.761935976994,-2176.17692461564,PER,22
4650.0,315.0624976,100.0,0.0,8.0,732.0,-2144.0,PER,22
4660.0,316.0,100.0,0.0,8.0,850.100992349258,-2121.9071880466818,PER,22
4670.0,317.8,100.0,0.0,8.0,1059.8653010799849,-2082.8595374301667,PER,22
4690.0,319.0,100.0,0.0,8.0,1178.9723499694483,-2060.812734662533,PER,22
4700.0,319.24999893333336,100.0,0.0,8.0,1217.0,-2054.0,PER,22
4710.0,320.0312496,100.0,0.0,8.0,1382.894405927876,-2024.6219593198116,PER,22
4740.0,320.9062496,100.0,0.0,8.0,1628.09058223935,-1980.2114513237236,PER,22
4760.0,321.5,100.0,0.0,8.0,1830.0,-1943.0,PER,22
4780.0,322.0,100.0,0.0,8.0,2024.3841980405068,-1907.1524863693458,PER,22
4800.0,322.0,100.0,0.0,8.0,2195.0,-1875.0,PER,22
4810.0,322.0,100.0,0.0,8.0,2526.8625613427616,-1818.5213505463616,PER,22
4830.0,321.0,100.0,0.0,8.0,2630.000928230761,-1802.67485205231,PER,22
4840.0,321.0,100.0,0.0,8.0,2676.0,-1796.0,PER,23
4850.0,321.0,100.0,0.0,8.0,2814.769536984045,-1774.34585887052,PER,23
4870.0,319.5,100.0,0.0,8.0,3133.0,-1724.0,PER,23
4880.0,319.0,100.0,0.0,8.0,3212.368746683189,-1711.6885515907368,PER,23
4900.0,318.0,100.0,0.0,8.0,3388.7559436009306,-1684.9529977105317,PER,23
4920.0,318.0,100.0,0.0,8.0,3499.6669103874756,-1667.8121265905866,PER,23
4930.0,300.2857142857143,42.857142857142854,0.0,8.0,3602.0,-1652.0,PER,23
4940.0,287.0,0.0,1.0,8.0,3696.1417971523165,-1637.6605179972853,PER,23
4950.0,273.55602730806123,0.0,1.0,8.0,3793.0,-1623.0,PER,23
4960.0,257.31876320000003,0.0,1.0,8.0,3893.982742369898,-1607.8913147783055,PER,23
4980.0,212.89643611428573,0.0,1.0,7.0,4105.397321275338,-1577.5029707398512,PER,23
4990.0,194.82500754285715,0.0,1.0,7.0,4313.383677336482,-1537.498148769927,PER,23
5010.0,170.28125599999998,0.0,1.0,5.5,4425.357435205657,-1509.9848763686218,PER,23
5020.0,144.33334186666667,0.0,1.0,4.0,4532.150802437603,-1477.1803035192545,PER,23
5030.0,128.75,0.0,1.0,4.0,4630.0,-1430.0,PER,23
5040.0,124.0,0.0,1.0,2.6666666666666665,4672.3009958981165,-1397.584136219784,PER,23
5050.0,110.16667306666666,0.0,1.0,2.0,4741.481865736431,-1309.634168806879,PER,23
5060.0,99.19444906666666,0.0,1.0,2.0,4787.207344203369,-1195.465676663126,PER,24
5070.0,88.20833625396826,0.0,0.3333333333333333,2.0,4798.343776677025,-1080.25423635048,PER,24
5080.0,84.66666666666667,0.0,0.0,2.0,4787.998234869066,-994.0516707373099,PER,24
5090.0,82.0,3.1999999999999997,0.0,2.0,4746.719403036492,-883.9485424336746,PER,24
5100.0,81.45312440000001,19.937499199999998,0.0,2.0,4737.838396555447,-871.8941981111689,PER,24
5110.0,84.77777716825396,26.53703551322751,0.0,2.0,4687.271835806485,-810.3042920153242,PER,24
5120.0,88.66666382222222,37.58333084444445,0.0,2.0,4622.465080508298,-757.2238908616018,PER,24
5130.0,97.25,44.833333333333336,0.0,2.0,4513.591510054224,-719.1047269080897,PER,24
5140.0,102.98999807999999,54.977495680000004,0.0,2.0,4444.834983313956,-711.9968187528843,PER,24
5150.0,111.68576694588306,67.65008557277424,0.0,2.0,4384.829768084556,-710.4148309435317,PER,24
5160.0,126.39800957006051,77.49751196257563,0.0,2.0,4327.753477223725,-712.672412470856,PER,24
5170.0,131.72082773333335,82.86041386666668,0.0,2.0,4242.3926922192995,-716.3841839383426,PER,24
5180.0,144.0,89.0,0.0,3.0,4162.859424296556,-721.8304618205575,PER,24
5190.0,152.2312464,99.06041226666667,0.0,3.0,4076.3613032467338,-729.8614463038987,PER,24
5200.0,169.18498752,100.0,0.0,3.0,3955.0,-742.5,PER,24
5210.0,181.95374592000002,100.0,0.0,4.0,3847.3505673631917,-754.8612529461192,PER,24
5220.0,192.6,100.0,0.0,4.0,3720.0,-769.0,PER,24
5230.0,197.42856777142856,100.0,0.0,4.0,3602.429808125713,-781.9139127801504,PER,24
5240.0,204.0,100.0,0.0,5.0,3473.92634325069,-794.9597504656059,PER,24
5260.0,213.3749952,100.0,0.0,5.0,3377.041266627244,-802.413517828947,PER,24
5270.0,217.4999936,100.0,0.0,5.0,3298.0,-809.0,PER,24
5280.0,223.12499839999998,100.0,0.0,5.0,3157.1744617960476,-820.4859774663183,PER,25
5300.0,226.33333333333331,100.0,0.0,5.0,3000.3412057703745,-833.9376933631052,PER,25
5310.0,230.0,100.0,0.0,6.0,2865.651007524687,-845.4025776419184,PER,25
5320.0,230.0,100.0,0.0,6.0,2782.5773560735634,-852.4018292075813,PER,25
5330.0,230.0,100.0,0.0,6.0,2618.2452750014854,-866.2794355157687,PER,25
5350.0,252.55555555555554,100.0,0.0,6.0,2438.0,-882.0,PER,25
5360.0,259.0,100.0,0.0,6.0,2384.3844678252253,-886.7872493007324,PER,25
5380.0,263.44444444444446,100.0,0.0,6.0,2235.0,-900.0,PER,25
5390.0,267.09999872000003,100.0,0.0,7.0,2110.242819236463,-910.4131037968252,PER,25
5400.0,268.6,100.0,0.0,7.0,1994.2682008509043,-920.0588399489545,PER,25
5410.0,270.75,100.0,0.0,7.0,1850.0,-933.0,PER,25
5430.0,274.5416629333333,100.0,0.0,7.0,1654.0,-949.0,PER,25
5440.0,276.0,100.0,0.0,7.0,1566.048569457991,-956.546188095888,PER,25
5450.0,276.75,100.0,0.0,7.0,1458.0,-966.0,PER,25
5460.0,277.9374992,100.0,0.0,7.0,1311.8712449747159,-978.6136103180842,PER,25
5480.0,280.16666666666663,100.0,0.0,7.0,1141.7842420965603,-993.3493318405253,PER,25
5490.0,281.0583317333333,100.0,0.0,7.0,1026.9406354500316,-1003.5004913106638,PER,25
