Driver,DriverNumber,Team,LapNumber,LapTime,Sector1Time,Sector2Time,Sector3Time,SpeedI1,SpeedI2,SpeedST,Compound,TyreLife,Stint,Position,TrackStatus,IsClean
NOR,1,McLaren,1.0,161.802,,48.64,60.652,200.0,95.0,213.0,MEDIUM,1.0,1.0,4.0,1,False
NOR,1,McLaren,2.0,,38.158,52.129,,207.0,97.0,233.0,MEDIUM,2.0,1.0,10.0,12,False
NOR,1,McLaren,3.0,140.049,36.515,48.885,54.649,240.0,103.0,243.0,MEDIUM,3.0,1.0,16.0,1,True
NOR,1,McLaren,4.0,126.772,31.456,44.259,51.057,244.0,106.0,277.0,MEDIUM,4.0,1.0,15.0,1,True
NOR,1,McLaren,5.0,121.976,30.442,42.599,48.935,259.0,108.0,276.0,MEDIUM,5.0,1.0,15.0,1,True
NOR,1,McLaren,6.0,118.162,29.695,41.019,47.448,267.0,118.0,273.0,MEDIUM,6.0,1.0,15.0,12,False
NOR,1,McLaren,7.0,115.255,29.497,39.644,46.114,269.0,120.0,279.0,MEDIUM,7.0,1.0,15.0,12,False
NOR,1,McLaren,8.0,112.056,28.655,38.106,45.295,269.0,123.0,277.0,MEDIUM,8.0,1.0,15.0,21,False
NOR,1,McLaren,9.0,142.264,28.156,48.581,65.527,265.0,71.0,255.0,MEDIUM,9.0,1.0,15.0,124,False
NOR,1,McLaren,10.0,,58.487,47.858,57.891,139.0,93.0,244.0,HARD,1.0,2.0,16.0,4,False
NOR,1,McLaren,11.0,116.754,30.448,38.695,47.611,243.0,125.0,247.0,HARD,2.0,2.0,16.0,4,False
NOR,1,McLaren,12.0,116.863,29.368,35.222,52.273,226.0,130.0,186.0,HARD,3.0,2.0,16.0,41,False
NOR,1,McLaren,13.0,110.825,28.42,38.137,44.268,265.0,130.0,292.0,HARD,4.0,2.0,14.0,12,False
NOR,1,McLaren,14.0,106.871,27.222,36.826,42.823,265.0,136.0,284.0,HARD,5.0,2.0,13.0,1,True
NOR,1,McLaren,15.0,104.087,27.205,35.228,41.654,278.0,134.0,300.0,HARD,6.0,2.0,11.0,12,False
NOR,1,McLaren,16.0,102.665,26.141,35.088,41.436,292.0,138.0,303.0,HARD,7.0,2.0,11.0,21,False
NOR,1,McLaren,17.0,102.355,25.901,35.01,41.444,288.0,135.0,309.0,HARD,8.0,2.0,11.0,1,True
NOR,1,McLaren,18.0,102.97,25.828,35.149,41.993,292.0,135.0,316.0,HARD,9.0,2.0,11.0,1,True
NOR,1,McLaren,19.0,102.646,25.807,35.327,41.512,302.0,134.0,315.0,HARD,10.0,2.0,11.0,1,True
NOR,1,McLaren,20.0,103.537,25.86,35.658,42.019,288.0,135.0,319.0,HARD,11.0,2.0,11.0,1,True
NOR,1,McLaren,21.0,104.452,26.211,36.29,41.951,290.0,134.0,318.0,HARD,12.0,2.0,11.0,1,True
NOR,1,McLaren,22.0,103.684,25.873,35.719,42.092,282.0,130.0,326.0,HARD,13.0,2.0,11.0,1,True
NOR,1,McLaren,23.0,103.579,26.096,35.625,41.858,295.0,132.0,312.0,HARD,14.0,2.0,10.0,1,True
NOR,1,McLaren,24.0,104.044,25.851,35.947,42.246,291.0,131.0,317.0,HARD,15.0,2.0,10.0,1,True
NOR,1,McLaren,25.0,102.719,25.898,35.083,41.738,284.0,131.0,309.0,HARD,16.0,2.0,9.0,1,True
NOR,1,McLaren,26.0,102.846,25.922,35.266,41.658,285.0,133.0,311.0,HARD,17.0,2.0,9.0,1,True
NOR,1,McLaren,27.0,103.367,25.909,35.528,41.93,288.0,132.0,318.0,HARD,18.0,2.0,9.0,1,True
NOR,1,McLaren,28.0,104.043,26.001,36.152,41.89,283.0,132.0,333.0,HARD,19.0,2.0,8.0,1,True
NOR,1,McLaren,29.0,103.079,26.129,35.145,41.805,281.0,132.0,308.0,HARD,20.0,2.0,8.0,1,True
NOR,1,McLaren,30.0,103.625,26.137,35.537,41.951,284.0,131.0,313.0,HARD,21.0,2.0,7.0,1,True
NOR,1,McLaren,31.0,103.076,26.038,35.168,41.87,286.0,131.0,306.0,HARD,22.0,2.0,7.0,1,True
NOR,1,McLaren,32.0,103.313,25.988,35.409,41.916,281.0,128.0,306.0,HARD,23.0,2.0,5.0,1,True
NOR,1,McLaren,33.0,103.222,26.289,35.222,41.711,278.0,131.0,305.0,HARD,24.0,2.0,4.0,1,True
NOR,1,McLaren,34.0,109.548,26.341,35.059,48.148,275.0,131.0,320.0,HARD,25.0,2.0,6.0,1,False
NOR,1,McLaren,35.0,121.791,46.217,34.659,40.915,281.0,135.0,300.0,SOFT,4.0,3.0,8.0,1,False
NOR,1,McLaren,36.0,100.696,25.518,34.291,40.887,279.0,137.0,303.0,SOFT,5.0,3.0,8.0,1,True
NOR,1,McLaren,37.0,100.659,25.482,34.271,40.906,282.0,137.0,306.0,SOFT,6.0,3.0,8.0,1,True
NOR,1,McLaren,38.0,100.762,25.577,34.275,40.91,281.0,137.0,322.0,SOFT,7.0,3.0,8.0,1,True
NOR,1,McLaren,39.0,100.741,25.55,34.15,41.041,280.0,136.0,302.0,SOFT,8.0,3.0,7.0,1,True
NOR,1,McLaren,40.0,100.892,25.687,34.169,41.036,278.0,135.0,303.0,SOFT,9.0,3.0,7.0,1,True
NOR,1,McLaren,41.0,101.013,25.575,34.154,41.284,279.0,135.0,303.0,SOFT,10.0,3.0,7.0,1,True
NOR,1,McLaren,42.0,101.493,25.799,34.506,41.188,278.0,134.0,303.0,SOFT,11.0,3.0,7.0,1,True
NOR,1,McLaren,43.0,129.662,30.231,44.271,55.16,253.0,79.0,259.0,SOFT,12.0,3.0,7.0,126,False
NOR,1,McLaren,44.0,135.183,35.732,42.75,56.701,250.0,79.0,255.0,SOFT,13.0,3.0,7.0,6,False
NOR,1,McLaren,45.0,138.13,36.378,41.283,60.469,236.0,84.0,254.0,SOFT,14.0,3.0,7.0,64,False
NOR,1,McLaren,46.0,,53.579,43.634,52.976,213.0,88.0,246.0,SOFT,4.0,4.0,7.0,4,False
NOR,1,McLaren,47.0,111.777,28.628,37.796,45.353,257.0,128.0,257.0,SOFT,5.0,4.0,7.0,4,False
NOR,1,McLaren,48.0,144.589,32.156,49.186,63.247,166.0,110.0,206.0,SOFT,6.0,4.0,7.0,4,False
NOR,1,McLaren,49.0,148.656,39.92,49.085,59.651,202.0,97.0,247.0,SOFT,7.0,4.0,7.0,4,False
NOR,1,McLaren,50.0,148.854,39.125,50.323,59.406,260.0,130.0,223.0,SOFT,8.0,4.0,10.0,4,False
NOR,1,McLaren,51.0,,38.743,52.893,60.546,156.0,124.0,289.0,SOFT,9.0,4.0,10.0,41,False
NOR,1,McLaren,52.0,101.437,25.39,35.302,40.745,306.0,140.0,326.0,SOFT,10.0,4.0,9.0,1,True
NOR,1,McLaren,53.0,100.684,25.216,34.822,40.646,299.0,139.0,313.0,SOFT,11.0,4.0,8.0,1,True
NOR,1,McLaren,54.0,99.97,25.296,34.29,40.384,291.0,138.0,336.0,SOFT,12.0,4.0,8.0,1,True
NOR,1,McLaren,55.0,100.718,25.691,34.327,40.7,286.0,137.0,345.0,SOFT,13.0,4.0,8.0,1,True
GAS,10,Alpine,1.0,191.486,,67.527,58.713,186.0,86.0,256.0,SOFT,1.0,1.0,13.0,1,False
GAS,10,Alpine,2.0,,34.306,49.658,,187.0,91.0,255.0,SOFT,2.0,1.0,15.0,12,False
GAS,10,Alpine,3.0,141.833,36.089,49.574,56.17,220.0,95.0,280.0,SOFT,3.0,1.0,18.0,1,True
GAS,10,Alpine,4.0,132.456,32.437,47.752,52.267,213.0,103.0,279.0,SOFT,4.0,1.0,18.0,1,True
GAS,10,Alpine,5.0,125.812,30.648,45.163,50.001,225.0,110.0,278.0,SOFT,5.0,1.0,18.0,1,True
GAS,10,Alpine,6.0,123.852,30.082,44.515,49.255,240.0,109.0,273.0,SOFT,6.0,1.0,18.0,12,False
GAS,10,Alpine,7.0,118.18,29.328,41.572,47.28,251.0,117.0,273.0,SOFT,7.0,1.0,18.0,12,False
GAS,10,Alpine,8.0,114.626,28.801,39.931,45.894,262.0,122.0,274.0,SOFT,8.0,1.0,19.0,1,True
GAS,10,Alpine,9.0,148.634,36.794,48.489,63.351,224.0,49.0,169.0,SOFT,9.0,1.0,20.0,124,False
GAS,10,Alpine,10.0,,55.019,48.65,56.644,234.0,64.0,247.0,MEDIUM,1.0,2.0,20.0,4,False
GAS,10,Alpine,11.0,117.283,29.568,40.967,46.748,241.0,123.0,279.0,MEDIUM,2.0,2.0,19.0,4,False
GAS,10,Alpine,12.0,109.224,28.206,37.542,43.476,275.0,129.0,291.0,MEDIUM,3.0,2.0,18.0,41,False
GAS,10,Alpine,13.0,106.611,27.237,36.479,42.895,275.0,127.0,279.0,MEDIUM,4.0,2.0,18.0,12,False
GAS,10,Alpine,14.0,105.557,27.066,35.811,42.68,269.0,129.0,281.0,MEDIUM,5.0,2.0,18.0,1,True
GAS,10,Alpine,15.0,104.397,26.586,35.776,42.035,282.0,133.0,296.0,MEDIUM,6.0,2.0,18.0,12,False
GAS,10,Alpine,16.0,103.302,26.146,35.304,41.852,287.0,133.0,299.0,MEDIUM,7.0,2.0,17.0,21,False
GAS,10,Alpine,17.0,102.98,25.971,35.38,41.629,288.0,133.0,299.0,MEDIUM,8.0,2.0,16.0,1,True
GAS,10,Alpine,18.0,103.638,25.986,35.634,42.018,290.0,131.0,305.0,MEDIUM,9.0,2.0,15.0,1,True
GAS,10,Alpine,19.0,102.982,25.921,35.2,41.861,287.0,135.0,304.0,MEDIUM,10.0,2.0,15.0,1,True
GAS,10,Alpine,20.0,102.903,25.823,35.429,41.651,286.0,133.0,305.0,MEDIUM,11.0,2.0,15.0,1,True
GAS,10,Alpine,21.0,103.298,25.856,35.36,42.082,287.0,132.0,304.0,MEDIUM,12.0,2.0,15.0,1,True
GAS,10,Alpine,22.0,103.803,26.072,35.611,42.12,292.0,129.0,304.0,MEDIUM,13.0,2.0,15.0,1,True
GAS,10,Alpine,23.0,103.853,26.006,35.794,42.053,286.0,130.0,304.0,MEDIUM,14.0,2.0,15.0,1,True
GAS,10,Alpine,24.0,104.037,26.163,35.736,42.138,288.0,132.0,305.0,MEDIUM,15.0,2.0,15.0,1,True
GAS,10,Alpine,25.0,110.712,26.306,35.748,48.658,287.0,133.0,326.0,MEDIUM,16.0,2.0,17.0,1,False
GAS,10,Alpine,26.0,122.109,45.713,35.553,40.843,272.0,137.0,308.0,HARD,1.0,3.0,20.0,1,False
GAS,10,Alpine,27.0,102.727,26.292,35.135,41.3,278.0,138.0,309.0,HARD,2.0,3.0,19.0,1,True
GAS,10,Alpine,28.0,101.835,25.534,34.99,41.311,293.0,134.0,315.0,HARD,3.0,3.0,19.0,1,True
GAS,10,Alpine,29.0,104.691,26.299,35.959,42.433,292.0,131.0,321.0,HARD,4.0,3.0,16.0,1,True
GAS,10,Alpine,30.0,102.436,25.898,35.111,41.427,292.0,132.0,309.0,HARD,5.0,3.0,16.0,1,True
GAS,10,Alpine,31.0,102.674,25.703,35.205,41.766,287.0,133.0,307.0,HARD,6.0,3.0,17.0,1,True
GAS,10,Alpine,32.0,103.238,25.831,35.486,41.921,291.0,133.0,310.0,HARD,7.0,3.0,16.0,1,True
GAS,10,Alpine,33.0,103.198,25.763,35.523,41.912,290.0,131.0,309.0,HARD,8.0,3.0,16.0,1,True
GAS,10,Alpine,34.0,103.305,25.929,35.35,42.026,284.0,129.0,310.0,HARD,9.0,3.0,16.0,1,True
GAS,10,Alpine,35.0,103.306,26.003,35.329,41.974,285.0,132.0,304.0,HARD,10.0,3.0,16.0,1,True
GAS,10,Alpine,36.0,103.438,25.994,35.39,42.054,290.0,130.0,306.0,HARD,11.0,3.0,16.0,1,True
GAS,10,Alpine,37.0,109.505,25.893,35.377,48.235,290.0,129.0,327.0,HARD,12.0,3.0,18.0,1,False
GAS,10,Alpine,38.0,124.252,45.941,35.418,42.893,281.0,132.0,296.0,SOFT,7.0,4.0,18.0,1,False
GAS,10,Alpine,39.0,101.791,25.725,34.892,41.174,284.0,131.0,310.0,SOFT,8.0,4.0,18.0,1,True
GAS,10,Alpine,40.0,101.514,25.539,34.599,41.376,289.0,133.0,307.0,SOFT,9.0,4.0,18.0,1,True
GAS,10,Alpine,41.0,101.708,25.827,34.474,41.407,291.0,135.0,304.0,SOFT,10.0,4.0,18.0,1,True
GAS,10,Alpine,42.0,114.915,25.701,34.913,54.301,294.0,135.0,191.0,SOFT,11.0,4.0,18.0,126,False
GAS,10,Alpine,43.0,134.379,36.461,41.996,55.922,222.0,92.0,220.0,SOFT,12.0,4.0,17.0,6,False
GAS,10,Alpine,44.0,133.719,35.929,42.425,55.365,216.0,79.0,205.0,SOFT,13.0,4.0,17.0,6,False
GAS,10,Alpine,45.0,136.983,34.201,44.474,58.308,255.0,72.0,200.0,SOFT,14.0,4.0,17.0,64,False
GAS,10,Alpine,46.0,,53.114,44.182,52.807,245.0,79.0,201.0,SOFT,7.0,5.0,17.0,4,False
GAS,10,Alpine,47.0,101.693,26.017,34.668,41.008,289.0,132.0,303.0,SOFT,8.0,5.0,17.0,4,False
GAS,10,Alpine,48.0,104.63,25.595,35.047,43.988,286.0,128.0,282.0,SOFT,9.0,5.0,17.0,4,False
GAS,10,Alpine,49.0,142.075,33.415,48.754,59.906,174.0,92.0,215.0,SOFT,10.0,5.0,16.0,4,False
GAS,10,Alpine,50.0,143.526,34.199,52.23,57.097,237.0,107.0,227.0,SOFT,11.0,5.0,15.0,4,False
GAS,10,Alpine,51.0,148.525,39.304,51.388,57.833,231.0,124.0,281.0,SOFT,12.0,5.0,15.0,41,False
GAS,10,Alpine,52.0,103.233,25.887,36.1,41.246,322.0,134.0,319.0,SOFT,13.0,5.0,15.0,1,True
GAS,10,Alpine,53.0,102.074,25.539,35.458,41.077,282.0,134.0,323.0,SOFT,14.0,5.0,15.0,1,True
GAS,10,Alpine,54.0,102.486,25.422,35.486,41.578,314.0,133.0,319.0,SOFT,15.0,5.0,15.0,1,True
GAS,10,Alpine,55.0,102.37,25.763,35.03,41.577,286.0,132.0,346.0,SOFT,16.0,5.0,15.0,1,True
PER,11,Cadillac,1.0,217.87,,51.1,66.985,178.0,91.0,193.0,SOFT,1.0,1.0,22.0,1,False
PER,11,Cadillac,2.0,,60.908,40.96,53.843,230.0,123.0,251.0,INTERMEDIATE,1.0,2.0,5.0,12,False
PER,11,Cadillac,3.0,,62.304,42.794,47.118,222.0,128.0,282.0,INTERMEDIATE,1.0,3.0,14.0,1,False
PER,11,Cadillac,4.0,113.617,28.163,39.497,45.957,257.0,122.0,286.0,INTERMEDIATE,2.0,3.0,14.0,1,True
PER,11,Cadillac,5.0,113.472,28.241,39.499,45.732,256.0,121.0,284.0,INTERMEDIATE,3.0,3.0,14.0,1,True
PER,11,Cadillac,6.0,113.792,28.399,39.365,46.028,252.0,121.0,276.0,INTERMEDIATE,4.0,3.0,14.0,12,False
PER,11,Cadillac,7.0,114.185,28.442,39.52,46.223,249.0,119.0,274.0,INTERMEDIATE,5.0,3.0,14.0,1,True
PER,11,Cadillac,8.0,115.195,28.783,39.843,46.569,252.0,118.0,282.0,INTERMEDIATE,6.0,3.0,14.0,12,False
PER,11,Cadillac,9.0,134.841,28.829,40.819,65.193,260.0,78.0,243.0,INTERMEDIATE,7.0,3.0,13.0,124,False
PER,11,Cadillac,10.0,,55.065,48.595,56.226,214.0,64.0,241.0,MEDIUM,1.0,4.0,14.0,4,False
PER,11,Cadillac,11.0,125.48,29.144,39.232,57.104,251.0,115.0,229.0,MEDIUM,2.0,4.0,14.0,4,False
PER,11,Cadillac,12.0,,33.454,51.013,66.511,140.0,125.0,178.0,MEDIUM,3.0,4.0,14.0,41,False
PER,11,Cadillac,13.0,113.134,29.268,38.71,45.156,245.0,128.0,290.0,MEDIUM,4.0,4.0,15.0,12,False
PER,11,Cadillac,14.0,108.64,28.066,36.846,43.728,248.0,128.0,282.0,MEDIUM,5.0,4.0,16.0,1,True
PER,11,Cadillac,15.0,107.252,27.458,36.994,42.8,264.0,130.0,314.0,MEDIUM,6.0,4.0,16.0,12,False
PER,11,Cadillac,16.0,105.226,26.699,36.174,42.353,276.0,129.0,314.0,MEDIUM,7.0,4.0,14.0,21,False
PER,11,Cadillac,17.0,105.037,26.717,35.993,42.327,269.0,127.0,308.0,MEDIUM,8.0,4.0,14.0,1,True
PER,11,Cadillac,18.0,113.442,26.828,37.259,49.355,243.0,124.0,303.0,MEDIUM,9.0,4.0,18.0,1,False
PER,11,Cadillac,19.0,124.875,47.559,35.717,41.599,271.0,127.0,313.0,HARD,1.0,5.0,21.0,1,False
PER,11,Cadillac,20.0,102.688,26.033,35.14,41.515,270.0,131.0,305.0,HARD,2.0,5.0,21.0,1,True
PER,11,Cadillac,21.0,111.06,26.136,35.212,49.712,270.0,130.0,307.0,HARD,3.0,5.0,21.0,1,False
PER,11,Cadillac,22.0,125.524,48.447,35.577,41.5,279.0,130.0,314.0,HARD,1.0,6.0,21.0,1,False
PER,11,Cadillac,23.0,102.726,25.953,35.067,41.706,272.0,130.0,308.0,HARD,2.0,6.0,21.0,1,True
PER,11,Cadillac,24.0,103.046,26.224,35.202,41.62,271.0,130.0,309.0,HARD,3.0,6.0,21.0,1,True
PER,11,Cadillac,25.0,107.596,26.383,36.35,44.863,269.0,86.0,317.0,HARD,4.0,6.0,21.0,1,True
PER,11,Cadillac,26.0,104.142,26.226,35.757,42.159,278.0,129.0,320.0,HARD,5.0,6.0,21.0,1,True
PER,11,Cadillac,27.0,104.34,26.394,35.787,42.159,273.0,129.0,310.0,HARD,6.0,6.0,21.0,1,True
PER,11,Cadillac,28.0,104.52,26.443,35.725,42.352,271.0,132.0,311.0,HARD,7.0,6.0,21.0,1,True
PER,11,Cadillac,29.0,104.807,26.572,35.701,42.534,271.0,131.0,310.0,HARD,8.0,6.0,21.0,1,True
PER,11,Cadillac,30.0,104.811,26.575,35.752,42.484,271.0,130.0,308.0,HARD,9.0,6.0,21.0,1,True
PER,11,Cadillac,31.0,104.792,26.6,35.69,42.502,270.0,128.0,307.0,HARD,10.0,6.0,21.0,1,True
PER,11,Cadillac,32.0,105.227,26.672,35.793,42.762,268.0,131.0,310.0,HARD,11.0,6.0,21.0,1,True
PER,11,Cadillac,33.0,105.12,26.775,35.765,42.58,268.0,130.0,307.0,HARD,12.0,6.0,21.0,1,True
PER,11,Cadillac,34.0,107.127,26.771,37.102,43.254,268.0,127.0,313.0,HARD,13.0,6.0,21.0,1,True
PER,11,Cadillac,35.0,106.499,27.519,36.156,42.824,275.0,130.0,308.0,HARD,14.0,6.0,20.0,1,True
PER,11,Cadillac,36.0,105.593,27.031,35.969,42.593,269.0,130.0,308.0,HARD,15.0,6.0,20.0,1,True
PER,11,Cadillac,37.0,109.713,28.764,36.988,43.961,271.0,106.0,320.0,HARD,16.0,6.0,21.0,1,True
PER,11,Cadillac,38.0,105.998,26.769,36.398,42.831,272.0,129.0,316.0,HARD,17.0,6.0,21.0,1,True
PER,11,Cadillac,39.0,114.974,26.768,36.43,51.776,272.0,106.0,226.0,HARD,18.0,6.0,21.0,1,False
PER,11,Cadillac,40.0,125.503,49.638,34.812,41.053,294.0,136.0,318.0,MEDIUM,1.0,7.0,21.0,1,False
PER,11,Cadillac,41.0,107.507,25.721,34.465,47.321,278.0,134.0,318.0,MEDIUM,2.0,7.0,21.0,12,False
PER,11,Cadillac,42.0,133.593,36.789,40.92,55.884,241.0,84.0,258.0,MEDIUM,3.0,7.0,20.0,26,False
PER,11,Cadillac,43.0,133.118,37.705,39.739,55.674,213.0,115.0,222.0,MEDIUM,4.0,7.0,20.0,6,False
PER,11,Cadillac,44.0,139.056,36.218,42.689,60.149,239.0,105.0,198.0,MEDIUM,5.0,7.0,20.0,64,False
PER,11,Cadillac,45.0,,56.245,42.661,54.227,247.0,124.0,180.0,SOFT,2.0,8.0,20.0,4,False
PER,11,Cadillac,46.0,106.494,26.626,36.161,43.707,275.0,126.0,310.0,SOFT,3.0,8.0,20.0,4,False
PER,11,Cadillac,47.0,108.104,26.267,37.314,44.523,268.0,132.0,255.0,SOFT,4.0,8.0,20.0,4,False
PER,11,Cadillac,48.0,104.083,27.206,35.102,41.775,271.0,134.0,309.0,SOFT,5.0,8.0,20.0,4,False
PER,11,Cadillac,49.0,103.488,26.187,34.915,42.386,270.0,132.0,306.0,SOFT,6.0,8.0,20.0,4,False
PER,11,Cadillac,50.0,109.445,28.021,37.675,43.749,249.0,134.0,283.0,SOFT,7.0,8.0,19.0,4,False
PER,11,Cadillac,51.0,140.609,32.905,51.397,56.307,169.0,128.0,284.0,SOFT,8.0,8.0,18.0,41,False
PER,11,Cadillac,52.0,104.531,26.25,36.132,42.149,288.0,133.0,328.0,SOFT,9.0,8.0,18.0,1,True
PER,11,Cadillac,53.0,103.272,26.16,35.346,41.766,279.0,134.0,325.0,SOFT,10.0,8.0,18.0,1,True
PER,11,Cadillac,54.0,103.613,26.258,35.347,42.008,278.0,131.0,314.0,SOFT,11.0,8.0,18.0,1,True
PER,11,Cadillac,55.0,103.417,26.165,35.371,41.881,287.0,130.0,318.0,SOFT,12.0,8.0,19.0,1,True
ANT,12,Mercedes,1.0,157.876,,52.046,62.752,216.0,100.0,251.0,INTERMEDIATE,1.0,1.0,3.0,1,False
ANT,12,Mercedes,2.0,,37.901,52.462,,224.0,119.0,227.0,INTERMEDIATE,2.0,1.0,8.0,12,False
ANT,12,Mercedes,3.0,111.458,30.422,36.887,44.149,272.0,126.0,285.0,INTERMEDIATE,3.0,1.0,1.0,1,True
ANT,12,Mercedes,4.0,108.702,28.113,36.845,43.744,247.0,131.0,279.0,INTERMEDIATE,4.0,1.0,1.0,1,True
ANT,12,Mercedes,5.0,109.756,28.355,37.251,44.15,237.0,126.0,278.0,INTERMEDIATE,5.0,1.0,1.0,1,True
ANT,12,Mercedes,6.0,110.741,28.239,37.74,44.762,249.0,122.0,268.0,INTERMEDIATE,6.0,1.0,1.0,12,False
ANT,12,Mercedes,7.0,112.884,28.126,38.923,45.835,258.0,113.0,263.0,INTERMEDIATE,7.0,1.0,1.0,1,True
ANT,12,Mercedes,8.0,112.623,28.418,38.368,45.837,270.0,117.0,269.0,INTERMEDIATE,8.0,1.0,1.0,12,False
ANT,12,Mercedes,9.0,122.695,28.692,38.554,55.449,253.0,117.0,275.0,INTERMEDIATE,9.0,1.0,1.0,124,False
ANT,12,Mercedes,10.0,,53.862,53.116,64.008,188.0,108.0,216.0,MEDIUM,1.0,2.0,1.0,4,False
ANT,12,Mercedes,11.0,147.449,35.999,52.171,59.279,196.0,113.0,221.0,MEDIUM,2.0,2.0,1.0,4,False
ANT,12,Mercedes,12.0,,35.793,51.008,74.384,215.0,116.0,174.0,MEDIUM,3.0,2.0,1.0,41,False
ANT,12,Mercedes,13.0,106.383,27.975,36.372,42.036,286.0,136.0,281.0,MEDIUM,4.0,2.0,3.0,12,False
ANT,12,Mercedes,14.0,104.307,27.171,35.466,41.67,257.0,137.0,278.0,MEDIUM,5.0,2.0,3.0,1,True
ANT,12,Mercedes,15.0,102.901,26.91,35.016,40.975,267.0,136.0,303.0,MEDIUM,6.0,2.0,3.0,1,True
ANT,12,Mercedes,16.0,101.93,26.284,34.787,40.859,275.0,138.0,303.0,MEDIUM,7.0,2.0,3.0,12,False
ANT,12,Mercedes,17.0,101.337,25.78,34.65,40.907,279.0,137.0,304.0,MEDIUM,8.0,2.0,3.0,1,True
ANT,12,Mercedes,18.0,101.388,25.625,34.781,40.982,281.0,136.0,306.0,MEDIUM,9.0,2.0,3.0,1,True
ANT,12,Mercedes,19.0,101.415,25.592,34.718,41.105,282.0,139.0,309.0,MEDIUM,10.0,2.0,3.0,1,True
ANT,12,Mercedes,20.0,101.576,25.548,34.722,41.306,286.0,136.0,312.0,MEDIUM,11.0,2.0,3.0,1,True
ANT,12,Mercedes,21.0,101.441,25.253,34.652,41.536,311.0,132.0,297.0,MEDIUM,12.0,2.0,2.0,1,True
ANT,12,Mercedes,22.0,101.542,25.632,34.443,41.467,278.0,131.0,297.0,MEDIUM,13.0,2.0,2.0,1,True
ANT,12,Mercedes,23.0,101.607,25.561,34.572,41.474,283.0,130.0,300.0,MEDIUM,14.0,2.0,2.0,1,True
ANT,12,Mercedes,24.0,103.354,25.684,34.604,43.066,279.0,136.0,301.0,MEDIUM,15.0,2.0,2.0,1,True
ANT,12,Mercedes,25.0,102.031,25.647,34.721,41.663,283.0,129.0,301.0,MEDIUM,16.0,2.0,2.0,1,True
ANT,12,Mercedes,26.0,101.992,25.595,34.741,41.656,284.0,131.0,299.0,MEDIUM,17.0,2.0,2.0,1,True
ANT,12,Mercedes,27.0,101.881,25.698,34.504,41.679,282.0,130.0,298.0,MEDIUM,18.0,2.0,2.0,1,True
ANT,12,Mercedes,28.0,102.19,25.787,34.535,41.868,282.0,132.0,297.0,MEDIUM,19.0,2.0,2.0,1,True
ANT,12,Mercedes,29.0,102.175,25.766,34.519,41.89,282.0,132.0,298.0,MEDIUM,20.0,2.0,2.0,1,True
ANT,12,Mercedes,30.0,102.384,25.849,34.655,41.88,282.0,132.0,297.0,MEDIUM,21.0,2.0,2.0,1,True
ANT,12,Mercedes,31.0,102.429,25.876,34.663,41.89,282.0,133.0,298.0,MEDIUM,22.0,2.0,2.0,1,True
ANT,12,Mercedes,32.0,102.399,25.875,34.572,41.952,281.0,133.0,298.0,MEDIUM,23.0,2.0,2.0,1,True
ANT,12,Mercedes,33.0,109.078,25.835,34.585,48.658,281.0,131.0,297.0,MEDIUM,24.0,2.0,2.0,1,False
ANT,12,Mercedes,34.0,121.917,46.343,34.541,41.033,286.0,135.0,302.0,SOFT,4.0,3.0,2.0,1,False
ANT,12,Mercedes,35.0,100.338,25.308,34.063,40.967,284.0,136.0,298.0,SOFT,5.0,3.0,2.0,1,True
ANT,12,Mercedes,36.0,100.761,25.391,34.219,41.151,281.0,137.0,298.0,SOFT,6.0,3.0,2.0,1,True
ANT,12,Mercedes,37.0,100.61,25.358,34.138,41.114,283.0,135.0,297.0,SOFT,7.0,3.0,2.0,1,True
ANT,12,Mercedes,38.0,100.654,25.363,34.202,41.089,283.0,137.0,299.0,SOFT,8.0,3.0,2.0,1,True
ANT,12,Mercedes,39.0,100.829,25.404,34.173,41.252,281.0,135.0,299.0,SOFT,9.0,3.0,2.0,1,True
ANT,12,Mercedes,40.0,101.409,25.568,34.482,41.359,282.0,136.0,300.0,SOFT,10.0,3.0,2.0,1,True
ANT,12,Mercedes,41.0,101.23,25.511,34.321,41.398,283.0,133.0,301.0,SOFT,11.0,3.0,2.0,1,True
ANT,12,Mercedes,42.0,101.691,25.63,34.579,41.482,282.0,134.0,307.0,SOFT,12.0,3.0,2.0,1,True
ANT,12,Mercedes,43.0,117.598,25.573,35.411,56.614,283.0,80.0,217.0,SOFT,13.0,3.0,2.0,126,False
ANT,12,Mercedes,44.0,136.465,35.96,41.606,58.899,238.0,98.0,245.0,SOFT,14.0,3.0,1.0,6,False
ANT,12,Mercedes,45.0,,51.698,44.136,55.4,241.0,122.0,203.0,SOFT,4.0,4.0,2.0,64,False
ANT,12,Mercedes,46.0,140.144,35.688,45.692,58.764,234.0,115.0,240.0,SOFT,5.0,4.0,2.0,4,False
ANT,12,Mercedes,47.0,145.311,34.908,50.876,59.527,230.0,106.0,244.0,SOFT,6.0,4.0,2.0,4,False
ANT,12,Mercedes,48.0,,39.121,50.54,60.537,226.0,99.0,238.0,SOFT,7.0,4.0,2.0,4,False
ANT,12,Mercedes,49.0,149.726,41.141,49.748,58.837,221.0,125.0,242.0,SOFT,8.0,4.0,2.0,4,False
ANT,12,Mercedes,50.0,145.542,35.1,50.96,59.482,227.0,100.0,249.0,SOFT,9.0,4.0,2.0,4,False
ANT,12,Mercedes,51.0,,39.343,50.35,69.75,223.0,117.0,271.0,SOFT,10.0,4.0,2.0,41,False
ANT,12,Mercedes,52.0,98.589,25.032,33.399,40.158,293.0,141.0,308.0,SOFT,11.0,4.0,2.0,1,True
ANT,12,Mercedes,53.0,98.866,25.258,33.442,40.166,285.0,141.0,303.0,SOFT,12.0,4.0,2.0,1,True
ANT,12,Mercedes,54.0,98.904,25.307,33.316,40.281,284.0,141.0,303.0,SOFT,13.0,4.0,2.0,1,True
ANT,12,Mercedes,55.0,98.93,25.33,33.299,40.301,282.0,139.0,313.0,SOFT,14.0,4.0,2.0,1,True
ALO,14,Aston Martin,1.0,183.476,,49.49,59.619,203.0,98.0,217.0,MEDIUM,1.0,1.0,11.0,1,False
ALO,14,Aston Martin,2.0,,33.622,51.157,,226.0,104.0,219.0,MEDIUM,2.0,1.0,14.0,12,False
ALO,14,Aston Martin,3.0,138.986,34.9,48.257,55.829,238.0,100.0,255.0,MEDIUM,3.0,1.0,17.0,1,True
ALO,14,Aston Martin,4.0,130.091,32.276,46.166,51.649,257.0,108.0,278.0,MEDIUM,4.0,1.0,16.0,1,True
ALO,14,Aston Martin,5.0,123.123,30.723,43.285,49.115,263.0,113.0,281.0,MEDIUM,5.0,1.0,16.0,1,True
ALO,14,Aston Martin,6.0,119.006,29.699,41.743,47.564,267.0,121.0,271.0,MEDIUM,6.0,1.0,16.0,12,False
ALO,14,Aston Martin,7.0,116.846,28.833,40.696,47.317,271.0,121.0,277.0,MEDIUM,7.0,1.0,16.0,12,False
ALO,14,Aston Martin,8.0,114.007,28.909,39.501,45.597,273.0,127.0,274.0,MEDIUM,8.0,1.0,16.0,21,False
ALO,14,Aston Martin,9.0,145.693,32.778,48.537,64.378,187.0,109.0,245.0,MEDIUM,9.0,1.0,17.0,124,False
ALO,14,Aston Martin,10.0,,55.368,48.309,56.765,230.0,115.0,161.0,HARD,1.0,2.0,17.0,4,False
ALO,14,Aston Martin,11.0,113.301,29.417,39.072,44.812,266.0,130.0,264.0,HARD,2.0,2.0,17.0,4,False
ALO,14,Aston Martin,12.0,112.072,27.451,36.816,47.805,267.0,130.0,200.0,HARD,3.0,2.0,17.0,41,False
ALO,14,Aston Martin,13.0,111.557,28.689,38.449,44.419,275.0,130.0,291.0,HARD,4.0,2.0,16.0,12,False
ALO,14,Aston Martin,14.0,107.872,27.62,36.496,43.756,273.0,132.0,274.0,HARD,5.0,2.0,15.0,1,True
ALO,14,Aston Martin,15.0,106.619,27.54,37.06,42.019,280.0,134.0,305.0,HARD,6.0,2.0,14.0,12,False
ALO,14,Aston Martin,16.0,104.953,26.869,36.147,41.937,295.0,135.0,303.0,HARD,7.0,2.0,13.0,21,False
ALO,14,Aston Martin,17.0,103.626,26.307,35.094,42.225,272.0,134.0,296.0,HARD,8.0,2.0,13.0,1,True
ALO,14,Aston Martin,18.0,103.229,26.514,34.959,41.756,270.0,134.0,293.0,HARD,9.0,2.0,13.0,1,True
ALO,14,Aston Martin,19.0,103.124,26.163,34.954,42.007,270.0,134.0,289.0,HARD,10.0,2.0,13.0,1,True
ALO,14,Aston Martin,20.0,103.239,26.221,35.106,41.912,271.0,135.0,293.0,HARD,11.0,2.0,13.0,1,True
ALO,14,Aston Martin,21.0,103.266,26.249,35.03,41.987,269.0,134.0,291.0,HARD,12.0,2.0,13.0,1,True
ALO,14,Aston Martin,22.0,103.394,26.191,35.214,41.989,272.0,133.0,295.0,HARD,13.0,2.0,13.0,1,True
ALO,14,Aston Martin,23.0,103.36,26.215,35.206,41.939,271.0,134.0,297.0,HARD,14.0,2.0,13.0,1,True
ALO,14,Aston Martin,24.0,103.476,26.16,35.298,42.018,273.0,134.0,296.0,HARD,15.0,2.0,13.0,1,True
ALO,14,Aston Martin,25.0,103.815,26.181,35.456,42.178,273.0,134.0,293.0,HARD,16.0,2.0,13.0,1,True
ALO,14,Aston Martin,26.0,103.592,26.185,35.402,42.005,272.0,133.0,299.0,HARD,17.0,2.0,13.0,1,True
ALO,14,Aston Martin,27.0,103.6,26.153,35.5,41.947,274.0,133.0,312.0,HARD,18.0,2.0,13.0,1,True
ALO,14,Aston Martin,28.0,103.813,26.274,35.534,42.005,277.0,133.0,304.0,HARD,19.0,2.0,11.0,1,True
ALO,14,Aston Martin,29.0,103.859,26.492,35.285,42.082,271.0,135.0,295.0,HARD,20.0,2.0,11.0,1,True
ALO,14,Aston Martin,30.0,103.929,26.458,35.295,42.176,271.0,134.0,294.0,HARD,21.0,2.0,10.0,1,True
ALO,14,Aston Martin,31.0,109.614,26.339,35.23,48.045,272.0,133.0,297.0,HARD,22.0,2.0,9.0,1,False
ALO,14,Aston Martin,32.0,120.966,45.496,34.402,41.068,266.0,137.0,295.0,None,,3.0,13.0,1,False
ALO,14,Aston Martin,33.0,101.283,25.813,34.466,41.004,272.0,140.0,298.0,None,,3.0,12.0,1,True
ALO,14,Aston Martin,34.0,101.849,25.897,34.623,41.329,273.0,139.0,301.0,None,,3.0,12.0,1,True
ALO,14,Aston Martin,35.0,101.761,25.321,34.845,41.595,311.0,137.0,300.0,None,,3.0,11.0,1,True
ALO,14,Aston Martin,36.0,102.396,25.584,35.208,41.604,302.0,133.0,301.0,None,,3.0,10.0,1,True
ALO,14,Aston Martin,37.0,102.7,26.214,34.849,41.637,272.0,137.0,297.0,None,,3.0,11.0,1,True
ALO,14,Aston Martin,38.0,102.72,26.04,35.048,41.632,271.0,136.0,303.0,None,,3.0,11.0,1,True
ALO,14,Aston Martin,39.0,102.791,25.598,35.577,41.616,299.0,136.0,304.0,None,,3.0,11.0,1,True
ALO,14,Aston Martin,40.0,102.424,26.03,34.7,41.694,282.0,136.0,292.0,None,,3.0,10.0,1,True
ALO,14,Aston Martin,41.0,102.892,26.289,34.843,41.76,268.0,135.0,289.0,None,,3.0,10.0,1,True
ALO,14,Aston Martin,42.0,102.903,26.208,34.725,41.97,269.0,136.0,290.0,None,,3.0,10.0,1,True
ALO,14,Aston Martin,43.0,134.926,35.837,47.063,52.026,228.0,102.0,233.0,None,,3.0,10.0,126,False
ALO,14,Aston Martin,44.0,134.607,37.114,42.01,55.483,230.0,85.0,242.0,None,,3.0,9.0,6,False
ALO,14,Aston Martin,45.0,139.243,36.865,42.138,60.24,229.0,102.0,270.0,None,,3.0,9.0,64,False
ALO,14,Aston Martin,46.0,,54.992,43.252,52.755,227.0,112.0,239.0,SOFT,,4.0,10.0,4,False
ALO,14,Aston Martin,47.0,112.313,28.541,37.452,46.32,269.0,119.0,283.0,SOFT,,4.0,10.0,4,False
ALO,14,Aston Martin,48.0,125.427,28.781,39.816,56.83,271.0,120.0,229.0,SOFT,,4.0,9.0,4,False
ALO,14,Aston Martin,49.0,146.546,37.694,50.128,58.724,220.0,80.0,231.0,SOFT,,4.0,9.0,4,False
ALO,14,Aston Martin,50.0,142.07,32.963,49.778,59.329,243.0,94.0,246.0,SOFT,,4.0,7.0,4,False
ALO,14,Aston Martin,51.0,,40.308,51.829,63.09,222.0,116.0,273.0,SOFT,,4.0,7.0,41,False
ALO,14,Aston Martin,52.0,101.626,26.013,34.765,40.848,274.0,137.0,302.0,SOFT,,4.0,7.0,1,True
ALO,14,Aston Martin,53.0,100.745,25.614,34.354,40.777,276.0,135.0,300.0,SOFT,,4.0,7.0,1,True
ALO,14,Aston Martin,54.0,100.353,25.593,33.997,40.763,276.0,139.0,303.0,SOFT,,4.0,7.0,1,True
ALO,14,Aston Martin,55.0,100.559,25.528,34.155,40.876,275.0,138.0,320.0,SOFT,,4.0,7.0,1,True
LEC,16,Ferrari,1.0,159.318,,50.252,60.756,194.0,98.0,221.0,SOFT,1.0,1.0,9.0,1,False
LEC,16,Ferrari,2.0,,38.162,52.576,,189.0,92.0,220.0,SOFT,2.0,1.0,22.0,12,False
LEC,16,Ferrari,3.0,,36.19,49.621,68.616,219.0,96.0,236.0,SOFT,3.0,1.0,22.0,1,False
LEC,16,Ferrari,4.0,139.763,57.652,37.604,44.507,274.0,126.0,285.0,INTERMEDIATE,1.0,2.0,22.0,1,False
LEC,16,Ferrari,5.0,110.859,27.869,37.449,45.541,263.0,123.0,287.0,INTERMEDIATE,2.0,2.0,22.0,12,False
LEC,16,Ferrari,6.0,110.593,27.756,37.855,44.982,260.0,123.0,286.0,INTERMEDIATE,3.0,2.0,21.0,1,True
LEC,16,Ferrari,7.0,111.829,27.878,38.484,45.467,256.0,122.0,265.0,INTERMEDIATE,4.0,2.0,20.0,12,False
LEC,16,Ferrari,8.0,111.529,28.023,37.836,45.67,258.0,122.0,284.0,INTERMEDIATE,5.0,2.0,18.0,1,True
LEC,16,Ferrari,9.0,143.096,29.545,48.368,65.183,123.0,103.0,164.0,INTERMEDIATE,6.0,2.0,18.0,124,False
LEC,16,Ferrari,10.0,,55.463,47.712,57.86,203.0,124.0,238.0,SOFT,1.0,3.0,19.0,4,False
LEC,16,Ferrari,11.0,116.505,30.081,40.108,46.316,246.0,123.0,243.0,SOFT,2.0,3.0,18.0,4,False
LEC,16,Ferrari,12.0,115.259,28.049,36.846,50.364,221.0,133.0,200.0,SOFT,3.0,3.0,19.0,41,False
LEC,16,Ferrari,13.0,111.392,28.415,38.931,44.046,260.0,129.0,290.0,SOFT,4.0,3.0,20.0,12,False
LEC,16,Ferrari,14.0,107.355,27.304,36.458,43.593,278.0,133.0,285.0,SOFT,5.0,3.0,20.0,1,True
LEC,16,Ferrari,15.0,104.926,26.852,36.267,41.807,273.0,135.0,311.0,SOFT,6.0,3.0,20.0,12,False
LEC,16,Ferrari,16.0,102.023,26.013,34.94,41.07,271.0,131.0,313.0,SOFT,7.0,3.0,19.0,21,False
LEC,16,Ferrari,17.0,101.896,26.061,34.732,41.103,276.0,131.0,315.0,SOFT,8.0,3.0,18.0,1,True
LEC,16,Ferrari,18.0,102.138,25.89,34.817,41.431,282.0,129.0,323.0,SOFT,9.0,3.0,17.0,1,True
LEC,16,Ferrari,19.0,103.147,25.826,35.73,41.591,309.0,129.0,313.0,SOFT,10.0,3.0,17.0,1,True
LEC,16,Ferrari,20.0,103.477,26.345,35.127,42.005,277.0,131.0,324.0,SOFT,11.0,3.0,17.0,1,True
LEC,16,Ferrari,21.0,103.4,25.749,35.681,41.97,293.0,130.0,312.0,SOFT,12.0,3.0,17.0,1,True
LEC,16,Ferrari,22.0,103.885,26.06,35.503,42.322,279.0,131.0,313.0,SOFT,13.0,3.0,17.0,1,True
LEC,16,Ferrari,23.0,103.016,25.944,35.179,41.893,274.0,128.0,307.0,SOFT,14.0,3.0,17.0,1,True
LEC,16,Ferrari,24.0,102.907,25.817,35.287,41.803,291.0,129.0,311.0,SOFT,15.0,3.0,16.0,1,True
LEC,16,Ferrari,25.0,103.167,26.172,35.185,41.81,267.0,129.0,318.0,SOFT,16.0,3.0,15.0,1,True
LEC,16,Ferrari,26.0,103.316,26.077,35.295,41.944,281.0,128.0,318.0,SOFT,17.0,3.0,14.0,1,True
LEC,16,Ferrari,27.0,103.964,26.053,35.689,42.222,299.0,130.0,313.0,SOFT,18.0,3.0,14.0,1,True
LEC,16,Ferrari,28.0,109.954,26.068,34.925,48.961,280.0,127.0,309.0,SOFT,19.0,3.0,15.0,1,False
LEC,16,Ferrari,29.0,121.443,46.321,34.36,40.762,279.0,132.0,314.0,None,4.0,4.0,19.0,1,False
LEC,16,Ferrari,30.0,101.804,25.852,34.853,41.099,282.0,132.0,296.0,None,5.0,4.0,18.0,1,True
LEC,16,Ferrari,31.0,100.906,25.965,34.033,40.908,271.0,132.0,301.0,None,6.0,4.0,16.0,1,True
LEC,16,Ferrari,32.0,101.264,25.91,34.273,41.081,271.0,130.0,301.0,None,7.0,4.0,14.0,1,True
LEC,16,Ferrari,33.0,101.04,25.782,34.023,41.235,274.0,132.0,294.0,None,8.0,4.0,14.0,1,True
LEC,16,Ferrari,34.0,101.328,25.908,33.95,41.47,273.0,131.0,293.0,None,9.0,4.0,13.0,1,True
LEC,16,Ferrari,35.0,101.165,25.818,34.126,41.221,274.0,131.0,301.0,None,10.0,4.0,13.0,1,True
LEC,16,Ferrari,36.0,101.456,26.033,34.146,41.277,271.0,132.0,303.0,None,11.0,4.0,11.0,1,True
LEC,16,Ferrari,37.0,101.399,26.088,34.012,41.299,272.0,130.0,301.0,None,12.0,4.0,10.0,1,True
LEC,16,Ferrari,38.0,101.549,26.123,34.213,41.213,272.0,132.0,305.0,None,13.0,4.0,9.0,1,True
LEC,16,Ferrari,39.0,101.455,26.07,34.096,41.289,275.0,130.0,303.0,None,14.0,4.0,9.0,1,True
LEC,16,Ferrari,40.0,101.902,26.09,34.481,41.331,276.0,128.0,305.0,None,15.0,4.0,9.0,1,True
LEC,16,Ferrari,41.0,101.875,26.117,34.204,41.554,272.0,129.0,301.0,None,16.0,4.0,9.0,1,True
LEC,16,Ferrari,42.0,101.765,26.144,34.099,41.522,272.0,130.0,299.0,None,17.0,4.0,9.0,1,True
LEC,16,Ferrari,43.0,132.814,27.37,45.199,60.245,170.0,103.0,255.0,None,18.0,4.0,9.0,126,False
LEC,16,Ferrari,44.0,,53.417,42.547,55.123,250.0,106.0,241.0,SOFT,4.0,5.0,11.0,6,False
LEC,16,Ferrari,45.0,133.83,36.082,42.594,55.154,245.0,105.0,237.0,SOFT,5.0,5.0,11.0,64,False
LEC,16,Ferrari,46.0,132.657,35.975,43.026,53.656,264.0,129.0,226.0,SOFT,6.0,5.0,8.0,4,False
LEC,16,Ferrari,47.0,113.77,29.269,36.292,48.209,266.0,128.0,249.0,SOFT,7.0,5.0,9.0,4,False
LEC,16,Ferrari,48.0,,37.295,50.329,62.463,218.0,116.0,233.0,SOFT,8.0,5.0,16.0,4,False
LEC,16,Ferrari,49.0,148.305,39.787,49.416,59.102,216.0,108.0,238.0,SOFT,9.0,5.0,19.0,4,False
LEC,16,Ferrari,50.0,143.965,34.416,50.167,59.382,185.0,120.0,240.0,SOFT,10.0,5.0,18.0,4,False
LEC,16,Ferrari,51.0,,39.55,51.717,67.582,207.0,119.0,230.0,SOFT,11.0,5.0,19.0,41,False
LEC,16,Ferrari,52.0,99.61,25.515,33.802,40.293,284.0,132.0,318.0,SOFT,12.0,5.0,19.0,1,True
LEC,16,Ferrari,53.0,99.396,25.414,33.693,40.289,284.0,132.0,315.0,SOFT,13.0,5.0,19.0,1,True
LEC,16,Ferrari,54.0,99.336,25.31,33.485,40.541,280.0,134.0,312.0,SOFT,14.0,5.0,19.0,1,True
LEC,16,Ferrari,55.0,99.808,25.498,33.697,40.613,278.0,133.0,314.0,SOFT,15.0,5.0,17.0,1,True
STR,18,Aston Martin,1.0,194.052,,53.129,59.949,190.0,97.0,223.0,MEDIUM,1.0,1.0,14.0,1,False
STR,18,Aston Martin,2.0,,34.75,49.633,74.476,208.0,101.0,168.0,MEDIUM,2.0,1.0,3.0,12,False
STR,18,Aston Martin,3.0,,81.585,43.888,46.717,225.0,119.0,271.0,INTERMEDIATE,1.0,2.0,13.0,1,False
STR,18,Aston Martin,4.0,112.682,28.093,39.281,45.308,258.0,128.0,283.0,INTERMEDIATE,2.0,2.0,13.0,1,True
STR,18,Aston Martin,5.0,111.98,27.824,38.706,45.45,260.0,129.0,273.0,INTERMEDIATE,3.0,2.0,13.0,1,True
STR,18,Aston Martin,6.0,112.728,28.01,39.278,45.44,258.0,125.0,271.0,INTERMEDIATE,4.0,2.0,13.0,12,False
STR,18,Aston Martin,7.0,113.085,28.288,39.242,45.555,260.0,125.0,272.0,INTERMEDIATE,5.0,2.0,13.0,1,True
STR,18,Aston Martin,8.0,113.819,28.307,39.538,45.974,260.0,124.0,272.0,INTERMEDIATE,6.0,2.0,12.0,12,False
STR,18,Aston Martin,9.0,132.862,28.544,39.737,64.581,261.0,111.0,230.0,INTERMEDIATE,7.0,2.0,12.0,124,False
STR,18,Aston Martin,10.0,,55.586,46.367,57.296,180.0,111.0,218.0,HARD,1.0,3.0,11.0,4,False
STR,18,Aston Martin,11.0,130.949,31.549,41.01,58.39,234.0,113.0,225.0,HARD,2.0,3.0,11.0,4,False
STR,18,Aston Martin,12.0,,34.356,50.885,68.137,133.0,117.0,194.0,HARD,3.0,3.0,11.0,41,False
STR,18,Aston Martin,13.0,112.088,29.486,38.199,44.403,255.0,133.0,276.0,HARD,4.0,3.0,11.0,12,False
STR,18,Aston Martin,14.0,107.897,27.546,37.16,43.191,263.0,132.0,274.0,HARD,5.0,3.0,12.0,1,True
STR,18,Aston Martin,15.0,105.676,27.816,36.072,41.788,266.0,132.0,298.0,HARD,6.0,3.0,12.0,12,False
STR,18,Aston Martin,16.0,104.554,26.967,35.99,41.597,277.0,134.0,299.0,HARD,7.0,3.0,12.0,21,False
STR,18,Aston Martin,17.0,103.775,26.295,35.684,41.796,273.0,132.0,294.0,HARD,8.0,3.0,12.0,1,True
STR,18,Aston Martin,18.0,103.2,26.245,35.318,41.637,273.0,135.0,294.0,HARD,9.0,3.0,12.0,1,True
STR,18,Aston Martin,19.0,104.327,26.25,35.295,42.782,273.0,133.0,294.0,HARD,10.0,3.0,12.0,1,True
STR,18,Aston Martin,20.0,103.266,26.174,35.228,41.864,273.0,130.0,295.0,HARD,11.0,3.0,12.0,1,True
STR,18,Aston Martin,21.0,103.46,26.231,35.316,41.913,273.0,133.0,294.0,HARD,12.0,3.0,12.0,1,True
STR,18,Aston Martin,22.0,103.728,26.238,35.52,41.97,272.0,131.0,294.0,HARD,13.0,3.0,12.0,1,True
STR,18,Aston Martin,23.0,103.719,26.201,35.457,42.061,272.0,134.0,294.0,HARD,14.0,3.0,12.0,1,True
STR,18,Aston Martin,24.0,103.52,26.201,35.284,42.035,272.0,133.0,295.0,HARD,15.0,3.0,12.0,1,True
STR,18,Aston Martin,25.0,103.845,26.257,35.502,42.086,272.0,132.0,293.0,HARD,16.0,3.0,12.0,1,True
STR,18,Aston Martin,26.0,103.782,26.277,35.548,41.957,273.0,133.0,296.0,HARD,17.0,3.0,12.0,1,True
STR,18,Aston Martin,27.0,103.887,26.303,35.518,42.066,273.0,133.0,297.0,HARD,18.0,3.0,12.0,1,True
STR,18,Aston Martin,28.0,110.702,26.319,35.552,48.831,273.0,129.0,299.0,HARD,19.0,3.0,13.0,1,False
STR,18,Aston Martin,29.0,121.873,46.171,34.802,40.9,271.0,138.0,297.0,HARD,1.0,4.0,14.0,1,False
STR,18,Aston Martin,30.0,102.276,25.908,35.07,41.298,273.0,137.0,298.0,HARD,2.0,4.0,14.0,1,True
STR,18,Aston Martin,31.0,102.422,26.001,34.973,41.448,274.0,134.0,299.0,HARD,3.0,4.0,13.0,1,True
STR,18,Aston Martin,32.0,102.966,26.035,35.194,41.737,273.0,134.0,296.0,HARD,4.0,4.0,12.0,1,True
STR,18,Aston Martin,33.0,102.881,26.032,35.171,41.678,273.0,133.0,300.0,HARD,5.0,4.0,11.0,1,True
STR,18,Aston Martin,34.0,102.604,25.97,35.002,41.632,276.0,134.0,300.0,HARD,6.0,4.0,11.0,1,True
STR,18,Aston Martin,35.0,103.597,25.904,35.816,41.877,292.0,134.0,304.0,HARD,7.0,4.0,12.0,1,True
STR,18,Aston Martin,36.0,103.245,26.078,35.36,41.807,274.0,133.0,303.0,HARD,8.0,4.0,13.0,1,True
STR,18,Aston Martin,37.0,103.174,26.106,35.398,41.67,278.0,133.0,320.0,HARD,9.0,4.0,13.0,1,True
STR,18,Aston Martin,38.0,104.784,25.964,36.597,42.223,285.0,130.0,304.0,HARD,10.0,4.0,14.0,1,True
STR,18,Aston Martin,39.0,103.558,26.194,35.62,41.744,272.0,133.0,304.0,HARD,11.0,4.0,14.0,1,True
STR,18,Aston Martin,40.0,103.502,25.911,35.504,42.087,280.0,132.0,306.0,HARD,12.0,4.0,14.0,1,True
STR,18,Aston Martin,41.0,103.236,25.777,35.538,41.921,309.0,133.0,299.0,HARD,13.0,4.0,13.0,1,True
STR,18,Aston Martin,42.0,107.171,26.443,35.289,45.439,274.0,133.0,296.0,HARD,14.0,4.0,13.0,12,False
STR,18,Aston Martin,43.0,137.444,35.115,43.323,59.006,252.0,77.0,241.0,HARD,15.0,4.0,13.0,26,False
STR,18,Aston Martin,44.0,,51.829,44.188,56.221,158.0,94.0,164.0,SOFT,,5.0,13.0,6,False
STR,18,Aston Martin,45.0,133.238,34.094,44.513,54.631,234.0,68.0,219.0,SOFT,,5.0,13.0,64,False
STR,18,Aston Martin,46.0,131.983,36.096,42.774,53.113,231.0,103.0,229.0,SOFT,,5.0,13.0,4,False
STR,18,Aston Martin,47.0,115.749,29.285,39.107,47.357,249.0,117.0,262.0,SOFT,,5.0,13.0,4,False
STR,18,Aston Martin,48.0,119.789,27.937,38.131,53.721,253.0,118.0,269.0,SOFT,,5.0,12.0,4,False
STR,18,Aston Martin,49.0,147.506,36.805,51.003,59.698,238.0,95.0,256.0,SOFT,,5.0,12.0,4,False
STR,18,Aston Martin,50.0,143.181,32.203,51.788,59.19,229.0,121.0,232.0,SOFT,,5.0,11.0,4,False
STR,18,Aston Martin,51.0,,38.442,52.826,59.304,175.0,118.0,274.0,SOFT,,5.0,11.0,41,False
STR,18,Aston Martin,52.0,102.58,26.018,35.39,41.172,280.0,136.0,311.0,SOFT,,5.0,11.0,1,True
STR,18,Aston Martin,53.0,101.248,25.682,34.592,40.974,281.0,134.0,313.0,SOFT,,5.0,11.0,1,True
STR,18,Aston Martin,54.0,101.321,25.67,34.55,41.101,280.0,137.0,310.0,SOFT,,5.0,11.0,1,True
STR,18,Aston Martin,55.0,101.463,25.785,34.697,40.981,290.0,133.0,327.0,SOFT,,5.0,11.0,1,True
ALB,23,Williams,1.0,197.933,,47.553,60.087,222.0,119.0,220.0,INTERMEDIATE,1.0,1.0,18.0,1,False
ALB,23,Williams,2.0,,36.123,48.958,,176.0,116.0,204.0,INTERMEDIATE,2.0,1.0,16.0,12,False
ALB,23,Williams,3.0,116.305,30.282,39.856,46.167,250.0,127.0,290.0,INTERMEDIATE,3.0,1.0,7.0,1,True
ALB,23,Williams,4.0,113.606,28.424,39.654,45.528,271.0,126.0,285.0,INTERMEDIATE,4.0,1.0,8.0,1,True
ALB,23,Williams,5.0,113.353,28.234,39.321,45.798,265.0,127.0,283.0,INTERMEDIATE,5.0,1.0,8.0,1,True
ALB,23,Williams,6.0,114.808,28.424,40.096,46.288,265.0,127.0,276.0,INTERMEDIATE,6.0,1.0,9.0,12,False
ALB,23,Williams,7.0,115.151,28.605,39.887,46.659,265.0,128.0,273.0,INTERMEDIATE,7.0,1.0,9.0,1,True
ALB,23,Williams,8.0,115.402,28.566,40.065,46.771,276.0,129.0,273.0,INTERMEDIATE,8.0,1.0,9.0,12,False
ALB,23,Williams,9.0,133.565,28.617,39.825,65.123,268.0,126.0,211.0,INTERMEDIATE,9.0,1.0,9.0,124,False
ALB,23,Williams,10.0,,62.357,46.476,58.318,221.0,110.0,246.0,SOFT,1.0,2.0,12.0,4,False
ALB,23,Williams,11.0,129.006,32.457,39.7,56.849,233.0,121.0,232.0,SOFT,2.0,2.0,12.0,4,False
ALB,23,Williams,12.0,,34.606,50.322,67.527,93.0,124.0,186.0,SOFT,3.0,2.0,12.0,41,False
ALB,23,Williams,13.0,112.281,29.445,38.481,44.355,253.0,126.0,291.0,SOFT,4.0,2.0,13.0,12,False
ALB,23,Williams,14.0,109.321,28.074,37.198,44.049,269.0,136.0,283.0,SOFT,5.0,2.0,14.0,1,True
ALB,23,Williams,15.0,107.106,27.687,36.723,42.696,277.0,134.0,297.0,SOFT,6.0,2.0,15.0,12,False
ALB,23,Williams,16.0,111.239,26.568,35.784,48.887,287.0,136.0,297.0,SOFT,7.0,2.0,16.0,21,False
ALB,23,Williams,17.0,122.8,46.036,35.446,41.318,272.0,135.0,295.0,HARD,1.0,3.0,20.0,1,False
ALB,23,Williams,18.0,103.234,26.513,35.191,41.53,278.0,137.0,293.0,HARD,2.0,3.0,20.0,1,True
ALB,23,Williams,19.0,102.844,25.973,35.199,41.672,282.0,134.0,295.0,HARD,3.0,3.0,19.0,1,True
ALB,23,Williams,20.0,103.377,25.842,35.682,41.853,283.0,134.0,297.0,HARD,4.0,3.0,19.0,1,True
ALB,23,Williams,21.0,103.526,25.895,35.494,42.137,283.0,135.0,295.0,HARD,5.0,3.0,19.0,1,True
ALB,23,Williams,22.0,103.651,25.909,35.591,42.151,283.0,135.0,296.0,HARD,6.0,3.0,19.0,1,True
ALB,23,Williams,23.0,103.921,26.189,35.578,42.154,280.0,133.0,296.0,HARD,7.0,3.0,19.0,1,True
ALB,23,Williams,24.0,103.908,25.916,35.626,42.366,287.0,133.0,297.0,HARD,8.0,3.0,19.0,1,True
ALB,23,Williams,25.0,104.191,26.096,35.751,42.344,285.0,131.0,297.0,HARD,9.0,3.0,18.0,1,True
ALB,23,Williams,26.0,104.078,26.007,35.639,42.432,280.0,130.0,298.0,HARD,10.0,3.0,17.0,1,True
ALB,23,Williams,27.0,104.386,26.198,35.818,42.37,279.0,130.0,297.0,HARD,11.0,3.0,16.0,1,True
ALB,23,Williams,28.0,104.614,26.283,35.799,42.532,280.0,130.0,294.0,HARD,12.0,3.0,16.0,1,True
ALB,23,Williams,29.0,112.791,26.402,36.436,49.953,282.0,132.0,300.0,HARD,13.0,3.0,20.0,1,False
ALB,23,Williams,30.0,123.283,46.195,35.406,41.682,281.0,135.0,303.0,SOFT,,4.0,20.0,1,False
ALB,23,Williams,31.0,102.284,25.738,34.924,41.622,287.0,138.0,300.0,SOFT,,4.0,20.0,1,True
ALB,23,Williams,32.0,103.002,25.644,35.338,42.02,284.0,133.0,299.0,SOFT,,4.0,20.0,1,True
ALB,23,Williams,33.0,102.686,25.809,35.115,41.762,286.0,135.0,294.0,SOFT,,4.0,20.0,1,True
ALB,23,Williams,34.0,102.613,25.75,35.071,41.792,287.0,133.0,297.0,SOFT,,4.0,20.0,1,True
ALB,23,Williams,35.0,103.75,26.27,35.401,42.079,280.0,132.0,303.0,SOFT,,4.0,19.0,1,True
ALB,23,Williams,36.0,103.104,25.902,35.199,42.003,281.0,131.0,304.0,SOFT,,4.0,19.0,1,True
ALB,23,Williams,37.0,103.135,25.86,35.258,42.017,280.0,133.0,304.0,SOFT,,4.0,19.0,1,True
ALB,23,Williams,38.0,104.851,26.016,35.361,43.474,280.0,133.0,234.0,SOFT,,4.0,19.0,1,True
ALB,23,Williams,39.0,104.436,26.342,35.93,42.164,288.0,131.0,310.0,SOFT,,4.0,19.0,1,True
ALB,23,Williams,40.0,103.813,25.976,35.646,42.191,282.0,132.0,306.0,SOFT,,4.0,19.0,1,True
ALB,23,Williams,41.0,104.365,26.319,35.73,42.316,279.0,132.0,303.0,SOFT,,4.0,19.0,1,True
ALB,23,Williams,42.0,,,,,,,,SOFT,,4.0,,126,False
HUL,27,Audi,1.0,194.684,,52.056,59.891,193.0,88.0,228.0,SOFT,1.0,1.0,15.0,1,False
HUL,27,Audi,2.0,,35.574,48.687,74.553,211.0,98.0,141.0,SOFT,2.0,1.0,4.0,12,False
HUL,27,Audi,3.0,,81.199,43.152,45.63,240.0,113.0,285.0,INTERMEDIATE,1.0,2.0,12.0,1,False
HUL,27,Audi,4.0,110.737,27.833,37.753,45.151,260.0,127.0,268.0,INTERMEDIATE,2.0,2.0,12.0,1,True
HUL,27,Audi,5.0,111.567,27.852,38.17,45.545,257.0,126.0,268.0,INTERMEDIATE,3.0,2.0,12.0,1,True
HUL,27,Audi,6.0,112.657,28.052,38.543,46.062,260.0,126.0,269.0,INTERMEDIATE,4.0,2.0,12.0,12,False
HUL,27,Audi,7.0,114.101,28.434,39.198,46.469,263.0,122.0,269.0,INTERMEDIATE,5.0,2.0,12.0,1,True
HUL,27,Audi,8.0,121.131,28.457,39.27,53.404,264.0,121.0,271.0,INTERMEDIATE,6.0,2.0,13.0,12,False
HUL,27,Audi,9.0,,48.328,44.989,58.176,262.0,121.0,205.0,SOFT,1.0,3.0,14.0,124,False
HUL,27,Audi,10.0,141.881,36.811,47.277,57.793,236.0,99.0,240.0,SOFT,2.0,3.0,13.0,4,False
HUL,27,Audi,11.0,127.877,31.044,39.918,56.915,216.0,122.0,233.0,SOFT,3.0,3.0,13.0,4,False
HUL,27,Audi,12.0,,34.002,51.005,66.791,102.0,126.0,190.0,SOFT,4.0,3.0,13.0,41,False
HUL,27,Audi,13.0,109.375,28.815,37.058,43.502,259.0,133.0,274.0,SOFT,5.0,3.0,10.0,12,False
HUL,27,Audi,14.0,106.611,27.173,36.002,43.436,256.0,130.0,286.0,SOFT,6.0,3.0,10.0,1,True
HUL,27,Audi,15.0,104.991,27.004,36.139,41.848,282.0,131.0,320.0,SOFT,7.0,3.0,9.0,1,True
HUL,27,Audi,16.0,103.741,26.633,35.525,41.583,269.0,132.0,300.0,SOFT,8.0,3.0,10.0,12,False
HUL,27,Audi,17.0,102.946,26.138,35.248,41.56,274.0,132.0,299.0,SOFT,9.0,3.0,10.0,1,True
HUL,27,Audi,18.0,102.633,25.892,35.058,41.683,273.0,132.0,308.0,SOFT,10.0,3.0,10.0,1,True
HUL,27,Audi,19.0,102.941,26.037,35.116,41.788,273.0,131.0,311.0,SOFT,11.0,3.0,10.0,1,True
HUL,27,Audi,20.0,103.799,26.0,35.661,42.138,269.0,132.0,322.0,SOFT,12.0,3.0,10.0,1,True
HUL,27,Audi,21.0,103.752,26.214,35.557,41.981,278.0,130.0,319.0,SOFT,13.0,3.0,10.0,1,True
HUL,27,Audi,22.0,104.078,26.103,35.677,42.298,282.0,128.0,316.0,SOFT,14.0,3.0,10.0,1,True
HUL,27,Audi,23.0,105.404,26.85,36.253,42.301,270.0,129.0,304.0,SOFT,15.0,3.0,11.0,1,True
HUL,27,Audi,24.0,103.806,26.184,35.464,42.158,278.0,131.0,308.0,SOFT,16.0,3.0,11.0,1,True
HUL,27,Audi,25.0,104.511,26.19,35.909,42.412,281.0,128.0,307.0,SOFT,17.0,3.0,11.0,1,True
HUL,27,Audi,26.0,104.411,26.162,35.785,42.464,283.0,128.0,306.0,SOFT,18.0,3.0,11.0,1,True
HUL,27,Audi,27.0,104.232,26.119,35.75,42.363,288.0,130.0,325.0,SOFT,19.0,3.0,11.0,1,True
HUL,27,Audi,28.0,104.58,26.347,35.698,42.535,288.0,130.0,301.0,SOFT,20.0,3.0,10.0,1,True
HUL,27,Audi,29.0,104.265,26.509,35.316,42.44,273.0,128.0,295.0,SOFT,21.0,3.0,9.0,1,True
HUL,27,Audi,30.0,104.429,26.619,35.293,42.517,273.0,128.0,294.0,SOFT,22.0,3.0,9.0,1,True
HUL,27,Audi,31.0,104.235,26.544,35.172,42.519,273.0,129.0,295.0,SOFT,23.0,3.0,8.0,1,True
HUL,27,Audi,32.0,110.582,26.611,35.394,48.577,279.0,128.0,297.0,SOFT,24.0,3.0,8.0,1,False
HUL,27,Audi,33.0,122.102,45.825,35.007,41.27,276.0,134.0,301.0,SOFT,1.0,4.0,13.0,1,False
HUL,27,Audi,34.0,102.207,25.668,35.166,41.373,272.0,134.0,298.0,SOFT,2.0,4.0,14.0,1,True
HUL,27,Audi,35.0,101.828,25.64,34.554,41.634,274.0,131.0,302.0,SOFT,3.0,4.0,14.0,1,True
HUL,27,Audi,36.0,101.939,25.721,34.97,41.248,278.0,132.0,315.0,SOFT,4.0,4.0,14.0,1,True
HUL,27,Audi,37.0,102.493,25.801,35.2,41.492,280.0,131.0,324.0,SOFT,5.0,4.0,14.0,1,True
HUL,27,Audi,38.0,101.718,25.612,34.67,41.436,311.0,132.0,302.0,SOFT,6.0,4.0,12.0,1,True
HUL,27,Audi,39.0,102.898,25.989,35.177,41.732,277.0,131.0,306.0,SOFT,7.0,4.0,12.0,1,True
HUL,27,Audi,40.0,102.47,26.032,34.856,41.582,273.0,132.0,318.0,SOFT,8.0,4.0,12.0,1,True
HUL,27,Audi,41.0,102.426,26.101,34.72,41.605,284.0,131.0,313.0,SOFT,9.0,4.0,11.0,1,True
HUL,27,Audi,42.0,104.394,26.128,34.883,43.383,274.0,131.0,298.0,SOFT,10.0,4.0,11.0,1,True
HUL,27,Audi,43.0,134.117,34.93,45.357,53.83,197.0,107.0,262.0,SOFT,11.0,4.0,11.0,126,False
HUL,27,Audi,44.0,134.187,35.286,43.915,54.986,227.0,93.0,223.0,SOFT,12.0,4.0,10.0,6,False
HUL,27,Audi,45.0,138.825,35.833,42.844,60.148,253.0,99.0,207.0,SOFT,13.0,4.0,10.0,64,False
HUL,27,Audi,46.0,,54.243,43.862,52.259,196.0,112.0,291.0,SOFT,3.0,5.0,11.0,4,False
HUL,27,Audi,47.0,113.946,29.242,38.68,46.024,274.0,119.0,305.0,SOFT,4.0,5.0,11.0,4,False
HUL,27,Audi,48.0,124.458,29.263,40.991,54.204,215.0,125.0,266.0,SOFT,5.0,5.0,10.0,4,False
HUL,27,Audi,49.0,146.673,37.25,50.406,59.017,231.0,81.0,245.0,SOFT,6.0,5.0,10.0,4,False
HUL,27,Audi,50.0,142.255,32.146,50.171,59.938,238.0,96.0,263.0,SOFT,7.0,5.0,8.0,4,False
HUL,27,Audi,51.0,,39.798,51.537,62.85,191.0,137.0,282.0,SOFT,8.0,5.0,8.0,41,False
HUL,27,Audi,52.0,101.49,25.614,35.181,40.695,297.0,132.0,325.0,SOFT,9.0,5.0,8.0,1,True
HUL,27,Audi,53.0,101.728,25.593,35.282,40.853,293.0,133.0,323.0,SOFT,10.0,5.0,9.0,1,True
HUL,27,Audi,54.0,101.394,25.848,34.327,41.219,302.0,132.0,313.0,SOFT,11.0,5.0,9.0,1,True
HUL,27,Audi,55.0,102.072,26.044,34.495,41.533,287.0,133.0,321.0,SOFT,12.0,5.0,10.0,1,True
VER,3,Red Bull Racing,1.0,151.831,,47.414,70.666,240.0,33.0,208.0,INTERMEDIATE,1.0,1.0,1.0,1,False
VER,3,Red Bull Racing,2.0,,37.948,55.597,,172.0,113.0,175.0,INTERMEDIATE,2.0,1.0,6.0,12,False
VER,3,Red Bull Racing,3.0,114.55,32.153,37.928,44.469,266.0,139.0,266.0,INTERMEDIATE,3.0,1.0,3.0,1,True
VER,3,Red Bull Racing,4.0,109.03,27.624,37.17,44.236,264.0,132.0,267.0,INTERMEDIATE,4.0,1.0,3.0,1,True
VER,3,Red Bull Racing,5.0,109.634,27.864,37.35,44.42,262.0,133.0,267.0,INTERMEDIATE,5.0,1.0,3.0,1,True
VER,3,Red Bull Racing,6.0,110.519,27.815,37.964,44.74,277.0,129.0,268.0,INTERMEDIATE,6.0,1.0,2.0,12,False
VER,3,Red Bull Racing,7.0,111.456,28.451,38.091,44.914,252.0,128.0,272.0,INTERMEDIATE,7.0,1.0,2.0,1,True
VER,3,Red Bull Racing,8.0,111.887,28.548,38.302,45.037,254.0,126.0,275.0,INTERMEDIATE,8.0,1.0,2.0,12,False
VER,3,Red Bull Racing,9.0,123.556,28.952,38.618,55.986,275.0,122.0,253.0,INTERMEDIATE,9.0,1.0,2.0,124,False
VER,3,Red Bull Racing,10.0,,53.76,53.585,63.66,198.0,112.0,229.0,SOFT,1.0,2.0,2.0,4,False
VER,3,Red Bull Racing,11.0,147.418,35.909,52.38,59.129,178.0,118.0,212.0,SOFT,2.0,2.0,2.0,4,False
VER,3,Red Bull Racing,12.0,,35.683,51.161,73.673,228.0,128.0,177.0,SOFT,3.0,2.0,2.0,41,False
VER,3,Red Bull Racing,13.0,104.849,27.595,35.345,41.909,281.0,139.0,281.0,SOFT,4.0,2.0,1.0,12,False
VER,3,Red Bull Racing,14.0,103.456,26.714,35.153,41.589,260.0,134.0,273.0,SOFT,5.0,2.0,1.0,1,True
VER,3,Red Bull Racing,15.0,102.227,26.459,34.756,41.012,263.0,137.0,296.0,SOFT,6.0,2.0,1.0,1,True
VER,3,Red Bull Racing,16.0,101.198,25.938,34.366,40.894,274.0,140.0,295.0,SOFT,7.0,2.0,1.0,12,False
VER,3,Red Bull Racing,17.0,100.98,25.868,34.342,40.77,274.0,140.0,295.0,SOFT,8.0,2.0,1.0,1,True
VER,3,Red Bull Racing,18.0,100.953,25.795,34.318,40.84,273.0,139.0,295.0,SOFT,9.0,2.0,1.0,1,True
VER,3,Red Bull Racing,19.0,101.386,25.799,34.528,41.059,274.0,137.0,295.0,SOFT,10.0,2.0,1.0,1,True
VER,3,Red Bull Racing,20.0,101.102,25.809,34.349,40.944,275.0,138.0,295.0,SOFT,11.0,2.0,1.0,1,True
VER,3,Red Bull Racing,21.0,101.154,25.901,34.334,40.919,274.0,139.0,296.0,SOFT,12.0,2.0,1.0,1,True
VER,3,Red Bull Racing,22.0,101.263,25.831,34.33,41.102,275.0,137.0,295.0,SOFT,13.0,2.0,1.0,1,True
VER,3,Red Bull Racing,23.0,101.409,25.818,34.508,41.083,273.0,138.0,296.0,SOFT,14.0,2.0,1.0,1,True
VER,3,Red Bull Racing,24.0,101.335,25.79,34.434,41.111,274.0,138.0,295.0,SOFT,15.0,2.0,1.0,1,True
VER,3,Red Bull Racing,25.0,101.553,25.898,34.41,41.245,275.0,138.0,295.0,SOFT,16.0,2.0,1.0,1,True
VER,3,Red Bull Racing,26.0,101.717,25.94,34.477,41.3,274.0,140.0,297.0,SOFT,17.0,2.0,1.0,1,True
VER,3,Red Bull Racing,27.0,101.753,26.038,34.421,41.294,275.0,137.0,298.0,SOFT,18.0,2.0,1.0,1,True
VER,3,Red Bull Racing,28.0,101.9,26.08,34.458,41.362,276.0,138.0,297.0,SOFT,19.0,2.0,1.0,1,True
VER,3,Red Bull Racing,29.0,101.895,25.99,34.447,41.458,276.0,135.0,297.0,SOFT,20.0,2.0,1.0,1,True
VER,3,Red Bull Racing,30.0,101.957,25.878,34.398,41.681,284.0,135.0,294.0,SOFT,21.0,2.0,1.0,1,True
VER,3,Red Bull Racing,31.0,102.005,26.065,34.376,41.564,283.0,137.0,294.0,SOFT,22.0,2.0,1.0,1,True
VER,3,Red Bull Racing,32.0,102.19,26.075,34.315,41.8,282.0,135.0,293.0,SOFT,23.0,2.0,1.0,1,True
VER,3,Red Bull Racing,33.0,108.881,26.124,34.376,48.381,284.0,135.0,297.0,SOFT,24.0,2.0,1.0,1,False
VER,3,Red Bull Racing,34.0,121.354,45.967,34.329,41.058,282.0,137.0,300.0,SOFT,,3.0,1.0,1,False
VER,3,Red Bull Racing,35.0,100.888,25.515,34.456,40.917,283.0,141.0,296.0,SOFT,,3.0,1.0,1,True
VER,3,Red Bull Racing,36.0,100.275,25.517,33.874,40.884,284.0,140.0,296.0,SOFT,,3.0,1.0,1,True
VER,3,Red Bull Racing,37.0,100.675,25.608,34.162,40.905,284.0,140.0,297.0,SOFT,,3.0,1.0,1,True
VER,3,Red Bull Racing,38.0,100.813,25.609,34.152,41.052,286.0,138.0,298.0,SOFT,,3.0,1.0,1,True
VER,3,Red Bull Racing,39.0,101.173,25.629,34.214,41.33,286.0,139.0,296.0,SOFT,,3.0,1.0,1,True
VER,3,Red Bull Racing,40.0,100.69,25.723,34.025,40.942,284.0,141.0,300.0,SOFT,,3.0,1.0,1,True
VER,3,Red Bull Racing,41.0,100.935,25.741,34.137,41.057,285.0,141.0,299.0,SOFT,,3.0,1.0,1,True
VER,3,Red Bull Racing,42.0,100.965,25.657,34.2,41.108,287.0,139.0,299.0,SOFT,,3.0,1.0,1,True
VER,3,Red Bull Racing,43.0,117.083,25.824,34.1,57.159,286.0,138.0,179.0,SOFT,,3.0,1.0,126,False
VER,3,Red Bull Racing,44.0,,54.847,40.98,55.649,256.0,113.0,240.0,SOFT,4.0,4.0,2.0,6,False
VER,3,Red Bull Racing,45.0,135.018,35.309,43.13,56.579,263.0,105.0,183.0,SOFT,5.0,4.0,1.0,6,False
VER,3,Red Bull Racing,46.0,,41.611,51.101,58.289,168.0,117.0,257.0,SOFT,6.0,4.0,1.0,64,False
VER,3,Red Bull Racing,47.0,147.148,35.292,51.073,60.783,234.0,124.0,248.0,SOFT,7.0,4.0,1.0,4,False
VER,3,Red Bull Racing,48.0,,39.119,50.575,60.443,186.0,114.0,266.0,SOFT,8.0,4.0,1.0,4,False
VER,3,Red Bull Racing,49.0,,40.693,50.327,59.146,160.0,129.0,239.0,SOFT,9.0,4.0,1.0,4,False
VER,3,Red Bull Racing,50.0,145.454,34.954,51.163,59.337,216.0,98.0,249.0,SOFT,10.0,4.0,1.0,4,False
VER,3,Red Bull Racing,51.0,,38.834,51.121,69.408,221.0,98.0,274.0,SOFT,11.0,4.0,1.0,41,False
VER,3,Red Bull Racing,52.0,98.423,25.327,33.093,40.003,282.0,144.0,294.0,SOFT,12.0,4.0,1.0,1,True
VER,3,Red Bull Racing,53.0,98.529,25.395,33.009,40.125,282.0,143.0,295.0,SOFT,13.0,4.0,1.0,1,True
VER,3,Red Bull Racing,54.0,98.614,25.57,32.991,40.053,276.0,143.0,297.0,SOFT,14.0,4.0,1.0,1,True
VER,3,Red Bull Racing,55.0,98.22,25.516,32.883,39.821,277.0,140.0,323.0,SOFT,15.0,4.0,1.0,1,True
LAW,30,Racing Bulls,1.0,179.175,,50.42,60.364,190.0,98.0,220.0,INTERMEDIATE,1.0,1.0,10.0,1,False
LAW,30,Racing Bulls,2.0,,35.968,50.021,,197.0,104.0,177.0,INTERMEDIATE,2.0,1.0,12.0,12,False
LAW,30,Racing Bulls,3.0,113.879,29.283,39.395,45.201,275.0,130.0,266.0,INTERMEDIATE,3.0,1.0,4.0,1,True
LAW,30,Racing Bulls,4.0,111.807,28.269,38.575,44.963,251.0,137.0,267.0,INTERMEDIATE,4.0,1.0,4.0,1,True
LAW,30,Racing Bulls,5.0,111.636,28.057,38.156,45.423,258.0,131.0,268.0,INTERMEDIATE,5.0,1.0,4.0,1,True
LAW,30,Racing Bulls,6.0,113.035,28.078,38.58,46.377,261.0,126.0,265.0,INTERMEDIATE,6.0,1.0,5.0,12,False
LAW,30,Racing Bulls,7.0,114.361,28.834,39.278,46.249,255.0,122.0,269.0,INTERMEDIATE,7.0,1.0,5.0,1,True
LAW,30,Racing Bulls,8.0,114.122,28.518,39.147,46.457,262.0,121.0,269.0,INTERMEDIATE,8.0,1.0,5.0,12,False
LAW,30,Racing Bulls,9.0,131.18,28.702,39.24,63.238,265.0,119.0,228.0,INTERMEDIATE,9.0,1.0,5.0,124,False
LAW,30,Racing Bulls,10.0,,54.651,46.722,58.201,197.0,121.0,163.0,HARD,1.0,2.0,5.0,4,False
LAW,30,Racing Bulls,11.0,140.126,32.331,48.447,59.348,213.0,112.0,219.0,HARD,2.0,2.0,5.0,4,False
LAW,30,Racing Bulls,12.0,,36.476,50.722,71.358,139.0,103.0,192.0,HARD,3.0,2.0,5.0,41,False
LAW,30,Racing Bulls,13.0,108.188,28.233,36.739,43.216,265.0,131.0,275.0,HARD,4.0,2.0,5.0,12,False
LAW,30,Racing Bulls,14.0,105.742,27.184,36.02,42.538,263.0,133.0,272.0,HARD,5.0,2.0,5.0,1,True
LAW,30,Racing Bulls,15.0,104.646,27.184,35.692,41.77,261.0,132.0,293.0,HARD,6.0,2.0,5.0,1,True
LAW,30,Racing Bulls,16.0,103.73,26.404,35.429,41.897,276.0,133.0,295.0,HARD,7.0,2.0,5.0,12,False
LAW,30,Racing Bulls,17.0,103.958,26.427,35.55,41.981,276.0,132.0,296.0,HARD,8.0,2.0,5.0,1,True
LAW,30,Racing Bulls,18.0,103.703,26.233,35.368,42.102,278.0,132.0,297.0,HARD,9.0,2.0,5.0,1,True
LAW,30,Racing Bulls,19.0,103.239,26.141,34.951,42.147,278.0,131.0,297.0,HARD,10.0,2.0,5.0,1,True
LAW,30,Racing Bulls,20.0,103.418,26.093,35.373,41.952,280.0,131.0,296.0,HARD,11.0,2.0,5.0,1,True
LAW,30,Racing Bulls,21.0,103.085,25.958,35.046,42.081,277.0,130.0,295.0,HARD,12.0,2.0,5.0,1,True
LAW,30,Racing Bulls,22.0,104.484,26.509,35.853,42.122,250.0,130.0,301.0,HARD,13.0,2.0,6.0,1,True
LAW,30,Racing Bulls,23.0,103.523,26.143,35.368,42.012,279.0,130.0,296.0,HARD,14.0,2.0,6.0,1,True
LAW,30,Racing Bulls,24.0,103.488,26.076,35.336,42.076,278.0,130.0,297.0,HARD,15.0,2.0,6.0,1,True
LAW,30,Racing Bulls,25.0,104.109,26.158,35.282,42.669,278.0,130.0,298.0,HARD,16.0,2.0,6.0,1,True
LAW,30,Racing Bulls,26.0,103.953,26.228,35.344,42.381,279.0,129.0,296.0,HARD,17.0,2.0,6.0,1,True
LAW,30,Racing Bulls,27.0,103.632,26.19,35.376,42.066,280.0,130.0,297.0,HARD,18.0,2.0,6.0,1,True
LAW,30,Racing Bulls,28.0,103.911,26.25,35.427,42.234,279.0,131.0,297.0,HARD,19.0,2.0,6.0,1,True
LAW,30,Racing Bulls,29.0,104.103,26.234,35.353,42.516,278.0,131.0,297.0,HARD,20.0,2.0,6.0,1,True
LAW,30,Racing Bulls,30.0,112.357,26.956,35.918,49.483,283.0,129.0,308.0,HARD,21.0,2.0,8.0,1,False
LAW,30,Racing Bulls,31.0,121.638,45.737,34.949,40.952,282.0,134.0,308.0,HARD,,3.0,10.0,1,False
LAW,30,Racing Bulls,32.0,101.369,25.464,34.574,41.331,279.0,132.0,299.0,HARD,,3.0,9.0,1,True
LAW,30,Racing Bulls,33.0,101.936,25.876,34.587,41.473,269.0,132.0,298.0,HARD,,3.0,8.0,1,True
LAW,30,Racing Bulls,34.0,101.799,25.675,34.632,41.492,279.0,133.0,295.0,HARD,,3.0,7.0,1,True
LAW,30,Racing Bulls,35.0,102.01,25.769,34.605,41.636,279.0,133.0,298.0,HARD,,3.0,7.0,1,True
LAW,30,Racing Bulls,36.0,102.626,26.052,35.091,41.483,283.0,130.0,305.0,HARD,,3.0,7.0,1,True
LAW,30,Racing Bulls,37.0,102.279,25.762,34.848,41.669,281.0,131.0,300.0,HARD,,3.0,7.0,1,True
LAW,30,Racing Bulls,38.0,102.469,25.836,34.9,41.733,279.0,130.0,299.0,HARD,,3.0,7.0,1,True
LAW,30,Racing Bulls,39.0,103.208,26.307,35.244,41.657,280.0,132.0,303.0,HARD,,3.0,8.0,1,True
LAW,30,Racing Bulls,40.0,102.643,25.973,35.077,41.593,284.0,131.0,305.0,HARD,,3.0,8.0,1,True
LAW,30,Racing Bulls,41.0,102.576,25.94,34.993,41.643,283.0,132.0,303.0,HARD,,3.0,8.0,1,True
LAW,30,Racing Bulls,42.0,103.046,25.971,35.311,41.764,282.0,131.0,301.0,HARD,,3.0,8.0,1,True
LAW,30,Racing Bulls,43.0,131.435,32.444,44.421,54.57,217.0,93.0,241.0,HARD,,3.0,8.0,126,False
LAW,30,Racing Bulls,44.0,135.005,37.323,41.65,56.032,250.0,86.0,239.0,HARD,,3.0,8.0,6,False
LAW,30,Racing Bulls,45.0,139.227,36.009,42.171,61.047,252.0,112.0,231.0,HARD,,3.0,8.0,64,False
LAW,30,Racing Bulls,46.0,,55.75,42.954,53.05,257.0,128.0,189.0,SOFT,1.0,4.0,9.0,4,False
LAW,30,Racing Bulls,47.0,110.707,27.056,37.516,46.135,255.0,125.0,264.0,SOFT,2.0,4.0,8.0,4,False
LAW,30,Racing Bulls,48.0,135.196,28.107,44.509,62.58,269.0,107.0,259.0,SOFT,3.0,4.0,8.0,4,False
LAW,30,Racing Bulls,49.0,149.263,40.323,49.438,59.502,172.0,70.0,265.0,SOFT,4.0,4.0,8.0,4,False
LAW,30,Racing Bulls,50.0,141.984,32.05,49.749,60.185,252.0,90.0,265.0,SOFT,5.0,4.0,6.0,4,False
LAW,30,Racing Bulls,51.0,,39.284,51.161,65.752,243.0,136.0,212.0,SOFT,6.0,4.0,5.0,41,False
LAW,30,Racing Bulls,52.0,101.107,25.556,34.929,40.622,300.0,135.0,314.0,SOFT,7.0,4.0,6.0,1,True
LAW,30,Racing Bulls,53.0,100.254,25.427,34.196,40.631,286.0,135.0,310.0,SOFT,8.0,4.0,6.0,1,True
LAW,30,Racing Bulls,54.0,100.73,25.597,34.227,40.906,282.0,132.0,304.0,SOFT,9.0,4.0,6.0,1,True
LAW,30,Racing Bulls,55.0,100.969,25.674,34.305,40.99,283.0,130.0,325.0,SOFT,10.0,4.0,6.0,1,True
OCO,31,Haas F1 Team,1.0,196.259,,51.005,59.979,185.0,105.0,197.0,INTERMEDIATE,1.0,1.0,17.0,1,False
OCO,31,Haas F1 Team,2.0,,35.804,49.929,,182.0,106.0,153.0,INTERMEDIATE,2.0,1.0,17.0,12,False
OCO,31,Haas F1 Team,3.0,116.397,30.844,39.349,46.204,242.0,126.0,288.0,INTERMEDIATE,3.0,1.0,8.0,1,True
OCO,31,Haas F1 Team,4.0,111.853,28.148,38.418,45.287,253.0,131.0,279.0,INTERMEDIATE,4.0,1.0,7.0,1,True
OCO,31,Haas F1 Team,5.0,113.308,28.535,39.246,45.527,245.0,132.0,275.0,INTERMEDIATE,5.0,1.0,7.0,1,True
OCO,31,Haas F1 Team,6.0,112.199,28.244,38.705,45.25,259.0,125.0,270.0,INTERMEDIATE,6.0,1.0,6.0,12,False
OCO,31,Haas F1 Team,7.0,112.638,28.501,38.201,45.936,253.0,123.0,275.0,INTERMEDIATE,7.0,1.0,6.0,1,True
OCO,31,Haas F1 Team,8.0,113.48,28.835,38.653,45.992,255.0,123.0,280.0,INTERMEDIATE,8.0,1.0,6.0,12,False
OCO,31,Haas F1 Team,9.0,130.709,29.101,39.157,62.451,257.0,122.0,212.0,INTERMEDIATE,9.0,1.0,6.0,124,False
OCO,31,Haas F1 Team,10.0,,55.206,46.506,58.091,200.0,121.0,145.0,SOFT,1.0,2.0,6.0,4,False
OCO,31,Haas F1 Team,11.0,139.175,31.446,48.528,59.201,214.0,115.0,215.0,SOFT,2.0,2.0,6.0,4,False
OCO,31,Haas F1 Team,12.0,,36.219,51.045,70.974,154.0,94.0,188.0,SOFT,3.0,2.0,6.0,41,False
OCO,31,Haas F1 Team,13.0,109.171,28.375,37.458,43.338,244.0,132.0,275.0,SOFT,4.0,2.0,6.0,12,False
OCO,31,Haas F1 Team,14.0,105.948,27.203,35.919,42.826,262.0,133.0,278.0,SOFT,5.0,2.0,6.0,1,True
OCO,31,Haas F1 Team,15.0,104.693,27.024,35.893,41.776,264.0,131.0,300.0,SOFT,6.0,2.0,6.0,1,True
OCO,31,Haas F1 Team,16.0,103.794,26.316,35.341,42.137,274.0,133.0,300.0,SOFT,7.0,2.0,6.0,12,False
OCO,31,Haas F1 Team,17.0,103.707,26.398,35.347,41.962,275.0,134.0,307.0,SOFT,8.0,2.0,6.0,1,True
OCO,31,Haas F1 Team,18.0,103.278,26.236,35.217,41.825,276.0,134.0,303.0,SOFT,9.0,2.0,6.0,1,True
OCO,31,Haas F1 Team,19.0,103.059,26.096,35.16,41.803,276.0,133.0,306.0,SOFT,10.0,2.0,6.0,1,True
OCO,31,Haas F1 Team,20.0,103.822,26.119,35.103,42.6,276.0,132.0,303.0,SOFT,11.0,2.0,7.0,1,True
OCO,31,Haas F1 Team,21.0,103.142,25.978,35.236,41.928,283.0,132.0,314.0,SOFT,12.0,2.0,7.0,1,True
OCO,31,Haas F1 Team,22.0,103.73,26.008,35.516,42.206,276.0,130.0,313.0,SOFT,13.0,2.0,7.0,1,True
OCO,31,Haas F1 Team,23.0,103.675,26.186,35.373,42.116,281.0,129.0,309.0,SOFT,14.0,2.0,7.0,1,True
OCO,31,Haas F1 Team,24.0,103.801,26.224,35.338,42.239,283.0,130.0,309.0,SOFT,15.0,2.0,7.0,1,True
OCO,31,Haas F1 Team,25.0,103.921,26.27,35.427,42.224,276.0,130.0,308.0,SOFT,16.0,2.0,7.0,1,True
OCO,31,Haas F1 Team,26.0,103.994,26.223,35.506,42.265,282.0,130.0,310.0,SOFT,17.0,2.0,7.0,1,True
OCO,31,Haas F1 Team,27.0,104.696,26.619,35.784,42.293,273.0,129.0,317.0,SOFT,18.0,2.0,8.0,1,True
OCO,31,Haas F1 Team,28.0,105.131,26.611,35.703,42.817,270.0,130.0,317.0,SOFT,19.0,2.0,9.0,1,True
OCO,31,Haas F1 Team,29.0,112.013,26.53,35.643,49.84,283.0,128.0,323.0,SOFT,20.0,2.0,10.0,1,False
OCO,31,Haas F1 Team,30.0,123.293,47.534,34.785,40.974,278.0,135.0,313.0,HARD,,3.0,13.0,1,False
OCO,31,Haas F1 Team,31.0,102.282,25.465,35.212,41.605,297.0,133.0,319.0,HARD,,3.0,12.0,1,True
OCO,31,Haas F1 Team,32.0,103.669,25.806,34.781,43.082,290.0,131.0,299.0,HARD,,3.0,10.0,1,True
OCO,31,Haas F1 Team,33.0,103.825,26.093,35.772,41.96,287.0,131.0,310.0,HARD,,3.0,10.0,1,True
OCO,31,Haas F1 Team,34.0,102.918,26.127,34.946,41.845,281.0,131.0,307.0,HARD,,3.0,10.0,1,True
OCO,31,Haas F1 Team,35.0,103.213,26.091,35.196,41.926,280.0,131.0,314.0,HARD,,3.0,10.0,1,True
OCO,31,Haas F1 Team,36.0,104.135,26.0,35.924,42.211,296.0,129.0,308.0,HARD,,3.0,12.0,1,True
OCO,31,Haas F1 Team,37.0,103.445,26.239,35.093,42.113,276.0,131.0,307.0,HARD,,3.0,12.0,1,True
OCO,31,Haas F1 Team,38.0,104.462,26.22,35.906,42.336,275.0,128.0,308.0,HARD,,3.0,13.0,1,True
OCO,31,Haas F1 Team,39.0,103.558,26.253,35.135,42.17,279.0,131.0,307.0,HARD,,3.0,13.0,1,True
OCO,31,Haas F1 Team,40.0,103.579,26.168,35.272,42.139,278.0,130.0,309.0,HARD,,3.0,13.0,1,True
OCO,31,Haas F1 Team,41.0,111.435,26.297,36.484,48.654,278.0,128.0,312.0,HARD,,3.0,14.0,1,False
OCO,31,Haas F1 Team,42.0,135.35,46.976,34.554,53.82,277.0,133.0,201.0,SOFT,4.0,4.0,17.0,126,False
OCO,31,Haas F1 Team,43.0,133.589,34.956,43.259,55.374,222.0,109.0,206.0,SOFT,5.0,4.0,16.0,6,False
OCO,31,Haas F1 Team,44.0,133.851,35.208,43.389,55.254,211.0,121.0,220.0,SOFT,6.0,4.0,16.0,6,False
OCO,31,Haas F1 Team,45.0,133.511,35.22,42.872,55.419,221.0,119.0,205.0,SOFT,7.0,4.0,16.0,64,False
OCO,31,Haas F1 Team,46.0,131.017,35.293,44.851,50.873,222.0,108.0,233.0,SOFT,8.0,4.0,16.0,4,False
OCO,31,Haas F1 Team,47.0,107.939,27.736,37.941,42.262,221.0,130.0,318.0,SOFT,9.0,4.0,16.0,4,False
OCO,31,Haas F1 Team,48.0,119.698,27.088,37.778,54.832,271.0,120.0,201.0,SOFT,10.0,4.0,15.0,4,False
OCO,31,Haas F1 Team,49.0,144.919,35.297,50.318,59.304,184.0,92.0,221.0,SOFT,11.0,4.0,15.0,4,False
OCO,31,Haas F1 Team,50.0,143.576,33.991,51.843,57.742,223.0,120.0,235.0,SOFT,12.0,4.0,14.0,4,False
OCO,31,Haas F1 Team,51.0,149.539,39.361,51.376,58.802,232.0,114.0,267.0,SOFT,13.0,4.0,14.0,41,False
OCO,31,Haas F1 Team,52.0,102.878,25.943,35.456,41.479,297.0,136.0,324.0,SOFT,14.0,4.0,14.0,1,True
OCO,31,Haas F1 Team,53.0,102.062,25.732,34.958,41.372,288.0,129.0,319.0,SOFT,15.0,4.0,14.0,1,True
OCO,31,Haas F1 Team,54.0,102.4,25.791,35.022,41.587,294.0,130.0,315.0,SOFT,16.0,4.0,14.0,1,True
OCO,31,Haas F1 Team,55.0,102.115,25.645,35.02,41.45,287.0,130.0,340.0,SOFT,17.0,4.0,14.0,1,True
LIN,41,Racing Bulls,1.0,215.978,,51.037,59.917,176.0,95.0,233.0,INTERMEDIATE,1.0,1.0,21.0,1,False
LIN,41,Racing Bulls,2.0,,33.417,50.403,96.81,199.0,63.0,161.0,INTERMEDIATE,2.0,1.0,19.0,12,False
LIN,41,Racing Bulls,3.0,116.301,30.58,39.576,46.145,262.0,120.0,281.0,INTERMEDIATE,3.0,1.0,9.0,1,True
LIN,41,Racing Bulls,4.0,113.352,28.153,39.557,45.642,256.0,117.0,270.0,INTERMEDIATE,4.0,1.0,9.0,1,True
LIN,41,Racing Bulls,5.0,112.69,27.982,39.347,45.361,259.0,124.0,291.0,INTERMEDIATE,5.0,1.0,9.0,1,True
LIN,41,Racing Bulls,6.0,114.027,28.346,39.393,46.288,252.0,120.0,270.0,INTERMEDIATE,6.0,1.0,8.0,12,False
LIN,41,Racing Bulls,7.0,113.467,28.39,39.156,45.921,263.0,116.0,273.0,INTERMEDIATE,7.0,1.0,8.0,1,True
LIN,41,Racing Bulls,8.0,113.845,28.563,39.27,46.012,263.0,116.0,274.0,INTERMEDIATE,8.0,1.0,8.0,12,False
LIN,41,Racing Bulls,9.0,131.124,28.701,39.569,62.854,265.0,114.0,229.0,INTERMEDIATE,9.0,1.0,8.0,124,False
LIN,41,Racing Bulls,10.0,,54.128,47.967,57.264,142.0,63.0,183.0,HARD,1.0,2.0,7.0,4,False
LIN,41,Racing Bulls,11.0,135.628,30.157,46.109,59.362,240.0,113.0,183.0,HARD,2.0,2.0,7.0,4,False
LIN,41,Racing Bulls,12.0,,36.191,50.99,70.416,158.0,90.0,190.0,HARD,3.0,2.0,7.0,41,False
LIN,41,Racing Bulls,13.0,109.377,28.565,37.332,43.48,263.0,128.0,286.0,HARD,4.0,2.0,7.0,12,False
LIN,41,Racing Bulls,14.0,106.891,27.419,36.27,43.202,266.0,128.0,273.0,HARD,5.0,2.0,7.0,1,True
LIN,41,Racing Bulls,15.0,105.089,27.007,35.798,42.284,266.0,125.0,299.0,HARD,6.0,2.0,7.0,1,True
LIN,41,Racing Bulls,16.0,103.463,26.116,35.595,41.752,279.0,129.0,302.0,HARD,7.0,2.0,7.0,12,False
LIN,41,Racing Bulls,17.0,103.06,26.039,35.444,41.577,280.0,130.0,303.0,HARD,8.0,2.0,7.0,1,True
LIN,41,Racing Bulls,18.0,103.083,25.933,35.413,41.737,282.0,130.0,307.0,HARD,9.0,2.0,7.0,1,True
LIN,41,Racing Bulls,19.0,103.501,25.772,35.615,42.114,282.0,126.0,307.0,HARD,10.0,2.0,8.0,1,True
LIN,41,Racing Bulls,20.0,104.457,26.661,35.814,41.982,285.0,126.0,305.0,HARD,11.0,2.0,8.0,1,True
LIN,41,Racing Bulls,21.0,103.313,26.049,35.449,41.815,283.0,128.0,303.0,HARD,12.0,2.0,8.0,1,True
LIN,41,Racing Bulls,22.0,103.763,26.204,35.46,42.099,280.0,126.0,303.0,HARD,13.0,2.0,8.0,1,True
LIN,41,Racing Bulls,23.0,104.25,26.274,35.574,42.402,280.0,127.0,301.0,HARD,14.0,2.0,9.0,1,True
LIN,41,Racing Bulls,24.0,105.566,26.63,36.406,42.53,249.0,126.0,304.0,HARD,15.0,2.0,9.0,1,True
LIN,41,Racing Bulls,25.0,104.793,26.518,35.965,42.31,285.0,129.0,303.0,HARD,16.0,2.0,10.0,1,True
LIN,41,Racing Bulls,26.0,104.425,26.351,35.79,42.284,281.0,129.0,299.0,HARD,17.0,2.0,10.0,1,True
LIN,41,Racing Bulls,27.0,104.437,26.382,35.756,42.299,280.0,129.0,302.0,HARD,18.0,2.0,10.0,1,True
LIN,41,Racing Bulls,28.0,110.628,26.369,35.473,48.786,280.0,128.0,300.0,HARD,19.0,2.0,12.0,1,False
LIN,41,Racing Bulls,29.0,121.846,47.098,34.118,40.63,286.0,134.0,315.0,HARD,1.0,3.0,13.0,1,False
LIN,41,Racing Bulls,30.0,101.827,25.879,34.612,41.336,277.0,132.0,299.0,HARD,2.0,3.0,12.0,1,True
LIN,41,Racing Bulls,31.0,102.674,25.976,35.019,41.679,300.0,128.0,303.0,HARD,3.0,3.0,11.0,1,True
LIN,41,Racing Bulls,32.0,103.949,26.208,35.684,42.057,288.0,128.0,302.0,HARD,4.0,3.0,11.0,1,True
LIN,41,Racing Bulls,33.0,102.977,25.889,35.239,41.849,298.0,128.0,299.0,HARD,5.0,3.0,9.0,1,True
LIN,41,Racing Bulls,34.0,102.822,26.237,34.771,41.814,278.0,132.0,297.0,HARD,6.0,3.0,9.0,1,True
LIN,41,Racing Bulls,35.0,103.101,26.137,35.052,41.912,280.0,129.0,299.0,HARD,7.0,3.0,9.0,1,True
LIN,41,Racing Bulls,36.0,102.91,26.224,34.801,41.885,281.0,129.0,301.0,HARD,8.0,3.0,9.0,1,True
LIN,41,Racing Bulls,37.0,103.005,26.062,35.025,41.918,280.0,128.0,301.0,HARD,9.0,3.0,9.0,1,True
LIN,41,Racing Bulls,38.0,102.843,26.024,34.937,41.882,280.0,130.0,298.0,HARD,10.0,3.0,10.0,1,True
LIN,41,Racing Bulls,39.0,102.957,25.961,34.969,42.027,311.0,130.0,300.0,HARD,11.0,3.0,10.0,1,True
LIN,41,Racing Bulls,40.0,104.429,26.531,35.745,42.153,285.0,128.0,302.0,HARD,12.0,3.0,11.0,1,True
LIN,41,Racing Bulls,41.0,104.587,26.475,35.894,42.218,291.0,129.0,305.0,HARD,13.0,3.0,12.0,1,True
LIN,41,Racing Bulls,42.0,107.255,26.28,35.132,45.843,283.0,127.0,301.0,HARD,14.0,3.0,12.0,12,False
LIN,41,Racing Bulls,43.0,137.81,34.998,43.139,59.673,266.0,76.0,212.0,HARD,15.0,3.0,12.0,216,False
LIN,41,Racing Bulls,44.0,,53.075,43.343,54.526,209.0,95.0,219.0,SOFT,,4.0,12.0,6,False
LIN,41,Racing Bulls,45.0,133.769,35.363,43.937,54.469,252.0,96.0,216.0,SOFT,,4.0,12.0,64,False
LIN,41,Racing Bulls,46.0,132.354,37.289,42.78,52.285,241.0,116.0,273.0,SOFT,,4.0,12.0,4,False
LIN,41,Racing Bulls,47.0,113.602,28.817,38.611,46.174,261.0,120.0,268.0,SOFT,,4.0,12.0,4,False
LIN,41,Racing Bulls,48.0,123.852,28.433,41.015,54.404,225.0,115.0,277.0,SOFT,,4.0,11.0,4,False
LIN,41,Racing Bulls,49.0,147.067,36.825,50.133,60.109,226.0,81.0,221.0,SOFT,,4.0,11.0,4,False
LIN,41,Racing Bulls,50.0,141.867,31.469,51.333,59.065,237.0,119.0,229.0,SOFT,,4.0,9.0,4,False
LIN,41,Racing Bulls,51.0,,39.375,52.354,61.432,165.0,126.0,273.0,SOFT,,4.0,9.0,41,False
LIN,41,Racing Bulls,52.0,102.27,25.852,35.55,40.868,288.0,135.0,320.0,SOFT,,4.0,10.0,1,True
LIN,41,Racing Bulls,53.0,101.076,25.541,34.815,40.72,290.0,134.0,322.0,SOFT,,4.0,10.0,1,True
LIN,41,Racing Bulls,54.0,101.373,25.548,34.837,40.988,288.0,133.0,319.0,SOFT,,4.0,10.0,1,True
LIN,41,Racing Bulls,55.0,100.315,25.431,34.084,40.8,285.0,132.0,331.0,SOFT,,4.0,9.0,1,True
COL,43,Alpine,1.0,214.257,,50.824,59.415,194.0,90.0,188.0,SOFT,1.0,1.0,20.0,1,False
COL,43,Alpine,2.0,,34.265,49.117,99.651,223.0,97.0,204.0,SOFT,2.0,1.0,21.0,12,False
COL,43,Alpine,3.0,142.423,35.587,50.73,56.106,205.0,93.0,262.0,SOFT,3.0,1.0,20.0,1,True
COL,43,Alpine,4.0,133.453,32.767,47.671,53.015,240.0,96.0,281.0,SOFT,4.0,1.0,20.0,1,True
COL,43,Alpine,5.0,127.55,31.362,44.949,51.239,257.0,107.0,279.0,SOFT,5.0,1.0,20.0,1,True
COL,43,Alpine,6.0,124.83,30.646,43.54,50.644,254.0,108.0,265.0,SOFT,6.0,1.0,20.0,12,False
COL,43,Alpine,7.0,119.934,30.048,41.661,48.225,257.0,110.0,271.0,SOFT,7.0,1.0,21.0,12,False
COL,43,Alpine,8.0,118.605,29.132,40.198,49.275,260.0,118.0,271.0,SOFT,8.0,1.0,21.0,12,False
COL,43,Alpine,9.0,149.582,36.577,48.198,64.807,189.0,99.0,214.0,SOFT,9.0,1.0,21.0,24,False
COL,43,Alpine,10.0,,53.603,48.594,56.662,217.0,116.0,219.0,MEDIUM,1.0,2.0,21.0,4,False
COL,43,Alpine,11.0,115.233,30.504,39.482,45.247,265.0,118.0,282.0,MEDIUM,2.0,2.0,21.0,4,False
COL,43,Alpine,12.0,108.707,27.677,37.126,43.904,283.0,124.0,273.0,MEDIUM,3.0,2.0,21.0,41,False
COL,43,Alpine,13.0,106.217,27.12,36.503,42.594,265.0,130.0,282.0,MEDIUM,4.0,2.0,21.0,12,False
COL,43,Alpine,14.0,105.777,27.112,36.046,42.619,261.0,128.0,279.0,MEDIUM,5.0,2.0,21.0,1,True
COL,43,Alpine,15.0,104.822,26.731,35.459,42.632,278.0,129.0,307.0,MEDIUM,6.0,2.0,21.0,12,False
COL,43,Alpine,16.0,103.487,26.334,35.229,41.924,274.0,129.0,296.0,MEDIUM,7.0,2.0,20.0,21,False
COL,43,Alpine,17.0,102.969,26.136,35.014,41.819,287.0,128.0,299.0,MEDIUM,8.0,2.0,19.0,1,True
COL,43,Alpine,18.0,102.484,26.019,34.933,41.532,287.0,131.0,300.0,MEDIUM,9.0,2.0,19.0,1,True
COL,43,Alpine,19.0,102.444,25.912,34.884,41.648,286.0,127.0,300.0,MEDIUM,10.0,2.0,18.0,1,True
COL,43,Alpine,20.0,102.925,25.883,35.07,41.972,288.0,129.0,303.0,MEDIUM,11.0,2.0,18.0,1,True
COL,43,Alpine,21.0,103.209,25.95,35.195,42.064,284.0,132.0,303.0,MEDIUM,12.0,2.0,18.0,1,True
COL,43,Alpine,22.0,103.241,25.983,35.274,41.984,285.0,127.0,305.0,MEDIUM,13.0,2.0,18.0,1,True
COL,43,Alpine,23.0,103.466,26.124,35.259,42.083,284.0,130.0,305.0,MEDIUM,14.0,2.0,18.0,1,True
COL,43,Alpine,24.0,103.459,25.854,35.529,42.076,288.0,129.0,305.0,MEDIUM,15.0,2.0,17.0,1,True
COL,43,Alpine,25.0,103.642,26.139,35.363,42.14,284.0,132.0,305.0,MEDIUM,16.0,2.0,16.0,1,True
COL,43,Alpine,26.0,103.161,26.093,35.174,41.894,287.0,133.0,304.0,MEDIUM,17.0,2.0,15.0,1,True
COL,43,Alpine,27.0,103.472,26.065,35.338,42.069,286.0,132.0,301.0,MEDIUM,18.0,2.0,15.0,1,True
COL,43,Alpine,28.0,103.528,26.13,35.22,42.178,284.0,132.0,304.0,MEDIUM,19.0,2.0,14.0,1,True
COL,43,Alpine,29.0,103.973,26.253,35.429,42.291,280.0,130.0,303.0,MEDIUM,20.0,2.0,12.0,1,True
COL,43,Alpine,30.0,104.745,26.362,35.666,42.717,282.0,134.0,301.0,MEDIUM,21.0,2.0,11.0,1,True
COL,43,Alpine,31.0,110.653,26.363,35.506,48.784,285.0,127.0,312.0,MEDIUM,22.0,2.0,14.0,1,False
COL,43,Alpine,32.0,121.674,45.84,34.798,41.036,272.0,137.0,306.0,HARD,,3.0,19.0,1,False
COL,43,Alpine,33.0,100.988,25.464,34.562,40.962,289.0,135.0,310.0,HARD,,3.0,18.0,1,True
COL,43,Alpine,34.0,101.22,25.487,34.652,41.081,290.0,134.0,305.0,HARD,,3.0,18.0,1,True
COL,43,Alpine,35.0,102.185,26.013,34.932,41.24,281.0,135.0,310.0,HARD,,3.0,18.0,1,True
COL,43,Alpine,36.0,102.007,25.537,34.774,41.696,289.0,131.0,315.0,HARD,,3.0,18.0,1,True
COL,43,Alpine,37.0,103.379,25.826,35.431,42.122,294.0,136.0,313.0,HARD,,3.0,16.0,1,True
COL,43,Alpine,38.0,102.508,25.982,34.953,41.573,279.0,130.0,307.0,HARD,,3.0,15.0,1,True
COL,43,Alpine,39.0,102.265,25.857,34.842,41.566,284.0,130.0,305.0,HARD,,3.0,15.0,1,True
COL,43,Alpine,40.0,102.162,25.815,34.841,41.506,283.0,131.0,304.0,HARD,,3.0,15.0,1,True
COL,43,Alpine,41.0,102.54,25.851,34.967,41.722,288.0,133.0,305.0,HARD,,3.0,15.0,1,True
COL,43,Alpine,42.0,113.691,25.831,35.059,52.801,287.0,130.0,100.0,HARD,,3.0,14.0,126,False
COL,43,Alpine,43.0,,52.635,43.484,54.789,245.0,108.0,165.0,MEDIUM,,4.0,15.0,6,False
COL,43,Alpine,44.0,134.003,34.929,44.311,54.763,248.0,102.0,255.0,MEDIUM,,4.0,15.0,6,False
COL,43,Alpine,45.0,133.874,34.891,44.78,54.203,248.0,102.0,178.0,MEDIUM,,4.0,15.0,64,False
COL,43,Alpine,46.0,132.807,36.66,45.933,50.214,207.0,103.0,218.0,MEDIUM,,4.0,15.0,4,False
COL,43,Alpine,47.0,109.213,29.129,37.567,42.517,247.0,132.0,295.0,MEDIUM,,4.0,15.0,4,False
COL,43,Alpine,48.0,118.826,26.897,37.839,54.09,281.0,125.0,206.0,MEDIUM,,4.0,14.0,4,False
COL,43,Alpine,49.0,145.343,36.093,49.492,59.758,210.0,94.0,238.0,MEDIUM,,4.0,14.0,4,False
COL,43,Alpine,50.0,143.745,33.703,52.331,57.711,221.0,118.0,231.0,MEDIUM,,4.0,13.0,4,False
COL,43,Alpine,51.0,149.911,38.162,52.628,59.121,212.0,119.0,247.0,MEDIUM,,4.0,13.0,41,False
COL,43,Alpine,52.0,102.145,26.021,35.06,41.064,311.0,135.0,325.0,MEDIUM,,4.0,12.0,1,True
COL,43,Alpine,53.0,101.379,25.651,34.738,40.99,297.0,136.0,322.0,MEDIUM,,4.0,12.0,1,True
COL,43,Alpine,54.0,101.348,25.486,34.711,41.151,299.0,136.0,335.0,MEDIUM,,4.0,12.0,1,True
COL,43,Alpine,55.0,101.544,25.571,34.902,41.071,291.0,133.0,347.0,MEDIUM,,4.0,12.0,1,True
HAM,44,Ferrari,1.0,156.754,,51.825,62.771,199.0,89.0,220.0,SOFT,1.0,1.0,2.0,1,False
HAM,44,Ferrari,2.0,,38.27,52.038,,202.0,100.0,170.0,SOFT,2.0,1.0,7.0,12,False
HAM,44,Ferrari,3.0,141.532,36.91,48.339,56.283,229.0,92.0,231.0,SOFT,3.0,1.0,15.0,1,True
HAM,44,Ferrari,4.0,133.074,32.527,47.668,52.879,233.0,102.0,278.0,SOFT,4.0,1.0,17.0,1,True
HAM,44,Ferrari,5.0,124.251,30.669,43.355,50.227,260.0,106.0,285.0,SOFT,5.0,1.0,17.0,1,True
HAM,44,Ferrari,6.0,121.279,30.1,42.215,48.964,266.0,110.0,287.0,SOFT,6.0,1.0,17.0,12,False
HAM,44,Ferrari,7.0,116.549,29.508,40.382,46.659,270.0,117.0,272.0,SOFT,7.0,1.0,17.0,12,False
HAM,44,Ferrari,8.0,112.876,28.653,38.872,45.351,274.0,127.0,279.0,SOFT,8.0,1.0,17.0,1,True
HAM,44,Ferrari,9.0,140.394,34.781,47.058,58.555,216.0,86.0,191.0,SOFT,9.0,1.0,16.0,124,False
HAM,44,Ferrari,10.0,143.525,39.893,46.982,56.65,221.0,64.0,221.0,SOFT,10.0,1.0,15.0,4,False
HAM,44,Ferrari,11.0,113.622,28.308,38.749,46.565,271.0,120.0,240.0,SOFT,11.0,1.0,15.0,4,False
HAM,44,Ferrari,12.0,128.063,27.623,36.853,63.587,274.0,125.0,188.0,SOFT,12.0,1.0,15.0,41,False
HAM,44,Ferrari,13.0,110.975,28.673,38.255,44.047,275.0,126.0,292.0,SOFT,13.0,1.0,12.0,12,False
HAM,44,Ferrari,14.0,104.923,27.066,35.767,42.09,262.0,131.0,274.0,SOFT,14.0,1.0,11.0,1,True
HAM,44,Ferrari,15.0,104.598,26.881,35.988,41.729,275.0,133.0,318.0,SOFT,15.0,1.0,10.0,1,True
HAM,44,Ferrari,16.0,102.044,26.057,34.5,41.487,281.0,132.0,307.0,SOFT,16.0,1.0,9.0,12,False
HAM,44,Ferrari,17.0,102.784,25.706,35.44,41.638,287.0,136.0,322.0,SOFT,17.0,1.0,9.0,1,True
HAM,44,Ferrari,18.0,102.938,25.96,35.361,41.617,285.0,131.0,315.0,SOFT,18.0,1.0,9.0,1,True
HAM,44,Ferrari,19.0,102.498,25.899,34.996,41.603,300.0,131.0,315.0,SOFT,19.0,1.0,7.0,1,True
HAM,44,Ferrari,20.0,102.295,25.981,34.677,41.637,273.0,133.0,314.0,SOFT,20.0,1.0,6.0,1,True
HAM,44,Ferrari,21.0,102.49,25.73,34.812,41.948,273.0,130.0,307.0,SOFT,21.0,1.0,6.0,1,True
HAM,44,Ferrari,22.0,101.858,25.813,34.561,41.484,270.0,130.0,302.0,SOFT,22.0,1.0,5.0,1,True
HAM,44,Ferrari,23.0,102.174,26.123,34.663,41.388,270.0,131.0,297.0,SOFT,23.0,1.0,5.0,1,True
HAM,44,Ferrari,24.0,102.477,26.451,34.321,41.705,268.0,130.0,297.0,SOFT,24.0,1.0,5.0,1,True
HAM,44,Ferrari,25.0,101.727,25.852,34.215,41.66,275.0,131.0,293.0,SOFT,25.0,1.0,5.0,1,True
HAM,44,Ferrari,26.0,102.223,26.367,34.357,41.499,269.0,131.0,302.0,SOFT,26.0,1.0,5.0,1,True
HAM,44,Ferrari,27.0,102.013,26.168,34.398,41.447,274.0,129.0,304.0,SOFT,27.0,1.0,5.0,1,True
HAM,44,Ferrari,28.0,102.276,26.136,34.371,41.769,272.0,129.0,295.0,SOFT,28.0,1.0,5.0,1,True
HAM,44,Ferrari,29.0,102.145,26.18,34.364,41.601,272.0,128.0,305.0,SOFT,29.0,1.0,5.0,1,True
HAM,44,Ferrari,30.0,102.504,26.564,34.366,41.574,270.0,130.0,308.0,SOFT,30.0,1.0,5.0,1,True
HAM,44,Ferrari,31.0,108.868,26.364,34.472,48.032,271.0,128.0,304.0,SOFT,31.0,1.0,5.0,1,False
HAM,44,Ferrari,32.0,120.477,45.67,34.178,40.629,280.0,132.0,310.0,MEDIUM,4.0,2.0,7.0,1,False
HAM,44,Ferrari,33.0,100.178,25.761,33.758,40.659,275.0,133.0,312.0,MEDIUM,5.0,2.0,6.0,1,True
HAM,44,Ferrari,34.0,100.906,25.555,34.099,41.252,281.0,133.0,319.0,MEDIUM,6.0,2.0,5.0,1,True
HAM,44,Ferrari,35.0,101.158,25.579,34.095,41.484,277.0,133.0,285.0,MEDIUM,7.0,2.0,5.0,1,True
HAM,44,Ferrari,36.0,101.432,25.839,34.485,41.108,272.0,131.0,309.0,MEDIUM,8.0,2.0,5.0,1,True
HAM,44,Ferrari,37.0,101.183,25.446,34.44,41.297,279.0,127.0,314.0,MEDIUM,9.0,2.0,5.0,1,True
HAM,44,Ferrari,38.0,101.021,25.77,34.045,41.206,282.0,130.0,315.0,MEDIUM,10.0,2.0,5.0,1,True
HAM,44,Ferrari,39.0,101.612,25.636,34.487,41.489,276.0,131.0,309.0,MEDIUM,11.0,2.0,5.0,1,True
HAM,44,Ferrari,40.0,101.596,25.344,34.811,41.441,293.0,129.0,304.0,MEDIUM,12.0,2.0,5.0,1,True
HAM,44,Ferrari,41.0,101.175,25.881,34.274,41.02,280.0,130.0,314.0,MEDIUM,13.0,2.0,5.0,1,True
HAM,44,Ferrari,42.0,101.675,25.591,34.547,41.537,300.0,129.0,302.0,MEDIUM,14.0,2.0,5.0,1,True
HAM,44,Ferrari,43.0,129.124,26.25,41.948,60.926,295.0,101.0,257.0,MEDIUM,15.0,2.0,5.0,126,False
HAM,44,Ferrari,44.0,,52.683,43.541,53.943,203.0,85.0,199.0,SOFT,4.0,3.0,6.0,6,False
HAM,44,Ferrari,45.0,136.606,38.264,41.469,56.873,196.0,98.0,239.0,SOFT,5.0,3.0,5.0,64,False
HAM,44,Ferrari,46.0,132.15,35.881,42.452,53.817,245.0,69.0,236.0,SOFT,6.0,3.0,5.0,4,False
HAM,44,Ferrari,47.0,129.173,29.152,39.939,60.082,263.0,90.0,216.0,SOFT,7.0,3.0,5.0,4,False
HAM,44,Ferrari,48.0,149.879,38.206,49.891,61.782,220.0,110.0,251.0,SOFT,8.0,3.0,5.0,4,False
HAM,44,Ferrari,49.0,149.109,40.336,49.682,59.091,176.0,113.0,257.0,SOFT,9.0,3.0,5.0,4,False
HAM,44,Ferrari,50.0,143.882,34.321,50.683,58.878,169.0,91.0,257.0,SOFT,10.0,3.0,4.0,4,False
HAM,44,Ferrari,51.0,,40.064,50.648,68.428,200.0,111.0,234.0,SOFT,11.0,3.0,4.0,41,False
HAM,44,Ferrari,52.0,99.625,25.31,33.897,40.418,293.0,134.0,311.0,SOFT,12.0,3.0,4.0,1,True
HAM,44,Ferrari,53.0,98.61,24.992,33.301,40.317,277.0,132.0,306.0,SOFT,13.0,3.0,3.0,1,True
HAM,44,Ferrari,54.0,99.103,25.43,33.301,40.372,277.0,134.0,311.0,SOFT,14.0,3.0,3.0,1,True
HAM,44,Ferrari,55.0,99.445,25.424,33.481,40.54,277.0,132.0,306.0,SOFT,15.0,3.0,3.0,1,True
BOR,5,Audi,1.0,178.127,,50.248,60.362,171.0,104.0,209.0,SOFT,1.0,1.0,8.0,1,False
BOR,5,Audi,2.0,,35.944,50.238,74.438,184.0,110.0,178.0,SOFT,2.0,1.0,2.0,12,False
BOR,5,Audi,3.0,,94.291,43.002,45.549,222.0,126.0,285.0,INTERMEDIATE,1.0,2.0,11.0,1,False
BOR,5,Audi,4.0,111.116,27.978,37.842,45.296,266.0,123.0,269.0,INTERMEDIATE,2.0,2.0,11.0,1,True
BOR,5,Audi,5.0,111.223,27.829,38.014,45.38,263.0,122.0,270.0,INTERMEDIATE,3.0,2.0,11.0,1,True
BOR,5,Audi,6.0,112.805,28.05,38.578,46.177,263.0,122.0,270.0,INTERMEDIATE,4.0,2.0,11.0,12,False
BOR,5,Audi,7.0,114.237,28.607,39.015,46.615,265.0,119.0,269.0,INTERMEDIATE,5.0,2.0,11.0,1,True
BOR,5,Audi,8.0,115.228,28.788,39.646,46.794,270.0,117.0,269.0,INTERMEDIATE,6.0,2.0,11.0,12,False
BOR,5,Audi,9.0,133.514,28.624,39.837,65.053,268.0,112.0,227.0,INTERMEDIATE,7.0,2.0,11.0,124,False
BOR,5,Audi,10.0,,54.527,45.188,58.285,217.0,112.0,184.0,SOFT,3.0,3.0,9.0,4,False
BOR,5,Audi,11.0,130.58,29.075,42.986,58.519,245.0,112.0,234.0,SOFT,4.0,3.0,9.0,4,False
BOR,5,Audi,12.0,,36.128,50.51,69.985,141.0,118.0,185.0,SOFT,5.0,3.0,9.0,41,False
BOR,5,Audi,13.0,109.687,29.728,36.781,43.178,265.0,128.0,272.0,SOFT,6.0,3.0,8.0,12,False
BOR,5,Audi,14.0,107.565,27.595,36.366,43.604,270.0,117.0,272.0,SOFT,7.0,3.0,9.0,1,True
BOR,5,Audi,15.0,112.135,27.497,35.852,48.786,272.0,129.0,313.0,SOFT,8.0,3.0,13.0,12,False
BOR,5,Audi,16.0,132.816,55.735,35.458,41.623,275.0,129.0,291.0,HARD,1.0,4.0,21.0,21,False
BOR,5,Audi,17.0,102.742,26.194,35.181,41.367,274.0,131.0,298.0,HARD,2.0,4.0,21.0,1,True
BOR,5,Audi,18.0,103.233,25.932,35.606,41.695,290.0,132.0,300.0,HARD,3.0,4.0,21.0,1,True
BOR,5,Audi,19.0,103.033,26.25,35.093,41.69,278.0,130.0,300.0,HARD,4.0,4.0,20.0,1,True
BOR,5,Audi,20.0,103.614,26.337,35.399,41.878,278.0,129.0,301.0,HARD,5.0,4.0,20.0,1,True
BOR,5,Audi,21.0,103.206,26.053,35.302,41.851,277.0,129.0,301.0,HARD,6.0,4.0,20.0,1,True
BOR,5,Audi,22.0,103.627,26.065,35.509,42.053,281.0,128.0,304.0,HARD,7.0,4.0,20.0,1,True
BOR,5,Audi,23.0,103.988,26.109,35.748,42.131,281.0,127.0,316.0,HARD,8.0,4.0,20.0,1,True
BOR,5,Audi,24.0,104.058,26.24,35.621,42.197,278.0,126.0,299.0,HARD,9.0,4.0,20.0,1,True
BOR,5,Audi,25.0,104.192,26.318,35.558,42.316,277.0,128.0,300.0,HARD,10.0,4.0,19.0,1,True
BOR,5,Audi,26.0,103.83,26.094,35.431,42.305,280.0,126.0,304.0,HARD,11.0,4.0,18.0,1,True
BOR,5,Audi,27.0,104.142,26.12,35.768,42.254,282.0,127.0,317.0,HARD,12.0,4.0,17.0,1,True
BOR,5,Audi,28.0,104.817,26.305,36.021,42.491,281.0,125.0,305.0,HARD,13.0,4.0,17.0,1,True
BOR,5,Audi,29.0,105.889,26.28,36.454,43.155,303.0,124.0,298.0,HARD,14.0,4.0,17.0,1,True
BOR,5,Audi,30.0,105.258,26.767,35.907,42.584,283.0,126.0,301.0,HARD,15.0,4.0,19.0,1,True
BOR,5,Audi,31.0,104.567,26.49,35.563,42.514,276.0,125.0,294.0,HARD,16.0,4.0,19.0,1,True
BOR,5,Audi,32.0,105.197,26.607,35.565,43.025,273.0,126.0,294.0,HARD,17.0,4.0,18.0,1,True
BOR,5,Audi,33.0,104.954,26.56,35.571,42.823,275.0,124.0,294.0,HARD,18.0,4.0,19.0,1,True
BOR,5,Audi,34.0,110.388,26.299,35.625,48.464,280.0,126.0,314.0,HARD,19.0,4.0,19.0,1,False
BOR,5,Audi,35.0,148.741,72.843,34.745,41.153,276.0,132.0,304.0,SOFT,9.0,5.0,21.0,1,False
BOR,5,Audi,36.0,101.382,26.002,34.256,41.124,276.0,130.0,302.0,SOFT,10.0,5.0,21.0,1,True
BOR,5,Audi,37.0,103.541,25.705,36.524,41.312,278.0,131.0,296.0,SOFT,11.0,5.0,20.0,1,True
BOR,5,Audi,38.0,101.923,25.907,34.628,41.388,276.0,129.0,296.0,SOFT,12.0,5.0,20.0,1,True
BOR,5,Audi,39.0,101.665,25.838,34.42,41.407,273.0,131.0,296.0,SOFT,13.0,5.0,20.0,1,True
BOR,5,Audi,40.0,101.726,25.949,34.385,41.392,274.0,130.0,295.0,SOFT,14.0,5.0,20.0,1,True
BOR,5,Audi,41.0,102.122,25.983,34.599,41.54,275.0,129.0,295.0,SOFT,15.0,5.0,20.0,1,True
BOR,5,Audi,42.0,124.46,26.151,44.018,54.291,275.0,108.0,234.0,SOFT,16.0,5.0,19.0,126,False
BOR,5,Audi,43.0,135.2,36.446,42.522,56.232,188.0,83.0,243.0,SOFT,17.0,5.0,19.0,6,False
BOR,5,Audi,44.0,137.268,35.437,43.01,58.821,222.0,93.0,241.0,SOFT,18.0,5.0,19.0,64,False
BOR,5,Audi,45.0,149.289,52.989,42.958,53.342,233.0,73.0,244.0,SOFT,7.0,6.0,19.0,4,False
BOR,5,Audi,46.0,125.08,26.854,39.402,58.824,270.0,94.0,213.0,SOFT,8.0,6.0,19.0,4,False
BOR,5,Audi,47.0,103.673,28.132,34.183,41.358,288.0,137.0,281.0,SOFT,9.0,6.0,19.0,4,False
BOR,5,Audi,48.0,102.037,26.216,34.243,41.578,267.0,129.0,276.0,SOFT,10.0,6.0,19.0,4,False
BOR,5,Audi,49.0,113.175,26.301,35.401,51.473,267.0,127.0,216.0,SOFT,11.0,6.0,18.0,4,False
BOR,5,Audi,50.0,143.349,35.189,50.748,57.412,233.0,88.0,223.0,SOFT,12.0,6.0,17.0,4,False
BOR,5,Audi,51.0,146.111,38.283,51.145,56.683,205.0,116.0,279.0,SOFT,13.0,6.0,17.0,41,False
BOR,5,Audi,52.0,104.289,25.911,36.775,41.603,287.0,131.0,312.0,SOFT,14.0,6.0,17.0,1,True
BOR,5,Audi,53.0,103.177,25.833,35.452,41.892,282.0,131.0,288.0,SOFT,15.0,6.0,17.0,1,True
BOR,5,Audi,54.0,103.626,26.33,35.099,42.197,274.0,129.0,283.0,SOFT,16.0,6.0,17.0,1,True
BOR,5,Audi,55.0,103.354,26.305,34.732,42.317,273.0,128.0,282.0,SOFT,17.0,6.0,18.0,1,True
SAI,55,Williams,1.0,184.681,,49.241,60.283,200.0,104.0,241.0,INTERMEDIATE,1.0,1.0,12.0,1,False
SAI,55,Williams,2.0,,33.752,50.286,,188.0,110.0,203.0,INTERMEDIATE,2.0,1.0,13.0,12,False
SAI,55,Williams,3.0,115.559,30.189,39.622,45.748,255.0,127.0,290.0,INTERMEDIATE,3.0,1.0,6.0,1,True
SAI,55,Williams,4.0,112.997,28.125,39.07,45.802,275.0,128.0,290.0,INTERMEDIATE,4.0,1.0,6.0,1,True
SAI,55,Williams,5.0,113.002,28.17,39.551,45.281,268.0,127.0,287.0,INTERMEDIATE,5.0,1.0,6.0,1,True
SAI,55,Williams,6.0,113.615,28.213,39.235,46.167,271.0,135.0,284.0,INTERMEDIATE,6.0,1.0,7.0,12,False
SAI,55,Williams,7.0,113.897,28.224,39.802,45.871,269.0,122.0,281.0,INTERMEDIATE,7.0,1.0,7.0,1,True
SAI,55,Williams,8.0,114.387,28.319,39.739,46.329,275.0,120.0,280.0,INTERMEDIATE,8.0,1.0,7.0,12,False
SAI,55,Williams,9.0,131.637,28.388,40.041,63.208,274.0,119.0,232.0,INTERMEDIATE,9.0,1.0,7.0,124,False
SAI,55,Williams,10.0,,58.544,47.225,57.828,167.0,99.0,227.0,SOFT,1.0,2.0,8.0,4,False
SAI,55,Williams,11.0,133.816,29.553,44.849,59.414,242.0,122.0,221.0,SOFT,2.0,2.0,8.0,4,False
SAI,55,Williams,12.0,,35.794,50.802,70.015,144.0,92.0,198.0,SOFT,3.0,2.0,8.0,41,False
SAI,55,Williams,13.0,121.556,40.881,37.207,43.468,246.0,131.0,282.0,SOFT,4.0,2.0,17.0,12,False
SAI,55,Williams,14.0,106.25,27.136,36.285,42.829,281.0,132.0,287.0,SOFT,5.0,2.0,17.0,1,True
SAI,55,Williams,15.0,105.649,27.017,36.329,42.303,276.0,134.0,304.0,SOFT,6.0,2.0,17.0,12,False
SAI,55,Williams,16.0,104.64,26.25,36.092,42.298,289.0,136.0,304.0,SOFT,7.0,2.0,15.0,21,False
SAI,55,Williams,17.0,104.573,26.124,36.135,42.314,276.0,135.0,307.0,SOFT,8.0,2.0,15.0,1,True
SAI,55,Williams,18.0,103.731,26.149,35.575,42.007,293.0,138.0,302.0,SOFT,9.0,2.0,14.0,1,True
SAI,55,Williams,19.0,103.716,26.248,35.627,41.841,275.0,134.0,301.0,SOFT,10.0,2.0,14.0,1,True
SAI,55,Williams,20.0,103.466,26.018,35.527,41.921,283.0,136.0,299.0,SOFT,11.0,2.0,14.0,1,True
SAI,55,Williams,21.0,103.287,25.845,35.539,41.903,280.0,135.0,300.0,SOFT,12.0,2.0,14.0,1,True
SAI,55,Williams,22.0,104.017,26.353,35.596,42.068,288.0,132.0,303.0,SOFT,13.0,2.0,14.0,1,True
SAI,55,Williams,23.0,104.447,26.31,35.908,42.229,275.0,132.0,303.0,SOFT,14.0,2.0,14.0,1,True
SAI,55,Williams,24.0,103.793,26.042,35.626,42.125,283.0,132.0,303.0,SOFT,15.0,2.0,14.0,1,True
SAI,55,Williams,25.0,104.226,26.067,35.775,42.384,285.0,132.0,319.0,SOFT,16.0,2.0,14.0,1,True
SAI,55,Williams,26.0,111.414,26.236,35.941,49.237,286.0,135.0,314.0,SOFT,17.0,2.0,16.0,1,False
SAI,55,Williams,27.0,122.489,46.461,35.126,40.902,280.0,138.0,313.0,HARD,1.0,3.0,20.0,1,False
SAI,55,Williams,28.0,101.738,25.345,35.245,41.148,294.0,142.0,317.0,HARD,2.0,3.0,20.0,1,True
SAI,55,Williams,29.0,104.253,25.57,36.213,42.47,266.0,139.0,320.0,HARD,3.0,3.0,18.0,1,True
SAI,55,Williams,30.0,102.957,25.9,35.526,41.531,285.0,137.0,313.0,HARD,4.0,3.0,17.0,1,True
SAI,55,Williams,31.0,102.905,25.748,35.379,41.778,291.0,133.0,309.0,HARD,5.0,3.0,18.0,1,True
SAI,55,Williams,32.0,103.998,25.816,35.869,42.313,292.0,132.0,306.0,HARD,6.0,3.0,17.0,1,True
SAI,55,Williams,33.0,103.219,25.846,35.434,41.939,289.0,134.0,307.0,HARD,7.0,3.0,17.0,1,True
SAI,55,Williams,34.0,103.399,25.9,35.585,41.914,291.0,134.0,305.0,HARD,8.0,3.0,17.0,1,True
SAI,55,Williams,35.0,103.486,25.944,35.539,42.003,290.0,134.0,308.0,HARD,9.0,3.0,17.0,1,True
SAI,55,Williams,36.0,103.97,26.048,35.657,42.265,291.0,133.0,303.0,HARD,10.0,3.0,17.0,1,True
SAI,55,Williams,37.0,104.597,25.843,35.845,42.909,292.0,130.0,310.0,HARD,11.0,3.0,17.0,1,True
SAI,55,Williams,38.0,104.151,25.935,36.042,42.174,283.0,132.0,305.0,HARD,12.0,3.0,17.0,1,True
SAI,55,Williams,39.0,103.888,26.104,35.655,42.129,290.0,133.0,310.0,HARD,13.0,3.0,16.0,1,True
SAI,55,Williams,40.0,103.818,25.899,35.705,42.214,287.0,133.0,304.0,HARD,14.0,3.0,16.0,1,True
SAI,55,Williams,41.0,103.679,26.002,35.554,42.123,287.0,130.0,306.0,HARD,15.0,3.0,16.0,1,True
SAI,55,Williams,42.0,117.96,25.973,35.64,56.347,287.0,130.0,245.0,HARD,16.0,3.0,15.0,126,False
SAI,55,Williams,43.0,,69.137,39.491,55.616,228.0,104.0,245.0,SOFT,4.0,4.0,18.0,6,False
SAI,55,Williams,44.0,135.217,36.025,42.494,56.698,242.0,107.0,238.0,SOFT,5.0,4.0,18.0,6,False
SAI,55,Williams,45.0,,41.458,50.855,58.363,146.0,108.0,211.0,SOFT,6.0,4.0,18.0,64,False
SAI,55,Williams,46.0,144.92,35.64,50.588,58.692,225.0,107.0,234.0,SOFT,7.0,4.0,18.0,4,False
SAI,55,Williams,47.0,102.908,26.619,34.837,41.452,289.0,136.0,299.0,SOFT,8.0,4.0,18.0,4,False
SAI,55,Williams,48.0,102.167,25.744,34.898,41.525,279.0,134.0,304.0,SOFT,9.0,4.0,18.0,4,False
SAI,55,Williams,49.0,117.802,25.687,36.481,55.634,278.0,132.0,189.0,SOFT,10.0,4.0,17.0,4,False
SAI,55,Williams,50.0,143.206,33.756,51.885,57.565,245.0,104.0,229.0,SOFT,11.0,4.0,16.0,4,False
SAI,55,Williams,51.0,147.574,38.866,51.56,57.148,215.0,118.0,283.0,SOFT,12.0,4.0,16.0,41,False
SAI,55,Williams,52.0,104.003,26.18,36.109,41.714,308.0,137.0,314.0,SOFT,13.0,4.0,16.0,1,True
SAI,55,Williams,53.0,102.183,25.682,35.201,41.3,299.0,138.0,320.0,SOFT,14.0,4.0,16.0,1,True
SAI,55,Williams,54.0,102.641,25.806,35.17,41.665,294.0,136.0,316.0,SOFT,15.0,4.0,16.0,1,True
SAI,55,Williams,55.0,103.112,26.067,35.397,41.648,294.0,133.0,328.0,SOFT,16.0,4.0,16.0,1,True
HAD,6,Red Bull Racing,1.0,167.915,,47.909,59.816,240.0,91.0,233.0,INTERMEDIATE,1.0,1.0,7.0,1,False
HAD,6,Red Bull Racing,2.0,,36.51,52.926,,207.0,123.0,162.0,INTERMEDIATE,2.0,1.0,11.0,12,False
HAD,6,Red Bull Racing,3.0,114.964,30.672,38.977,45.315,267.0,132.0,269.0,INTERMEDIATE,3.0,1.0,5.0,1,True
HAD,6,Red Bull Racing,4.0,111.757,28.436,37.989,45.332,264.0,127.0,267.0,INTERMEDIATE,4.0,1.0,5.0,1,True
HAD,6,Red Bull Racing,5.0,111.549,28.151,38.041,45.357,264.0,129.0,267.0,INTERMEDIATE,5.0,1.0,5.0,1,True
HAD,6,Red Bull Racing,6.0,112.005,28.194,38.491,45.32,262.0,125.0,273.0,INTERMEDIATE,6.0,1.0,4.0,12,False
HAD,6,Red Bull Racing,7.0,111.57,28.465,37.972,45.133,257.0,125.0,269.0,INTERMEDIATE,7.0,1.0,4.0,1,True
HAD,6,Red Bull Racing,8.0,112.021,28.34,38.182,45.499,259.0,121.0,270.0,INTERMEDIATE,8.0,1.0,4.0,12,False
HAD,6,Red Bull Racing,9.0,127.852,28.462,38.254,61.136,260.0,118.0,243.0,INTERMEDIATE,9.0,1.0,4.0,124,False
HAD,6,Red Bull Racing,10.0,,54.557,47.902,59.035,211.0,117.0,250.0,SOFT,4.0,2.0,4.0,4,False
HAD,6,Red Bull Racing,11.0,145.335,34.488,52.085,58.762,164.0,119.0,263.0,SOFT,5.0,2.0,4.0,4,False
HAD,6,Red Bull Racing,12.0,,36.811,51.066,71.802,179.0,105.0,182.0,SOFT,6.0,2.0,4.0,41,False
HAD,6,Red Bull Racing,13.0,107.028,27.946,36.15,42.932,271.0,134.0,275.0,SOFT,7.0,2.0,4.0,12,False
HAD,6,Red Bull Racing,14.0,104.34,27.038,35.257,42.045,265.0,131.0,274.0,SOFT,8.0,2.0,4.0,1,True
HAD,6,Red Bull Racing,15.0,103.392,26.952,34.809,41.631,265.0,130.0,301.0,SOFT,9.0,2.0,4.0,1,True
HAD,6,Red Bull Racing,16.0,103.02,26.326,34.969,41.725,278.0,130.0,300.0,SOFT,10.0,2.0,4.0,12,False
HAD,6,Red Bull Racing,17.0,102.518,26.283,34.76,41.475,276.0,134.0,299.0,SOFT,11.0,2.0,4.0,1,True
HAD,6,Red Bull Racing,18.0,101.867,26.024,34.549,41.294,276.0,135.0,298.0,SOFT,12.0,2.0,4.0,1,True
HAD,6,Red Bull Racing,19.0,102.045,26.063,34.608,41.374,275.0,136.0,298.0,SOFT,13.0,2.0,4.0,1,True
HAD,6,Red Bull Racing,20.0,102.128,26.009,34.634,41.485,275.0,135.0,297.0,SOFT,14.0,2.0,4.0,1,True
HAD,6,Red Bull Racing,21.0,102.406,26.141,34.554,41.711,272.0,137.0,296.0,SOFT,15.0,2.0,4.0,1,True
HAD,6,Red Bull Racing,22.0,102.271,26.044,34.508,41.719,275.0,135.0,296.0,SOFT,16.0,2.0,4.0,1,True
HAD,6,Red Bull Racing,23.0,102.452,26.16,34.638,41.654,273.0,136.0,298.0,SOFT,17.0,2.0,4.0,1,True
HAD,6,Red Bull Racing,24.0,102.434,26.062,34.64,41.732,274.0,133.0,298.0,SOFT,18.0,2.0,4.0,1,True
HAD,6,Red Bull Racing,25.0,102.768,26.187,34.752,41.829,276.0,136.0,297.0,SOFT,19.0,2.0,4.0,1,True
HAD,6,Red Bull Racing,26.0,102.895,26.157,34.659,42.079,276.0,134.0,297.0,SOFT,20.0,2.0,4.0,1,True
HAD,6,Red Bull Racing,27.0,103.014,26.231,34.882,41.901,276.0,132.0,299.0,SOFT,21.0,2.0,4.0,1,True
HAD,6,Red Bull Racing,28.0,103.096,26.215,34.937,41.944,277.0,132.0,300.0,SOFT,22.0,2.0,4.0,1,True
HAD,6,Red Bull Racing,29.0,103.302,26.233,35.127,41.942,277.0,130.0,302.0,SOFT,23.0,2.0,4.0,1,True
HAD,6,Red Bull Racing,30.0,103.901,26.332,35.318,42.251,279.0,131.0,301.0,SOFT,24.0,2.0,4.0,1,True
HAD,6,Red Bull Racing,31.0,110.437,26.427,35.344,48.666,278.0,128.0,325.0,SOFT,25.0,2.0,4.0,1,False
HAD,6,Red Bull Racing,32.0,122.721,46.89,35.006,40.825,271.0,137.0,301.0,None,,3.0,6.0,1,False
HAD,6,Red Bull Racing,33.0,100.627,25.617,34.056,40.954,276.0,134.0,303.0,None,,3.0,5.0,1,True
HAD,6,Red Bull Racing,34.0,101.297,25.667,34.43,41.2,277.0,136.0,317.0,None,,3.0,4.0,1,True
HAD,6,Red Bull Racing,35.0,100.369,25.614,33.694,41.061,276.0,136.0,299.0,None,,3.0,4.0,1,True
HAD,6,Red Bull Racing,36.0,101.494,25.911,34.383,41.2,274.0,136.0,300.0,None,,3.0,4.0,1,True
HAD,6,Red Bull Racing,37.0,101.237,25.939,34.021,41.277,277.0,135.0,304.0,None,,3.0,4.0,1,True
HAD,6,Red Bull Racing,38.0,101.48,25.892,34.134,41.454,276.0,132.0,298.0,None,,3.0,4.0,1,True
HAD,6,Red Bull Racing,39.0,101.683,25.948,34.232,41.503,275.0,133.0,298.0,None,,3.0,4.0,1,True
HAD,6,Red Bull Racing,40.0,101.186,25.814,34.078,41.294,302.0,135.0,300.0,None,,3.0,4.0,1,True
HAD,6,Red Bull Racing,41.0,101.7,26.181,34.197,41.322,275.0,134.0,295.0,None,,3.0,4.0,1,True
HAD,6,Red Bull Racing,42.0,101.557,25.849,34.24,41.468,309.0,132.0,295.0,None,,3.0,4.0,1,True
HAD,6,Red Bull Racing,43.0,124.013,26.526,41.694,55.793,273.0,97.0,255.0,None,,3.0,4.0,126,False
HAD,6,Red Bull Racing,44.0,138.31,35.974,42.735,59.601,231.0,92.0,222.0,None,,3.0,4.0,6,False
HAD,6,Red Bull Racing,45.0,,52.491,43.46,55.985,255.0,84.0,207.0,SOFT,4.0,4.0,4.0,64,False
HAD,6,Red Bull Racing,46.0,133.181,35.697,42.115,55.369,253.0,89.0,214.0,SOFT,5.0,4.0,4.0,4,False
HAD,6,Red Bull Racing,47.0,129.246,29.981,39.811,59.454,249.0,90.0,208.0,SOFT,6.0,4.0,4.0,4,False
HAD,6,Red Bull Racing,48.0,,38.375,50.403,61.493,235.0,106.0,264.0,SOFT,7.0,4.0,4.0,4,False
HAD,6,Red Bull Racing,49.0,149.136,40.435,49.917,58.784,201.0,108.0,261.0,SOFT,8.0,4.0,4.0,4,False
HAD,6,Red Bull Racing,50.0,144.167,33.866,51.418,58.883,235.0,89.0,242.0,SOFT,9.0,4.0,3.0,4,False
HAD,6,Red Bull Racing,51.0,,39.025,51.406,68.6,207.0,118.0,271.0,SOFT,10.0,4.0,3.0,41,False
HAD,6,Red Bull Racing,52.0,99.792,25.578,33.881,40.333,289.0,137.0,304.0,SOFT,11.0,4.0,3.0,1,True
HAD,6,Red Bull Racing,53.0,100.526,25.885,34.071,40.57,294.0,139.0,303.0,SOFT,12.0,4.0,4.0,1,True
HAD,6,Red Bull Racing,54.0,100.92,26.072,34.157,40.691,287.0,135.0,307.0,SOFT,13.0,4.0,4.0,1,True
HAD,6,Red Bull Racing,55.0,99.819,25.613,33.673,40.533,282.0,135.0,308.0,SOFT,14.0,4.0,4.0,1,True
RUS,63,Mercedes,1.0,165.785,,48.557,59.145,235.0,90.0,249.0,INTERMEDIATE,1.0,1.0,6.0,1,False
RUS,63,Mercedes,2.0,,37.579,52.471,,180.0,92.0,178.0,INTERMEDIATE,2.0,1.0,9.0,12,False
RUS,63,Mercedes,3.0,111.144,29.569,37.523,44.052,273.0,130.0,289.0,INTERMEDIATE,3.0,1.0,2.0,1,True
RUS,63,Mercedes,4.0,109.122,28.133,37.06,43.929,246.0,129.0,281.0,INTERMEDIATE,4.0,1.0,2.0,1,True
RUS,63,Mercedes,5.0,110.461,28.174,37.472,44.815,243.0,129.0,264.0,INTERMEDIATE,5.0,1.0,2.0,1,True
RUS,63,Mercedes,6.0,112.22,28.419,38.827,44.974,249.0,125.0,271.0,INTERMEDIATE,6.0,1.0,3.0,12,False
RUS,63,Mercedes,7.0,112.409,28.362,38.551,45.496,259.0,124.0,266.0,INTERMEDIATE,7.0,1.0,3.0,1,True
RUS,63,Mercedes,8.0,112.623,28.485,38.489,45.649,266.0,121.0,268.0,INTERMEDIATE,8.0,1.0,3.0,12,False
RUS,63,Mercedes,9.0,124.965,28.441,38.836,57.688,260.0,117.0,133.0,INTERMEDIATE,9.0,1.0,3.0,124,False
RUS,63,Mercedes,10.0,,54.794,49.812,63.82,188.0,109.0,242.0,MEDIUM,1.0,2.0,3.0,4,False
RUS,63,Mercedes,11.0,146.649,35.382,52.283,58.984,148.0,96.0,245.0,MEDIUM,2.0,2.0,3.0,4,False
RUS,63,Mercedes,12.0,,36.733,50.534,72.558,195.0,105.0,184.0,MEDIUM,3.0,2.0,3.0,41,False
RUS,63,Mercedes,13.0,105.423,27.537,35.603,42.283,267.0,138.0,290.0,MEDIUM,4.0,2.0,2.0,12,False
RUS,63,Mercedes,14.0,103.799,26.638,35.19,41.971,258.0,137.0,280.0,MEDIUM,5.0,2.0,2.0,1,True
RUS,63,Mercedes,15.0,102.479,26.719,34.794,40.966,268.0,138.0,302.0,MEDIUM,6.0,2.0,2.0,1,True
RUS,63,Mercedes,16.0,101.802,25.978,34.759,41.065,281.0,137.0,302.0,MEDIUM,7.0,2.0,2.0,12,False
RUS,63,Mercedes,17.0,101.536,25.842,34.564,41.13,281.0,137.0,302.0,MEDIUM,8.0,2.0,2.0,1,True
RUS,63,Mercedes,18.0,101.644,25.841,34.446,41.357,279.0,140.0,298.0,MEDIUM,9.0,2.0,2.0,1,True
RUS,63,Mercedes,19.0,101.589,25.839,34.504,41.246,278.0,137.0,300.0,MEDIUM,10.0,2.0,2.0,1,True
RUS,63,Mercedes,20.0,101.848,25.971,34.444,41.433,279.0,136.0,298.0,MEDIUM,11.0,2.0,2.0,1,True
RUS,63,Mercedes,21.0,102.767,25.756,35.388,41.623,289.0,130.0,309.0,MEDIUM,12.0,2.0,3.0,1,True
RUS,63,Mercedes,22.0,102.116,25.687,34.904,41.525,288.0,131.0,304.0,MEDIUM,13.0,2.0,3.0,1,True
RUS,63,Mercedes,23.0,102.335,25.798,34.79,41.747,286.0,132.0,302.0,MEDIUM,14.0,2.0,3.0,1,True
RUS,63,Mercedes,24.0,102.37,25.847,34.591,41.932,284.0,131.0,301.0,MEDIUM,15.0,2.0,3.0,1,True
RUS,63,Mercedes,25.0,102.708,25.731,34.869,42.108,284.0,131.0,302.0,MEDIUM,16.0,2.0,3.0,1,True
RUS,63,Mercedes,26.0,102.752,25.785,34.748,42.219,285.0,131.0,301.0,MEDIUM,17.0,2.0,3.0,1,True
RUS,63,Mercedes,27.0,102.906,26.014,34.821,42.071,283.0,130.0,300.0,MEDIUM,18.0,2.0,3.0,1,True
RUS,63,Mercedes,28.0,102.739,26.048,34.723,41.968,282.0,132.0,299.0,MEDIUM,19.0,2.0,3.0,1,True
RUS,63,Mercedes,29.0,102.608,26.095,34.414,42.099,282.0,130.0,299.0,MEDIUM,20.0,2.0,3.0,1,True
RUS,63,Mercedes,30.0,102.659,26.078,34.56,42.021,282.0,132.0,300.0,MEDIUM,21.0,2.0,3.0,1,True
RUS,63,Mercedes,31.0,103.168,26.252,34.836,42.08,282.0,131.0,301.0,MEDIUM,22.0,2.0,3.0,1,True
RUS,63,Mercedes,32.0,109.196,26.091,34.702,48.403,282.0,131.0,322.0,MEDIUM,23.0,2.0,3.0,1,False
RUS,63,Mercedes,33.0,120.98,45.67,34.261,41.049,276.0,134.0,295.0,SOFT,4.0,3.0,3.0,1,False
RUS,63,Mercedes,34.0,100.715,25.58,34.175,40.96,283.0,133.0,301.0,SOFT,5.0,3.0,3.0,1,True
RUS,63,Mercedes,35.0,101.082,25.473,34.275,41.334,282.0,135.0,301.0,SOFT,6.0,3.0,3.0,1,True
RUS,63,Mercedes,36.0,100.853,25.588,34.009,41.256,282.0,133.0,303.0,SOFT,7.0,3.0,3.0,1,True
RUS,63,Mercedes,37.0,100.766,25.495,33.948,41.323,284.0,134.0,299.0,SOFT,8.0,3.0,3.0,1,True
RUS,63,Mercedes,38.0,101.0,25.677,34.135,41.188,282.0,134.0,300.0,SOFT,9.0,3.0,3.0,1,True
RUS,63,Mercedes,39.0,101.212,25.565,34.167,41.48,283.0,135.0,300.0,SOFT,10.0,3.0,3.0,1,True
RUS,63,Mercedes,40.0,101.412,25.69,34.38,41.342,282.0,133.0,302.0,SOFT,11.0,3.0,3.0,1,True
RUS,63,Mercedes,41.0,101.491,25.623,34.355,41.513,283.0,133.0,299.0,SOFT,12.0,3.0,3.0,1,True
RUS,63,Mercedes,42.0,101.592,25.779,34.319,41.494,283.0,133.0,301.0,SOFT,13.0,3.0,3.0,1,True
RUS,63,Mercedes,43.0,118.639,25.893,37.565,55.181,283.0,106.0,248.0,SOFT,14.0,3.0,3.0,126,False
RUS,63,Mercedes,44.0,138.656,39.241,40.187,59.228,223.0,93.0,259.0,SOFT,15.0,3.0,3.0,6,False
RUS,63,Mercedes,45.0,,51.67,43.864,55.089,234.0,109.0,247.0,SOFT,4.0,4.0,3.0,64,False
RUS,63,Mercedes,46.0,134.529,35.775,43.69,55.064,242.0,117.0,175.0,SOFT,5.0,4.0,3.0,4,False
RUS,63,Mercedes,47.0,145.099,35.134,49.896,60.069,239.0,103.0,242.0,SOFT,6.0,4.0,3.0,4,False
RUS,63,Mercedes,48.0,,38.534,50.653,60.881,230.0,110.0,249.0,SOFT,7.0,4.0,3.0,4,False
RUS,63,Mercedes,49.0,149.476,40.7,49.645,59.131,202.0,102.0,249.0,SOFT,8.0,4.0,3.0,4,False
RUS,63,Mercedes,50.0,,,,,,,,SOFT,9.0,4.0,,4,False
BOT,77,Cadillac,1.0,203.484,,49.565,58.944,177.0,93.0,221.0,SOFT,1.0,1.0,19.0,1,False
BOT,77,Cadillac,2.0,,34.152,49.285,,228.0,92.0,203.0,SOFT,2.0,1.0,20.0,12,False
BOT,77,Cadillac,3.0,143.713,36.43,51.002,56.281,191.0,108.0,236.0,SOFT,3.0,1.0,21.0,1,True
BOT,77,Cadillac,4.0,134.261,32.841,47.201,54.219,232.0,98.0,265.0,SOFT,4.0,1.0,21.0,1,True
BOT,77,Cadillac,5.0,129.421,31.897,44.789,52.735,238.0,104.0,282.0,SOFT,5.0,1.0,21.0,12,False
BOT,77,Cadillac,6.0,124.533,30.633,43.513,50.387,252.0,108.0,286.0,SOFT,6.0,1.0,22.0,21,False
BOT,77,Cadillac,7.0,119.953,29.895,41.399,48.659,270.0,114.0,286.0,SOFT,7.0,1.0,22.0,12,False
BOT,77,Cadillac,8.0,,,,,,,,SOFT,8.0,1.0,,124,False
PIA,81,McLaren,1.0,165.216,,50.06,59.329,169.0,98.0,200.0,MEDIUM,1.0,1.0,5.0,1,False
PIA,81,McLaren,2.0,,36.81,52.648,75.286,154.0,95.0,185.0,MEDIUM,2.0,1.0,1.0,12,False
PIA,81,McLaren,3.0,,,42.813,45.098,224.0,125.0,274.0,INTERMEDIATE,1.0,2.0,10.0,1,False
PIA,81,McLaren,4.0,110.656,28.065,37.939,44.652,262.0,130.0,279.0,INTERMEDIATE,2.0,2.0,10.0,1,True
PIA,81,McLaren,5.0,110.673,27.858,38.278,44.537,262.0,126.0,283.0,INTERMEDIATE,3.0,2.0,10.0,1,True
PIA,81,McLaren,6.0,112.376,28.063,38.822,45.491,266.0,122.0,280.0,INTERMEDIATE,4.0,2.0,10.0,12,False
PIA,81,McLaren,7.0,114.678,28.583,39.883,46.212,262.0,121.0,272.0,INTERMEDIATE,5.0,2.0,10.0,1,True
PIA,81,McLaren,8.0,115.676,28.571,40.522,46.583,278.0,119.0,269.0,INTERMEDIATE,6.0,2.0,10.0,12,False
PIA,81,McLaren,9.0,134.23,28.737,40.123,65.37,256.0,117.0,233.0,INTERMEDIATE,7.0,2.0,10.0,124,False
PIA,81,McLaren,10.0,,57.791,45.899,57.258,188.0,111.0,181.0,HARD,1.0,3.0,10.0,4,False
PIA,81,McLaren,11.0,129.838,30.552,41.813,57.473,248.0,109.0,249.0,HARD,2.0,3.0,10.0,4,False
PIA,81,McLaren,12.0,,36.213,50.109,69.284,157.0,123.0,187.0,HARD,3.0,3.0,10.0,41,False
PIA,81,McLaren,13.0,110.126,29.578,37.268,43.28,247.0,131.0,273.0,HARD,4.0,3.0,9.0,12,False
PIA,81,McLaren,14.0,106.568,27.405,36.001,43.162,277.0,130.0,291.0,HARD,5.0,3.0,8.0,1,True
PIA,81,McLaren,15.0,104.845,27.261,35.463,42.121,277.0,133.0,301.0,HARD,6.0,3.0,8.0,1,True
PIA,81,McLaren,16.0,102.616,26.16,34.872,41.584,292.0,134.0,317.0,HARD,7.0,3.0,8.0,12,False
PIA,81,McLaren,17.0,102.899,25.871,35.626,41.402,296.0,135.0,335.0,HARD,8.0,3.0,8.0,1,True
PIA,81,McLaren,18.0,102.97,25.925,35.533,41.512,292.0,134.0,344.0,HARD,9.0,3.0,8.0,1,True
PIA,81,McLaren,19.0,103.907,26.45,35.641,41.816,273.0,135.0,311.0,HARD,10.0,3.0,9.0,1,True
PIA,81,McLaren,20.0,104.139,26.262,35.838,42.039,301.0,131.0,335.0,HARD,11.0,3.0,9.0,1,True
PIA,81,McLaren,21.0,103.816,26.091,35.64,42.085,287.0,131.0,308.0,HARD,12.0,3.0,9.0,1,True
PIA,81,McLaren,22.0,103.394,26.002,35.475,41.917,285.0,134.0,312.0,HARD,13.0,3.0,9.0,1,True
PIA,81,McLaren,23.0,103.566,26.144,35.636,41.786,292.0,132.0,335.0,HARD,14.0,3.0,8.0,1,True
PIA,81,McLaren,24.0,103.399,26.196,35.092,42.111,273.0,134.0,303.0,HARD,15.0,3.0,8.0,1,True
PIA,81,McLaren,25.0,102.943,25.96,35.143,41.84,280.0,134.0,307.0,HARD,16.0,3.0,8.0,1,True
PIA,81,McLaren,26.0,103.108,25.949,35.258,41.901,284.0,130.0,328.0,HARD,17.0,3.0,8.0,1,True
PIA,81,McLaren,27.0,103.243,25.966,35.217,42.06,280.0,132.0,309.0,HARD,18.0,3.0,7.0,1,True
PIA,81,McLaren,28.0,103.544,26.126,35.132,42.286,285.0,131.0,309.0,HARD,19.0,3.0,7.0,1,True
PIA,81,McLaren,29.0,103.47,26.181,35.439,41.85,291.0,129.0,340.0,HARD,20.0,3.0,7.0,1,True
PIA,81,McLaren,30.0,104.367,26.643,35.21,42.514,282.0,132.0,293.0,HARD,21.0,3.0,6.0,1,True
PIA,81,McLaren,31.0,103.189,26.372,34.731,42.086,279.0,129.0,299.0,HARD,22.0,3.0,6.0,1,True
PIA,81,McLaren,32.0,103.137,26.267,34.791,42.079,277.0,129.0,299.0,HARD,23.0,3.0,4.0,1,True
PIA,81,McLaren,33.0,109.169,26.159,34.954,48.056,280.0,132.0,321.0,HARD,24.0,3.0,7.0,1,False
PIA,81,McLaren,34.0,120.538,46.22,33.995,40.323,285.0,138.0,303.0,HARD,1.0,4.0,8.0,1,False
PIA,81,McLaren,35.0,100.47,25.338,34.167,40.965,287.0,138.0,315.0,HARD,2.0,4.0,6.0,1,True
PIA,81,McLaren,36.0,100.501,25.563,34.163,40.775,279.0,136.0,301.0,HARD,3.0,4.0,6.0,1,True
PIA,81,McLaren,37.0,100.34,25.441,34.155,40.744,287.0,136.0,304.0,HARD,4.0,4.0,6.0,1,True
PIA,81,McLaren,38.0,100.588,25.53,34.24,40.818,287.0,133.0,305.0,HARD,5.0,4.0,6.0,1,True
PIA,81,McLaren,39.0,100.738,25.647,34.153,40.938,283.0,133.0,306.0,HARD,6.0,4.0,6.0,1,True
PIA,81,McLaren,40.0,100.89,25.504,34.328,41.058,282.0,133.0,308.0,HARD,7.0,4.0,6.0,1,True
PIA,81,McLaren,41.0,100.96,25.639,34.235,41.086,286.0,133.0,307.0,HARD,8.0,4.0,6.0,1,True
PIA,81,McLaren,42.0,101.298,25.719,34.373,41.206,284.0,131.0,310.0,HARD,9.0,4.0,6.0,1,True
PIA,81,McLaren,43.0,128.431,30.428,42.686,55.317,162.0,103.0,226.0,HARD,10.0,4.0,6.0,126,False
PIA,81,McLaren,44.0,133.478,35.803,42.839,54.836,237.0,97.0,192.0,HARD,11.0,4.0,5.0,6,False
PIA,81,McLaren,45.0,139.261,37.105,42.872,59.284,239.0,88.0,207.0,HARD,12.0,4.0,6.0,64,False
PIA,81,McLaren,46.0,,54.555,41.011,54.795,248.0,114.0,216.0,MEDIUM,3.0,5.0,6.0,4,False
PIA,81,McLaren,47.0,113.077,29.306,35.906,47.865,260.0,132.0,258.0,MEDIUM,4.0,5.0,6.0,4,False
PIA,81,McLaren,48.0,149.578,37.432,49.561,62.585,236.0,97.0,244.0,MEDIUM,5.0,5.0,6.0,4,False
PIA,81,McLaren,49.0,148.218,39.695,48.922,59.601,237.0,111.0,230.0,MEDIUM,6.0,5.0,6.0,4,False
PIA,81,McLaren,50.0,144.337,34.755,49.852,59.73,247.0,106.0,250.0,MEDIUM,7.0,5.0,5.0,4,False
PIA,81,McLaren,51.0,,39.433,50.721,67.54,246.0,133.0,223.0,MEDIUM,8.0,5.0,6.0,41,False
PIA,81,McLaren,52.0,100.275,25.706,34.119,40.45,315.0,137.0,313.0,MEDIUM,9.0,5.0,5.0,1,True
PIA,81,McLaren,53.0,99.485,25.454,33.689,40.342,288.0,138.0,316.0,MEDIUM,10.0,5.0,5.0,1,True
PIA,81,McLaren,54.0,100.116,25.326,34.103,40.687,293.0,133.0,320.0,MEDIUM,11.0,5.0,5.0,1,True
PIA,81,McLaren,55.0,99.956,25.168,34.196,40.592,307.0,135.0,342.0,MEDIUM,12.0,5.0,5.0,1,True
BEA,87,Haas F1 Team,1.0,195.513,,51.027,59.83,184.0,97.0,218.0,SOFT,1.0,1.0,16.0,1,False
BEA,87,Haas F1 Team,2.0,,35.7,50.229,,190.0,98.0,147.0,SOFT,2.0,1.0,18.0,12,False
BEA,87,Haas F1 Team,3.0,141.435,35.205,50.129,56.101,216.0,95.0,275.0,SOFT,3.0,1.0,19.0,1,True
BEA,87,Haas F1 Team,4.0,132.805,32.582,47.598,52.625,224.0,100.0,287.0,SOFT,4.0,1.0,19.0,1,True
BEA,87,Haas F1 Team,5.0,126.151,31.147,44.857,50.147,242.0,111.0,287.0,SOFT,5.0,1.0,19.0,1,True
BEA,87,Haas F1 Team,6.0,122.986,30.094,43.674,49.218,251.0,115.0,287.0,SOFT,6.0,1.0,19.0,12,False
BEA,87,Haas F1 Team,7.0,118.308,29.813,41.229,47.266,265.0,124.0,289.0,SOFT,7.0,1.0,19.0,12,False
BEA,87,Haas F1 Team,8.0,114.634,28.801,39.707,46.126,275.0,126.0,283.0,SOFT,8.0,1.0,20.0,1,True
BEA,87,Haas F1 Team,9.0,143.172,36.863,48.435,57.874,214.0,77.0,223.0,SOFT,9.0,1.0,19.0,124,False
BEA,87,Haas F1 Team,10.0,149.532,36.728,47.823,64.981,237.0,100.0,166.0,SOFT,10.0,1.0,18.0,4,False
BEA,87,Haas F1 Team,11.0,134.204,49.625,38.936,45.643,261.0,127.0,287.0,MEDIUM,1.0,2.0,20.0,4,False
BEA,87,Haas F1 Team,12.0,108.949,27.785,37.107,44.057,278.0,130.0,273.0,MEDIUM,2.0,2.0,20.0,41,False
BEA,87,Haas F1 Team,13.0,106.765,27.388,36.016,43.361,279.0,129.0,275.0,MEDIUM,3.0,2.0,19.0,12,False
BEA,87,Haas F1 Team,14.0,105.691,27.197,35.601,42.893,276.0,131.0,271.0,MEDIUM,4.0,2.0,19.0,1,True
BEA,87,Haas F1 Team,15.0,104.127,26.879,35.154,42.094,282.0,132.0,300.0,MEDIUM,5.0,2.0,19.0,12,False
BEA,87,Haas F1 Team,16.0,103.683,26.644,35.131,41.908,271.0,132.0,305.0,MEDIUM,6.0,2.0,18.0,21,False
BEA,87,Haas F1 Team,17.0,103.557,26.341,35.216,42.0,276.0,130.0,308.0,MEDIUM,7.0,2.0,17.0,1,True
BEA,87,Haas F1 Team,18.0,103.045,26.177,35.126,41.742,278.0,130.0,307.0,MEDIUM,8.0,2.0,16.0,1,True
BEA,87,Haas F1 Team,19.0,103.109,26.08,35.257,41.772,276.0,131.0,308.0,MEDIUM,9.0,2.0,16.0,1,True
BEA,87,Haas F1 Team,20.0,103.208,26.04,35.242,41.926,277.0,132.0,308.0,MEDIUM,10.0,2.0,16.0,1,True
BEA,87,Haas F1 Team,21.0,103.52,26.041,35.33,42.149,278.0,129.0,303.0,MEDIUM,11.0,2.0,16.0,1,True
BEA,87,Haas F1 Team,22.0,104.025,26.218,35.273,42.534,277.0,132.0,303.0,MEDIUM,12.0,2.0,16.0,1,True
BEA,87,Haas F1 Team,23.0,103.629,26.262,35.363,42.004,276.0,130.0,305.0,MEDIUM,13.0,2.0,16.0,1,True
BEA,87,Haas F1 Team,24.0,110.26,26.192,35.628,48.44,277.0,131.0,309.0,MEDIUM,14.0,2.0,18.0,1,False
BEA,87,Haas F1 Team,25.0,122.943,46.996,35.024,40.923,277.0,135.0,316.0,HARD,1.0,3.0,20.0,1,False
BEA,87,Haas F1 Team,26.0,100.996,25.183,34.55,41.263,313.0,137.0,303.0,HARD,2.0,3.0,19.0,1,True
BEA,87,Haas F1 Team,27.0,102.437,26.488,34.513,41.436,269.0,136.0,301.0,HARD,3.0,3.0,18.0,1,True
BEA,87,Haas F1 Team,28.0,102.429,25.909,34.766,41.754,272.0,133.0,310.0,HARD,4.0,3.0,18.0,1,True
BEA,87,Haas F1 Team,29.0,103.596,25.743,35.673,42.18,306.0,129.0,294.0,HARD,5.0,3.0,15.0,1,True
BEA,87,Haas F1 Team,30.0,102.595,26.295,34.662,41.638,273.0,133.0,305.0,HARD,6.0,3.0,15.0,1,True
BEA,87,Haas F1 Team,31.0,102.8,25.961,34.836,42.003,270.0,132.0,298.0,HARD,7.0,3.0,15.0,1,True
BEA,87,Haas F1 Team,32.0,103.081,26.097,34.917,42.067,271.0,131.0,297.0,HARD,8.0,3.0,15.0,1,True
BEA,87,Haas F1 Team,33.0,103.058,26.094,35.052,41.912,274.0,132.0,307.0,HARD,9.0,3.0,15.0,1,True
BEA,87,Haas F1 Team,34.0,102.816,26.068,34.869,41.879,274.0,132.0,304.0,HARD,10.0,3.0,15.0,1,True
BEA,87,Haas F1 Team,35.0,103.287,26.239,35.048,42.0,275.0,131.0,302.0,HARD,11.0,3.0,15.0,1,True
BEA,87,Haas F1 Team,36.0,103.362,26.334,35.013,42.015,273.0,132.0,302.0,HARD,12.0,3.0,15.0,1,True
BEA,87,Haas F1 Team,37.0,103.092,26.027,34.879,42.186,274.0,131.0,302.0,HARD,13.0,3.0,15.0,1,True
BEA,87,Haas F1 Team,38.0,109.56,26.353,35.154,48.053,273.0,131.0,301.0,HARD,14.0,3.0,16.0,1,False
BEA,87,Haas F1 Team,39.0,119.797,45.334,33.965,40.498,276.0,136.0,315.0,None,,4.0,17.0,1,False
BEA,87,Haas F1 Team,40.0,100.366,25.536,33.919,40.911,275.0,135.0,298.0,None,,4.0,17.0,1,True
BEA,87,Haas F1 Team,41.0,100.883,25.75,34.087,41.046,272.0,137.0,304.0,None,,4.0,17.0,1,True
BEA,87,Haas F1 Team,42.0,112.062,25.889,34.316,51.857,271.0,136.0,199.0,None,,4.0,16.0,126,False
BEA,87,Haas F1 Team,43.0,134.46,35.925,43.157,55.378,188.0,75.0,210.0,None,,4.0,14.0,6,False
BEA,87,Haas F1 Team,44.0,134.647,36.308,42.058,56.281,233.0,124.0,232.0,None,,4.0,14.0,6,False
BEA,87,Haas F1 Team,45.0,134.963,34.745,43.171,57.047,211.0,116.0,173.0,None,,4.0,14.0,64,False
BEA,87,Haas F1 Team,46.0,131.062,34.265,42.706,54.091,215.0,131.0,193.0,None,,4.0,14.0,4,False
BEA,87,Haas F1 Team,47.0,107.821,26.531,35.963,45.327,271.0,129.0,268.0,None,,4.0,14.0,4,False
BEA,87,Haas F1 Team,48.0,120.178,27.93,38.217,54.031,237.0,128.0,241.0,None,,4.0,13.0,4,False
BEA,87,Haas F1 Team,49.0,147.232,36.884,50.723,59.625,244.0,94.0,215.0,None,,4.0,13.0,4,False
BEA,87,Haas F1 Team,50.0,143.698,32.591,52.232,58.875,225.0,133.0,225.0,None,,4.0,12.0,4,False
BEA,87,Haas F1 Team,51.0,,38.083,52.601,59.79,169.0,132.0,238.0,None,,4.0,12.0,41,False
BEA,87,Haas F1 Team,52.0,103.377,26.286,35.707,41.384,284.0,134.0,321.0,None,,4.0,13.0,1,True
BEA,87,Haas F1 Team,53.0,101.796,25.757,34.841,41.198,282.0,132.0,316.0,None,,4.0,13.0,1,True
BEA,87,Haas F1 Team,54.0,102.292,26.022,34.785,41.485,277.0,133.0,311.0,None,,4.0,13.0,1,True
BEA,87,Haas F1 Team,55.0,102.615,25.925,34.881,41.809,280.0,132.0,324.0,None,,4.0,13.0,1,True
