Distance,Speed,Throttle,Brake,nGear,X,Y,Driver,MiniSector
0.0,217.08507633054947,100.0,0.0,5.333333333333333,-2478.2298888590635,-2693.7847710643014,NOR,1
20.0,228.0,100.0,0.0,6.0,-2342.9032840470263,-2672.1381703333,NOR,1
30.0,229.91500032,100.0,0.0,6.0,-2242.94918431538,-2656.211638039692,NOR,1
40.0,238.578128,100.0,0.0,6.0,-2119.0,-2637.0,NOR,1
50.0,245.2875008,100.0,0.0,6.0,-2019.7554133070398,-2621.2437697848363,NOR,1
70.0,252.5375008,100.0,0.0,6.5,-1820.045604320539,-2588.908444648592,NOR,1
90.0,258.29750208,100.0,0.0,7.0,-1692.0,-2568.0,NOR,1
100.0,265.39875104,100.0,0.0,7.0,-1535.494713011707,-2540.6670604410706,NOR,1
110.0,269.5875018666667,100.0,0.0,7.0,-1431.0,-2523.0,NOR,1
120.0,273.4479173333333,100.0,0.0,7.0,-1327.8635171867122,-2506.4930571661093,NOR,1
140.0,277.61458400000004,100.0,0.0,7.0,-1174.6555304483743,-2482.320606536247,NOR,1
160.0,281.0,100.0,0.0,7.0,-946.5231868930462,-2443.323557697639,NOR,1
170.0,284.972224,100.0,0.0,7.0,-819.0,-2421.0,NOR,1
180.0,291.0,100.0,0.0,8.0,-707.6060727929164,-2401.313423412206,NOR,1
190.0,292.0375008,100.0,0.0,8.0,-660.0,-2393.0,NOR,1
200.0,293.0,100.0,0.0,8.0,-604.431028293141,-2383.3797611115774,NOR,1
210.0,295.22272814545454,100.0,0.0,8.0,-466.0,-2360.0,NOR,1
230.0,298.47500043636364,100.0,0.0,8.0,-272.0924086772585,-2328.7813911355456,NOR,2
250.0,303.1343752,100.0,0.0,8.0,-58.831636176661696,-2290.502650917022,NOR,2
260.0,304.0,100.0,0.0,8.0,68.31588506075806,-2266.6045992817612,NOR,2
270.0,304.7875008,100.0,0.0,8.0,135.0,-2254.0,NOR,2
280.0,306.2562504,100.0,0.0,8.0,303.2044749776148,-2222.325388293948,NOR,2
290.0,307.0,100.0,0.0,8.0,436.0177682745469,-2197.682936370811,NOR,2
320.0,310.00535725714286,100.0,0.0,8.0,706.6793262172023,-2149.2391172372663,NOR,2
340.0,311.0,100.0,0.0,8.0,968.8288800701894,-2101.0378452227314,NOR,2
350.0,311.4377223486025,100.0,0.0,8.0,1066.0,-2083.0,NOR,2
370.0,312.0,100.0,0.0,8.0,1156.967236444019,-2066.05653824622,NOR,2
380.0,312.0,100.0,0.0,8.0,1271.0,-2045.0,NOR,2
390.0,312.0,100.0,0.0,8.0,1299.5140951184483,-2039.7911145183625,NOR,2
400.0,312.0,100.0,0.0,8.0,1441.0,-2014.0,NOR,2
420.0,312.0,100.0,0.0,8.0,1563.4127127527972,-1991.4720528037471,NOR,2
430.0,312.3812496,100.0,0.0,8.0,1680.0,-1970.0,NOR,2
440.0,312.99772741818185,100.0,0.0,8.0,1934.8756812550482,-1923.2070485393606,NOR,2
480.0,312.0,100.0,0.0,8.0,2236.933867124744,-1867.4360783943666,NOR,3
500.0,312.0,100.0,0.0,8.0,2408.7687411626393,-1837.6822316821322,NOR,3
520.0,312.0,100.0,0.0,8.0,2586.0,-1810.0,NOR,3
530.0,312.0,100.0,0.0,8.0,2676.356989138783,-1796.184469161125,NOR,3
540.0,312.42677804996396,100.0,0.0,8.0,2774.0,-1781.0,NOR,3
550.0,313.20750016,100.0,0.0,8.0,3029.2218637762317,-1740.656337308604,NOR,3
570.0,314.0,100.0,0.0,8.0,3178.1035037460497,-1717.3154990203914,NOR,3
590.0,313.06607131428575,98.13214262857143,0.0,8.0,3285.6874712298886,-1701.0274978841933,NOR,3
610.0,302.2156216,35.8312304,0.0,8.0,3477.0,-1671.0,NOR,3
620.0,292.37749632,0.0,1.0,8.0,3599.2941347984265,-1651.8053557442354,NOR,3
630.0,270.4319406222222,0.0,1.0,8.0,3743.0583676928445,-1630.4827985090124,NOR,3
650.0,231.01527395555556,0.0,1.0,8.0,4020.7275056038206,-1589.1558997245754,NOR,3
670.0,210.0,0.0,1.0,7.0,4123.561085616615,-1574.3701079427342,NOR,4
680.0,189.17666474666666,0.0,1.0,6.333333333333333,4230.069554532412,-1555.6435231449761,NOR,4
690.0,175.48999552,0.0,1.0,6.0,4329.0,-1534.0,NOR,4
700.0,153.90999807999998,0.0,1.0,3.0,4509.333746374032,-1485.187868261888,NOR,4
710.0,139.69444266666665,0.0,1.0,3.0,4557.853308079817,-1469.0892315833212,NOR,4
720.0,122.0,0.0,1.0,2.0,4638.120739750213,-1422.3249060688254,NOR,4
730.0,114.42249888,0.0,1.0,2.0,4691.170533019469,-1379.2210202084007,NOR,4
740.0,103.00520693333334,0.0,1.0,2.0,4768.735705652289,-1250.3232714372195,NOR,4
750.0,93.8967971476214,0.0,1.0,1.0,4796.019777064758,-1150.0758167144995,NOR,4
760.0,87.97493765210032,0.0,1.0,1.0,4797.413398579786,-1072.8342781604813,NOR,4
770.0,80.14927010403315,0.4839856621877326,0.25,1.0,4779.953633285254,-965.6045828307143,NOR,4
780.0,76.45972213333333,10.648377688888889,0.0,1.0,4744.469353023233,-881.7630909187552,NOR,4
790.0,79.39166648888889,17.174999466666666,0.0,1.0,4672.5217312544055,-794.034957479087,NOR,4
800.0,81.5166656,24.15388721777778,0.0,1.0,4599.871258873982,-747.7526471454099,NOR,4
810.0,90.8699613581229,32.506085100970814,0.0,1.0,4510.683739940604,-719.6645578572023,NOR,4
820.0,101.96007069810372,38.99897574159295,0.0,1.75,4383.082374478682,-710.8358102798204,NOR,4
830.0,108.77678628571428,43.02142902857143,0.0,2.0,4299.880254578658,-712.6975128649235,NOR,4
840.0,117.38182050909091,50.45909294545454,0.0,2.0,4211.0,-718.0,NOR,4
850.0,125.32727389090908,57.41136465454545,0.0,2.0,4086.244121067374,-728.7134738621676,NOR,4
860.0,138.6546888,69.68125119999999,0.0,2.5,4017.844103297296,-736.2359333585888,NOR,4
870.0,153.0375008,83.093752,0.0,3.0,3898.9003936098934,-748.9001003507074,NOR,4
880.0,158.47812720000002,93.9406264,0.0,4.0,3778.70479638243,-762.5408795788319,NOR,4
890.0,168.0,100.0,0.0,4.0,3715.158344124412,-769.9003045479185,NOR,5
900.0,180.31562639999999,100.0,0.0,4.0,3623.303046088299,-779.8814219498452,NOR,5
910.0,185.0375008,100.0,0.0,4.5,3539.5422699123797,-787.7624994318952,NOR,5
920.0,196.60500224,100.0,0.0,5.0,3439.829156168731,-796.2284016254749,NOR,5
930.0,203.58750186666666,100.0,0.0,5.0,3342.0,-805.0,NOR,5
940.0,207.0,100.0,0.0,5.0,3251.481647382247,-812.8393024916228,NOR,5
950.0,215.31818472727272,100.0,0.0,5.0,3107.0,-825.0,NOR,5
960.0,227.0,100.0,0.0,6.0,2998.497706397675,-833.6172240692943,NOR,5
970.0,229.4208352,100.0,0.0,6.0,2958.0,-837.0,NOR,5
980.0,234.39285942857143,100.0,0.0,6.0,2850.089655663197,-846.3817185529203,NOR,5
1000.0,244.3354176,100.0,0.0,6.0,2666.981325792085,-862.1520091082413,NOR,5
1010.0,251.0,100.0,0.0,7.0,2419.8814223767226,-883.0345636656278,NOR,5
1020.0,252.5562512,100.0,0.0,7.0,2350.0,-889.0,NOR,5
1030.0,254.0,100.0,0.0,7.0,2308.7516450039184,-892.60296224705,NOR,5
1040.0,261.38333439999997,100.0,0.0,7.0,2239.6098660040334,-898.7963451515881,NOR,5
1060.0,269.64174217067136,100.0,0.0,7.0,2058.0,-914.0,NOR,5
1070.0,273.0,100.0,0.0,7.0,1957.830417486845,-922.582514163974,NOR,5
1080.0,276.63999744,100.0,0.0,7.0,1757.0,-940.0,NOR,5
1100.0,281.0,100.0,0.0,8.0,1549.880046009971,-958.0061091192007,NOR,5
1120.0,285.54499712,100.0,0.0,8.0,1378.0,-973.0,NOR,6
1130.0,290.0,100.0,0.0,8.0,1215.3414597690335,-987.2510820941172,NOR,6
1150.0,295.0499968,100.0,0.0,8.0,1081.0,-999.0,NOR,6
1160.0,300.0,100.0,0.0,8.0,998.02486197917,-1006.1491322848543,NOR,6
1170.0,300.0,100.0,0.0,8.0,965.0,-1009.0,NOR,6
1180.0,300.0,100.0,0.0,8.0,897.1203202305852,-1014.8833367674187,NOR,6
1200.0,305.00326281678616,100.0,0.0,8.0,678.0,-1034.0,NOR,6
1250.0,317.40805322126903,100.0,0.0,8.0,158.0,-1080.0,NOR,6
1260.0,319.0,100.0,0.0,8.0,96.52430186150586,-1085.3505350061641,NOR,6
1280.0,320.92916693333336,100.0,0.0,8.0,-117.21818066611067,-1103.8918154426792,NOR,6
1290.0,323.0,100.0,0.0,8.0,-343.6521662541878,-1123.7002473745672,NOR,6
1300.0,323.8062512,100.0,0.0,8.0,-393.0,-1128.0,NOR,6
1310.0,326.0,100.0,0.0,8.0,-492.4819538689935,-1136.5876479903445,NOR,6
1320.0,326.0,100.0,0.0,8.0,-563.4023934056439,-1142.5245631863907,NOR,6
1340.0,327.71500032,100.0,0.0,8.0,-718.1366192296451,-1156.1211879878304,NOR,7
1360.0,330.5187504,100.0,0.0,8.0,-1010.0187151203709,-1182.084990109384,NOR,7
1390.0,332.0,100.0,0.0,8.0,-1185.7655032984494,-1197.2036731881244,NOR,7
1400.0,332.0,100.0,0.0,8.0,-1383.8070162026966,-1214.3998431470613,NOR,7
1410.0,332.5928576,100.0,0.0,8.0,-1471.0,-1222.0,NOR,7
1430.0,334.0,100.0,0.0,8.0,-1628.8306125567083,-1235.795542829504,NOR,7
1440.0,334.36785737142856,100.0,0.0,8.0,-1711.0,-1243.0,NOR,7
1460.0,334.8805553777778,100.0,0.0,8.0,-1895.4572467402063,-1259.255909522546,NOR,7
1480.0,333.4277774222222,100.0,0.0,8.0,-2136.0,-1281.0,NOR,7
1490.0,333.0,100.0,0.0,8.0,-2238.765789406967,-1290.0978995188927,NOR,7
1510.0,333.0,100.0,0.0,8.0,-2524.0,-1315.0,NOR,7
1520.0,333.0,100.0,0.0,8.0,-2617.096279867089,-1322.8869512237643,NOR,7
1530.0,332.6620496866661,100.0,0.0,8.0,-2689.0,-1329.0,NOR,7
1560.0,332.0,100.0,0.0,8.0,-2986.07098610486,-1354.9882604217269,NOR,8
1570.0,332.0,100.0,0.0,8.0,-3111.0,-1366.0,NOR,8
1580.0,332.0,100.0,0.0,8.0,-3240.088678433527,-1377.449302216688,NOR,8
1600.0,331.82083306666664,91.75832106666667,0.0,8.0,-3390.4301747572326,-1390.7400433203638,NOR,8
1620.0,330.0,8.0,1.0,8.0,-3542.2072629418626,-1403.6260360231568,NOR,8
1630.0,321.0083264,5.2333312,1.0,8.0,-3604.0,-1409.0,NOR,8
1640.0,304.0,0.0,1.0,8.0,-3729.508086310661,-1420.3722546681006,NOR,8
1650.0,281.8660498745122,0.0,1.0,8.0,-3903.0,-1436.0,NOR,8
1660.0,269.0,0.0,1.0,8.0,-4006.1033018981516,-1444.6543760795284,NOR,8
1670.0,257.53750560000003,0.0,1.0,8.0,-4116.606131146907,-1454.0835532053816,NOR,8
1690.0,223.0,0.0,1.0,7.0,-4339.813991938483,-1475.0639316981592,NOR,8
1700.0,215.9500032,0.0,1.0,6.5,-4407.037137061139,-1481.012966117014,NOR,8
1710.0,189.47000832,0.0,1.0,6.0,-4498.459521147663,-1486.198782271932,NOR,8
1720.0,170.9500032,0.0,1.0,5.0,-4586.516331183683,-1487.0001810891008,NOR,8
1730.0,158.9392896,0.0,1.0,4.0,-4694.577249266389,-1485.0220435607114,NOR,8
1740.0,141.9500032,0.0,1.0,3.0,-4804.639051081014,-1473.0656804278024,NOR,8
1750.0,133.968752,0.0,1.0,3.0,-4859.669000982469,-1460.0995544874395,NOR,8
1760.0,127.63950042252063,0.0,1.0,3.0,-4919.746907170262,-1436.5481098599344,NOR,8
1770.0,112.98499861333333,0.0,1.0,2.0,-5010.215950346358,-1371.277578277791,NOR,9
1780.0,99.28395754666667,0.0,1.0,1.5,-5089.361219603194,-1252.5056692792798,NOR,9
1790.0,90.68499967999999,0.0,0.6666666666666666,1.0,-5123.692213453844,-1150.8599053724683,NOR,9
1800.0,86.18791605333332,0.0,0.0,1.0,-5126.0228075237,-1071.371601569737,NOR,9
1810.0,80.52840872727273,0.0,0.0,1.0,-5111.995946067993,-990.6989981340544,NOR,9
1820.0,72.18958293333334,5.001736888888889,0.0,1.0,-5047.136996945969,-878.4667461908228,NOR,9
1830.0,73.63437520000001,17.723958666666665,0.0,1.0,-4970.216836827921,-813.5711747738955,NOR,9
1840.0,80.27041325834455,24.381672735654217,0.0,1.0,-4882.068017507583,-787.5185336256434,NOR,9
1850.0,88.60967781718641,25.142461939062134,0.0,1.0,-4743.695418978,-805.0131403549512,NOR,9
1860.0,92.46331225758462,28.316561287923065,0.0,1.0,-4647.82500966655,-838.9769264354827,NOR,9
1870.0,98.91291129166935,37.452018697624425,0.0,1.0,-4562.699022267096,-869.2325617812068,NOR,9
1880.0,101.18518755555556,11.496300088888887,0.0,1.0,-4460.652137737153,-896.18123261226,NOR,9
1890.0,91.47727418181819,0.0,1.0,1.0,-4347.683163762504,-908.7948256658847,NOR,9
1900.0,82.49000064,0.0,1.0,1.0,-4239.465946909951,-885.3521616433014,NOR,9
1910.0,74.44553634285714,3.027231828571429,0.25,1.0,-4182.347203017719,-823.3937241104854,NOR,9
1920.0,69.27766285324043,7.247369154564412,0.0,1.0,-4149.240463840986,-730.0768138676035,NOR,9
1930.0,70.34366923636364,15.037094981818182,0.0,1.0,-4139.070476953257,-636.581280210353,NOR,9
1940.0,75.39772799999999,24.36863744,0.0,1.0,-4146.783615569046,-546.2279232073134,NOR,9
1950.0,87.859376,37.51625088,0.0,1.0,-4193.9835688454295,-430.2030068431123,NOR,9
1960.0,103.0,47.0,0.0,2.0,-4278.47506783749,-315.2010606694378,NOR,9
1970.0,107.60250112,49.63000064,0.0,2.0,-4298.688393796541,-293.16135680634665,NOR,9
1980.0,121.53393005714285,57.41071542857143,0.0,2.0,-4352.806468941824,-227.94518305135517,NOR,9
1990.0,134.6500016761905,68.53452556190477,0.0,2.6666666666666665,-4410.576937386646,-139.80481596131324,NOR,10
2000.0,144.47812720000002,80.40312560000001,0.0,3.0,-4457.538258983561,-45.15456754365539,NOR,10
2010.0,157.0750016,83.43928594285714,0.0,3.0,-4487.462519114344,33.80584745643837,NOR,10
2020.0,168.05401774412354,85.06232816629637,0.0,4.0,-4514.837850875991,128.32215292857478,NOR,10
2030.0,175.31024772418957,93.43490122021875,0.0,4.0,-4534.0,223.0,NOR,10
2040.0,182.32257949080739,100.0,0.0,4.0,-4548.346755139879,323.66578210356795,NOR,10
2050.0,189.7258072951792,100.0,0.0,4.5,-4561.365810014749,445.51322171359254,NOR,10
2060.0,196.73407145445506,100.0,0.0,5.0,-4566.0,529.0,NOR,10
2070.0,207.0,100.0,0.0,5.0,-4565.077124015253,684.1300642522215,NOR,10
2080.0,209.0666624,100.0,0.0,5.0,-4564.0,726.0,NOR,10
2100.0,221.2874976,100.0,0.0,6.0,-4554.854201420126,914.5713158534267,NOR,10
2120.0,231.02499840000002,100.0,0.0,6.0,-4544.080148429177,1071.1853200209484,NOR,10
2130.0,236.5499968,100.0,0.0,6.0,-4519.0,1280.0,NOR,10
2140.0,241.0,100.0,0.0,6.0,-4502.677486214894,1386.4075051000714,NOR,10
2150.0,244.0,100.0,0.0,6.0,-4488.366125659661,1447.5413558218374,NOR,10
2160.0,246.39166293333332,100.0,0.0,6.0,-4477.0,1491.0,NOR,10
2170.0,251.1527768888889,100.0,0.0,7.0,-4445.303834166893,1603.5228887069034,NOR,10
2180.0,253.527776,100.0,0.0,7.0,-4406.0,1716.0,NOR,10
2200.0,256.27499839999996,100.0,0.0,7.0,-4349.725942146,1835.1891622196367,NOR,10
2210.0,260.0,100.0,0.0,7.0,-4294.290309433479,1926.1305812051833,NOR,11
2220.0,263.21999872000004,100.0,0.0,7.0,-4223.7899208891085,2020.2223373625507,NOR,11
2230.0,265.3354227974959,100.0,0.0,7.0,-4134.0,2120.0,NOR,11
2240.0,266.65203801000405,100.0,0.0,7.0,-4059.0,2191.0,NOR,11
2250.0,267.0,100.0,0.0,7.0,-4039.254797059059,2208.342384431076,NOR,11
2260.0,268.5281256,100.0,0.0,7.0,-3942.0,2284.0,NOR,11
2270.0,270.0,100.0,0.0,7.0,-3797.0585052215306,2376.9516561602923,NOR,11
2280.0,271.2875008,100.0,0.0,7.0,-3697.0,2435.0,NOR,11
2290.0,273.0,100.0,0.0,7.0,-3579.8390344141735,2495.197668269358,NOR,11
2310.0,275.0,100.0,0.0,7.0,-3355.1546926218516,2581.097845544835,NOR,11
2320.0,275.0,100.0,0.0,7.0,-3236.979603552307,2619.891743965599,NOR,11
2340.0,275.90750016000004,100.0,0.0,7.0,-3093.086301891119,2663.3727522485115,NOR,11
2360.0,278.80178605714286,100.0,0.0,7.0,-2783.4126028521378,2756.755583984681,NOR,11
2370.0,281.0,100.0,0.0,7.0,-2680.6947797936764,2788.661545130333,NOR,11
2390.0,283.0718752,100.0,0.0,7.0,-2596.313241384952,2815.980773685583,NOR,11
2400.0,284.0,100.0,0.0,8.0,-2497.7659008262217,2847.4764318659836,NOR,11
2410.0,284.2625002666667,100.0,0.0,8.0,-2439.0,2867.0,NOR,11
2420.0,285.0125002666667,100.0,0.0,8.0,-2230.0,2939.0,NOR,11
2440.0,286.0,100.0,0.0,8.0,-2104.9135139016284,2983.318263575266,NOR,12
2450.0,286.2593752,100.0,0.0,8.0,-2065.0,2998.0,NOR,12
2460.0,286.9437504,100.0,0.0,8.0,-1901.0,3059.0,NOR,12
2470.0,287.0,100.0,0.0,8.0,-1883.1862841620552,3065.7118568980623,NOR,12
2490.0,288.05750016,100.0,0.0,8.0,-1565.4531083628813,3186.7532062142473,NOR,12
2510.0,289.41500032,100.0,0.0,8.0,-1451.0,3232.0,NOR,12
2520.0,290.0,100.0,0.0,8.0,-1364.6206902680747,3267.209609619745,NOR,12
2530.0,290.36785737142856,100.0,0.0,8.0,-1282.0,3301.0,NOR,12
2540.0,291.0,100.0,0.0,8.0,-1177.348760466106,3344.1863474401953,NOR,12
2560.0,291.8796678800986,75.36929935723869,0.0,8.0,-1005.1361885959874,3418.9164668350486,NOR,12
2570.0,285.5187568,44.5500288,0.0,8.0,-822.0,3500.0,NOR,12
2590.0,275.0,0.0,1.0,8.0,-705.4220333432011,3552.530477430169,NOR,12
2600.0,240.90500608000002,0.0,1.0,8.0,-638.5010822289007,3582.779158460118,NOR,12
2610.0,223.80500608,0.0,1.0,7.5,-530.2060938153127,3630.172558083205,NOR,12
2630.0,197.0333383111111,0.0,1.0,7.0,-327.5383586452341,3720.0959094497416,NOR,12
2640.0,166.5875024,0.0,1.0,7.0,-176.42222062780917,3788.0590317508404,NOR,12
2650.0,161.0,0.0,1.0,5.0,-127.58940028343179,3808.8908152086833,NOR,13
2660.0,150.6714313142857,0.0,1.0,4.0,-65.28232636673114,3832.1205184275627,NOR,13
2670.0,133.51875280000002,0.0,1.0,3.0,41.89226546587379,3862.146520595047,NOR,13
2680.0,122.1437528,0.0,1.0,3.0,163.6219688746114,3873.6691320628615,NOR,13
2690.0,115.71273186598968,1.5843300110896215,1.0,3.0,232.21521933604794,3863.6866487071857,NOR,13
2710.0,104.54461337167112,15.329706619481687,0.5,3.0,437.9814221630216,3710.4961371075,NOR,13
2720.0,103.0,14.525000533333333,0.0,3.0,474.4657074389191,3655.015593249043,NOR,13
2730.0,103.0,17.0,0.0,3.0,508.18474355664347,3587.621440597284,NOR,13
2740.0,103.40500010666666,26.860001280000002,0.0,3.0,544.1604828160393,3483.273131894639,NOR,13
2750.0,108.9510424,42.2104176,0.0,3.0,560.280021918001,3408.7504533650135,NOR,13
2760.0,117.05972320000001,52.5305568,0.0,3.0,575.7896860758545,3295.6983539299486,NOR,13
2770.0,132.06375136,65.05250112,0.0,3.0,587.9541509242463,3161.551784217303,NOR,13
2780.0,144.02750272,74.90500224,0.0,3.0,594.0,3092.0,NOR,13
2790.0,149.0,79.0,0.0,3.0,599.0311053806897,3042.8360839309225,NOR,13
2800.0,157.05000203636365,91.07500305454545,0.0,3.0,614.0,2916.0,NOR,13
2810.0,166.34750208,100.0,0.0,4.0,627.9424704291641,2807.4121098489572,NOR,13
2820.0,179.08049890372837,100.0,0.0,4.0,642.1017904359352,2699.8376406232646,NOR,13
2840.0,194.61224230940923,100.0,0.0,4.5,668.733242361034,2514.2109736176335,NOR,13
2850.0,201.33499776,100.0,0.0,5.0,684.5329601636623,2411.6603040430064,NOR,13
2860.0,203.70833066666665,100.0,0.0,5.0,693.0,2355.0,NOR,13
2870.0,207.0,100.0,0.0,5.0,710.9965319342535,2249.4079485216553,NOR,14
2880.0,213.59999817142858,100.0,0.0,5.0,739.3090311957832,2100.5495270055885,NOR,14
2900.0,221.52499840000002,100.0,0.0,5.5,771.1650899484966,1952.217155054272,NOR,14
2910.0,223.7749984,100.0,0.0,6.0,795.0,1854.0,NOR,14
2920.0,226.88749919999998,100.0,0.0,6.0,867.020883284003,1620.6628458238902,NOR,14
2940.0,229.0,100.0,0.0,6.0,892.2178363418714,1543.9162141890329,NOR,14
2950.0,229.95499968000001,100.0,0.0,6.0,928.9498794005146,1468.0192587613096,NOR,14
2960.0,232.0,100.0,0.0,6.0,1020.0405553466775,1286.5708509109108,NOR,14
2970.0,232.0,100.0,0.0,6.0,1060.9528528291755,1213.135410748473,NOR,14
2990.0,232.8156248,98.36875040000001,0.0,6.0,1129.6746320321786,1121.8881192545791,NOR,14
3000.0,233.51882779755204,98.0,0.0,6.0,1179.0,1061.0,NOR,14
3010.0,234.68874976,90.218744,0.0,6.0,1279.017370910407,961.5955105316336,NOR,14
3030.0,232.87749952,44.937488,0.0,6.0,1402.0,866.0,NOR,14
3040.0,232.0,23.0,0.0,6.0,1465.6979982095536,826.6918579145234,NOR,14
3050.0,230.16999936,25.74500096,0.0,6.0,1571.0,774.0,NOR,14
3060.0,228.28499968,28.572500480000002,0.0,6.0,1682.5180006568862,730.8039586359473,NOR,14
3070.0,226.56999936,32.5750016,0.0,6.0,1773.0,705.0,NOR,14
3080.0,224.76999935999999,37.0750016,0.0,6.0,1883.0,682.0,NOR,14
3090.0,223.48499968,40.287500800000004,0.0,6.0,1963.0130811593253,671.4396537596542,NOR,15
3100.0,222.0,44.6437504,0.0,6.0,2086.4786201724546,663.4047058088867,NOR,15
3110.0,222.0,47.0,0.0,6.0,2200.3802059381865,669.6659246980894,NOR,15
3120.0,222.1968752,48.1812512,0.0,6.0,2238.0,675.0,NOR,15
3130.0,222.9734376,52.840625599999996,0.0,6.0,2389.521942324699,709.727886042818,NOR,15
3150.0,223.23035748571428,73.22678902857143,0.0,6.0,2569.9788662736914,780.1253399692371,NOR,15
3160.0,226.0,100.0,0.0,6.0,2700.8022374765305,848.3209981038411,NOR,15
3170.0,227.42288484978164,100.0,0.0,6.0,2766.0,893.0,NOR,15
3180.0,228.0,100.0,0.0,6.0,2793.490667337378,914.0182661828983,NOR,15
3190.0,228.01500032,99.94374880000001,0.0,6.0,2870.304550516461,980.3307518939805,NOR,15
3200.0,229.63000064,93.8874976,0.0,6.0,2943.0,1057.0,NOR,15
3210.0,231.61500032,86.44374880000001,0.0,6.0,3032.6565376683466,1154.8792863963833,NOR,15
3220.0,232.0,52.203991048923974,0.0,6.0,3099.0,1217.0,NOR,15
3230.0,232.0,21.0,0.0,6.0,3147.7891344439745,1255.483170464616,NOR,15
3240.0,231.04500031999999,17.18000128,0.0,6.0,3248.9133770782914,1320.7951756922857,NOR,15
3250.0,225.27000192,14.13500096,0.0,6.0,3361.166437673921,1376.1752260969683,NOR,15
3270.0,218.48750080000002,12.8187456,0.0,6.0,3539.2583704882886,1429.9196274862252,NOR,15
3280.0,217.0,21.0,0.0,6.0,3627.91073666356,1441.760966353559,NOR,15
3290.0,216.1187504,45.674988799999994,0.0,6.0,3844.0,1447.0,NOR,15
3300.0,216.0,49.0,0.0,6.0,3863.9162474922496,1446.3438158344327,NOR,15
3310.0,216.9406248,56.5249984,0.0,6.0,3972.033649529013,1431.5581492348047,NOR,16
3320.0,218.0,71.0,0.0,6.0,4062.1721292001916,1414.2997102060974,NOR,16
3330.0,218.5083328,85.74165119999999,0.0,6.0,4151.0,1385.0,NOR,16
3340.0,219.51249919999998,100.0,0.0,6.0,4296.116154905123,1321.5880740179425,NOR,16
3350.0,221.0,100.0,0.0,6.0,4373.401297151674,1285.526022055101,NOR,16
3360.0,221.0,100.0,0.0,6.0,4433.9922961734355,1243.8853637650395,NOR,16
3370.0,221.62999808,100.0,0.0,6.0,4454.0,1227.0,NOR,16
3380.0,224.0,100.0,0.0,6.0,4604.522028132076,1096.605792369386,NOR,16
3390.0,224.0,100.0,0.0,6.0,4735.7605441622,968.6255800919872,NOR,16
3410.0,224.26315721936388,100.0,0.0,6.0,4806.2393023576315,883.9569915102422,NOR,16
3430.0,228.76817071551073,100.0,0.0,6.0,4899.508125787888,769.8353851478724,NOR,16
3440.0,231.72250048,100.0,0.0,6.0,4979.459560730114,668.436181988983,NOR,16
3450.0,233.43000064,100.0,0.0,6.0,5044.0,586.0,NOR,16
3460.0,234.0,100.0,0.0,6.0,5067.422735588705,557.1297223441828,NOR,16
3470.0,234.9468752,100.0,0.0,6.0,5130.482778043661,481.9095424746046,NOR,16
3480.0,236.6437504,100.0,0.0,6.0,5248.0,347.0,NOR,16
3490.0,237.0,100.0,0.0,6.0,5279.52177206451,311.26026043104565,NOR,16
3500.0,238.51500032,100.0,0.0,6.0,5360.947258639344,218.89876429895486,NOR,16
3510.0,239.9468752,100.0,0.0,6.0,5446.6233439513035,120.8160510105451,NOR,16
3520.0,241.0187504,100.0,0.0,6.0,5522.0,34.0,NOR,16
3530.0,242.0,100.0,0.0,6.0,5592.978781124682,-44.362548514448655,NOR,17
3540.0,242.42916693333333,100.0,0.0,6.0,5639.0,-95.0,NOR,17
3550.0,243.21500032,100.0,0.0,6.0,5709.640190122696,-174.33448661717378,NOR,17
3560.0,245.0,100.0,0.0,6.0,5807.358517210757,-284.0712100830973,NOR,17
3570.0,245.8937504,95.9781232,0.0,6.0,5883.0,-369.0,NOR,17
3590.0,246.6156248,56.0218568,0.0,6.0,5969.448446568504,-467.1731341969553,NOR,17
3600.0,246.0,0.0,1.0,6.0,6005.663589484795,-509.06441587342795,NOR,17
3610.0,240.00749696,0.0,1.0,6.0,6090.170707274985,-607.9307459564436,NOR,17
3620.0,221.81578895115933,0.0,1.0,6.0,6177.600047798853,-708.8220813483437,NOR,17
3640.0,207.05263385566286,0.0,1.0,5.5,6279.711782837947,-836.389954653496,NOR,17
3650.0,201.03333831111112,0.0,1.0,5.0,6323.0,-900.0,NOR,17
3660.0,190.13889066666667,0.0,1.0,5.0,6391.608565642034,-1042.7339095295802,NOR,17
3680.0,181.0,0.0,0.0,4.0,6424.508506145158,-1202.9976567452934,NOR,17
3690.0,179.47000192000002,0.25499968,0.0,4.0,6426.916232364918,-1298.584700174162,NOR,17
3700.0,172.58666752,9.44666368,0.0,4.0,6394.132761903969,-1483.1128659201943,NOR,17
3720.0,169.21249973333335,34.12499733333333,0.0,4.0,6353.771298508644,-1610.2712195760218,NOR,17
3730.0,170.63749919999998,43.9124976,0.0,4.0,6312.105635445219,-1697.5306958090773,NOR,17
3740.0,173.3321421714286,51.44285622857143,0.0,4.0,6214.783021866942,-1840.5370238845921,NOR,17
3750.0,176.18981773636324,55.066436207727136,0.0,4.0,6171.364202555562,-1894.0439380259882,NOR,18
3810.0,195.01639438407915,61.6557380344277,0.0,4.0,5672.0,-2145.0,NOR,18
3820.0,197.28125066666666,71.73750506666667,0.0,5.0,5608.13836887695,-2157.9754933459576,NOR,18
3830.0,201.0,100.0,0.0,5.0,5510.175317688199,-2174.8121081406352,NOR,18
3840.0,203.8611128888889,100.0,0.0,5.0,5452.0,-2184.0,NOR,18
3850.0,211.04500095999998,100.0,0.0,5.0,5303.856684926078,-2204.9002603038857,NOR,18
3860.0,216.44500096000002,100.0,0.0,5.0,5196.767599736261,-2214.869900553093,NOR,18
3880.0,222.7875008,100.0,0.0,6.0,4984.130422264527,-2225.1970387774318,NOR,18
3890.0,229.0,100.0,0.0,6.0,4846.273968480425,-2229.5683803715765,NOR,18
3910.0,234.5375008,100.0,0.0,6.0,4721.69352832611,-2233.1759763088367,NOR,18
3920.0,238.5750016,100.0,0.0,6.0,4615.0,-2237.0,NOR,18
3930.0,241.9656256,100.0,0.0,6.0,4515.485537679506,-2242.054268089118,NOR,18
3940.0,245.07291733333335,100.0,0.0,6.0,4407.873750950059,-2248.6929434573176,NOR,18
3950.0,249.0,100.0,0.0,7.0,4277.562291759541,-2257.3852813826365,NOR,18
3960.0,249.0,100.0,0.0,7.0,4193.0,-2263.0,NOR,18
3980.0,249.2875008,100.0,0.0,7.0,4048.5436890666942,-2272.3760394788874,NOR,19
3990.0,255.0750016,100.0,0.0,7.0,3826.0,-2287.0,NOR,19
4000.0,257.0,100.0,0.0,7.0,3762.245232433809,-2291.0805349826987,NOR,19
4020.0,260.51659749715054,100.0,0.0,7.0,3590.3585452657467,-2301.5661087053954,NOR,19
4030.0,263.0,100.0,0.0,7.0,3478.8890569993646,-2308.5428650644008,NOR,19
4050.0,264.6545442909091,100.0,0.0,7.0,3348.0,-2318.0,NOR,19
4070.0,267.0124992,100.0,0.0,7.0,3082.8295279057993,-2339.927642892708,NOR,19
4080.0,270.0,100.0,0.0,7.0,2954.41857749694,-2352.1987882011736,NOR,19
4090.0,271.3071414857143,100.0,0.0,7.0,2888.0,-2359.0,NOR,19
4110.0,273.00499967999997,99.99500032,0.0,7.0,2768.7766360472074,-2370.922078496301,NOR,19
4120.0,274.0,99.0,0.0,7.0,2617.213755800982,-2386.3099528424414,NOR,19
4130.0,273.4833344,74.9750496,0.0,7.0,2572.0,-2391.0,NOR,19
4140.0,270.6000042666667,5.475001600000001,0.0,7.0,2424.4863729093813,-2406.911354744331,NOR,19
4160.0,252.59000704,0.0,1.0,7.0,2168.4815658059038,-2436.9662489070724,NOR,19
4170.0,234.0,0.0,1.0,7.0,2083.614615018432,-2447.0851507902275,NOR,19
4180.0,208.53334186666666,0.0,1.0,7.0,2019.5417701113322,-2455.083714019406,NOR,19
4190.0,186.87917173333335,0.0,1.0,7.0,1885.7412200069436,-2472.413933725402,NOR,20
4200.0,169.3500096,0.0,1.0,7.0,1776.0,-2488.0,NOR,20
4210.0,152.97000192000002,0.0,1.0,4.0,1673.4299440616956,-2503.9294258729124,NOR,20
4220.0,147.0,0.0,1.0,3.0,1597.9779083214282,-2517.167053747978,NOR,20
4230.0,127.16296912592593,0.0,1.0,2.6666666666666665,1506.794421338298,-2535.8229837713016,NOR,20
4240.0,112.35416533333334,0.0,1.0,2.0,1391.7220124540934,-2569.011756697348,NOR,20
4250.0,98.54499882666666,0.0,1.0,1.6666666666666667,1287.5855701211958,-2626.870639000989,NOR,20
4260.0,86.44987998476192,0.0,1.0,1.0,1246.962962649838,-2675.5749409407263,NOR,20
4270.0,75.50499903999999,1.1916672,0.3333333333333333,1.0,1221.827391350874,-2762.526027274371,NOR,20
4280.0,69.11517874285714,13.249107885714286,0.0,1.0,1244.8520277900868,-2863.6243086639215,NOR,20
4290.0,74.2508954653713,25.501790930742626,0.0,1.0,1292.2030590393608,-2940.110877125513,NOR,20
4300.0,83.996335839772,39.27767135954401,0.0,1.0,1381.7552914866158,-3019.5294364339607,NOR,20
4310.0,95.0,48.5,0.0,1.0,1503.048343458295,-3097.912730448308,NOR,20
4320.0,107.46785462857143,52.58214217142857,0.0,1.5,1659.634204284311,-3190.7616904768,NOR,20
4330.0,119.01999871999999,55.044997120000005,0.0,2.0,1726.7816386533048,-3228.8741412880418,NOR,20
4340.0,122.81999872,63.59499712,0.0,2.5,1785.2053212524293,-3263.577818323493,NOR,20
4350.0,140.3249952,74.58749706666666,0.0,3.0,1927.6799304457645,-3354.175263446163,NOR,20
4360.0,156.3454498909091,54.859097018181814,0.0,3.0,2058.0,-3464.0,NOR,20
4370.0,157.0,54.0,0.0,4.0,2061.959640156105,-3468.09661888641,NOR,20
4380.0,163.81999872,59.11499904,0.0,4.0,2136.832939291153,-3554.838132849309,NOR,20
4390.0,169.52499840000002,68.14499712,0.0,4.0,2197.1956717793546,-3657.1201079238735,NOR,20
4400.0,174.38749919999998,82.0687416,0.0,4.0,2252.1054995783898,-3809.0601122574185,NOR,20
4410.0,176.0,99.0,0.0,4.0,2268.4192406435636,-3861.9861800523754,NOR,21
4420.0,182.02499840000002,99.86071405714286,0.0,4.5,2275.0276446593343,-3925.1859079652118,NOR,21
4440.0,189.00714240000002,100.0,0.0,5.0,2292.9610046049133,-4102.457595886784,NOR,21
4450.0,191.17241289374067,100.0,0.0,5.0,2293.3034157427946,-4224.876048601729,NOR,21
4460.0,193.852664287497,100.0,0.0,5.0,2286.0,-4315.0,NOR,21
4470.0,196.0,100.0,0.0,5.0,2275.632701742902,-4390.500083435521,NOR,21
4480.0,198.98636431515152,100.0,0.0,5.0,2251.0075596869747,-4509.614990631456,NOR,21
4500.0,204.3875005090909,100.0,0.0,5.0,2173.634955728329,-4757.126218372328,NOR,21
4520.0,207.63000064,75.01499392,0.0,5.0,2134.0,-4853.0,NOR,21
4530.0,208.36999936,52.23499008,0.0,5.0,2094.226076819346,-4940.801331421488,NOR,21
4540.0,202.2333312,0.0,1.0,5.0,2037.4881103643231,-5046.492021441565,NOR,21
4550.0,185.45937279999998,0.0,1.0,5.0,1965.8625853485578,-5158.386463860775,NOR,21
4560.0,178.0,0.0,1.0,4.0,1931.0086057212516,-5206.418180052245,NOR,21
4570.0,170.82045265454545,0.0,1.0,4.0,1847.0,-5310.0,NOR,21
4580.0,161.0,0.0,1.0,4.0,1772.3120784539651,-5390.035333630106,NOR,21
4590.0,155.29245378711403,0.0,1.0,3.5,1714.8698494755565,-5433.927070751786,NOR,21
4600.0,149.89642788571427,1.3678573714285713,0.5,3.0,1618.1019293114791,-5484.187627350528,NOR,21
4610.0,144.203124,0.48124960000000006,0.0,3.0,1548.3864944729507,-5502.159046142823,NOR,21
4620.0,139.87534650397083,13.279777358123955,0.0,3.0,1401.790963168854,-5505.248555929438,NOR,21
4630.0,139.71785691428573,31.357138285714285,0.0,3.0,1256.6910640535705,-5482.308330965252,NOR,22
4640.0,141.2624992,40.156248,0.0,3.0,1170.0,-5448.0,NOR,22
4650.0,142.0,42.0,0.0,3.0,1140.090560167681,-5433.081614289084,NOR,22
4660.0,146.43958097777778,59.066662400000006,0.0,3.0,1045.2241254882508,-5373.41188316233,NOR,22
4670.0,157.75714011428573,72.92856685714285,0.0,3.0,959.3583977926348,-5302.094726204741,NOR,22
4680.0,167.61428297142857,89.35713828571429,0.0,3.5,882.917240974988,-5232.181043552913,NOR,22
4690.0,177.0,100.0,0.0,4.0,794.4692428890572,-5151.929207433398,NOR,22
4700.0,181.83999744,100.0,0.0,4.0,749.2328355543716,-5111.296633089981,NOR,22
4710.0,187.6999952,100.0,0.0,4.0,691.5,-5059.5,NOR,22
4720.0,197.0,100.0,0.0,5.0,592.7079215461894,-4970.982931987235,NOR,22
4730.0,199.3249952,100.0,0.0,5.0,567.0,-4948.0,NOR,22
4740.0,208.3249952,100.0,0.0,5.0,464.0,-4856.0,NOR,22
4750.0,212.0,100.0,0.0,6.0,422.20660849551547,-4818.577662657257,NOR,22
4760.0,216.09499712,100.0,0.0,6.0,349.0,-4753.0,NOR,22
4770.0,221.0,100.0,0.0,6.0,276.7072964566612,-4688.620924105793,NOR,22
4780.0,224.1555527111111,100.0,0.0,6.0,228.0,-4645.0,NOR,22
4790.0,229.0,100.0,0.0,6.0,133.7030064442687,-4559.768040463061,NOR,22
4800.0,231.80401701694103,100.0,0.0,6.0,94.0,-4524.0,NOR,22
4810.0,238.42954589090908,100.0,0.0,6.0,-40.447304386570664,-4403.244958402148,NOR,22
4840.0,244.1437504,100.0,0.0,6.0,-197.2415034865255,-4262.9934959284965,NOR,22
4850.0,246.5375008,100.0,0.0,6.0,-337.0,-4139.0,NOR,23
4860.0,249.0,100.0,0.0,7.0,-411.7033254011444,-4071.7165480541657,NOR,23
4870.0,249.46111146666667,100.0,0.0,7.0,-440.0,-4047.0,NOR,23
4890.0,251.0,100.0,0.0,7.0,-584.0228608902453,-3928.628422013266,NOR,23
4900.0,251.0,100.0,0.0,7.0,-673.7913997248559,-3868.533964693755,NOR,23
4910.0,251.61500032,100.0,0.0,7.0,-776.0,-3810.5,NOR,23
4920.0,252.0,100.0,0.0,7.0,-822.8256295070505,-3787.164429225792,NOR,23
4930.0,252.0,100.0,0.0,7.0,-913.0,-3754.0,NOR,23
4940.0,252.0,100.0,0.0,7.0,-1001.4316994752219,-3732.974516976061,NOR,23
4950.0,251.67499985454546,100.0,0.0,7.0,-1105.0,-3720.0,NOR,23
4970.0,250.99583324444444,100.0,0.0,7.0,-1370.724269729424,-3718.8733692328906,NOR,23
4990.0,250.0,100.0,0.0,7.0,-1641.9225349203734,-3788.584075100552,NOR,23
5010.0,250.0,100.0,0.0,7.0,-1812.7623259390948,-3865.6840272454783,NOR,23
5020.0,250.0,100.0,0.0,7.0,-1920.7970255576856,-3921.170855265037,NOR,23
5040.0,250.0,100.0,0.0,7.0,-2012.8493125783882,-3971.8982744907457,NOR,23
5050.0,252.0222208,100.0,0.0,7.0,-2096.0,-4015.0,NOR,23
5060.0,254.0,100.0,0.0,7.0,-2207.28367990254,-4066.8956348976712,NOR,23
5070.0,254.0,100.0,0.0,7.0,-2274.0,-4095.0,NOR,24
5080.0,253.79500031999999,100.0,0.0,7.0,-2364.1912525835974,-4127.066239377996,NOR,24
5090.0,253.0,100.0,0.0,7.0,-2497.138100383254,-4161.26040694897,NOR,24
5100.0,253.36428525714285,100.0,0.0,7.0,-2585.0,-4179.0,NOR,24
5110.0,254.0,100.0,0.0,7.0,-2690.4794626196835,-4193.79594478534,NOR,24
5120.0,254.0,100.0,0.0,7.0,-2767.0,-4197.0,NOR,24
5140.0,253.55714377142857,98.78214537142857,0.0,7.0,-2941.5655422124905,-4193.578596296076,NOR,24
5160.0,248.80682181818182,84.75228567272728,1.0,7.0,-3130.674099971753,-4167.680345490575,NOR,24
5170.0,238.52273454545454,48.140934981818184,1.0,7.0,-3252.0,-4142.0,NOR,24
5180.0,224.9250048,0.0,1.0,6.0,-3398.441819137085,-4099.196923557306,NOR,24
5190.0,217.4250048,0.0,1.0,6.0,-3453.4301964405704,-4078.383280691467,NOR,24
5200.0,207.71500224,0.0,1.0,5.5,-3566.596028994839,-4027.443782244009,NOR,24
5210.0,192.0,0.0,1.0,4.0,-3670.6097039347123,-3964.4312862724028,NOR,24
5220.0,182.1750048,0.0,1.0,4.0,-3723.561082499343,-3927.2159375088927,NOR,24
5230.0,170.04500352,0.0,1.0,4.0,-3794.921286123189,-3867.298193990262,NOR,24
5240.0,155.94472581601687,0.0,1.0,3.0,-3902.894617017436,-3747.1029754764513,NOR,24
5250.0,147.0,0.0,1.0,3.0,-3953.800239564768,-3673.7289435035254,NOR,24
5260.0,135.6166656,0.0,1.0,3.0,-3999.444394243123,-3588.059324353324,NOR,24
5270.0,124.56999936,0.0,1.0,2.5,-4025.0921559541675,-3520.256584757438,NOR,24
5280.0,119.71333290666666,0.0,0.6666666666666666,2.0,-4045.8977316741707,-3422.059052903316,NOR,24
5290.0,111.88148053333333,0.0,0.3333333333333333,2.0,-4038.711207259025,-3282.4231698902477,NOR,25
5300.0,102.16590778181818,3.4818187636363636,1.0,2.0,-4005.0,-3175.0,NOR,25
5310.0,101.0,7.4312512,0.0,2.0,-3985.193021629218,-3139.924914547646,NOR,25
5320.0,102.61687536,22.9265636,0.0,2.0,-3922.5972099891,-3058.7429554645973,NOR,25
5330.0,106.14096161659388,28.14096161659388,0.0,2.0,-3838.5291767044546,-2992.1790835576344,NOR,25
5340.0,113.09166613333333,42.912497599999995,0.0,2.0,-3722.0662247007526,-2936.654788971396,NOR,25
5350.0,121.0,52.0,0.0,2.0,-3640.802146478747,-2910.046555035559,NOR,25
5360.0,126.65555271111111,58.29761676190477,0.0,2.6666666666666665,-3543.368052184109,-2886.109071224518,NOR,25
5380.0,145.18571154285715,70.63928365714285,0.0,3.0,-3356.813521686132,-2845.371870373894,NOR,25
5390.0,155.0,78.0,0.0,3.0,-3242.3563936999126,-2822.8084404167475,NOR,25
5400.0,167.5499968,97.72142354285714,0.0,3.5,-3117.8678920348825,-2798.9030518714208,NOR,25
5420.0,185.3937488,100.0,0.0,5.0,-3001.127608064258,-2777.6612047807494,NOR,25
5430.0,189.0499968,100.0,0.0,5.0,-2920.0133490025355,-2762.943871228837,NOR,25
5440.0,200.5499968,100.0,0.0,5.0,-2788.14278742943,-2741.420162255091,NOR,25
5450.0,207.22083146666665,100.0,0.0,5.0,-2604.9464478427744,-2712.978355130669,NOR,25
0.0,216.65500095999997,100.0,0.0,5.0,-2507.2683286508222,-2698.168553259699,GAS,1
10.0,226.0,100.0,0.0,5.0,-2366.4354963145133,-2676.3660280596378,GAS,1
20.0,231.29166933333335,100.0,0.0,5.0,-2287.0,-2664.0,GAS,1
30.0,235.31250133333333,100.0,0.0,5.5,-2232.12003112784,-2655.4243760898057,GAS,1
40.0,236.0,100.0,0.0,6.0,-2114.1639425032026,-2636.0143580037065,GAS,1
50.0,240.71250346666667,100.0,0.0,6.0,-2058.0,-2627.0,GAS,1
60.0,249.35250048,100.0,0.0,6.0,-1943.3918266570267,-2609.4137853380216,GAS,1
70.0,252.421876,100.0,0.0,6.0,-1713.6120794459468,-2571.4413246604904,GAS,1
80.0,257.0,100.0,0.0,6.0,-1607.273167121627,-2553.6525325190487,GAS,1
100.0,263.14946622621295,100.0,0.0,7.0,-1540.4127743277172,-2542.2661263820482,GAS,1
120.0,266.0,100.0,0.0,7.0,-1328.7626474935096,-2506.3677345286237,GAS,1
130.0,271.03225966285083,100.0,0.0,7.0,-1262.0,-2496.5,GAS,1
140.0,278.0,100.0,0.0,7.0,-1147.3310027005255,-2477.6474272893333,GAS,1
150.0,280.4,100.0,0.0,7.0,-1053.0,-2461.0,GAS,1
170.0,286.04285714285714,100.0,0.0,7.0,-854.8189780045591,-2426.6595588208966,GAS,1
190.0,288.8285714285714,100.0,0.0,7.0,-576.1860570852216,-2378.647156711073,GAS,1
210.0,294.0,100.0,0.0,7.0,-427.25326981941913,-2353.9369666434122,GAS,1
220.0,295.1,100.0,0.0,7.0,-373.0,-2345.0,GAS,1
230.0,297.0,100.0,0.0,7.0,-252.51087699633635,-2324.911545711942,GAS,2
240.0,297.55,100.0,0.0,7.0,-178.0,-2312.0,GAS,2
250.0,298.675,100.0,0.0,7.0,-31.0,-2285.0,GAS,2
260.0,299.0,100.0,0.0,8.0,10.61241607210371,-2277.1773813327513,GAS,2
270.0,300.8,100.0,0.0,8.0,102.0,-2260.0,GAS,2
280.0,303.0,100.0,0.0,8.0,240.5005260008779,-2234.473961350533,GAS,2
290.0,304.575,100.0,0.0,8.0,419.0,-2202.0,GAS,2
300.0,306.0,100.0,0.0,8.0,533.1238817914764,-2181.4500814426465,GAS,2
320.0,307.62857142857143,100.0,0.0,8.0,678.0,-2155.0,GAS,2
330.0,308.0,100.0,0.0,8.0,719.9744423111051,-2147.095485123329,GAS,2
340.0,308.4625,100.0,0.0,8.0,847.0,-2123.0,GAS,2
360.0,308.775,100.0,0.0,8.0,1022.7389617651016,-2090.3897169447982,GAS,2
380.0,308.14166666666665,100.0,0.0,8.0,1288.1374287653716,-2042.0525614568364,GAS,2
400.0,309.0,100.0,0.0,8.0,1423.565922058983,-2017.5809332162682,GAS,2
410.0,309.0,100.0,0.0,8.0,1487.0,-2006.0,GAS,2
420.0,309.0,100.0,0.0,8.0,1624.5491865929557,-1980.6525802982646,GAS,2
430.0,309.0,100.0,0.0,8.0,1830.3912378371965,-1942.5042450971298,GAS,2
450.0,309.0,100.0,0.0,8.0,1954.045805284478,-1919.3121697161293,GAS,3
460.0,309.16750016,100.0,0.0,8.0,1994.0,-1912.0,GAS,3
470.0,309.66750016,100.0,0.0,8.0,2155.0,-1883.0,GAS,3
490.0,310.0,100.0,0.0,8.0,2330.380928374998,-1851.1316107138728,GAS,3
510.0,310.0,100.0,0.0,8.0,2545.9561227856616,-1816.2907019874592,GAS,3
520.0,310.45357165714285,100.0,0.0,8.0,2646.0,-1801.0,GAS,3
530.0,311.0,100.0,0.0,8.0,2773.7084779217184,-1780.566741579614,GAS,3
540.0,310.8931816727273,100.0,0.0,8.0,2816.0,-1774.0,GAS,3
550.0,310.66590894545453,100.0,0.0,8.0,2909.0,-1760.0,GAS,3
570.0,310.08295447272724,100.0,0.0,8.0,3126.2816143025702,-1725.9759361958772,GAS,3
590.0,310.0,86.9281072,0.0,8.0,3379.252526723574,-1686.5977359564008,GAS,3
600.0,310.0,11.0,1.0,8.0,3495.391687326732,-1669.5359501147336,GAS,3
610.0,293.0,2.0,1.0,8.0,3578.8678980390364,-1658.540007868764,GAS,3
630.0,280.8006206206845,0.8909655109713168,1.0,8.0,3690.5,-1638.5,GAS,3
640.0,271.0,0.0,1.0,8.0,3789.053210068879,-1621.262092798192,GAS,3
650.0,240.2781917548765,0.0,1.0,8.0,3943.0,-1601.0,GAS,3
660.0,216.64,0.0,1.0,8.0,4094.963000866103,-1578.4633385464313,GAS,3
670.0,199.0,0.0,1.0,6.0,4203.932603351445,-1561.1875633926234,GAS,4
680.0,182.0,0.0,1.0,4.0,4265.626835939312,-1548.856091740201,GAS,4
690.0,170.421872,0.0,1.0,4.0,4316.5337975778075,-1537.0584841409134,GAS,4
700.0,161.72361785773094,0.0,1.0,3.3333333333333335,4429.559090843005,-1508.6003826290835,GAS,4
710.0,156.05,0.0,1.0,3.0,4508.0384006749255,-1485.7405541960222,GAS,4
720.0,128.25555555555556,0.0,1.0,2.3333333333333335,4638.362657802355,-1426.8763218613233,GAS,4
730.0,124.0,0.0,1.0,2.0,4701.2962696813465,-1368.1905789343061,GAS,4
740.0,106.54090909090908,0.0,1.0,1.5,4763.96717892402,-1268.1608022884125,GAS,4
750.0,95.31666666666666,0.0,1.0,1.0,4784.606929951092,-1200.5954386663461,GAS,4
760.0,90.4962962962963,0.0,0.3333333333333333,1.0,4798.079170687367,-1093.9071257688495,GAS,4
770.0,84.63333333333334,0.0,0.0,1.0,4786.022068054216,-986.2217398328224,GAS,4
780.0,80.5,6.375,0.0,1.0,4758.381058340679,-907.0316722492558,GAS,4
790.0,81.07303579428572,28.320357622857145,0.0,1.0,4703.546180739429,-825.69368935947,GAS,4
800.0,85.64444491851852,35.6111122962963,0.0,1.0,4622.03276053178,-759.7380207075662,GAS,4
810.0,91.39375093333332,48.666666666666664,0.0,1.0,4511.857478856339,-718.1300594430181,GAS,4
820.0,101.30375072,51.639219080000004,0.0,1.5,4424.454742352502,-711.6332338402414,GAS,4
830.0,110.8375008,56.898438,0.0,2.0,4373.96514565976,-711.0184253241703,GAS,4
840.0,116.70500096,60.5875008,0.0,2.0,4315.888131367611,-712.5504153038585,GAS,4
850.0,123.52,68.04,0.0,2.0,4177.401214771332,-720.5908225409902,GAS,4
860.0,133.0909090909091,76.78181818181818,0.0,2.0,4063.0,-731.0,GAS,4
870.0,141.0,81.0,0.0,3.0,4004.194540055423,-737.1038903056831,GAS,4
880.0,156.93950199333852,100.0,0.0,3.0,3942.130213844183,-743.8665637580971,GAS,4
890.0,167.1750016,100.0,0.0,3.0,3810.725980785438,-758.804814098366,GAS,5
900.0,178.17827437490374,100.0,0.0,4.0,3712.3003177974147,-769.8345082025482,GAS,5
910.0,190.3871874518663,100.0,0.0,4.0,3593.0,-783.0,GAS,5
920.0,195.0,100.0,0.0,4.0,3528.64447372494,-789.0522166342407,GAS,5
930.0,201.2,100.0,0.0,4.0,3343.0,-805.0,GAS,5
940.0,203.0,100.0,0.0,5.0,3310.576497630985,-807.7592114049908,GAS,5
950.0,213.67000000000002,100.0,0.0,5.0,3246.421774514151,-813.2193500057366,GAS,5
970.0,228.33333333333331,100.0,0.0,5.0,3036.4561192193987,-830.8595274335058,GAS,5
980.0,229.91,100.0,0.0,5.0,2910.3421308444413,-841.1928392868838,GAS,5
1000.0,242.6,100.0,0.0,6.0,2771.928332631775,-853.7151903450294,GAS,5
1010.0,247.6,100.0,0.0,6.0,2641.1278220234235,-864.1489336831842,GAS,5
1030.0,254.84,100.0,0.0,6.0,2389.0,-886.0,GAS,5
1040.0,260.0,100.0,0.0,6.0,2294.6371860381346,-894.0015236120045,GAS,5
1050.0,264.2,100.0,0.0,6.0,2222.0,-900.0,GAS,5
1060.0,266.0,100.0,0.0,7.0,2175.9832499005533,-903.8890242632177,GAS,5
1070.0,267.64,100.0,0.0,7.0,2054.2799348713124,-914.3029672910543,GAS,5
1080.0,271.84,100.0,0.0,7.0,1931.0,-925.0,GAS,5
1100.0,279.22,100.0,0.0,7.0,1722.3326307488824,-943.078634820488,GAS,5
1120.0,284.6666666666667,100.0,0.0,7.0,1533.0,-959.0,GAS,6
1130.0,290.0437504,100.0,0.0,7.0,1368.9046557136555,-973.7443191837732,GAS,6
1150.0,292.0,100.0,0.0,7.0,1236.471268578955,-984.9698434691364,GAS,6
1160.0,294.3406264,100.0,0.0,7.0,1153.0,-992.0,GAS,6
1170.0,299.0,100.0,0.0,7.0,1018.0496936087035,-1004.0599953974383,GAS,6
1180.0,300.3375008,100.0,0.0,7.0,930.0,-1012.0,GAS,6
1190.0,302.0,100.0,0.0,8.0,780.0945369530511,-1025.3367165145246,GAS,6
1210.0,304.59722311111113,100.0,0.0,8.0,568.0,-1044.0,GAS,6
1220.0,307.0,100.0,0.0,8.0,471.0218924596942,-1052.2815925186974,GAS,6
1230.0,309.54000128,100.0,0.0,8.0,415.0,-1057.0,GAS,6
1240.0,311.0,100.0,0.0,8.0,374.6957795015089,-1060.453326074506,GAS,6
1330.0,320.0,100.0,0.0,8.0,-620.3945160959486,-1148.070982117691,GAS,7
1350.0,321.64,100.0,0.0,8.0,-749.2784410607487,-1159.2729557542007,GAS,7
1370.0,324.0609421936296,100.0,0.0,8.0,-965.0,-1178.0,GAS,7
1380.0,325.0,100.0,0.0,8.0,-1090.3367475184652,-1189.1294064933784,GAS,7
1400.0,325.91750016000003,100.0,0.0,8.0,-1294.711476850306,-1207.293702219407,GAS,7
1430.0,326.97678582857145,100.0,0.0,8.0,-1492.8338711350684,-1224.4195858191197,GAS,7
1440.0,328.0,100.0,0.0,8.0,-1632.4036925038206,-1236.6155588420827,GAS,7
1450.0,328.0,100.0,0.0,8.0,-1752.0,-1247.0,GAS,7
1470.0,328.0,100.0,0.0,8.0,-1947.9744106617823,-1263.8540787766792,GAS,7
1490.0,328.0,100.0,0.0,8.0,-2106.0,-1278.0,GAS,7
1500.0,327.93333333333334,100.0,0.0,8.0,-2211.349821867114,-1287.120513241962,GAS,7
1520.0,327.31111111111113,100.0,0.0,8.0,-2412.0,-1305.0,GAS,7
1530.0,327.0,100.0,0.0,8.0,-2521.589941533213,-1314.623598703357,GAS,7
1550.0,327.0,100.0,0.0,8.0,-2728.148684865646,-1332.6574138076223,GAS,8
1570.0,327.0,100.0,0.0,8.0,-2972.2664228602916,-1354.4458211449278,GAS,8
1590.0,327.0,100.0,0.0,8.0,-3154.0524249163427,-1369.526298214923,GAS,8
1610.0,324.15,70.7875,0.0,8.0,-3401.0,-1392.0,GAS,8
1620.0,323.0,59.0,0.0,8.0,-3474.8243665736168,-1398.61055091284,GAS,8
1640.0,310.025,0.0,1.0,8.0,-3662.651718363734,-1414.6783167422786,GAS,8
1650.0,279.0,0.0,1.0,8.0,-3852.713825832212,-1431.119972709966,GAS,8
1660.0,277.2857142857143,0.0,1.0,8.0,-3909.0,-1436.0,GAS,8
1670.0,269.0,0.0,1.0,8.0,-4041.1751677671195,-1447.4790831366306,GAS,8
1690.0,245.5,0.0,1.0,8.0,-4113.0,-1454.0,GAS,8
1700.0,212.312496,0.0,1.0,6.5,-4287.784039351388,-1470.2393066283403,GAS,8
1710.0,209.0,0.0,1.0,4.0,-4362.837344909646,-1477.3149603750087,GAS,8
1720.0,191.9749952,0.0,1.0,4.0,-4415.295159936153,-1480.1660442837156,GAS,8
1730.0,179.0,0.0,1.0,4.0,-4579.0,-1487.0,GAS,8
1740.0,179.0,0.0,1.0,3.0,-4600.776246434703,-1487.747639580528,GAS,8
1750.0,149.4890604,0.0,1.0,3.0,-4703.483149426464,-1484.9462220988212,GAS,8
1760.0,132.4265604,0.0,1.0,2.5,-4853.873577596585,-1461.465569629218,GAS,8
1770.0,121.88928426666666,0.0,1.0,2.0,-4914.012184632342,-1439.5891767878438,GAS,9
1780.0,102.97777777777777,0.0,1.0,1.3333333333333333,-5004.776773613005,-1374.9584367040404,GAS,9
1790.0,95.33333333333334,0.0,1.0,1.0,-5066.418767248866,-1302.373719134193,GAS,9
1800.0,88.88925222464842,0.0,1.0,1.0,-5100.522192694513,-1233.0972202906596,GAS,9
1810.0,80.096999424,0.0,0.0,1.0,-5126.148376050014,-1115.8881994046994,GAS,9
1820.0,71.24563075698944,0.0,0.0,1.0,-5114.892035509765,-1002.9704527554877,GAS,9
1830.0,71.10178571428571,21.691071428571426,0.0,1.0,-5076.788732314097,-915.8682823448826,GAS,9
1840.0,74.8142857142857,29.611904761904764,0.0,1.0,-5031.447343767471,-858.4044940070971,GAS,9
1850.0,81.34722222222223,37.87777777777778,0.0,1.0,-4930.285553817832,-797.866097898787,GAS,9
1860.0,87.8,43.8,0.0,1.0,-4825.28927751438,-787.3863514936612,GAS,9
1870.0,91.9025,48.88375,0.0,1.0,-4759.026103081154,-801.393675623546,GAS,9
1880.0,99.745,29.3,0.5,1.0,-4644.889402805513,-840.9008498093169,GAS,9
1890.0,96.226562,1.9359372000000001,1.0,1.0,-4541.603292155295,-876.8648862668693,GAS,9
1900.0,90.2944440888889,0.0,0.6666666666666666,1.0,-4466.3856655779655,-894.1482252168444,GAS,9
1910.0,83.77602205090909,0.0,0.0,1.0,-4367.2865570869535,-908.9112237794545,GAS,9
1920.0,77.5179542109091,0.0,0.0,1.0,-4244.229765246464,-883.9202793712063,GAS,9
1930.0,74.0,15.6,0.0,1.0,-4169.554413594326,-799.0706551273555,GAS,9
1940.0,75.35416666666666,28.991666666666667,0.0,1.0,-4148.302619093013,-727.6789624094934,GAS,9
1950.0,81.25194126785243,41.475,0.0,1.0,-4138.185088774246,-646.8214631711746,GAS,9
1960.0,89.9659730962963,47.72291768888889,0.0,1.0,-4146.713053206642,-546.201463074558,GAS,9
1970.0,99.73759024162744,55.55599806856863,0.0,1.0,-4193.191798191308,-431.78475031339093,GAS,9
1980.0,113.39275812496791,62.59610052882888,0.0,1.0,-4250.0,-348.0,GAS,9
1990.0,120.46666666666665,67.22916666666667,0.0,2.0,-4297.082046137781,-294.41864153372006,GAS,10
2000.0,134.7,72.59375,0.0,2.0,-4369.348345972809,-204.73476575809713,GAS,10
2010.0,143.66666666666669,82.2,0.0,2.5,-4417.596238386039,-124.97649874835028,GAS,10
2020.0,153.2,85.0,0.0,3.0,-4471.3666508422175,-13.393736519877756,GAS,10
2030.0,163.0,100.0,0.0,3.0,-4500.840156127258,68.10191349752846,GAS,10
2040.0,167.85,100.0,0.0,3.0,-4514.530503899981,129.38172056093433,GAS,10
2050.0,181.57999999999998,100.0,0.0,3.5,-4534.605740926439,227.62486530995093,GAS,10
2060.0,189.46666666666667,100.0,0.0,4.0,-4555.056337439322,379.2445955305031,GAS,10
2080.0,203.54000000000002,100.0,0.0,4.0,-4565.567159555696,532.283388587006,GAS,10
2090.0,209.20999999999998,100.0,0.0,5.0,-4566.093100658608,626.7017872380516,GAS,10
2100.0,212.875,100.0,0.0,5.0,-4562.36546406607,746.2557923741,GAS,10
2110.0,222.0,100.0,0.0,5.0,-4558.1127630777355,841.3516020936514,GAS,10
2120.0,223.39583466666667,100.0,0.0,5.0,-4556.0,884.0,GAS,10
2130.0,227.47250112,100.0,0.0,5.0,-4549.563957835023,994.5931143490272,GAS,10
2140.0,234.3375008,100.0,0.0,6.0,-4538.902801308712,1128.892687502458,GAS,10
2150.0,238.6750016,100.0,0.0,6.0,-4525.0,1243.0,GAS,10
2160.0,241.0,100.0,0.0,6.0,-4515.4877166305705,1304.5497540114516,GAS,10
2170.0,245.4187504,100.0,0.0,6.0,-4490.827097580009,1433.1742614393543,GAS,10
2190.0,248.93214354285715,100.0,0.0,6.0,-4448.631292194322,1592.2029356013527,GAS,10
2200.0,253.2928585142857,100.0,0.0,6.0,-4402.0,1725.0,GAS,10
2210.0,254.8916672,100.0,0.0,6.0,-4376.917588886296,1780.2563017228401,GAS,11
2220.0,258.0,100.0,0.0,6.0,-4321.951589735826,1887.119576022916,GAS,11
2230.0,260.7,100.0,0.0,6.5,-4252.34168539086,1983.113715003708,GAS,11
2250.0,263.2909090909091,100.0,0.0,7.0,-4107.0,2147.0,GAS,11
2270.0,267.0,100.0,0.0,7.0,-3964.2132626240746,2264.7770828210505,GAS,11
2280.0,268.3875,100.0,0.0,7.0,-3935.0,2289.0,GAS,11
2290.0,270.0,100.0,0.0,7.0,-3924.155670015588,2311.871721353867,GAS,11
2300.0,270.79750794716665,100.0,0.0,7.0,-3644.5,2458.5,GAS,11
2320.0,272.8156256,100.0,0.0,7.0,-3357.514493790736,2585.6470606195453,GAS,11
2330.0,275.0,100.0,0.0,7.0,-3307.0120465909213,2595.8619026079355,GAS,11
2340.0,276.22500053333334,100.0,0.0,7.0,-3185.0,2636.0,GAS,11
2350.0,277.53500032,100.0,0.0,7.0,-3074.9199471919064,2668.977879098279,GAS,11
2380.0,280.93500032,100.0,0.0,7.0,-2820.2162581050707,2745.4181119112022,GAS,11
2390.0,284.47738710274984,100.0,0.0,7.0,-2592.459310713527,2816.734557622328,GAS,11
2410.0,286.0,100.0,0.0,7.0,-2473.749204601002,2855.3007295991715,GAS,11
2420.0,286.1333333333333,100.0,0.0,7.0,-2451.0,2863.0,GAS,11
2440.0,286.9277777777778,100.0,0.0,7.0,-2230.725484427885,2938.54723068049,GAS,12
2450.0,287.0,100.0,0.0,7.0,-2047.015633128935,3004.343047718399,GAS,12
2460.0,287.28333333333336,100.0,0.0,7.0,-1985.0,3027.0,GAS,12
2470.0,288.0,100.0,0.0,7.0,-1852.6364062077598,3076.470259396903,GAS,12
2490.0,288.0,100.0,0.0,7.0,-1708.0,3132.0,GAS,12
2500.0,288.0,100.0,0.0,7.0,-1599.9279997073415,3173.2508264380413,GAS,12
2520.0,288.925,100.0,0.0,7.0,-1498.0,3213.0,GAS,12
2530.0,290.0,100.0,0.0,7.0,-1347.2906701852432,3273.9407221454667,GAS,12
2560.0,290.0,100.0,0.0,7.0,-1034.2434419971207,3406.0461412854047,GAS,12
2580.0,287.0,5.0,1.0,7.0,-897.5597443959875,3465.6845926260253,GAS,12
2590.0,271.6714285714286,2.8857142857142857,1.0,7.0,-816.0,3502.0,GAS,12
2600.0,258.0,1.0,1.0,7.0,-746.4827078743676,3533.227894488407,GAS,12
2610.0,240.0,1.0,1.0,7.0,-646.2760698535026,3578.6813669443272,GAS,12
2620.0,231.0522682181818,0.8556817454545455,1.0,7.0,-584.0,3607.0,GAS,12
2650.0,179.16249774545454,0.018749963636363665,1.0,5.5,-219.97474299586315,3768.7554315679217,GAS,13
2670.0,146.8055537777778,0.0,1.0,3.0,-45.246148160935924,3838.5426866762054,GAS,13
2680.0,127.91666488888889,0.0,1.0,3.0,33.55367743916955,3859.8529230392396,GAS,13
2690.0,118.65,0.0,1.0,2.25,154.88693856655937,3870.946531037396,GAS,13
2700.0,112.0504761904762,0.0,1.0,2.0,250.02990846527223,3854.088717548869,GAS,13
2710.0,106.60436109245828,0.5981309603750201,0.0,2.0,339.0652055084347,3806.2370359073366,GAS,13
2720.0,100.5732083053541,8.230529773895864,0.0,2.0,425.14245767475813,3725.2348926588584,GAS,13
2730.0,100.82229194666667,27.215209919999996,0.0,2.0,467.82561710943736,3663.6575384026546,GAS,13
2740.0,102.59791680000001,42.7833344,0.0,2.0,521.3777167362053,3555.703646477372,GAS,13
2750.0,108.6715483389996,53.34309667799921,0.0,2.0,550.6679233026407,3458.2913222454863,GAS,13
2760.0,111.85,58.53125,0.0,2.0,563.0536794183304,3395.6855748479265,GAS,13
2770.0,118.85,62.90625,0.0,2.0,580.2529107279962,3254.632675966845,GAS,13
2780.0,133.0875,75.1,0.0,2.0,585.9115995329745,3186.062885404486,GAS,13
2790.0,139.81166666666667,82.41333333333334,0.0,2.6666666666666665,596.2052591558169,3074.0924532383183,GAS,13
2800.0,154.26,93.53999999999999,0.0,3.0,611.0,2940.0,GAS,13
2810.0,163.0,100.0,0.0,3.0,619.4271184402028,2870.811760417844,GAS,13
2820.0,170.36,100.0,0.0,3.0,629.9549358638058,2788.8723968218474,GAS,13
2830.0,178.76,100.0,0.0,3.5,643.4278360027606,2691.9846768823063,GAS,13
2840.0,182.65555555555557,100.0,0.0,4.0,658.0,2590.0,GAS,13
2850.0,185.88333333333333,100.0,0.0,4.0,669.4241340575942,2510.0574480552905,GAS,13
2860.0,197.90312640000002,100.0,0.0,4.0,686.5361619622136,2395.9255482058816,GAS,13
2870.0,204.19583360000001,100.0,0.0,5.0,712.5996033878191,2242.3335773294243,GAS,14
2890.0,209.5875008,100.0,0.0,5.0,741.7804536770041,2085.542723373815,GAS,14
2900.0,214.0875008,100.0,0.0,5.0,764.4493971854693,1982.3715278308396,GAS,14
2920.0,222.03375008,100.0,0.0,5.0,823.7933618839263,1751.748488677179,GAS,14
2940.0,222.76750016,100.0,0.0,5.0,869.0,1615.0,GAS,14
2950.0,224.0031256,100.0,0.0,5.0,902.2806814177142,1530.5332832850881,GAS,14
2960.0,226.61666666666667,100.0,0.0,5.0,945.3541476154876,1430.8821481403006,GAS,14
2970.0,228.0,100.0,0.0,5.0,1000.7156442985873,1325.6966362064968,GAS,14
2980.0,228.0,100.0,0.0,5.0,1084.928189328066,1189.8117531424791,GAS,14
2990.0,229.675,100.0,0.0,5.0,1141.011387716172,1104.9235841051986,GAS,14
3010.0,230.0,86.28571428571428,0.0,5.0,1224.7977545610058,1011.0380245134978,GAS,14
3020.0,229.9778393312513,66.8559556531334,0.0,5.0,1326.9385771831708,920.6953812045592,GAS,14
3040.0,228.73684188132376,58.789472228604495,0.0,5.0,1438.0,843.0,GAS,14
3050.0,227.68928548571427,54.15535725714285,0.0,5.0,1541.9096822578763,787.5335018320723,GAS,14
3060.0,226.1178569142857,54.941071542857145,0.0,5.0,1663.575628791296,737.328381222432,GAS,14
3080.0,224.29749952,55.0,0.0,5.0,1776.5,705.0,GAS,14
3090.0,222.8138887111111,54.90694435555555,0.0,5.0,1902.739162421755,680.1092349655827,GAS,15
3110.0,221.0,54.0,0.0,5.0,2100.1149989181663,661.7056815470975,GAS,15
3120.0,219.9079492798797,54.0,0.0,5.0,2153.0,664.0,GAS,15
3130.0,218.0,54.245000000000005,0.0,5.0,2252.222273189798,677.6928980772926,GAS,15
3140.0,218.0,57.99,0.0,5.0,2374.0,706.0,GAS,15
3150.0,217.9227272727273,61.85,0.0,5.0,2570.5850625757757,782.9706339382883,GAS,15
3170.0,217.34545454545454,68.2,0.0,5.0,2633.0,812.0,GAS,15
3180.0,217.24545454545455,75.43636363636364,0.0,5.0,2734.1556620850224,873.0761535029609,GAS,15
3190.0,218.21818181818182,89.05454545454546,0.0,5.0,2844.0,956.0,GAS,15
3200.0,219.0,100.0,0.0,5.0,2919.2543484227517,1032.1499921565498,GAS,15
3210.0,222.1,100.0,0.0,5.0,2972.683795746448,1089.912105623312,GAS,15
3220.0,223.42727272727274,80.77272727272727,0.0,5.0,3071.0,1192.0,GAS,15
3240.0,223.91818181818184,58.68181818181818,0.0,5.0,3182.195796980446,1277.5900263446415,GAS,15
3250.0,221.38888888888889,50.82222222222222,0.0,5.0,3353.0,1372.0,GAS,15
3260.0,219.0,47.0,0.0,5.0,3418.0357711705865,1406.0468274673794,GAS,15
3270.0,216.0,41.0,0.0,5.0,3497.5970837750024,1421.7943020778932,GAS,15
3280.0,215.77499946666666,42.20000284444444,0.0,5.0,3520.0,1425.0,GAS,15
3290.0,214.27499946666666,50.20000284444444,0.0,5.0,3708.0,1449.0,GAS,15
3300.0,213.0,57.0,0.0,5.0,3781.291521601629,1454.8147083976464,GAS,15
3310.0,212.08249984,63.42250112,0.0,5.0,3820.4914619312935,1448.151082979775,GAS,16
3340.0,216.13500032000002,97.20250048,0.0,5.0,4138.946144078653,1389.4477177012282,GAS,16
3350.0,218.18559577805576,100.0,0.0,5.0,4266.360108037745,1339.21325883483,GAS,16
3370.0,220.01949878203922,100.0,0.0,5.0,4494.768329964687,1196.6875424154118,GAS,16
3400.0,222.17000000000002,100.0,0.0,5.0,4683.249193333717,1019.3568509735182,GAS,16
3410.0,223.0,100.0,0.0,5.0,4731.733255188978,968.0747221440392,GAS,16
3420.0,224.8857142857143,100.0,0.0,5.0,4801.823891623339,889.1961571703304,GAS,16
3430.0,226.10723209691486,100.0,0.0,5.0,4869.0,809.0,GAS,16
3450.0,227.7269328641489,100.0,0.0,5.5,4956.544799165949,697.4982705533344,GAS,16
3460.0,230.87000064,100.0,0.0,6.0,5024.5585102637815,610.6603364061154,GAS,16
3470.0,232.63500032,100.0,0.0,6.0,5099.0,519.0,GAS,16
3480.0,233.0,100.0,0.0,6.0,5127.358590267228,485.47197742279764,GAS,16
3490.0,234.72500053333334,100.0,0.0,6.0,5218.0,382.0,GAS,16
3510.0,236.9833336888889,100.0,0.0,6.0,5383.571729329379,193.35185556318766,GAS,16
3530.0,239.69583360000001,100.0,0.0,6.0,5524.134372118473,31.044329038531014,GAS,17
3540.0,240.70752112177897,100.0,0.0,6.0,5597.0,-49.0,GAS,17
3560.0,241.96657382211498,100.0,0.0,6.0,5698.694083984575,-162.00744994044095,GAS,17
3570.0,242.975,100.0,0.0,6.0,5806.746242880416,-283.09752770161913,GAS,17
3580.0,245.0,100.0,0.0,6.0,5883.121885856995,-369.5552881361727,GAS,17
3590.0,244.71666666666667,72.23333333333333,0.0,6.0,5912.0,-402.0,GAS,17
3600.0,244.10833333333335,12.616666666666667,0.5,6.0,5976.49836158841,-474.6935087918248,GAS,17
3610.0,232.0,0.83,1.0,6.0,6123.168237841928,-646.139241207039,GAS,17
3620.0,232.0,0.0,1.0,5.0,6184.964313434577,-716.0356751560787,GAS,17
3630.0,232.0,0.0,1.0,5.0,6207.135339481744,-741.0209751692831,GAS,17
3640.0,222.65,0.0,1.0,5.0,6226.0,-767.0,GAS,17
3650.0,197.6,0.0,1.0,4.0,6327.971938413161,-916.535687597796,GAS,17
3660.0,192.0,0.0,1.0,4.0,6377.335183216416,-996.9944084254159,GAS,17
3670.0,187.725,0.0,0.5,4.0,6388.343808327088,-1040.6743130114808,GAS,17
3680.0,183.35357074285713,0.8821430857142857,0.0,4.0,6426.0,-1224.0,GAS,17
3690.0,183.0,1.0,0.0,4.0,6428.226674120113,-1239.2329196327184,GAS,17
3700.0,176.03333262222222,31.479169777777777,0.0,4.0,6420.07007025086,-1359.6568988975835,GAS,17
3710.0,172.86041653333334,40.53541813333334,0.0,4.0,6385.815760500023,-1517.8449926998064,GAS,17
3720.0,172.0,50.0,0.0,4.0,6359.6192778471595,-1603.6351285336518,GAS,17
3730.0,172.9729168,59.729168,0.0,4.0,6326.794954200213,-1668.324804340556,GAS,17
3740.0,175.7833344,64.63889066666667,0.0,4.0,6289.0,-1738.0,GAS,17
3750.0,179.1687504,70.05625013333334,0.0,4.0,6231.167576017346,-1821.5833698236565,GAS,18
3770.0,182.35,71.11666666666666,0.0,4.0,6145.0,-1921.0,GAS,18
3780.0,185.23333333333335,72.11666666666667,0.0,4.0,6057.902981607633,-1994.8946191971627,GAS,18
3790.0,188.46666666666667,73.73333333333333,0.0,4.0,5971.0,-2046.0,GAS,18
3800.0,191.3847430744124,75.96185768603097,0.0,4.0,5881.996386300223,-2084.490707390068,GAS,18
3810.0,193.0,80.0,0.0,4.0,5804.3446633754065,-2110.485793336291,GAS,18
3820.0,198.2020848,89.458336,0.0,4.0,5697.0,-2138.0,GAS,18
3830.0,203.85104239999998,99.729168,0.0,4.0,5498.051579519236,-2176.7176408731757,GAS,18
3850.0,210.19625087999998,100.0,0.0,5.0,5408.014094958664,-2190.786257308186,GAS,18
3860.0,216.89250176,100.0,0.0,5.0,5280.0,-2208.0,GAS,18
3870.0,220.23500031999998,100.0,0.0,5.0,5193.01842163488,-2215.8788112584725,GAS,18
3890.0,223.73500031999998,100.0,0.0,5.0,4975.917158864552,-2225.439836706718,GAS,18
3900.0,227.968752,100.0,0.0,5.0,4878.0,-2228.0,GAS,18
3920.0,235.3442214772353,100.0,0.0,5.0,4676.960231884392,-2234.503453737026,GAS,18
3930.0,239.0,100.0,0.0,6.0,4579.414692233386,-2238.4067134655793,GAS,18
3940.0,243.0,100.0,0.0,6.0,4493.163525638427,-2243.434293667627,GAS,18
3950.0,244.68,100.0,0.0,6.0,4379.0,-2251.0,GAS,18
3960.0,245.0,100.0,0.0,6.0,4349.738987471798,-2252.928243579551,GAS,18
3970.0,248.88,100.0,0.0,6.0,4160.665745125472,-2265.276698247563,GAS,19
3990.0,253.875,100.0,0.0,6.0,4050.010821302283,-2272.2009896155614,GAS,19
4010.0,255.56666666666666,100.0,0.0,6.0,3830.9976254549338,-2287.359549621022,GAS,19
4020.0,258.9,100.0,0.0,6.0,3678.6556266569223,-2296.250201009145,GAS,19
4040.0,261.72142857142853,100.0,0.0,6.0,3497.558366891336,-2307.2156092670316,GAS,19
4050.0,263.0571428571429,100.0,0.0,6.0,3365.0,-2316.0,GAS,19
4060.0,264.0,100.0,0.0,6.0,3274.8073908728193,-2323.384352977324,GAS,19
4070.0,264.35,100.0,0.0,6.0,3255.0,-2325.0,GAS,19
4080.0,266.6687504,100.0,0.0,6.0,3106.2069149128183,-2337.1329110467814,GAS,19
4100.0,267.2203128,100.0,0.0,6.0,2873.942650990153,-2360.139477684037,GAS,19
4120.0,269.9390628,100.0,0.0,6.0,2710.002355722053,-2377.4035455681596,GAS,19
4140.0,270.85468760000003,56.4109324,0.5,6.0,2508.9042641479386,-2397.409408552583,GAS,19
4160.0,250.29642605714287,4.769637485714288,1.0,6.0,2271.2241698983416,-2423.883747749249,GAS,19
4170.0,238.0,1.0,1.0,6.0,2095.8280952683303,-2445.366602055081,GAS,19
4180.0,234.06048798530688,0.9039143411050456,1.0,6.0,2075.0,-2448.0,GAS,19
4190.0,194.99749132872319,0.0,1.0,6.0,1966.7203169386646,-2462.834427179693,GAS,20
4200.0,172.5438581182784,0.0,1.0,6.0,1839.0,-2479.0,GAS,20
4210.0,160.53333333333333,0.0,1.0,4.0,1753.2735561897389,-2490.903203076211,GAS,20
4220.0,155.0,0.0,1.0,3.0,1668.6986864210335,-2504.4054335052074,GAS,20
4230.0,136.6,0.0,1.0,3.0,1575.0693136055067,-2521.0829916134617,GAS,20
4240.0,114.69458953310863,0.0,1.0,2.3333333333333335,1477.9199545395475,-2543.007049426047,GAS,20
4250.0,97.28833233777777,0.0,1.0,2.0,1365.502294456603,-2581.3004027167335,GAS,20
4260.0,88.96499968,0.0,0.6666666666666666,1.0,1261.160775397452,-2653.285928260983,GAS,20
4270.0,82.91018453333334,0.9907413333333333,0.0,1.0,1233.4917122049685,-2703.853538824273,GAS,20
4280.0,77.38474435539112,14.028002489793238,0.0,1.0,1225.691429784563,-2799.10328714217,GAS,20
4290.0,77.49583333333334,31.454166666666666,0.0,1.0,1258.860169618102,-2891.8148541038627,GAS,20
4300.0,82.86,43.480000000000004,0.0,1.0,1341.2689279070114,-2989.384028638258,GAS,20
4310.0,86.63333333333333,48.56666666666666,0.0,1.0,1377.4128227600113,-3017.2421069925986,GAS,20
4330.0,107.73214354285714,67.12500053333333,0.0,1.0,1590.339360587065,-3148.99473125995,GAS,20
4340.0,120.45000106666667,75.50416746666667,0.0,2.0,1750.8959894172137,-3243.0033026840792,GAS,20
4350.0,132.57968879999999,81.8015624,0.0,2.0,1824.1470231972608,-3287.5680211106837,GAS,20
4360.0,142.32968879999999,81.0515624,0.0,2.5,1943.668381439615,-3366.414653766802,GAS,20
4370.0,147.39583466666667,80.0,0.0,3.0,2012.580511346208,-3421.5515598353322,GAS,20
4380.0,157.30500096,79.34749952,0.0,3.0,2084.584225060492,-3492.2811584193323,GAS,20
4390.0,163.6849101749631,75.73631736877768,0.0,3.0,2150.01986230385,-3575.954293590934,GAS,20
4400.0,168.5,74.0,0.0,3.5,2195.625114403573,-3652.9395887900523,GAS,20
4410.0,171.0,76.31,0.0,4.0,2239.422903733689,-3762.776856395154,GAS,21
4420.0,177.11,82.17,0.0,4.0,2271.0,-3891.0,GAS,21
4430.0,184.0,88.0,0.0,4.0,2286.0794176589743,-3977.8354101763657,GAS,21
4440.0,185.72614153723262,98.35684922339564,0.0,4.0,2292.0,-4085.0,GAS,21
4450.0,187.15972266666665,100.0,0.0,4.0,2292.734004332982,-4173.4331973487615,GAS,21
4470.0,191.0,100.0,0.0,4.0,2290.416274878048,-4315.580928502943,GAS,21
4480.0,196.3479168,100.0,0.0,4.0,2263.918200253957,-4444.566564167205,GAS,21
4490.0,197.13500032,100.0,0.0,4.0,2240.0,-4553.0,GAS,21
4500.0,198.0,100.0,0.0,4.0,2217.055125369416,-4639.500768161055,GAS,21
4510.0,202.13500032000002,100.0,0.0,4.0,2191.235253137783,-4707.013363568267,GAS,21
4520.0,203.98749988571427,98.89998994285713,0.0,4.0,2153.72724895181,-4807.153954759173,GAS,21
4530.0,203.13035702857144,23.471418514285716,0.5,4.0,2100.612132742919,-4927.12891399414,GAS,21
4540.0,194.031248,5.7218736,1.0,4.0,2052.8936785768165,-5019.605602355379,GAS,21
4550.0,181.91071085714285,2.7821421714285712,1.0,4.0,1993.0,-5119.0,GAS,21
4560.0,174.7924527795578,2.0,1.0,3.0,1915.9496490538086,-5224.007955788266,GAS,21
4570.0,166.0,2.0,1.0,3.0,1848.2667241825106,-5311.045686959014,GAS,21
4580.0,158.45714285714286,0.11428571428571421,1.0,3.0,1802.123440734243,-5358.93805579476,GAS,21
4590.0,156.65714285714284,0.0,1.0,3.0,1741.0,-5416.0,GAS,21
4600.0,153.65,0.0,1.0,3.0,1666.1528218343528,-5461.412105000638,GAS,21
4610.0,147.0,0.0,0.0,3.0,1568.4911573414315,-5499.22239956822,GAS,21
4620.0,141.79999999999998,5.688888888888889,0.0,3.0,1498.5755925503174,-5506.710165515998,GAS,21
4630.0,139.36818181818182,35.06818181818181,0.0,3.0,1396.672314506263,-5507.160702782108,GAS,22
4640.0,141.95568203636364,56.630683636363635,0.0,3.0,1247.9088763105042,-5479.446202409766,GAS,22
4650.0,143.27000064,54.45999872,0.0,3.0,1158.0,-5442.0,GAS,22
4660.0,146.0,48.66499968,0.0,3.0,1083.619710210065,-5400.893388411618,GAS,22
4670.0,147.67000064,52.84500224,0.0,3.0,1011.3298423730146,-5346.340470478726,GAS,22
4680.0,152.54000128,69.89000448,0.0,3.0,930.0,-5275.0,GAS,22
4690.0,158.02500124444444,82.18750222222222,0.0,3.0,858.7619740951336,-5209.844128004908,GAS,22
4700.0,168.0,100.0,0.0,3.0,771.5774950342243,-5130.982973008719,GAS,22
4710.0,172.6,100.0,0.0,3.5,721.9375805474077,-5086.4518322485055,GAS,22
4720.0,173.0,100.0,0.0,4.0,639.0000098487686,-5012.08488364265,GAS,22
4730.0,179.4,100.0,0.0,4.0,594.0,-4972.0,GAS,22
4750.0,203.83636363636364,100.0,0.0,4.0,459.080946241634,-4850.501795656601,GAS,22
4760.0,208.85,100.0,0.0,4.5,414.5000829710243,-4809.647638825269,GAS,22
4770.0,219.0,100.0,0.0,5.0,349.2686133621939,-4752.599503679007,GAS,22
4780.0,222.62857325714285,100.0,0.0,5.0,293.0,-4703.0,GAS,22
4790.0,227.0,100.0,0.0,5.0,193.08977081345677,-4613.817919945737,GAS,22
4800.0,231.3375008,100.0,0.0,5.0,93.38988694117032,-4524.496590121631,GAS,22
4820.0,235.4785718857143,100.0,0.0,5.5,12.339934367208741,-4451.832918104134,GAS,22
4840.0,240.8545466181818,100.0,0.0,6.0,-140.0,-4315.0,GAS,22
4850.0,244.35250048,100.0,0.0,6.0,-231.47136638504895,-4233.044063242174,GAS,23
4860.0,247.0,100.0,0.0,6.0,-372.0964537348773,-4106.609641062811,GAS,23
4870.0,247.3916672,100.0,0.0,6.0,-404.0,-4078.0,GAS,23
4880.0,249.0,100.0,0.0,6.0,-465.78848895937733,-4023.7095814210197,GAS,23
4890.0,249.23928594285715,96.88928274285715,0.0,6.0,-487.0,-4006.0,GAS,23
4900.0,249.97678582857142,87.30178422857142,0.0,6.0,-591.6435547183123,-3922.344472172053,GAS,23
4910.0,250.0,74.49860519244922,0.0,6.0,-703.0,-3850.0,GAS,23
4930.0,249.51999999999998,62.04,0.0,6.0,-845.7066276781429,-3779.2147593580576,GAS,23
4950.0,247.345,57.69,0.0,6.0,-1054.2657496153656,-3727.4097904699884,GAS,23
4970.0,246.03,59.91,0.0,6.0,-1297.8412989889466,-3713.802455755981,GAS,23
4990.0,243.15,63.8,0.0,6.0,-1420.012694516101,-3727.5679186155826,GAS,23
5000.0,243.0,79.12,0.0,6.0,-1629.0,-3784.0,GAS,23
5020.0,243.0,100.0,0.0,6.0,-1800.691826562133,-3847.590210917422,GAS,23
5030.0,243.0,100.0,0.0,6.0,-1875.5666607885726,-3894.612404452629,GAS,23
5040.0,243.7229168,100.0,0.0,6.0,-1954.522016811297,-3940.1911474505187,GAS,23
5060.0,244.96750016,100.0,0.0,6.0,-2095.934946769019,-4014.947811618952,GAS,23
5070.0,245.28125066666666,100.0,0.0,6.0,-2233.975642627387,-4079.5218310684304,GAS,24
5090.0,249.44791733333335,100.0,0.0,6.0,-2359.0650533837415,-4124.963077573637,GAS,24
5110.0,250.0,100.0,0.0,6.0,-2639.8060787536847,-4186.856718356156,GAS,24
5130.0,251.0,100.0,0.0,6.0,-2776.6056227815066,-4200.294751128103,GAS,24
5140.0,250.25694435555556,100.0,0.0,6.0,-2884.935773014171,-4197.024976922604,GAS,24
5150.0,245.14,65.97999999999999,0.0,6.0,-2996.0,-4189.0,GAS,24
5160.0,241.0,37.0,1.0,6.0,-3056.6259394201165,-4180.959774572027,GAS,24
5170.0,233.95,17.025,1.0,6.0,-3181.0,-4158.0,GAS,24
5180.0,227.04986115011388,2.634348965646354,1.0,6.0,-3288.0709363683413,-4131.953952390481,GAS,24
5190.0,218.00830830064191,0.939057806370359,1.0,6.0,-3405.0,-4097.0,GAS,24
5200.0,213.0,0.0,1.0,5.0,-3467.0768616025375,-4073.5613794208166,GAS,24
5210.0,195.79999817142857,0.0,1.0,4.0,-3571.341179129722,-4024.8781741225566,GAS,24
5220.0,181.5142838857143,0.0,1.0,4.0,-3679.864687144212,-3958.562061749349,GAS,24
5230.0,174.2678537142857,0.0,1.0,4.0,-3733.0,-3920.0,GAS,24
5240.0,162.14249856,0.0,1.0,3.0,-3814.5433634486963,-3847.87702831315,GAS,24
5250.0,154.49531159999998,0.0,1.0,3.0,-3867.6541279223247,-3791.9479925965443,GAS,24
5260.0,146.24062320000002,0.0,1.0,3.0,-3959.0612163241667,-3664.207425769545,GAS,24
5270.0,138.0,0.0,1.0,3.0,-3992.6310603755455,-3606.517220054866,GAS,24
5280.0,127.27499946666667,0.0,1.0,2.0,-4026.7282567432903,-3517.687480263857,GAS,24
5290.0,116.69499904000001,0.0,1.0,2.0,-4047.299271943208,-3361.0453102702327,GAS,25
5300.0,111.0,0.0,0.0,2.0,-4043.07355198422,-3249.530526600618,GAS,25
5320.0,103.06666666666666,0.0,0.0,2.0,-3962.7754641544534,-3103.5900017505237,GAS,25
5330.0,103.0,35.57272727272727,0.0,2.0,-3882.9161528776804,-3022.549336745312,GAS,25
5340.0,104.925,44.925,0.0,2.0,-3839.734846941459,-2992.2145748643266,GAS,25
5350.0,112.02142925714286,55.03607218285714,0.0,2.0,-3722.812982638159,-2937.101111379577,GAS,25
5360.0,117.6687504,62.73875104,0.0,2.0,-3633.424677739954,-2907.783793579484,GAS,25
5370.0,121.5437504,72.81375104,0.0,2.0,-3534.368227541723,-2883.776260730233,GAS,25
5380.0,132.0343776,75.5437504,0.0,2.0,-3474.412534317101,-2869.965413782321,GAS,25
5390.0,138.87000064,81.80500096,0.0,2.0,-3388.5042638363184,-2851.475585458369,GAS,25
5400.0,154.5921892,93.9234388,0.0,2.5,-3266.42324987004,-2826.797695490713,GAS,25
5410.0,166.15238095238095,98.90476190476191,0.0,3.0,-3169.405527133043,-2808.364549485612,GAS,25
5420.0,175.71428571428572,100.0,0.0,3.0,-3060.0,-2788.0,GAS,25
5430.0,182.6,100.0,0.0,4.0,-2984.6733158388774,-2774.473401744731,GAS,25
5440.0,192.5311215352356,100.0,0.0,4.0,-2894.0401235458785,-2758.6720660491856,GAS,25
5450.0,201.0,100.0,0.0,4.0,-2788.6603337014344,-2741.594106440688,GAS,25
5460.0,205.00714422857143,100.0,0.0,4.0,-2619.0,-2716.0,GAS,25
5470.0,207.0,100.0,0.0,5.0,-2573.4451775828543,-2708.967229363018,GAS,25
5480.0,218.76964434285713,100.0,0.0,5.0,-2499.2042425617383,-2696.7999110869036,GAS,25
5490.0,224.46428342857143,100.0,0.0,5.0,-2395.6137767378996,-2680.4434563204086,GAS,25
0.0,218.82142857142856,100.0,0.0,5.0,-2474.9538673435372,-2693.375519513426,PER,1
10.0,225.7458352,100.0,0.0,5.0,-2347.3380250345763,-2673.759335083733,PER,1
20.0,230.640628,100.0,0.0,5.0,-2246.1668725717727,-2657.4917017096095,PER,1
40.0,235.2437488,100.0,0.0,6.0,-2111.215532044328,-2635.6725529530877,PER,1
50.0,242.9874976,100.0,0.0,6.0,-1974.0,-2614.0,PER,1
60.0,247.0,100.0,0.0,6.0,-1896.601133114283,-2601.6282621946057,PER,1
70.0,250.640628,100.0,0.0,6.0,-1728.0,-2574.0,PER,1
80.0,252.0,100.0,0.0,6.0,-1674.7881818670212,-2564.922615518857,PER,1
90.0,256.99499904,100.0,0.0,6.0,-1559.6800839533487,-2545.2207039522646,PER,1
110.0,263.0,100.0,0.0,6.0,-1251.697410319591,-2494.049094642409,PER,1
120.0,264.15500672,100.0,0.0,6.0,-1227.0,-2490.0,PER,1
130.0,270.0,100.0,0.0,7.0,-1141.220210894512,-2476.1435735659375,PER,1
140.0,273.2437488,100.0,0.0,7.0,-1063.0,-2463.0,PER,1
150.0,276.0,100.0,0.0,7.0,-956.7649545484414,-2444.14431516062,PER,1
160.0,278.3749988571429,100.0,0.0,7.0,-851.0,-2426.0,PER,1
170.0,279.8035702857143,100.0,0.0,7.0,-789.0,-2416.0,PER,1
180.0,281.0,100.0,0.0,7.0,-723.4370152068734,-2404.951447235498,PER,1
190.0,284.61506393571506,100.0,0.0,7.0,-470.1026446263958,-2360.921861948589,PER,1
220.0,289.82727447272725,100.0,0.0,7.0,-160.0,-2309.0,PER,1
230.0,291.0,100.0,0.0,7.0,-92.264483211803,-2296.70911526567,PER,2
260.0,296.9500010666667,100.0,0.0,7.0,202.5533667217381,-2240.526629253198,PER,2
290.0,300.78333226666666,100.0,0.0,7.0,511.7013339407477,-2185.1100435380054,PER,2
310.0,304.0,100.0,0.0,8.0,636.5181687959105,-2162.6972991077623,PER,2
320.0,305.0,100.0,0.0,8.0,721.4783878499966,-2147.0820721444056,PER,2
330.0,306.1166656,100.0,0.0,8.0,813.0,-2130.0,PER,2
340.0,307.2125008,100.0,0.0,8.0,915.461526052301,-2110.737764921746,PER,2
350.0,309.0,100.0,0.0,8.0,1036.8813900395776,-2087.844950119679,PER,2
360.0,309.405171862069,100.0,0.0,8.0,1116.0,-2073.0,PER,2
450.0,313.8922416551724,100.0,0.0,8.0,2003.0,-1911.0,PER,3
460.0,314.0,100.0,0.0,8.0,2026.282205572321,-1906.601355604876,PER,3
470.0,314.0,100.0,0.0,8.0,2215.897302223429,-1870.9195605628372,PER,3
480.0,313.87544458373117,100.0,0.0,8.0,2249.0,-1865.0,PER,3
500.0,313.0462631279745,100.0,0.0,8.0,2463.3262559632685,-1829.1469439266882,PER,3
510.0,313.0,100.0,0.0,8.0,2621.0,-1804.0,PER,3
520.0,312.86499968,100.0,0.0,8.0,2700.7524658141665,-1792.390616817038,PER,3
540.0,312.0,100.0,0.0,8.0,2849.1788726520867,-1769.270743710823,PER,3
550.0,311.16750016000003,100.0,0.0,8.0,2991.707445215106,-1746.5883185578045,PER,3
560.0,310.33500032,91.35500416,0.0,8.0,3134.0,-1725.0,PER,3
570.0,310.0,87.0,0.0,8.0,3190.6031482579956,-1716.1914329233828,PER,3
580.0,308.0437488,1.903072800000004,0.5,8.0,3320.877032216493,-1695.5465795082837,PER,3
600.0,292.647712,0.0,1.0,8.0,3478.0,-1671.0,PER,3
610.0,278.32955054545454,0.0,1.0,8.0,3614.0,-1650.0,PER,3
620.0,273.0,0.0,1.0,8.0,3672.6571594659918,-1641.0214681133496,PER,3
630.0,242.55624160000002,0.0,1.0,7.0,3871.640140174471,-1610.850739372136,PER,3
650.0,223.0,0.0,1.0,6.0,3987.4884102508545,-1593.954853948783,PER,3
660.0,215.13999616,0.0,1.0,6.0,4059.5029561725737,-1583.7831541690935,PER,3
670.0,189.7000064,0.0,1.0,6.0,4195.0,-1562.0,PER,4
680.0,170.1749952,0.0,1.0,5.0,4339.817191555809,-1531.2810143714983,PER,4
690.0,163.0,0.0,1.0,4.0,4410.06758696227,-1514.933760247223,PER,4
700.0,143.0551410437869,0.0,1.0,3.5,4497.549611047835,-1489.5044261975822,PER,4
710.0,130.69999725714285,0.0,1.0,3.0,4575.131213631055,-1460.5110694073371,PER,4
720.0,118.39666389333333,0.0,1.0,2.3333333333333335,4657.143113731602,-1408.5810025647306,PER,4
730.0,111.85999872,0.0,1.0,2.0,4721.525276877854,-1342.768138270183,PER,4
740.0,102.25852055703704,0.8648146962962963,0.3333333333333333,2.0,4769.883020519838,-1251.7812407311494,PER,4
750.0,95.73571382857142,1.4214287238095238,0.0,2.0,4796.355927630849,-1131.1133871633538,PER,4
760.0,91.1625008,3.8916661333333336,0.0,2.0,4795.262892348987,-1033.155194572526,PER,4
770.0,88.07666645333332,8.180000426666666,0.0,2.0,4758.335496281471,-902.2946558714125,PER,4
780.0,85.9107142095238,10.27380998095238,0.0,2.0,4720.90167366526,-845.7024533361315,PER,4
790.0,85.9218752,20.0703136,0.0,2.0,4629.395373176323,-764.9246503043447,PER,4
800.0,88.25500095999999,32.0,0.0,2.0,4540.033750703722,-724.5444931283919,PER,4
810.0,93.60547,41.900786,0.0,2.0,4451.308983990482,-713.3227466519055,PER,4
820.0,98.4046884,57.4125024,0.0,2.0,4376.666922859975,-711.5134020066732,PER,4
830.0,110.30267893333333,61.410119466666664,0.0,2.0,4283.5357604362825,-714.2303422093395,PER,4
840.0,119.7062512,68.5500032,0.0,2.0,4197.083260070268,-719.5836620620763,PER,4
850.0,127.8468792,77.86875359999999,0.0,2.0,4116.713855157486,-726.1171658074188,PER,4
860.0,138.88906120000001,81.5812496,0.0,3.0,4020.752673042761,-735.2253671201258,PER,4
870.0,149.8578164,84.9562512,0.0,3.0,3910.0299405273568,-747.2289673161633,PER,4
880.0,161.77499946666669,100.0,0.0,3.0,3763.908012955339,-764.6201545696068,PER,4
900.0,182.19843559999998,100.0,0.0,3.5,3613.073121384815,-780.8120900585756,PER,5
910.0,190.2601938537542,100.0,0.0,4.0,3454.0,-795.0,PER,5
920.0,195.0,100.0,0.0,4.0,3391.1678417472485,-800.7194573592301,PER,5
930.0,202.26249760000002,100.0,0.0,4.0,3322.917047693407,-806.7635566152522,PER,5
940.0,211.5249952,100.0,0.0,4.0,3181.0,-818.0,PER,5
950.0,214.0,100.0,0.0,5.0,3122.8241301111484,-822.9392013309379,PER,5
960.0,219.79999573333333,100.0,0.0,5.0,2962.0,-837.0,PER,5
970.0,226.0,100.0,0.0,5.0,2886.2235502130284,-843.6574787947676,PER,5
980.0,230.4666624,100.0,0.0,5.0,2835.0,-848.0,PER,5
1000.0,241.90000213333332,100.0,0.0,5.5,2582.0365842308743,-869.1684560334761,PER,5
1020.0,248.9250016,100.0,0.0,6.0,2419.992080636845,-883.4945192436019,PER,5
1040.0,255.60999808,100.0,0.0,6.0,2256.6113300663606,-897.7917504081566,PER,5
1050.0,257.97000063999997,100.0,0.0,6.0,2105.840712149484,-910.177359541851,PER,5
1060.0,263.0,100.0,0.0,7.0,1987.3997181485993,-920.0907046204336,PER,5
1070.0,263.4083296,100.0,0.0,7.0,1977.0,-921.0,PER,5
1080.0,270.149254415683,100.0,0.0,7.0,1795.2032858105608,-937.4621430593505,PER,5
1100.0,274.38709760295967,100.0,0.0,7.0,1597.2026048427515,-953.7531059874128,PER,5
1120.0,278.3750006857143,100.0,0.0,7.0,1305.7087821437603,-978.635674795283,PER,6
1140.0,284.0,100.0,0.0,7.0,1158.0889900228678,-991.6522877592577,PER,6
1150.0,286.6177302369383,100.0,0.0,7.0,1087.0,-998.0,PER,6
1170.0,291.0,100.0,0.0,7.0,907.6584834287939,-1013.9116321014585,PER,6
1180.0,291.81000192,100.0,0.0,7.0,862.0,-1018.0,PER,6
1190.0,294.6937512,100.0,0.0,7.0,712.2949105594042,-1031.437916752463,PER,6
1200.0,297.0,100.0,0.0,7.0,617.2973959957508,-1039.4766366208344,PER,6
1210.0,297.9125024,100.0,0.0,7.0,551.0,-1045.0,PER,6
1220.0,300.6624992,100.0,0.0,7.0,285.0,-1068.0,PER,6
1230.0,301.0,100.0,0.0,8.0,262.5531014700868,-1069.9728001679641,PER,6
1250.0,302.8321435428571,100.0,0.0,8.0,133.6768011652568,-1081.5328542739655,PER,6
1270.0,306.0,100.0,0.0,8.0,-143.94178056425972,-1105.8491658260414,PER,6
1280.0,306.56785645714285,100.0,0.0,8.0,-203.0,-1111.0,PER,6
1300.0,309.0,100.0,0.0,8.0,-436.2837082606355,-1131.2988028939626,PER,6
1310.0,309.6178569142857,100.0,0.0,8.0,-580.0,-1144.0,PER,6
1320.0,310.0,100.0,0.0,8.0,-649.729178714998,-1150.3610521288315,PER,6
1340.0,311.11041653333336,100.0,0.0,8.0,-801.8685977566729,-1164.3357040689011,PER,7
1360.0,312.05892891428573,100.0,0.0,8.0,-996.8745973573716,-1180.8071251570595,PER,7
1380.0,312.9750006857143,100.0,0.0,8.0,-1219.0,-1200.0,PER,7
1390.0,313.0,100.0,0.0,8.0,-1226.847010245573,-1200.6890493607752,PER,7
1410.0,312.08392822857144,100.0,0.0,8.0,-1530.3834825200859,-1227.5630373701865,PER,7
1430.0,312.0,100.0,0.0,8.0,-1668.3561922726922,-1240.0269560843956,PER,7
1450.0,312.0,100.0,0.0,8.0,-1882.1067857567086,-1258.6640088618951,PER,7
1460.0,311.26500032,100.0,0.0,8.0,-2023.2249130817722,-1270.9356510487514,PER,7
1480.0,311.0,100.0,0.0,8.0,-2174.437436051193,-1284.1187941643852,PER,7
1490.0,310.4516123408488,100.0,0.0,8.0,-2287.0,-1294.0,PER,7
1500.0,310.0,100.0,0.0,8.0,-2397.9304175184466,-1303.7592770611698,PER,7
1510.0,309.73000064,100.0,0.0,8.0,-2447.0,-1308.0,PER,7
1520.0,309.0,100.0,0.0,8.0,-2583.01629184664,-1319.488420335766,PER,7
1530.0,309.0,100.0,0.0,8.0,-2726.0,-1332.0,PER,7
1540.0,309.0,100.0,0.0,8.0,-2751.751697910879,-1334.265119896769,PER,7
1560.0,307.0928576,100.0,0.0,8.0,-3044.7597946924943,-1360.0453159364647,PER,8
1590.0,306.1027744,97.63888,0.0,8.0,-3275.9734642768985,-1380.9280712424975,PER,8
1640.0,269.0,0.0,1.0,8.0,-3939.4341071951767,-1438.4396316213292,PER,8
1650.0,262.89285302857144,0.0,1.0,8.0,-4003.0,-1444.0,PER,8
1660.0,251.0,0.0,1.0,7.0,-4089.1432491910145,-1451.690383115757,PER,8
1670.0,225.32499583999999,0.0,1.0,7.0,-4156.90771183547,-1458.0878662547486,PER,8
1680.0,207.4999936,0.0,1.0,7.0,-4228.0,-1465.0,PER,8
1690.0,199.91700923937174,0.0,1.0,5.0,-4288.610045373943,-1470.5794165666366,PER,8
1700.0,191.0,0.0,1.0,5.0,-4371.967644729891,-1477.958243401924,PER,8
1710.0,178.6499968,0.0,1.0,5.0,-4454.623950325864,-1483.8187641990912,PER,8
1720.0,165.89999360000002,0.0,1.0,4.0,-4570.667733526759,-1486.9647056149938,PER,8
1730.0,149.0770856888889,0.0,1.0,3.3333333333333335,-4685.777966089856,-1484.5457075272677,PER,8
1740.0,136.11666773333332,0.0,1.0,3.0,-4797.980719247157,-1474.2646375273446,PER,8
1750.0,126.74444231111111,0.0,1.0,2.3333333333333335,-4915.477816658942,-1439.108680162598,PER,8
1760.0,115.39375093333334,0.0,1.0,2.0,-4976.328871579317,-1401.1322194949535,PER,8
1770.0,105.82832981333333,0.0,1.0,2.0,-5049.92117959137,-1321.752559431114,PER,9
1780.0,94.8375008,0.7906248,1.0,2.0,-5109.015594285111,-1217.2137610693267,PER,9
1790.0,88.57638933333334,1.9638890666666668,1.0,1.0,-5120.812332503115,-1161.5372496699174,PER,9
1800.0,79.68139655691769,0.19821462857142857,0.5,1.0,-5118.3055619417155,-1034.9234334205848,PER,9
1810.0,72.93437560000001,3.4812456000000003,0.0,1.0,-5101.339640135372,-960.670954240908,PER,9
1820.0,72.14839188571429,30.82892905142857,0.0,1.0,-5049.051732741117,-879.6377102824342,PER,9
1830.0,79.05000045714286,42.6750016,0.0,1.0,-4964.1103293685155,-811.1656244411579,PER,9
1840.0,90.03999999999999,46.0,0.0,1.0,-4844.746445478518,-786.7108193414226,PER,9
1850.0,96.26666638222223,47.38333347555556,0.0,1.6666666666666667,-4682.697947340607,-822.1272159284312,PER,9
1860.0,102.68750080000001,33.20312,0.0,2.0,-4604.943148334874,-854.8174803534991,PER,9
1870.0,104.85677,0.0,1.0,2.0,-4508.406750359859,-884.6972524263931,PER,9
1880.0,94.37976699322599,0.0,1.0,2.0,-4385.676210775319,-908.118526516806,PER,9
1890.0,85.66428525714286,0.0,0.6666666666666666,2.0,-4291.927365742378,-906.0807230252394,PER,9
1900.0,79.96999936,0.8583338666666666,0.0,2.0,-4206.944363543743,-856.7012797042208,PER,9
1910.0,74.9083328,1.6666666666666667,0.0,2.0,-4159.153917797108,-777.5598757869678,PER,9
1920.0,72.62791690666667,11.092499839999999,0.0,2.0,-4142.523093769723,-687.6618060807289,PER,9
1930.0,76.81512085333334,30.158694613333335,0.0,2.0,-4141.61745724051,-578.3756147369114,PER,9
1940.0,83.9125024,42.82125216,0.0,2.0,-4161.319802697202,-493.2779276946463,PER,9
1950.0,93.64305457777778,51.93916565333333,0.0,2.0,-4211.253163755951,-400.2927178626035,PER,9
1960.0,104.02510655952517,61.21757459166761,0.0,2.0,-4269.52054519031,-325.57675273309775,PER,9
1970.0,114.62083146666666,72.5124976,0.0,2.0,-4333.500901501406,-251.46390208747164,PER,9
1980.0,121.0,86.23333546666667,0.0,2.0,-4411.138568251882,-140.43828107509054,PER,9
1990.0,140.218756,90.4437512,0.0,2.0,-4442.0,-80.0,PER,10
2000.0,150.03500352,92.18500032,0.0,3.0,-4474.088451564738,-3.3450667338187756,PER,10
2010.0,162.8500032,95.2458352,0.0,3.0,-4506.93672051274,99.10645518350233,PER,10
2020.0,172.66500288,100.0,0.0,4.0,-4527.713192078991,190.401102404899,PER,10
2030.0,180.0,100.0,0.0,4.0,-4541.300714485727,269.6336185891775,PER,10
2040.0,188.79999999999998,100.0,0.0,4.0,-4556.99885315791,400.5355347905817,PER,10
2060.0,197.63541759999998,100.0,0.0,4.5,-4566.069947985525,559.270114857711,PER,10
2070.0,202.6406264,100.0,0.0,5.0,-4563.6727784571285,709.9997212827443,PER,10
2080.0,208.0,100.0,0.0,5.0,-4561.496346833876,776.9673093063267,PER,10
2090.0,210.96250048000002,100.0,0.0,5.0,-4556.916493466446,865.5040261975445,PER,10
2110.0,218.71191272454962,100.0,0.0,5.0,-4538.013859778883,1143.8010689926132,PER,10
2130.0,229.0,100.0,0.0,6.0,-4514.95292850641,1308.2711301770355,PER,10
2140.0,231.8875024,100.0,0.0,6.0,-4500.0,1388.0,PER,10
2150.0,236.2840930909091,100.0,0.0,6.0,-4477.272807437723,1488.6736955751849,PER,10
2160.0,241.20454981818182,100.0,0.0,6.0,-4440.0,1619.0,PER,10
2180.0,245.94166826666668,100.0,0.0,6.0,-4385.6632099716735,1760.218631749529,PER,10
2200.0,251.06499968,100.0,0.0,6.0,-4281.5943083990605,1944.2904350246563,PER,10
2220.0,253.61999957333333,100.0,0.0,6.0,-4167.387475243999,2084.28410603518,PER,11
2230.0,255.0,100.0,0.0,6.0,-4101.134297603376,2152.809621876635,PER,11
2240.0,255.80416746666666,100.0,0.0,6.0,-3994.0,2244.0,PER,11
2250.0,256.0,100.0,0.0,6.0,-3956.331299833182,2271.3339749989486,PER,11
2260.0,258.13249984000004,100.0,0.0,6.0,-3778.418192763698,2389.317129449751,PER,11
2270.0,259.0,100.0,0.0,6.0,-3647.7042110748566,2465.7118390877927,PER,11
2290.0,259.9517856,100.0,0.0,6.0,-3467.2905806599174,2541.2624465121453,PER,11
2310.0,260.9437498666667,100.0,0.0,6.0,-3246.7390862923426,2616.345508326297,PER,11
2320.0,262.0,100.0,0.0,7.0,-3145.4507967981453,2648.0536637058894,PER,11
2340.0,262.8446432,100.0,0.0,7.0,-3017.597499658455,2685.823111625175,PER,11
2350.0,263.0,100.0,0.0,7.0,-2921.0,2715.0,PER,11
2360.0,263.233668105755,100.0,0.0,7.0,-2813.3746389559506,2748.0242368595837,PER,11
2370.0,264.0388885333333,100.0,0.0,7.0,-2701.909755881071,2782.4669871488113,PER,11
2390.0,265.7444451555556,100.0,0.0,7.0,-2486.0,2852.0,PER,11
2400.0,266.0,100.0,0.0,7.0,-2453.7246093132057,2862.686070624984,PER,11
2420.0,266.8250001777778,100.0,0.0,7.0,-2245.9577826740133,2933.3009064259277,PER,11
2430.0,267.0,100.0,0.0,7.0,-2164.0,2962.0,PER,12
2440.0,267.0,100.0,0.0,7.0,-2089.1087956775687,2988.8986762402324,PER,12
2450.0,268.57000064,100.0,0.0,7.0,-1981.2722954569006,3028.829107182641,PER,12
2460.0,268.3312504,100.0,0.0,7.0,-1862.8941657249547,3073.49085554442,PER,12
2470.0,268.4187496,100.0,0.0,7.0,-1689.0,3139.0,PER,12
2490.0,269.0,100.0,0.0,7.0,-1591.5812536907588,3176.4781638778277,PER,12
2500.0,269.0,100.0,0.0,7.0,-1513.243880924275,3207.469053775133,PER,12
2510.0,269.55357165714287,100.0,0.0,7.0,-1384.0,3259.0,PER,12
2520.0,270.0,100.0,0.0,7.0,-1295.4449559040609,3295.4530983353943,PER,12
2530.0,270.8125002666667,100.0,0.0,7.0,-1171.0,3348.0,PER,12
2540.0,271.0,100.0,0.0,7.0,-1142.3563935646837,3360.03694288516,PER,12
2550.0,271.31944462222225,84.34721351111111,0.0,7.0,-1069.0,3391.0,PER,12
2560.0,271.81944462222225,59.847213511111114,0.0,7.0,-952.0,3442.0,PER,12
2570.0,272.0,51.0,0.0,7.0,-907.5005757812017,3461.7400121968944,PER,12
2580.0,263.58362547100364,11.978627183744265,0.0,7.0,-758.0,3529.0,PER,12
2590.0,261.0,0.0,1.0,7.0,-715.7146351693797,3548.2744092555777,PER,12
2600.0,238.19999040000002,0.0,1.0,7.0,-594.6985455823345,3602.139638773026,PER,12
2620.0,205.3999945142857,0.0,1.0,7.0,-439.5979859352175,3670.40582181953,PER,12
2630.0,181.2781208,0.0,1.0,5.0,-299.48073370773545,3732.5950808693215,PER,12
2640.0,173.20178788571428,0.0,1.0,4.0,-225.26071968868843,3766.867022154377,PER,12
2650.0,155.89571157333333,0.0,1.0,4.0,-120.85821587544558,3811.375039644372,PER,13
2660.0,142.0874976,0.0,1.0,4.0,-33.326464233471896,3842.825085393334,PER,13
2670.0,131.20207893333333,0.5270837333333334,1.0,3.0,82.22302700081433,3867.4830631320174,PER,13
2680.0,123.43214354285715,3.283928228571429,1.0,3.0,181.52871976665762,3870.898637335807,PER,13
2690.0,118.71785782857143,5.641071085714286,1.0,3.0,248.86362042643145,3855.5782115773086,PER,13
2700.0,113.253907,9.6656248,0.25,3.0,350.8424103477075,3796.8886177235577,PER,13
2710.0,108.00250048,12.32749888,0.0,3.0,412.0,3740.0,PER,13
2720.0,106.0,19.73000192,0.0,3.0,492.11913481248524,3621.978002162294,PER,13
2730.0,106.97038681069532,31.73348129625785,0.0,3.0,516.0,3569.0,PER,13
2740.0,109.52727272727272,44.70909090909091,0.0,3.0,545.4524427877865,3477.126427298958,PER,13
2750.0,116.30151583030302,58.922728921212126,0.0,3.0,573.6917743831877,3320.9220367624202,PER,13
2760.0,122.54000128,67.19500224000001,0.0,3.0,579.813211330483,3255.8914628827597,PER,13
2770.0,132.04166933333335,70.7125008,0.0,3.0,590.9123069200251,3124.7251372504647,PER,13
2780.0,137.0,78.0,0.0,3.0,596.3738471399056,3067.2556058848604,PER,13
2790.0,148.35909294545456,95.8500032,0.0,3.0,608.1236040810535,2967.424168143042,PER,13
2800.0,158.1428608,100.0,0.0,3.0,619.0,2877.0,PER,13
2810.0,167.0,100.0,0.0,3.0,630.1686137799954,2790.869172130356,PER,13
2820.0,173.21250112,100.0,0.0,3.0,648.6991517326189,2654.3609245087546,PER,13
2830.0,182.11940429672575,100.0,0.0,4.0,660.340887297049,2567.344736751018,PER,13
2840.0,187.0,100.0,0.0,4.0,670.1417407076369,2502.6615848511383,PER,13
2850.0,191.1750016,100.0,0.0,4.0,687.0963153776912,2396.99887270002,PER,13
2860.0,196.1750016,100.0,0.0,5.0,718.3415814839443,2210.7602984467585,PER,13
2870.0,200.0,100.0,0.0,5.0,727.5449023976062,2161.937926994129,PER,14
2880.0,201.22142994285716,100.0,0.0,5.0,734.0,2130.0,PER,14
2890.0,203.1375008,100.0,0.0,5.0,753.6684131161151,2029.8583911114479,PER,14
2910.0,206.343752,100.0,0.0,5.0,818.5633889770819,1771.809584639995,PER,14
2920.0,211.0,100.0,0.0,5.0,843.1553311126414,1690.7569147816973,PER,14
2930.0,211.7821449142857,100.0,0.0,5.0,853.0,1662.0,PER,14
2940.0,213.85535679999998,100.0,0.0,5.0,892.4108026673711,1553.4033469020833,PER,14
2950.0,215.0,100.0,0.0,5.0,957.5545791980259,1404.7230716097126,PER,14
2960.0,216.55416639999999,100.0,0.0,5.0,1027.0302086010877,1277.0093810717663,PER,14
2980.0,218.46499968,97.44250176,0.0,5.0,1155.444585882004,1091.5819375143747,PER,14
2990.0,220.0,89.0,0.0,5.0,1186.8330435100847,1051.4953963911184,PER,14
3000.0,221.09285851428572,81.3499904,0.0,5.0,1217.0,1021.0,PER,14
3010.0,222.0,72.96562639999999,0.0,5.0,1293.319530128022,950.1040211781399,PER,14
3020.0,222.0,63.0562416,0.0,5.0,1405.0,864.0,PER,14
3030.0,222.0,61.0,0.0,5.0,1433.9658139854855,846.5756270175693,PER,14
3040.0,221.8234372,56.1765628,0.0,5.0,1588.675213754289,768.6571870001193,PER,14
3060.0,220.71749952,56.2937488,0.0,5.0,1726.4105552197234,717.8494943823739,PER,14
3070.0,219.63499904,53.5874976,0.0,5.0,1807.0,698.0,PER,14
3080.0,219.0,52.0,0.0,5.0,1878.0358831694343,685.0242820776389,PER,14
3090.0,218.57381569714707,52.42618430285294,0.0,5.0,1975.0,671.0,PER,15
3100.0,217.9708336,53.145832,0.0,5.0,2102.2190089505384,662.8581607307111,PER,15
3120.0,216.88750026666668,58.22499946666667,0.0,5.0,2309.65074378973,689.4204565145772,PER,15
3130.0,216.0,60.0,0.0,5.0,2462.808147936173,735.7288235044597,PER,15
3140.0,216.39545425454546,65.14090530909091,0.0,5.0,2559.0,776.0,PER,15
3160.0,217.0,73.0,0.0,5.0,2649.4188734414033,819.2402457245788,PER,15
3170.0,217.7791664,73.0,0.0,5.0,2722.3383308042385,865.1522371692794,PER,15
3180.0,218.5468752,70.8124992,0.0,5.0,2834.0,947.0,PER,15
3190.0,218.9609376,69.1562496,0.0,5.0,2892.6175270535523,1002.721930372901,PER,15
3210.0,219.9296876,43.898434800000004,0.0,5.0,3032.9482602563094,1155.5679817432763,PER,15
3230.0,217.53319449844167,43.622407335411076,0.0,5.0,3174.7046302204662,1276.382583560416,PER,15
3240.0,215.0,47.0,0.0,5.0,3340.3055558079604,1363.5430168972032,PER,15
3250.0,215.0,49.6750016,0.0,5.0,3401.7603765258837,1393.4528362418164,PER,15
3270.0,213.16428525714286,48.24642788571428,0.0,5.0,3519.4692366177865,1423.3790584891506,PER,15
3280.0,211.86499967999998,52.810001920000005,0.0,5.0,3715.6910183157133,1447.7997719041753,PER,15
3290.0,211.0,58.0,0.0,5.0,3791.6165864098502,1453.19210230697,PER,15
3300.0,211.38250048,61.44250432,0.0,5.0,3830.0,1448.0,PER,15
3310.0,211.99125024,66.92125216,0.0,5.0,3973.1276229653363,1431.649012180415,PER,16
3330.0,212.98250048,68.96500096,0.0,5.0,4087.9701117414465,1405.438203862766,PER,16
3340.0,213.5812496,75.4874976,0.0,5.0,4227.564877058196,1355.8883025293335,PER,16
3350.0,215.0,84.0,0.0,5.0,4288.88850719494,1327.6869072253958,PER,16
3360.0,215.4156248,90.6499968,0.0,5.0,4358.0,1290.0,PER,16
3370.0,216.06499968,100.0,0.0,5.0,4455.532422973935,1226.5863620029709,PER,16
3380.0,218.0,100.0,0.0,5.0,4571.760708034076,1129.3892037623395,PER,16
3390.0,218.0,100.0,0.0,5.0,4647.230628755644,1057.6752065667472,PER,16
3400.0,219.53000192,100.0,0.0,5.0,4702.0,1000.0,PER,16
3420.0,221.96500096,100.0,0.0,5.0,4802.4286109290015,888.3279254305687,PER,16
3430.0,223.11041653333334,100.0,0.0,5.0,4877.00591075428,797.431347769672,PER,16
3440.0,224.26499968000002,100.0,0.0,5.0,4968.190600349666,682.939360201043,PER,16
3450.0,226.0,100.0,0.0,5.0,5058.96001347717,568.0895075789847,PER,16
3460.0,226.0,100.0,0.0,5.0,5119.0524944186745,495.082965867721,PER,16
3480.0,228.0949819423697,100.0,0.0,5.0,5284.095152014283,306.3158629879231,PER,16
3500.0,229.0,100.0,0.0,5.0,5363.7685249890665,215.5069868585077,PER,16
3510.0,230.77000064,100.0,0.0,5.0,5434.878933193513,134.53137735607814,PER,16
3520.0,232.2125008,100.0,0.0,5.0,5576.347083106967,-25.268175505298814,PER,16
3530.0,234.0,100.0,0.0,6.0,5635.876938056475,-91.93561663726547,PER,17
3550.0,235.07083360000001,100.0,0.0,6.0,5709.826174460171,-174.0743855061288,PER,17
3560.0,236.0437496,97.81252,0.0,6.0,5808.850092210004,-285.48110907483783,PER,17
3570.0,236.7125008,64.37495999999999,0.0,6.0,5856.0,-338.0,PER,17
3580.0,238.0,0.0,0.0,6.0,5933.898881158009,-426.9117371323554,PER,17
3590.0,228.03571017142858,0.0,0.0,6.0,6010.0,-515.0,PER,17
3600.0,219.453124,0.0,1.0,6.0,6103.692851063352,-623.1147875585593,PER,17
3610.0,215.0,0.0,1.0,6.0,6166.366910157209,-695.3244604578558,PER,17
3630.0,197.34606807792866,0.28556632900180184,1.0,5.333333333333333,6241.274767543732,-786.430812561394,PER,17
3650.0,184.19166613333334,5.8083338666666675,0.6666666666666666,4.0,6350.656053202179,-955.0060911043312,PER,17
3660.0,181.3214262857143,11.028576914285715,0.0,4.0,6404.0,-1084.0,PER,17
3670.0,178.0,19.0,0.0,4.0,6426.848743037197,-1167.2211301417688,PER,17
3680.0,176.72999936,27.89000448,0.0,4.0,6427.0,-1237.0,PER,17
3700.0,174.13500032,46.054997760000006,0.0,4.0,6396.0,-1487.0,PER,17
3710.0,174.0,48.6624992,0.0,4.0,6370.628010758623,-1562.2836942428896,PER,17
3720.0,174.0,53.0,0.0,4.0,6331.118985003772,-1670.0832692827755,PER,17
3730.0,176.7796884,55.7796884,0.0,4.0,6289.828263042986,-1735.5692081532752,PER,17
3750.0,178.80416746666666,60.402083733333335,0.0,4.0,6192.66075096455,-1868.427234762791,PER,18
3760.0,180.52142994285714,61.52142994285714,0.0,4.0,6136.0,-1930.0,PER,18
3770.0,182.0,63.1624992,0.0,4.0,6053.660036389912,-1997.160317547932,PER,18
3780.0,182.9125024,67.0,0.0,4.0,5971.142455400064,-2045.4439999354822,PER,18
3790.0,187.23571565714286,67.23571565714286,0.0,4.0,5883.100138764254,-2084.1576974536724,PER,18
3800.0,190.6642870857143,70.66428708571428,0.0,4.5,5789.851140693959,-2114.6217119971866,PER,18
3810.0,194.72749888,81.11749696,0.0,5.0,5615.0,-2156.0,PER,18
3820.0,198.0,90.0,0.0,5.0,5556.348622632047,-2169.478254185612,PER,18
3830.0,204.0,100.0,0.0,5.0,5471.895613939257,-2181.2629943862516,PER,18
3840.0,206.3250048,100.0,0.0,5.0,5362.5,-2196.5,PER,18
3860.0,215.33919410196773,100.0,0.0,5.0,5181.636522551933,-2217.1222188742267,PER,18
3870.0,220.0,100.0,0.0,5.0,5138.210456920879,-2217.835419227428,PER,18
3880.0,225.0,100.0,0.0,5.0,5032.086462345689,-2222.281339088351,PER,18
3890.0,229.30713874285715,100.0,0.0,5.0,4940.0,-2226.0,PER,18
3900.0,234.4250016,100.0,0.0,6.0,4835.499241578184,-2229.567452995815,PER,18
3910.0,240.9250016,100.0,0.0,6.0,4608.744328454999,-2238.0930665839333,PER,18
3930.0,246.0,100.0,0.0,6.0,4497.148735139257,-2243.3360439836165,PER,18
3940.0,248.99444693333334,100.0,0.0,6.0,4419.0,-2248.0,PER,18
3950.0,253.0,100.0,0.0,6.0,4275.933065113166,-2257.2152123182314,PER,18
3960.0,253.7857152,100.0,0.0,6.0,4236.0,-2260.0,PER,18
3970.0,256.6785718857143,100.0,0.0,6.0,4091.9414640027962,-2269.8531985945433,PER,19
3980.0,257.6250011428571,100.0,0.0,6.0,4051.0,-2272.0,PER,19
3990.0,262.0,100.0,0.0,6.0,3881.161139090004,-2283.2309303745033,PER,19
4000.0,262.3125002666667,100.0,0.0,6.0,3827.0,-2287.0,PER,19
4010.0,263.0,100.0,0.0,6.0,3701.306298387706,-2295.3845113345083,PER,19
4020.0,264.492539062301,100.0,0.0,6.0,3644.0,-2299.0,PER,19
4030.0,267.2642861714286,100.0,0.0,7.0,3522.43228703908,-2306.309227511887,PER,19
4040.0,268.67142948571427,100.0,0.0,7.0,3376.0,-2316.0,PER,19
4050.0,269.0,100.0,0.0,7.0,3341.695218513524,-2318.357304207374,PER,19
4060.0,270.2428580571429,100.0,0.0,7.0,3211.0,-2328.0,PER,19
4070.0,271.11250026666664,100.0,0.0,7.0,3110.5735681919114,-2337.1562880909087,PER,19
4090.0,272.0,100.0,0.0,7.0,2971.473272481282,-2350.2454894891603,PER,19
4100.0,272.3531256,64.68744,0.0,7.0,2865.0,-2361.0,PER,19
4110.0,272.9265628,7.343719999999998,0.5,7.0,2630.6469917209224,-2385.534032053768,PER,19
4130.0,265.0,0.0,1.0,7.0,2501.8005414063873,-2398.472724280183,PER,19
4140.0,245.15415786666665,0.0,1.0,7.0,2417.3855908597384,-2407.4146736299153,PER,19
4150.0,243.0,0.0,1.0,7.0,2300.0,-2421.0,PER,19
4160.0,243.0,0.0,1.0,6.0,2222.936157925128,-2430.261195261678,PER,19
4170.0,225.21945102222222,0.0,1.0,6.0,2062.0,-2450.0,PER,19
4180.0,206.0,0.0,1.0,5.0,1948.8645576647805,-2464.296660239492,PER,19
4190.0,189.91665066666667,0.0,1.0,5.0,1869.0,-2475.0,PER,20
4200.0,176.0,0.0,1.0,5.0,1801.9933551091808,-2484.412409403055,PER,20
4210.0,153.88035062857142,0.0,1.0,4.0,1710.069377713633,-2498.1946728124567,PER,20
4220.0,135.41071085714287,0.0,1.0,3.0,1633.8500130514444,-2511.1512102904144,PER,20
4230.0,120.6632826,0.0,1.0,2.0,1513.4431324836005,-2534.31482265126,PER,20
4240.0,108.37968839999999,0.0,1.0,2.0,1405.1966614593366,-2563.873506912986,PER,20
4250.0,94.65652977439102,0.1416042279131063,1.0,2.0,1319.1416507304,-2604.2374351030776,PER,20
4260.0,84.06766771846934,1.984962729229036,1.0,2.0,1254.5797149313496,-2662.553080158736,PER,20
4270.0,79.40600683636364,4.6404219636363635,0.25,2.0,1225.363968011582,-2742.6030777851497,PER,20
4280.0,74.41666676363637,12.87500063030303,0.0,2.0,1234.3478890563913,-2837.882977406202,PER,20
4290.0,76.32575767272728,29.61742487272727,0.0,2.0,1300.5568743060412,-2949.513998018209,PER,20
4300.0,83.44413036708607,45.05516295885761,0.0,2.0,1349.1896871578606,-2994.087864811381,PER,20
4310.0,90.7125008,53.1416672,0.0,2.0,1432.9135925967566,-3054.928897508502,PER,20
4320.0,106.1375024,57.77000064,0.0,2.0,1542.4370916989214,-3121.6691090230347,PER,20
4330.0,115.62685511111111,87.01760355555557,0.0,2.0,1706.5968974632342,-3217.3423805486345,PER,20
4340.0,125.73576199757576,99.60833493333332,0.0,2.0,1796.0468729112988,-3269.8243202373355,PER,20
4360.0,140.58712339393938,100.0,0.0,2.6666666666666665,1966.3316018353726,-3384.7264557820904,PER,20
4370.0,146.85624906666666,100.0,0.0,3.0,2041.77206551245,-3446.941410409727,PER,20
4380.0,153.9125024,100.0,0.0,3.0,2121.346181293261,-3534.963016345374,PER,20
4390.0,154.98250048,100.0,0.0,3.0,2198.8812620674876,-3659.4929846818,PER,20
4400.0,160.74999854545456,100.0,0.0,3.0,2220.0,-3707.0,PER,20
4410.0,165.65178742857142,100.0,0.0,4.0,2250.868260051251,-3803.0941051421123,PER,21
4420.0,170.0,100.0,0.0,4.0,2275.9877383394223,-3919.17920372679,PER,21
4430.0,173.32999936,100.0,0.0,4.0,2285.5478497881163,-3998.039339322399,PER,21
4440.0,176.5593768,100.0,0.0,4.0,2291.5979979303074,-4080.616128057388,PER,21
4450.0,178.4125024,100.0,0.0,4.0,2294.0,-4148.0,PER,21
4460.0,180.8312496,100.0,0.0,4.0,2291.266437673101,-4247.586003595652,PER,21
4470.0,185.9375017142857,100.0,0.0,4.0,2263.7195074720235,-4453.7142552427285,PER,21
4490.0,186.9265628,100.0,0.0,4.0,2242.28582967522,-4543.23915384506,PER,21
4500.0,191.75861853118624,100.0,0.0,4.0,2198.0,-4687.0,PER,21
4510.0,192.78611093333333,78.61109333333334,0.0,4.0,2171.584589612229,-4759.615000155272,PER,21
4520.0,192.1472224,14.72224,0.5,4.0,2124.6573129438248,-4873.743610381918,PER,21
4530.0,187.16111573333333,0.0,1.0,4.0,2083.0,-4963.0,PER,21
4540.0,179.0,0.0,1.0,4.0,2024.4544513285655,-5068.301034506177,PER,21
4550.0,170.46874826666667,0.0,1.0,4.0,1984.5761701204533,-5130.677187633115,PER,21
4560.0,160.63749824,0.0,1.0,4.0,1915.0,-5227.0,PER,21
4570.0,155.06874912,0.0,1.0,3.5,1859.3491836645899,-5295.788678815074,PER,21
4580.0,150.83102295065225,4.764545199254551,1.0,3.0,1797.0,-5364.0,PER,21
4590.0,147.08666624,8.45666688,0.0,3.0,1689.047324156284,-5453.011115811473,PER,21
4600.0,144.1083328,9.0,0.0,3.0,1612.0209287715202,-5485.902447063354,PER,21
4610.0,140.94999954285714,0.6500059428571429,0.0,3.0,1456.7629418191752,-5508.644132961319,PER,21
4620.0,139.09285668571428,24.792863085714288,0.0,3.0,1412.1397885210527,-5508.641743700917,PER,21
4630.0,138.0,48.0,0.0,3.0,1300.5369906751914,-5493.982604042538,PER,22
4640.0,139.12291786666665,49.064586133333336,0.0,3.0,1240.825840034576,-5476.867137707514,PER,22
4650.0,142.29749952,57.1624992,0.0,3.0,1152.1750545529035,-5438.698923308581,PER,22
4660.0,146.07222186666667,64.6624992,0.0,3.0,1049.639096145095,-5374.987568452198,PER,22
4670.0,152.3249984,78.7312464,0.0,3.0,972.0,-5314.0,PER,22
4680.0,156.0,87.0,0.0,3.0,931.9017099971759,-5276.628872456402,PER,22
4690.0,165.88333226666666,97.44166613333334,0.0,3.0,843.5752586217392,-5195.876738599557,PER,22
4700.0,173.9125024,100.0,0.0,3.5,741.9586672246428,-5104.712662602384,PER,22
4720.0,188.86389262222224,100.0,0.0,4.0,620.7510308008746,-4995.88873358999,PER,22
4730.0,192.77499946666666,100.0,0.0,4.0,527.2025034722616,-4912.838559914289,PER,22
4740.0,198.7375072,100.0,0.0,4.0,458.0,-4851.0,PER,22
4760.0,208.17874912000002,100.0,0.0,5.0,378.39593727106717,-4779.1473768850665,PER,22
4780.0,218.62874912,100.0,0.0,5.0,206.9320367357903,-4626.448127027536,PER,22
4800.0,228.90278044444443,100.0,0.0,5.0,88.4797369817405,-4519.659915804046,PER,22
4810.0,229.0,100.0,0.0,5.0,16.632200112891766,-4456.2990891661575,PER,22
4820.0,233.890628,100.0,0.0,5.0,-64.93582429459951,-4382.249612838528,PER,22
4850.0,237.14583199999998,100.0,0.0,6.0,-306.4011225609374,-4166.232044844222,PER,23
4860.0,242.0,100.0,0.0,6.0,-388.123280509013,-4091.940075033412,PER,23
4880.0,244.95522482156412,100.0,0.0,6.0,-463.59780639013974,-4026.6547934002238,PER,23
4890.0,245.97243156331925,96.11027374672301,0.0,6.0,-587.0,-3926.0,PER,23
4900.0,247.0,92.0,0.0,6.0,-697.1160659575932,-3851.3172606143157,PER,23
4920.0,245.3035712,45.348208,0.0,6.0,-818.317766868601,-3790.5958185951513,PER,23
4930.0,243.85572039187116,34.13930097967793,0.0,6.0,-910.0,-3755.0,PER,23
4940.0,242.29499904,33.41000192,0.0,6.0,-998.7310648297948,-3734.092861089121,PER,23
4950.0,240.0,38.0,0.0,6.0,-1104.0111012659493,-3719.32839251914,PER,23
4960.0,237.34499904,43.310001920000005,0.0,6.0,-1224.324681302239,-3713.688531172474,PER,23
4970.0,235.7437488,50.281256,0.0,6.0,-1327.0,-3715.0,PER,23
4980.0,234.0,59.0,0.0,6.0,-1444.180590587779,-3730.206595607928,PER,23
4990.0,234.0,62.5875328,0.0,6.0,-1453.0,-3732.0,PER,23
5000.0,234.1687504,100.0,0.0,6.0,-1562.8075683769825,-3761.5284745533654,PER,23
5010.0,235.0,100.0,0.0,6.0,-1647.5413791694268,-3791.284340685993,PER,23
5020.0,235.80892845714285,100.0,0.0,6.0,-1782.6202532906254,-3850.4458549733595,PER,23
5030.0,236.0,100.0,0.0,6.0,-1849.0,-3884.0,PER,23
5040.0,236.2750016,100.0,0.0,6.0,-2041.129956417274,-3987.131127545655,PER,23
5060.0,240.0,100.0,0.0,6.0,-2148.91320343002,-4041.4072215964707,PER,23
5070.0,240.0,100.0,0.0,6.0,-2197.388077659986,-4063.8255339650955,PER,24
5080.0,241.0,100.0,0.0,6.0,-2351.4878676913704,-4123.4920481127465,PER,24
5100.0,241.0,100.0,0.0,6.0,-2595.7847228152814,-4180.553819228802,PER,24
5120.0,242.42272814545456,100.0,0.0,6.0,-2728.0,-4195.0,PER,24
5130.0,243.0,100.0,0.0,6.0,-2808.3360244873493,-4197.263172437239,PER,24
5140.0,242.21749952,21.749952,0.0,6.0,-2917.935463682863,-4195.296562434409,PER,24
5150.0,240.6750016,0.0,0.0,6.0,-2983.0,-4190.0,PER,24
5160.0,234.0,0.0,1.0,6.0,-3187.6718736949015,-4155.582938151354,PER,24
5170.0,229.74165546666666,0.0,1.0,6.0,-3237.0,-4145.0,PER,24
5180.0,220.0,0.0,1.0,5.0,-3327.2519358566014,-4122.10382596102,PER,24
5190.0,205.21874400000002,0.0,1.0,5.0,-3430.6389309000233,-4087.407897730002,PER,24
5200.0,196.96748992,0.0,1.0,5.0,-3511.0,-4055.0,PER,24
5210.0,184.70875168,0.0,1.0,4.5,-3661.4422498433164,-3971.1203535005097,PER,24
5220.0,175.0,0.0,1.0,4.0,-3738.386499263112,-3916.044079508307,PER,24
5230.0,174.2687536,0.0,1.0,4.0,-3742.0,-3913.0,PER,24
5240.0,159.4468696,0.0,1.0,3.5,-3830.3980090033347,-3833.5234758117513,PER,24
5250.0,151.05710474747994,0.0,1.0,3.0,-3897.89933750981,-3754.353308687509,PER,24
5260.0,138.9609999401003,0.0,1.0,3.0,-3970.604821352921,-3644.1808372225205,PER,24
5270.0,130.9453116,0.0,1.0,3.0,-4011.8540308563543,-3559.0171053172144,PER,24
5280.0,122.51770735999999,0.0,1.0,3.0,-4040.79537462903,-3457.0304497165453,PER,24
5290.0,116.04374944,0.0,0.5,3.0,-4045.93730104844,-3312.057570200579,PER,25
5310.0,105.44749952000001,5.40250368,0.0,3.0,-4007.82290091664,-3183.249140039624,PER,25
5320.0,104.0,26.39500384,0.0,3.0,-3956.0383289764704,-3096.303356301187,PER,25
5330.0,105.7187508,38.599221,0.0,3.0,-3874.731193305343,-3016.7223510927997,PER,25
5340.0,109.5812496,48.8484364,0.0,3.0,-3784.486688001658,-2961.5093457394123,PER,25
5350.0,115.30781160000001,60.69499904,0.0,3.0,-3694.634688424319,-2926.802614142016,PER,25
5360.0,124.37499885714286,70.18749942857143,0.0,3.0,-3571.49909452247,-2892.6053917526483,PER,25
5370.0,132.0,74.0,0.0,3.0,-3500.2467878254283,-2875.648369123478,PER,25
5380.0,140.4734364,83.24374879999999,0.0,3.0,-3421.838140100889,-2859.0916422744813,PER,25
5390.0,151.6416696888889,93.11666915555556,0.0,3.0,-3317.0,-2837.0,PER,25
5400.0,160.8250048,100.0,0.0,3.0,-3233.8101154599462,-2820.4553365767456,PER,25
5420.0,177.8250048,100.0,0.0,3.0,-3037.227748708795,-2783.674634865124,PER,25
5440.0,193.14545803636364,100.0,0.0,3.5,-2873.934943136587,-2755.310900828178,PER,25
5450.0,197.94166826666668,100.0,0.0,4.5,-2727.150907301447,-2731.562260137719,PER,25
5460.0,208.339296,100.0,0.0,5.0,-2544.0,-2704.0,PER,25
5470.0,212.35714285714286,100.0,0.0,5.0,-2485.540196312977,-2695.2020478337317,PER,25
-10.0,103.9312512,3.0,1.0,2.0,-472.7902595416355,-2361.114059088576,ANT,1
0.0,100.38,5.7,0.6666666666666666,2.0,-409.11355387902705,-2350.702148387593,ANT,1
10.0,97.50450848835705,12.389071934131088,0.0,1.3333333333333333,-299.5601907086422,-2332.9100277239017,ANT,1
20.0,97.86527786666667,29.1708352,0.0,1.0,-216.6015063750426,-2318.7257948783063,ANT,1
30.0,98.7910992,26.252468800000003,0.0,1.0,-94.92181648945575,-2296.7133122306195,ANT,1
40.0,106.39107291428572,75.89642788571429,0.0,1.0,-20.202929978023207,-2282.8195410738244,ANT,1
50.0,119.39166791111111,75.27083555555555,0.0,1.0,59.78698061834347,-2267.76305149168,ANT,1
60.0,131.3833344,96.1916672,0.0,2.0,160.96029609756778,-2248.7559865765643,ANT,1
70.0,138.71666773333334,99.85833386666667,0.0,2.0,243.16244383959486,-2233.400676829508,ANT,1
80.0,149.06375136,98.00750016,0.0,3.0,324.32049895733934,-2218.121602824295,ANT,1
90.0,158.47750272,99.11500032000001,0.0,3.0,435.0,-2199.0,ANT,1
100.0,168.53125066666666,100.0,0.0,3.0,533.6006009437336,-2180.9116132884064,ANT,1
120.0,182.95454836363638,100.0,0.0,3.0,697.0,-2151.0,ANT,1
130.0,192.05000106666665,100.0,0.0,4.0,799.6354563968117,-2131.780497487731,ANT,1
140.0,199.32033509609624,100.0,0.0,4.0,975.6513892068281,-2099.3650993759893,ANT,1
160.0,207.66295288459892,100.0,0.0,4.0,1085.7016667466112,-2078.4604484483934,ANT,1
180.0,222.6,100.0,0.0,4.5,1314.8915164337177,-2036.924647569188,ANT,1
200.0,232.4125,100.0,0.0,5.0,1546.611391570555,-1994.258182327947,ANT,1
210.0,235.0,100.0,0.0,5.0,1618.3240984446709,-1981.31780577669,ANT,1
220.0,238.0,100.0,0.0,6.0,1710.8743643602988,-1964.9577747667345,ANT,1
230.0,244.1500032,100.0,0.0,6.0,1793.0,-1950.0,ANT,2
240.0,250.0,100.0,0.0,6.0,1894.2810054054066,-1931.2549679290541,ANT,2
250.0,253.0750016,100.0,0.0,6.0,1998.0,-1912.0,ANT,2
260.0,258.0,100.0,0.0,6.0,2104.66097083718,-1892.389362410139,ANT,2
270.0,258.63000064,100.0,0.0,6.0,2139.0,-1886.0,ANT,2
280.0,260.0,100.0,0.0,6.0,2228.5136346931595,-1869.1094490631724,ANT,2
290.0,266.53571657142857,100.0,0.0,6.0,2394.0,-1840.0,ANT,2
300.0,270.8069450666667,100.0,0.0,7.0,2558.0985989567284,-1814.2341428424015,ANT,2
330.0,278.11428571428576,100.0,0.0,7.0,2789.9880799030584,-1778.4350550119802,ANT,2
350.0,284.05,100.0,0.0,7.0,2984.8630735424094,-1747.3392636705817,ANT,2
370.0,289.0,93.125,0.0,7.0,3159.5432845548303,-1720.7297517342306,ANT,2
380.0,289.0,54.99999999999999,0.0,7.0,3257.0,-1705.0,ANT,2
390.0,289.0,0.0,1.0,7.0,3393.5096402598915,-1683.3897648038026,ANT,2
400.0,285.54771692553476,0.0,1.0,7.0,3448.0,-1675.0,ANT,2
410.0,276.0,0.0,1.0,7.0,3622.1189183298447,-1648.6790922817174,ANT,2
420.0,263.23213714285714,0.0,1.0,7.0,3747.0,-1630.0,ANT,2
430.0,251.0,0.0,1.0,7.0,3824.762682964892,-1618.4239176582432,ANT,2
440.0,239.23571017142856,0.0,1.0,7.0,3909.0,-1606.0,ANT,2
450.0,233.0,0.0,1.0,6.0,3970.5090404229213,-1596.950697381327,ANT,3
460.0,209.02749312,0.0,1.0,6.0,4124.0,-1574.0,ANT,3
470.0,187.9249984,0.0,1.0,4.0,4221.6949736472225,-1557.3678943654963,ANT,3
480.0,182.0,0.0,1.0,4.0,4273.10953634404,-1546.6917691786657,ANT,3
490.0,161.94999893333332,0.0,1.0,3.6666666666666665,4394.3135572017045,-1517.332613044602,ANT,3
500.0,149.21749824,0.0,1.0,3.0,4494.1383269542985,-1490.0938047959517,ANT,3
510.0,136.96735893333334,0.0,1.0,3.0,4579.452495185453,-1458.1553201807692,ANT,3
520.0,123.16499925333333,0.0,1.0,2.0,4658.021468616694,-1408.834858152515,ANT,3
530.0,112.14722062222222,0.0,1.0,2.0,4727.875781959759,-1332.2460613132723,ANT,3
540.0,99.58499968000001,0.0,1.0,1.0,4774.491833545783,-1238.2175004108294,ANT,3
550.0,91.43020695659578,0.015,1.0,1.0,4794.604524544853,-1146.7738400034855,ANT,3
560.0,81.26666666666667,0.9833333333333334,0.3333333333333333,1.0,4793.5498534302205,-1026.4273642195978,ANT,3
570.0,76.53437493333334,3.3281253333333334,0.0,1.0,4769.839888405277,-933.9055086763681,ANT,3
580.0,75.0,19.6218756,0.0,1.0,4766.3240639808055,-921.338698643933,ANT,3
590.0,79.85000035555555,29.40000142222222,0.0,1.0,4720.548523799055,-847.1722288642935,ANT,3
600.0,88.59375039999999,46.5062504,0.0,1.0,4629.373300654068,-763.8736889272735,ANT,3
610.0,96.05,50.019999999999996,0.0,1.0,4480.708002269065,-714.1087653369773,ANT,3
620.0,104.64,55.03333333333333,0.0,2.0,4384.71279523051,-709.8641602329723,ANT,3
640.0,123.82136473380596,71.81882899895963,0.0,2.0,4222.048010041909,-717.8540388166806,ANT,3
650.0,134.0,77.0,0.0,2.0,4071.7974657546565,-729.0434019358829,ANT,3
660.0,146.60535862857142,91.54464457142856,0.0,2.5,4000.4713449664528,-737.2950823531683,ANT,3
670.0,160.88571794285716,98.94285897142858,0.0,3.0,3917.0,-747.0,ANT,4
680.0,163.0,100.0,0.0,3.0,3903.523269464767,-748.5578577420605,ANT,4
690.0,178.5750016,100.0,0.0,3.0,3750.64017951187,-765.687880719392,ANT,4
700.0,183.63250176,100.0,0.0,4.0,3567.45738773445,-785.2152595633212,ANT,4
720.0,203.98250176,100.0,0.0,4.0,3439.6719417116847,-796.663153951567,ANT,4
730.0,208.1125024,100.0,0.0,4.0,3380.0,-801.0,ANT,4
740.0,217.0,100.0,0.0,5.0,3199.5944142916815,-816.5291954501586,ANT,4
750.0,222.63750293333334,100.0,0.0,5.0,3116.0,-824.0,ANT,4
760.0,228.0,100.0,0.0,5.0,3055.767372745526,-829.25915291005,ANT,4
770.0,235.05000106666665,100.0,0.0,5.0,2959.9267421130444,-837.230274404511,ANT,4
790.0,241.74500096,100.0,0.0,5.5,2808.9357052626065,-849.6834156479471,ANT,4
800.0,249.2500022857143,100.0,0.0,6.0,2584.0,-869.0,ANT,4
810.0,252.0,100.0,0.0,6.0,2527.2664145470903,-873.8476952086521,ANT,4
820.0,258.0,100.0,0.0,6.0,2451.4830923898926,-880.2474182684456,ANT,4
830.0,261.1777777777778,100.0,0.0,6.0,2399.0,-885.0,ANT,4
840.0,266.6777777777778,100.0,0.0,6.0,2268.0,-897.0,ANT,4
850.0,269.0,100.0,0.0,6.0,2211.5703074359617,-901.7471300917707,ANT,4
860.0,270.82,100.0,0.0,6.0,2135.0,-908.0,ANT,4
880.0,275.67625055999997,100.0,0.0,6.5,1924.0767318098663,-926.1652993931656,ANT,4
890.0,281.3375018666667,100.0,0.0,7.0,1768.0,-939.0,ANT,5
900.0,283.0,100.0,0.0,7.0,1717.7038168082288,-943.2450827024213,ANT,5
910.0,287.5750016,100.0,0.0,7.0,1548.0,-958.0,ANT,5
920.0,290.0,100.0,0.0,7.0,1468.795321635629,-965.1585475468343,ANT,5
930.0,291.482144,100.0,0.0,7.0,1404.0,-971.0,ANT,5
940.0,294.6696434285714,100.0,0.0,7.0,1261.88710255109,-983.2749272655744,ANT,5
960.0,296.3071433142857,100.0,0.0,7.0,1098.0,-997.0,ANT,5
970.0,297.0,100.0,0.0,7.0,1028.0209992104178,-1003.0993992127331,ANT,5
980.0,299.05,100.0,0.0,7.0,883.0,-1016.0,ANT,5
990.0,300.0,100.0,0.0,7.0,777.9909076302487,-1025.2214621921357,ANT,5
1000.0,301.625,100.0,0.0,7.0,632.0,-1038.0,ANT,5
1010.0,305.0,100.0,0.0,8.0,500.48621657670105,-1049.5287261348099,ANT,5
1030.0,308.4428279009168,100.0,0.0,8.0,393.0,-1059.0,ANT,5
1050.0,313.68191383709456,100.0,0.0,8.0,29.0,-1091.0,ANT,5
1060.0,314.0,100.0,0.0,8.0,9.829973887636168,-1092.674710341474,ANT,5
1090.0,315.85750016,100.0,0.0,8.0,-267.19487625424836,-1116.5688103824523,ANT,5
1110.0,317.0,100.0,0.0,8.0,-439.43961969970724,-1131.5165669263074,ANT,6
1130.0,318.5888896,100.0,0.0,8.0,-547.0,-1141.0,ANT,6
1140.0,321.0,100.0,0.0,8.0,-738.2878430670344,-1158.114296175002,ANT,6
1150.0,321.1916672,100.0,0.0,8.0,-759.0,-1160.0,ANT,6
1160.0,322.52500053333335,100.0,0.0,8.0,-902.0,-1173.0,ANT,6
1170.0,323.0,100.0,0.0,8.0,-952.8960338060297,-1177.3449770741443,ANT,6
1180.0,324.1916672,100.0,0.0,8.0,-1081.0,-1188.0,ANT,6
1200.0,326.00535725714286,100.0,0.0,8.0,-1278.6414578372478,-1205.8793129198646,ANT,6
1220.0,326.89821440000003,100.0,0.0,8.0,-1504.7055641914324,-1225.163007563233,ANT,6
1240.0,327.8785718857143,100.0,0.0,8.0,-1642.0,-1237.0,ANT,6
1250.0,328.93928594285717,100.0,0.0,8.0,-1776.0976437913268,-1249.6614385802814,ANT,6
1270.0,329.0,100.0,0.0,8.0,-1970.0389318623288,-1266.5879611734806,ANT,6
1280.0,329.5187504,100.0,0.0,8.0,-2079.0,-1276.0,ANT,6
1290.0,330.5187504,100.0,0.0,8.0,-2354.0,-1300.0,ANT,6
1300.0,331.0,100.0,0.0,8.0,-2445.3644646748658,-1307.995218268392,ANT,6
1330.0,331.1194446222222,100.0,0.0,8.0,-2598.361235837439,-1321.4529535303202,ANT,7
1360.0,332.89722240000003,100.0,0.0,8.0,-2963.516085630363,-1353.4522247992845,ANT,7
1380.0,333.0,71.0,0.0,8.0,-3094.839764564411,-1365.0555293368889,ANT,7
1390.0,330.67669065837543,52.671670749406196,0.0,8.0,-3186.0,-1373.0,ANT,7
1410.0,324.40601497246877,3.203007005031459,0.5,8.0,-3561.692713547764,-1405.5438229833733,ANT,7
1430.0,295.0,0.0,1.0,8.0,-3684.880313509865,-1416.5684099432483,ANT,7
1440.0,282.25555555555553,0.0,1.0,8.0,-3758.0,-1423.0,ANT,7
1460.0,255.312496,0.0,1.0,7.0,-4027.1679351669395,-1446.2670350598191,ANT,7
1470.0,238.0,0.0,1.0,7.0,-4129.394785803373,-1455.344196683697,ANT,7
1480.0,229.0,0.0,1.0,6.0,-4192.2586435019175,-1461.3465922900637,ANT,7
1490.0,223.11428205714284,0.0,1.0,6.0,-4229.0,-1465.0,ANT,7
1500.0,213.0,0.0,1.0,6.0,-4294.130006907195,-1471.637849695212,ANT,7
1510.0,186.94749888,0.0,1.0,5.0,-4377.317946482991,-1478.9501297506115,ANT,7
1520.0,177.6,0.0,1.0,4.0,-4489.609226331171,-1485.3935566775654,ANT,7
1530.0,154.35,0.0,1.0,4.0,-4627.694388217332,-1486.389847375935,ANT,7
1540.0,141.16,0.0,1.0,3.3333333333333335,-4713.08348067803,-1483.340721013283,ANT,7
1550.0,131.73443923238221,0.0,1.0,2.0,-4833.08820498564,-1465.6903245233934,ANT,8
1560.0,115.0,0.0,1.0,2.0,-4929.333857293086,-1432.7105505222055,ANT,8
1570.0,103.5687488,0.0,1.0,1.3333333333333333,-4986.893360880058,-1390.9800786441758,ANT,8
1580.0,90.70833244444445,0.0,1.0,1.0,-5063.523271595134,-1305.529298929179,ANT,8
1590.0,82.99687493333333,0.0,0.75,1.0,-5107.049828320025,-1211.5612783961417,ANT,8
1600.0,75.6593744,2.3329170133333332,0.0,1.0,-5124.81397821573,-1108.0202073149733,ANT,8
1610.0,72.0,7.0,0.0,1.0,-5123.832188885425,-1022.7018929265008,ANT,8
1630.0,74.23148207407407,21.201853392592593,0.0,1.0,-5019.423622352842,-847.9454725474952,ANT,8
1640.0,78.75418436708034,34.18335130041367,0.0,1.0,-4942.473187316988,-800.2794894840188,ANT,8
1650.0,86.01666666666667,44.541666666666664,0.0,1.0,-4729.640699788463,-808.1871530709096,ANT,8
1660.0,95.53750079999999,51.94791733333333,0.0,1.0,-4655.548828090513,-834.0889238868448,ANT,8
1670.0,100.99062479999999,5.197495679999999,0.75,1.0,-4574.744820665839,-864.6158896709289,ANT,8
1680.0,94.72023771428572,0.0,1.0,1.0,-4475.724934490633,-892.9168519378081,ANT,8
1690.0,84.54285653333334,0.0,1.0,1.0,-4358.982888604671,-909.7446765605797,ANT,8
1700.0,77.31567066743983,0.598338056215057,0.5,1.0,-4265.396861683465,-894.9018033953182,ANT,8
1710.0,72.12811614459676,7.3337612487061,0.0,1.0,-4188.56202059602,-834.8939636191325,ANT,8
1720.0,73.51607177142857,22.09643062857143,0.0,1.0,-4151.48598680321,-738.0588153135384,ANT,8
1730.0,80.02500053333334,41.91944509629629,0.0,1.0,-4139.382783145108,-649.0226622840876,ANT,8
1740.0,91.04500096,52.27250048,0.0,1.0,-4147.109031175751,-550.9646458018202,ANT,8
1750.0,102.26000128,62.287500800000004,0.0,1.0,-4176.68944191628,-453.9180957767929,ANT,8
1760.0,113.94500096,69.50500063999999,0.0,1.5,-4220.584597301764,-385.02229998766705,ANT,8
1770.0,127.2479184,74.34583359999999,0.0,2.0,-4283.764290939274,-308.8617178492017,ANT,9
1780.0,140.00277902222223,79.43333546666668,0.0,2.0,-4368.894710186658,-203.4063368354207,ANT,9
1790.0,152.0,100.0,0.0,3.0,-4428.428901337319,-113.87715057299341,ANT,9
1800.0,161.80357485714285,100.0,0.0,3.0,-4451.0,-62.0,ANT,9
1810.0,171.64583466666667,100.0,0.0,3.0,-4480.269414753933,11.307459138929053,ANT,9
1820.0,180.22778026666666,100.0,0.0,3.0,-4505.0,89.0,ANT,9
1830.0,189.50277902222223,100.0,0.0,3.5,-4531.57759816886,208.9433645928458,ANT,9
1840.0,197.36750144,100.0,0.0,4.0,-4546.274570584703,305.4693026118117,ANT,9
1850.0,206.86000128,100.0,0.0,4.0,-4560.332119760595,433.39145324089327,ANT,9
1860.0,211.10552856907623,100.0,0.0,4.0,-4565.0,511.0,ANT,9
1870.0,214.0,100.0,0.0,5.0,-4565.592374661584,591.0501067419129,ANT,9
1880.0,217.64,100.0,0.0,5.0,-4562.664442686031,754.0362881237136,ANT,9
1900.0,230.0,100.0,0.0,5.0,-4555.082102227367,907.2593694171553,ANT,9
1910.0,234.54500095999998,100.0,0.0,5.0,-4550.270424299046,987.6290414641047,ANT,9
1920.0,237.0750016,100.0,0.0,5.0,-4546.0,1049.0,ANT,9
1930.0,241.0,100.0,0.0,6.0,-4528.875651022579,1199.3070168920076,ANT,9
1940.0,245.53214354285714,100.0,0.0,6.0,-4504.881465525314,1367.997195240623,ANT,9
1960.0,253.3,100.0,0.0,6.0,-4472.46421612811,1507.977970436901,ANT,9
1980.0,258.55,100.0,0.0,6.0,-4416.5,1688.0,ANT,9
1990.0,261.0,100.0,0.0,6.0,-4382.234058862431,1772.2046680540082,ANT,10
2000.0,263.16,100.0,0.0,6.0,-4335.0,1862.0,ANT,10
2010.0,264.0,100.0,0.0,6.0,-4313.8868167409955,1896.4199513048168,ANT,10
2020.0,268.0,100.0,0.0,7.0,-4207.685795192111,2039.3939951877453,ANT,10
2030.0,268.199170177373,100.0,0.0,7.0,-4196.0,2053.0,ANT,10
2040.0,270.0125002666667,100.0,0.0,7.0,-4081.8277641127634,2170.2381001816684,ANT,10
2050.0,271.35833386666667,100.0,0.0,7.0,-3989.0,2249.0,ANT,10
2060.0,272.31500031999997,100.0,0.0,7.0,-3922.2663461427346,2298.308745527448,ANT,10
2070.0,274.0,100.0,0.0,7.0,-3824.6785441385873,2364.0293797490663,ANT,10
2080.0,275.1035721142857,100.0,0.0,7.0,-3747.0,2408.0,ANT,10
2100.0,277.18392868571425,100.0,0.0,7.0,-3468.9146131185244,2539.1860947768673,ANT,10
2120.0,277.9696429714286,100.0,0.0,7.0,-3178.8640070638094,2637.4428006117523,ANT,10
2140.0,282.4500004571429,100.0,0.0,7.0,-3052.943765881063,2675.1552990747296,ANT,10
2150.0,285.1857152,100.0,0.0,7.0,-2916.0,2717.0,ANT,10
2160.0,286.0,100.0,0.0,7.0,-2872.7203502639677,2730.240424103635,ANT,10
2180.0,287.93928594285717,100.0,0.0,7.0,-2665.218572030796,2794.4568675870173,ANT,10
2200.0,290.21500032,100.0,0.0,7.0,-2432.7183572852628,2869.171218447479,ANT,10
2210.0,292.0,100.0,0.0,7.0,-2278.450951389601,2921.486959944249,ANT,11
2230.0,292.0,100.0,0.0,7.0,-2137.0,2972.0,ANT,11
2240.0,292.0,100.0,0.0,7.0,-2065.091374330911,2998.0585175556025,ANT,11
2260.0,292.14821440000003,100.0,0.0,7.0,-1921.0364402130958,3051.4571872012866,ANT,11
2280.0,292.9696429714286,100.0,0.0,7.0,-1749.5394131991852,3116.449799480388,ANT,11
2290.0,293.37045469090907,100.0,0.0,7.0,-1619.0,3166.0,ANT,11
2310.0,294.0,100.0,0.0,7.0,-1361.8066661273929,3267.312680651748,ANT,11
2320.0,293.9178569142857,94.249984,0.0,7.0,-1336.0,3278.0,ANT,11
2330.0,293.34642834285717,54.249984000000005,0.0,7.0,-1154.0,3355.0,ANT,11
2340.0,293.0,30.0,0.0,7.0,-1088.9401358772425,3382.3692943286123,ANT,11
2360.0,291.0225562269584,10.225562269583996,0.0,7.0,-985.0,3427.0,ANT,11
2370.0,290.0,0.0,1.0,7.0,-830.7920629480154,3496.2498725585233,ANT,11
2380.0,276.1333333333333,0.0,1.0,7.0,-718.0,3547.0,ANT,11
2390.0,242.0,0.0,1.0,7.0,-615.2068543532505,3592.7717344601456,ANT,11
2400.0,231.44249344,0.0,1.0,7.0,-583.0,3607.0,ANT,11
2420.0,200.1553558857143,0.0,1.0,5.0,-411.59825516020504,3683.292475719943,ANT,11
2430.0,190.33392731428572,0.0,1.0,5.0,-288.5456844578198,3737.8743379955163,ANT,12
2440.0,180.7749952,0.0,1.0,5.0,-176.0,3788.0,ANT,12
2450.0,154.5,0.0,1.0,3.5,-85.74995686667486,3826.1154796654946,ANT,12
2460.0,134.525,0.0,1.0,2.3333333333333335,-12.156311757246206,3847.871708210985,ANT,12
2470.0,122.17562301320834,0.0,1.0,2.0,117.13825787212302,3872.5700003673373,ANT,12
2480.0,113.97499946666667,0.0,1.0,2.0,218.574520104925,3865.088739216866,ANT,12
2490.0,110.47499946666667,0.0,1.0,2.0,279.943335990994,3842.635671597822,ANT,12
2500.0,105.78999978666667,0.6666666666666666,0.3333333333333333,2.0,373.6273414274028,3777.5448917273047,ANT,12
2510.0,101.59499989333334,23.26500138666667,0.0,2.0,440.0329217899119,3706.1908400938323,ANT,12
2520.0,104.40812543999999,39.45718912,0.0,2.0,487.28111170822643,3628.5455210545147,ANT,12
2530.0,109.65625066666666,49.52500053333333,0.0,2.0,541.9047801309864,3490.717371723995,ANT,12
2540.0,118.46833407999999,59.3833344,0.0,2.0,559.820835596843,3416.7444119203496,ANT,12
2550.0,130.0,67.11500032000001,0.0,2.0,574.5296731687711,3314.261745393507,ANT,12
2560.0,130.0,68.94333354666666,0.0,2.0,581.8596793278633,3232.9292394754248,ANT,12
2570.0,140.28500181333334,76.86500138666666,0.0,2.3333333333333335,590.0858262819644,3137.2781537136757,ANT,12
2580.0,157.41818298181818,92.20909149090909,0.0,3.0,611.9830713622875,2934.5920754512163,ANT,12
2600.0,173.06136494545456,100.0,0.0,3.0,640.9372978835786,2707.461137391838,ANT,12
2620.0,184.57727534545455,100.0,0.0,3.0,651.0,2636.0,ANT,12
2630.0,192.81562639999999,100.0,0.0,4.0,665.5576947398404,2533.524458294867,ANT,12
2640.0,198.0,100.0,0.0,4.0,675.5560855365089,2467.1174136243276,ANT,12
2650.0,204.25,100.0,0.0,4.0,693.964030204623,2352.4700495283823,ANT,13
2660.0,208.40625066666666,100.0,0.0,4.5,713.8160221834237,2234.259257115668,ANT,13
2670.0,213.8781264,100.0,0.0,5.0,753.0,2035.0,ANT,13
2680.0,216.0,100.0,0.0,5.0,763.0934282558059,1985.719170071472,ANT,13
2690.0,219.23958399999998,100.0,0.0,5.0,780.6232722929655,1910.4132152911443,ANT,13
2710.0,223.61458399999998,100.0,0.0,5.0,814.7103667273811,1785.5421123706174,ANT,13
2730.0,226.0,100.0,0.0,5.0,889.2192168075014,1562.8612021246684,ANT,13
2740.0,226.0,100.0,0.0,5.0,939.5658771113256,1442.35587441075,ANT,13
2750.0,226.64,100.0,0.0,5.0,954.0,1412.0,ANT,13
2760.0,228.20625,99.38125,0.0,5.0,999.1604987297676,1323.8222684704174,ANT,13
2780.0,231.14946622621295,90.10320264272231,0.0,5.0,1161.844289539113,1083.720516045074,ANT,13
2790.0,232.0,85.0,0.0,5.0,1227.2826798963167,1007.8143284717102,ANT,13
2800.0,231.58499968,83.33999872,0.0,5.0,1250.0,987.0,ANT,13
2810.0,231.0,81.0,0.0,5.0,1294.1144200668734,946.5535327386292,ANT,13
2820.0,231.45277795555555,72.39721884444444,0.0,5.0,1390.0,874.0,ANT,13
2830.0,231.86874986666666,59.6374976,0.0,5.0,1593.4761186227972,765.4392159246856,ANT,13
2850.0,231.0,44.0,0.0,5.0,1686.2618844150732,725.4401944028148,ANT,13
2860.0,226.9812496,43.9343736,0.0,5.0,1728.4530618059164,716.1331038420607,ANT,13
2870.0,224.5968744,37.403125599999996,0.0,5.0,1813.1893174985553,695.532131944746,ANT,14
2880.0,221.64999964444445,41.5750016,0.0,5.0,1915.2714746051288,677.7383275444583,ANT,14
2890.0,219.2999992888889,52.1500032,0.0,5.0,2045.0,665.0,ANT,14
2900.0,218.15375008,59.383750719999995,0.0,5.0,2146.7122605626414,664.2252142059659,ANT,14
2920.0,218.95375008000002,66.58375072,0.0,5.0,2429.0013467695776,722.2869109821658,ANT,14
2930.0,221.0,69.0,0.0,5.0,2559.7878813776606,769.7006367660497,ANT,14
2950.0,223.0187504,76.05625119999999,0.0,5.0,2652.4151750327055,821.6565492762487,ANT,14
2960.0,225.0,82.0,0.0,5.0,2714.872193501802,859.3855194314156,ANT,14
2970.0,228.0,85.0,0.0,5.0,2815.589368027924,932.0320721927142,ANT,14
2980.0,228.3833344,85.25555626666667,0.0,5.0,2826.0,941.0,ANT,14
2990.0,232.05000106666665,87.70000071111112,0.0,5.0,2927.0,1040.0,ANT,14
3000.0,234.41500032,86.50999808,0.0,5.0,2994.692644070744,1116.2159044357827,ANT,14
3010.0,236.0,72.79999573333333,0.0,5.0,3149.9803114655806,1253.5066142958217,ANT,14
3030.0,236.0,45.0,0.0,5.0,3243.6534827924856,1325.720171622962,ANT,14
3040.0,234.28499968,43.28499968,0.0,5.0,3284.720913665888,1338.8814634148948,ANT,14
3080.0,222.0,57.0,0.0,5.0,3771.3656634257077,1447.0913666213858,ANT,14
3090.0,222.0,60.1500032,0.0,5.0,3811.0,1449.0,ANT,15
3100.0,222.0,67.0,0.0,5.0,3890.5324910486725,1446.6166170923266,ANT,15
3110.0,223.0,75.28125066666666,0.0,5.0,4009.485738231691,1425.0639326760943,ANT,15
3120.0,223.65625066666666,79.65625066666666,0.0,5.0,4133.072947577685,1391.1477892556668,ANT,15
3130.0,226.83333333333334,82.83333333333333,0.0,5.0,4223.0,1358.0,ANT,15
3140.0,229.3,84.78,0.0,5.0,4285.362435518077,1329.342261483392,ANT,15
3150.0,233.0,87.0,0.0,5.0,4365.264944582977,1288.024070608103,ANT,15
3160.0,235.9142857142857,96.47142857142858,0.0,5.0,4479.0,1209.0,ANT,15
3170.0,237.0,100.0,0.0,6.0,4535.608348892355,1160.7974938468622,ANT,15
3180.0,239.43,100.0,0.0,6.0,4648.576452403688,1057.5276576157794,ANT,15
3190.0,242.0,100.0,0.0,6.0,4717.7248349409265,986.7166879145343,ANT,15
3200.0,244.00750016,100.0,0.0,6.0,4766.444727535485,929.6482302287519,ANT,15
3220.0,245.17916693333333,100.0,0.0,6.0,4863.325968480467,815.7186410528199,ANT,15
3230.0,246.92916693333333,100.0,0.0,6.0,4953.610008706699,702.4005928146105,ANT,15
3240.0,249.44500096,100.0,0.0,6.0,5027.0,609.0,ANT,15
3250.0,250.0,100.0,0.0,6.0,5042.99076816569,588.7874592728873,ANT,15
3260.0,252.5187504,100.0,0.0,6.0,5130.867266322512,481.3742591521209,ANT,15
3270.0,253.6916672,100.0,0.0,6.0,5188.0,416.0,ANT,15
3280.0,255.0,100.0,0.0,6.0,5286.424078140953,304.1819672874363,ANT,15
3290.0,255.0,100.0,0.0,6.0,5362.0,218.0,ANT,15
3300.0,255.0597223111111,100.0,0.0,6.0,5445.41100830894,122.03173670821391,ANT,15
3320.0,255.67500017777778,100.0,0.0,6.0,5548.0,5.0,ANT,16
3330.0,256.0,100.0,0.0,6.0,5604.463261669343,-57.66384656192808,ANT,16
3340.0,256.5083335111111,100.0,0.0,6.0,5691.0,-153.0,ANT,16
3350.0,257.00416675555556,99.97499946666667,0.0,6.0,5775.09893883557,-247.98140272797957,ANT,16
3370.0,257.6750001777778,95.94999893333333,0.0,6.0,5947.0,-442.0,ANT,16
3380.0,258.0,94.0,0.0,6.0,5993.706457511536,-495.0549606105635,ANT,16
3390.0,254.23392594285713,86.78213211428572,1.0,6.0,6033.452882305442,-541.346966401333,ANT,16
3410.0,231.2531224,0.0,1.0,6.0,6152.590379443612,-680.1786590957796,ANT,16
3420.0,219.10416533333333,0.0,1.0,5.0,6218.195568686091,-756.1391409081086,ANT,16
3430.0,210.0,0.0,1.0,5.0,6313.755106478566,-889.7433836627288,ANT,16
3440.0,203.4249984,0.0,1.0,4.5,6357.399494612764,-958.1309027361356,ANT,16
3450.0,197.6166656,0.0,1.0,4.0,6399.0,-1064.0,ANT,16
3460.0,196.0,0.0,0.0,4.0,6408.976436757928,-1127.006049614441,ANT,16
3470.0,188.4624992,5.2687504,0.0,4.0,6426.246799956856,-1291.7487361451158,ANT,16
3480.0,184.4041664,13.256252799999999,0.0,4.0,6423.506318463207,-1357.3850475733627,ANT,16
3490.0,183.0,28.0,0.0,4.0,6411.652345630055,-1413.5020927523976,ANT,16
3500.0,182.3816153525811,44.69638548031011,0.0,4.0,6383.0,-1532.0,ANT,16
3510.0,182.0984376,55.3937504,0.0,4.0,6354.083869682419,-1611.602589794153,ANT,16
3520.0,182.8484376,58.3937504,0.0,4.0,6299.663604699346,-1719.186645701168,ANT,16
3530.0,184.1916672,60.7875008,0.0,4.0,6247.0,-1801.0,ANT,17
3540.0,185.26141112336228,62.784233370086866,0.0,4.0,6206.366087264629,-1853.4628395686746,ANT,17
3550.0,187.0,68.0,0.0,4.0,6133.412823754381,-1932.1615226815054,ANT,17
3560.0,190.58620778207742,72.4827597275968,0.0,4.0,6077.0,-1980.0,ANT,17
3570.0,195.73291538733568,78.35281090083627,0.0,4.0,5985.314031947603,-2038.379456543061,ANT,17
3580.0,200.0,81.0,0.0,4.0,5876.5482890277235,-2085.0094483156013,ANT,17
3590.0,203.44,81.86,0.0,4.0,5726.5053075646665,-2133.1841256840235,ANT,17
3600.0,208.0,83.0,0.0,5.0,5566.723705477184,-2167.190647552654,ANT,17
3610.0,212.56750144,91.62750272,0.0,5.0,5482.0,-2179.0,ANT,17
3630.0,218.0375008,100.0,0.0,5.0,5392.733905709806,-2193.2813720858157,ANT,17
3640.0,224.0,100.0,0.0,5.0,5254.320539060761,-2210.3552570766497,ANT,17
3650.0,225.35000137142856,100.0,0.0,5.0,5214.0,-2214.0,ANT,17
3660.0,229.3892864,100.0,0.0,5.0,5095.504337567238,-2220.8024802240743,ANT,17
3670.0,234.109376,100.0,0.0,5.5,4996.3801352122455,-2224.51227041512,ANT,17
3690.0,243.04500095999998,100.0,0.0,6.0,4762.964474472748,-2231.925810067127,ANT,17
3700.0,246.69000192,100.0,0.0,6.0,4584.0,-2239.0,ANT,17
3710.0,249.0,100.0,0.0,6.0,4492.831401806439,-2243.093791297068,ANT,17
3720.0,251.0,100.0,0.0,6.0,4384.733739565089,-2249.6983501652776,ANT,17
3730.0,255.0666680888889,100.0,0.0,6.0,4302.0,-2256.0,ANT,17
3750.0,259.0,100.0,0.0,6.0,4216.916619571685,-2261.7659806659262,ANT,18
3770.0,264.71666773333334,100.0,0.0,6.0,4008.0527110511234,-2275.284745599983,ANT,18
3780.0,268.0,100.0,0.0,6.0,3915.2272752710974,-2281.468239017258,ANT,18
3790.0,268.0,100.0,0.0,7.0,3806.2135890186087,-2288.201032811425,ANT,18
3800.0,268.7875008,100.0,0.0,7.0,3744.0,-2292.0,ANT,18
3810.0,270.7875008,100.0,0.0,7.0,3549.0,-2304.0,ANT,18
3820.0,272.0,100.0,0.0,7.0,3465.463017276338,-2309.461152882039,ANT,18
3830.0,274.0,100.0,0.0,7.0,3381.388001026652,-2315.9372940709754,ANT,18
3840.0,274.4291669333333,100.0,0.0,7.0,3322.0,-2320.0,ANT,18
3850.0,274.9229168,100.0,0.0,7.0,3231.611390210267,-2326.07701661674,ANT,18
3870.0,276.93928594285717,100.0,0.0,7.0,3010.574400130302,-2346.6376545639378,ANT,18
3890.0,278.0125002666667,100.0,0.0,7.0,2817.0,-2366.0,ANT,18
3910.0,278.82749952,94.249984,0.0,7.0,2609.9377923595985,-2387.076004649378,ANT,18
3920.0,276.0,0.0,1.0,7.0,2475.6031477797906,-2401.2252005374853,ANT,18
3930.0,270.06832574858123,0.0,1.0,7.0,2432.0,-2406.0,ANT,18
3950.0,238.6400873782105,0.0,1.0,7.0,2204.238253356739,-2432.333027764602,ANT,18
3960.0,210.05155960000002,0.0,1.0,7.0,2088.491273921323,-2446.661094089268,ANT,18
3980.0,177.68571428571428,0.0,1.0,5.0,1907.4288231840123,-2470.176621833849,ANT,19
3990.0,159.68571428571428,0.0,1.0,4.0,1808.4305021786593,-2482.4927927465774,ANT,19
4000.0,146.29999999999998,0.0,1.0,3.0,1711.881065791662,-2497.9093302944457,ANT,19
4010.0,128.88374833888454,0.0,1.0,2.3333333333333335,1591.3101915233703,-2518.8757595809684,ANT,19
4020.0,112.13571260952381,0.0,1.0,2.0,1476.6233206998822,-2543.266272985696,ANT,19
4030.0,101.09218680000001,0.0,1.0,2.0,1394.6606498286437,-2568.059969514771,ANT,19
4040.0,92.25234280000001,0.0,1.0,1.25,1315.309307766367,-2606.6283001833444,ANT,19
4050.0,82.23093696,0.34937552,0.5,1.0,1248.317281644646,-2672.787365487359,ANT,19
4060.0,75.98499968,11.374167537777778,0.0,1.0,1221.9364457884813,-2782.073898811383,ANT,19
4070.0,76.52045498181818,22.348865745454546,0.0,1.0,1234.6288202642775,-2836.8208809325974,ANT,19
4080.0,85.31083392000001,46.16125024,0.0,1.0,1298.7076915929936,-2946.2611893799685,ANT,19
4090.0,92.13500074666666,53.03000064,0.0,1.0,1382.5766418478433,-3019.625808428327,ANT,19
4100.0,103.0,61.5,0.0,1.5,1497.7067061955809,-3095.896075521806,ANT,19
4110.0,120.95454836363636,73.78181934545455,0.0,2.0,1662.5,-3193.0,ANT,19
4120.0,129.0,77.0,0.0,2.0,1723.54331219993,-3227.3540764120326,ANT,19
4130.0,136.3833344,88.07500160000001,0.0,2.0,1827.1788860596075,-3289.112343745266,ANT,19
4140.0,145.4593768,96.039062,0.0,3.0,1936.524634775686,-3362.34720415613,ANT,19
4150.0,161.08928685714284,90.03928365714286,0.0,3.0,2023.3074124828804,-3431.545676957148,ANT,19
4160.0,165.0,83.0,0.0,3.0,2087.1300905395633,-3494.7429004245478,ANT,19
4170.0,172.6344137326076,85.54480457753587,0.0,3.0,2131.0,-3547.0,ANT,19
4180.0,180.5906256,87.015624,0.0,4.0,2176.245442547023,-3615.8983304658914,ANT,19
4190.0,185.4656256,78.890624,0.0,4.0,2232.8640968936043,-3739.692618983212,ANT,20
4200.0,188.225,77.575,0.0,4.0,2270.3226987285207,-3887.256180994028,ANT,20
4220.0,195.95,97.31666666666666,0.0,4.0,2291.0,-4058.0,ANT,20
4230.0,197.0,100.0,0.0,4.0,2292.7090697297363,-4083.810046456316,ANT,20
4240.0,200.0285714285714,100.0,0.0,4.0,2291.2003464661416,-4229.575519811444,ANT,20
4250.0,202.49466226212948,100.0,0.0,4.0,2281.0,-4359.0,ANT,20
4260.0,206.0,100.0,0.0,5.0,2267.802667270615,-4447.298193424431,ANT,20
4270.0,208.61428662857142,100.0,0.0,5.0,2252.0,-4506.0,ANT,20
4280.0,210.58958346666668,100.0,0.0,5.0,2222.324728396893,-4613.462782160459,ANT,20
4300.0,213.98928548571428,99.46427428571428,0.0,5.0,2135.3828936389314,-4851.050549782936,ANT,20
4320.0,209.7791655111111,0.0,1.0,5.0,2075.0556852442714,-4979.228849041285,ANT,20
4330.0,199.61388657777778,0.0,1.0,5.0,2002.0,-5106.0,ANT,20
4340.0,191.0,0.0,1.0,4.5,1973.627712786127,-5148.290993235254,ANT,20
4350.0,178.8499968,0.0,1.0,4.0,1924.5,-5215.5,ANT,20
4360.0,162.4027768888889,0.0,1.0,3.0,1824.3970370793793,-5336.67177509679,ANT,20
4370.0,156.24999822222222,0.0,1.0,3.0,1708.0,-5441.0,ANT,20
4380.0,153.0,0.0,1.0,3.0,1673.684804785568,-5469.088917628259,ANT,20
4390.0,146.98124959999998,1.6979173333333335,0.0,3.0,1605.5747415987491,-5486.675783886617,ANT,20
4400.0,143.4437488,10.7062544,0.0,3.0,1513.0,-5506.0,ANT,20
4410.0,139.1886365090909,29.546592872727274,0.0,3.0,1423.036162678114,-5509.833089282769,ANT,21
4420.0,140.82500014545454,51.63750196363637,0.0,3.0,1288.2834911372997,-5491.1131636315085,ANT,21
4430.0,144.86000128,58.34250144,0.0,3.0,1202.0,-5461.5,ANT,21
4440.0,149.0,63.0,0.0,3.0,1112.0005101254246,-5415.442148562317,ANT,21
4450.0,153.3125005714286,69.90000091428571,0.0,3.0,1007.8769268404058,-5345.60280763043,ANT,21
4460.0,164.453128,86.3312544,0.0,3.0,950.0,-5294.0,ANT,21
4470.0,171.5750016,94.00138951111111,0.0,3.0,899.1502445584696,-5247.465019575801,ANT,21
4480.0,182.1000064,98.09444693333333,0.0,3.0,821.0,-5176.0,ANT,21
4490.0,187.0,100.0,0.0,4.0,784.0707849231037,-5142.451242585578,ANT,21
4500.0,190.44285805714287,100.0,0.0,4.0,690.5054816564361,-5058.011263380482,ANT,21
4510.0,199.01254479999102,100.0,0.0,4.0,617.0,-4992.0,ANT,21
4520.0,208.5203780774163,100.0,0.0,4.0,546.6461223115875,-4930.03118362708,ANT,21
4530.0,216.95999999999998,100.0,0.0,5.0,456.37032659778873,-4849.044027805277,ANT,21
4540.0,222.0,100.0,0.0,5.0,376.88194686925715,-4777.523337878619,ANT,21
4550.0,223.85053422930318,100.0,0.0,5.0,325.0,-4731.0,ANT,21
4560.0,227.0,100.0,0.0,5.0,245.60153428473302,-4660.25196323606,ANT,21
4570.0,231.0,100.0,0.0,5.0,179.92795498001942,-4602.00211370307,ANT,21
4580.0,232.6288091530299,100.0,0.0,5.0,144.0,-4570.0,ANT,21
4590.0,237.2534630920267,100.0,0.0,5.5,20.93839804243413,-4459.415594945781,ANT,21
4600.0,240.3062512,100.0,0.0,6.0,-91.0,-4358.0,ANT,21
4620.0,244.0,100.0,0.0,6.0,-170.0843230154543,-4286.944743171383,ANT,21
4630.0,246.01250026666668,100.0,0.0,6.0,-252.0828225996792,-4213.821272500965,ANT,22
4650.0,247.92916693333333,100.0,0.0,6.0,-423.9490044424866,-4060.8289513939308,ANT,22
4670.0,250.13125013333334,100.0,0.0,6.0,-595.5343923496407,-3920.3542483327674,ANT,22
4680.0,251.0,100.0,0.0,6.0,-674.2636352593127,-3862.103698047258,ANT,22
4690.0,252.0,100.0,0.0,6.0,-747.7420962378967,-3823.087431795247,ANT,22
4700.0,251.93611093333334,98.59444053333333,0.0,6.0,-762.0,-3817.0,ANT,22
4720.0,251.0,78.03000064,0.0,6.0,-1030.025418655249,-3728.253472522694,ANT,22
4730.0,251.0,82.0,0.0,6.0,-1126.8690377425432,-3710.606482565697,ANT,22
4740.0,250.64249984,87.00500224,0.0,6.0,-1218.0,-3713.0,ANT,22
4760.0,250.0,96.0,0.0,6.0,-1475.9180339572986,-3736.8553972967197,ANT,22
4770.0,250.0,96.0,0.0,6.0,-1542.9731515418125,-3750.80071230681,ANT,22
4780.0,249.56071405714286,97.75714377142857,0.0,6.0,-1585.0,-3768.0,ANT,22
4790.0,249.0,100.0,0.0,6.0,-1683.208291918936,-3806.492901259621,ANT,22
4800.0,249.0,100.0,0.0,6.0,-1773.6685488107355,-3845.7388766759323,ANT,22
4810.0,249.51071451428572,100.0,0.0,6.0,-1881.0,-3900.0,ANT,22
4820.0,250.0,100.0,0.0,6.0,-1965.027473060919,-3945.366702465758,ANT,22
4830.0,250.0,100.0,0.0,6.0,-2039.733796029276,-3985.7111454192354,ANT,22
4840.0,250.83000064,100.0,0.0,6.0,-2115.0,-4025.0,ANT,22
4850.0,252.0,100.0,0.0,6.0,-2188.612349912694,-4059.883233545482,ANT,23
4860.0,252.0,100.0,0.0,6.0,-2306.9439957520162,-4106.897082302665,ANT,23
4870.0,252.1968752,100.0,0.0,6.0,-2386.0,-4134.0,ANT,23
4890.0,253.0,96.5910688,0.0,6.0,-2579.0278225798916,-4179.201819336875,ANT,23
4900.0,253.0,78.39642331428571,0.0,6.0,-2842.0,-4199.0,ANT,23
4910.0,253.0,77.0,0.0,6.0,-2858.0365559605725,-4199.72159988623,ANT,23
4920.0,252.0,69.0,0.0,6.0,-2939.024121731608,-4199.7220922262595,ANT,23
4930.0,249.3624992,8.3374816,0.5,6.0,-3010.7500003380883,-4186.530392852808,ANT,23
4940.0,239.05999104,0.0,1.0,6.0,-3128.0,-4169.0,ANT,23
4950.0,235.0,0.0,1.0,6.0,-3166.9931534729853,-4161.729247920086,ANT,23
4960.0,220.77715310936546,0.0,1.0,6.0,-3302.0,-4129.0,ANT,23
4970.0,209.14,0.0,1.0,5.0,-3407.261257035194,-4095.718034192689,ANT,23
4980.0,198.66,0.0,1.0,4.0,-3527.557942971104,-4045.980619061028,ANT,23
4990.0,192.0,0.0,1.0,4.0,-3600.4411043733303,-4010.2492574208427,ANT,23
5000.0,186.35,0.0,1.0,4.0,-3661.164029509562,-3971.398676375906,ANT,23
5010.0,172.91666666666669,0.0,1.0,4.0,-3793.3335284228747,-3867.8882297769837,ANT,23
5020.0,169.0,0.0,1.0,3.0,-3867.9088694248703,-3793.8840023973376,ANT,23
5030.0,154.09583182222224,0.0,1.0,3.0,-3927.720401747733,-3712.91185930909,ANT,23
5040.0,140.0,0.0,1.0,3.0,-3983.6882884362108,-3622.085251364195,ANT,23
5050.0,133.9624992,0.0,1.0,2.5,-4014.336887345057,-3552.214986475237,ANT,23
5060.0,124.98749897142858,0.0,1.0,2.0,-4042.1408498369124,-3453.781707069209,ANT,23
5070.0,117.0,0.0,0.0,2.0,-4050.0491407201885,-3379.9049387374057,ANT,24
5080.0,112.58437413333333,0.015000319999999998,0.0,2.0,-4043.074722647152,-3296.6723333104896,ANT,24
5090.0,106.53541653333333,3.464583466666667,0.0,2.0,-4009.0133230384854,-3184.5549462832537,ANT,24
5100.0,104.50750016,25.06000128,0.0,2.0,-3956.611442810254,-3096.9074486719583,ANT,24
5110.0,106.0,41.0,0.0,2.0,-3851.8798310903517,-2998.9771717926233,ANT,24
5120.0,110.75250112,48.21500032,0.0,2.0,-3789.7550190667926,-2963.9483351532494,ANT,24
5130.0,118.71500032,58.5750016,0.0,2.0,-3703.642089238878,-2929.942563839335,ANT,24
5140.0,127.55357257142857,68.77678628571428,0.0,2.0,-3583.277807631486,-2896.2781993026583,ANT,24
5150.0,134.18125120000002,70.0,0.0,2.0,-3486.3403420815475,-2872.8233328135075,ANT,24
5160.0,146.55625120000002,78.796876,0.0,2.5,-3413.337994746437,-2857.1425231275343,ANT,24
5170.0,156.5218768,87.57500160000001,0.0,3.0,-3332.2505605935075,-2840.230481187576,ANT,24
5180.0,166.046876,100.0,0.0,3.0,-3257.6769014507163,-2825.136575058895,ANT,24
5190.0,171.093752,100.0,0.0,3.0,-3182.724681529173,-2810.1408467853535,ANT,24
5200.0,188.44244484853206,100.0,0.0,4.0,-3030.9450681232775,-2782.5631268017833,ANT,24
5240.0,211.82583185900575,100.0,0.0,4.0,-2710.3046204864663,-2729.5140023384247,ANT,24
0.0,219.47343360000002,100.0,0.0,5.0,-2473.238326100817,-2693.54870107583,ALO,1
10.0,229.0,100.0,0.0,6.0,-2362.719802765771,-2675.8373607291505,ALO,1
30.0,232.66562240000002,100.0,0.0,6.0,-2250.7598444986606,-2657.567610394261,ALO,1
40.0,239.2062448,100.0,0.0,6.0,-2150.0,-2642.0,ALO,1
50.0,244.0,100.0,0.0,6.0,-2052.8768319277124,-2626.632709243075,ALO,1
60.0,249.2845190570195,100.0,0.0,6.0,-1873.638997182145,-2597.7019990281856,ALO,1
80.0,256.0,100.0,0.0,7.0,-1744.6742440790629,-2576.6868655546295,ALO,1
90.0,260.7875008,100.0,0.0,7.0,-1635.3947482830138,-2558.023507271939,ALO,1
110.0,265.5750016,100.0,0.0,7.0,-1497.0,-2534.0,ALO,1
120.0,269.2875008,100.0,0.0,7.0,-1387.4960333308904,-2516.3479215231846,ALO,1
140.0,276.5375008,100.0,0.0,7.0,-1171.0183680842438,-2481.6697179489574,ALO,1
150.0,278.63000064,100.0,0.0,7.0,-1033.0,-2458.0,ALO,1
170.0,280.81500031999997,100.0,0.0,7.0,-865.7390694124006,-2428.566303443834,ALO,1
180.0,282.5375008,100.0,0.0,7.0,-756.0,-2410.0,ALO,1
190.0,284.0,100.0,0.0,8.0,-664.256653066213,-2393.7897030964286,ALO,1
200.0,284.89583466666664,100.0,0.0,8.0,-631.0,-2388.0,ALO,1
210.0,288.61458400000004,100.0,0.0,8.0,-488.0381634840452,-2364.1796484286497,ALO,1
230.0,292.0,100.0,0.0,8.0,-251.8035641909236,-2324.5343055006483,ALO,2
240.0,292.7944448,100.0,0.0,8.0,-121.0,-2302.0,ALO,2
260.0,294.5187504,100.0,0.0,8.0,14.656155636648737,-2276.6574716977675,ALO,2
270.0,296.0,100.0,0.0,8.0,96.90381867635233,-2261.028534179237,ALO,2
280.0,297.11136407272727,100.0,0.0,8.0,241.0,-2234.0,ALO,2
300.0,298.47500043636364,100.0,0.0,8.0,404.0,-2204.0,ALO,2
310.0,299.0,100.0,0.0,8.0,466.98809261910486,-2192.5791264760987,ALO,2
320.0,300.0,100.0,0.0,8.0,631.2195599769104,-2163.080100511658,ALO,2
330.0,300.0,100.0,0.0,8.0,665.0,-2157.0,ALO,2
340.0,300.0,100.0,0.0,8.0,783.8719031466592,-2135.386845156334,ALO,2
350.0,300.0,100.0,0.0,8.0,926.4188290452358,-2108.6184094717964,ALO,2
360.0,300.0,100.0,0.0,8.0,1065.8001141838067,-2082.376724469509,ALO,2
390.0,299.0,100.0,0.0,8.0,1367.7308910365014,-2027.2309740043047,ALO,2
410.0,299.0,100.0,0.0,8.0,1619.6796787589756,-1981.135879580038,ALO,2
420.0,299.4377223486025,100.0,0.0,8.0,1713.0,-1964.0,ALO,2
440.0,300.0,100.0,0.0,8.0,1800.2227591964684,-1947.9529150497265,ALO,2
450.0,300.0,100.0,0.0,8.0,1909.0,-1928.0,ALO,3
460.0,300.0,100.0,0.0,8.0,1936.1323600815392,-1923.0456388202638,ALO,3
470.0,300.0,100.0,0.0,8.0,2073.0,-1898.0,ALO,3
480.0,300.0,100.0,0.0,8.0,2202.5254431633334,-1873.8772789810512,ALO,3
490.0,299.6187504,100.0,0.0,8.0,2321.0,-1853.0,ALO,3
510.0,299.00227258181815,100.0,0.0,8.0,2558.961405198227,-1814.1663377087652,ALO,3
550.0,299.94500031999996,100.0,0.0,8.0,2841.315159638638,-1770.209777143859,ALO,3
560.0,299.0,100.0,0.0,8.0,2994.3448846721203,-1745.9366423228148,ALO,3
570.0,299.0687496,100.0,0.0,8.0,3013.0,-1743.0,ALO,3
580.0,299.6312496,100.0,0.0,8.0,3161.0,-1720.0,ALO,3
590.0,300.0,100.0,0.0,8.0,3247.467121738307,-1706.6506676045424,ALO,3
600.0,300.0,100.0,0.0,8.0,3342.0,-1692.0,ALO,3
610.0,300.0,100.0,0.0,8.0,3529.761165483579,-1662.7520887176443,ALO,3
620.0,297.09499776,58.499968,0.0,8.0,3631.0,-1647.0,ALO,3
630.0,293.0,0.0,1.0,8.0,3716.235287783192,-1633.837603170447,ALO,3
640.0,252.21070354285715,0.0,1.0,8.0,3790.0,-1623.0,ALO,3
650.0,246.0,0.0,1.0,8.0,3809.3897637446507,-1620.1427304370352,ALO,3
660.0,233.312496,0.0,1.0,8.0,3945.0,-1600.0,ALO,3
670.0,221.58999552,0.0,1.0,8.0,4034.141295750064,-1586.6076515757327,ALO,4
680.0,195.90971911111112,0.0,1.0,7.0,4137.904373002222,-1571.9062685360582,ALO,4
690.0,163.82638577777777,0.0,1.0,5.5,4331.977552791937,-1533.107547911428,ALO,4
700.0,149.0,0.0,1.0,4.0,4403.477037056119,-1515.8307369131344,ALO,4
710.0,135.31166549333332,0.0,1.0,3.3333333333333335,4478.758616501332,-1494.2372721822046,ALO,4
720.0,125.27999744,0.0,1.0,3.0,4547.0,-1472.0,ALO,4
730.0,110.96999935999999,0.0,1.0,2.0,4669.197838418061,-1400.9929038465878,ALO,4
740.0,102.69305493333334,0.0,1.0,1.5,4717.1460264048965,-1343.569586772429,ALO,4
750.0,95.0874992,0.0,1.0,1.0,4765.393823519123,-1262.885418427869,ALO,4
760.0,89.8593744,0.0,1.0,1.0,4794.775795512299,-1134.7377811155868,ALO,4
770.0,80.16903914428642,1.2464412835703684,0.0,1.0,4794.547343853639,-1032.7203548245523,ALO,4
780.0,79.82121973686095,25.172932895245903,0.0,1.0,4767.530646495156,-928.5975848647726,ALO,4
790.0,82.90521109916729,35.272404147918216,0.0,1.0,4729.311225706514,-857.6174029659514,ALO,4
800.0,87.60277653333333,37.60277653333333,0.0,1.0,4684.798971186849,-804.3691911401354,ALO,4
810.0,95.56666595555555,45.958332444444444,0.0,1.0,4585.097859180739,-740.0114855730611,ALO,4
820.0,105.36666453333333,53.604165333333334,0.0,1.5,4498.430994609367,-716.2254594875892,ALO,4
830.0,117.01333034666668,61.079998079999996,0.0,2.0,4377.440545945384,-710.1599681513723,ALO,4
840.0,123.55988727436868,65.76880121339786,0.0,2.0,4300.0,-713.0,ALO,4
850.0,133.76721401238945,72.12678141281083,0.0,2.5,4191.79396524966,-719.3868588527783,ALO,4
860.0,147.81964434285715,80.04285805714287,0.0,3.0,4083.326914444984,-728.1797990072064,ALO,4
870.0,155.61363781818181,90.30454807272727,0.0,3.0,3965.0,-741.0,ALO,4
880.0,160.5795461818182,99.24318312727273,0.0,3.5,3796.498881394541,-760.2220612189676,ALO,4
900.0,175.601564,100.0,0.0,4.0,3704.1466100182074,-771.312922718048,ALO,5
910.0,193.0750016,100.0,0.0,4.0,3549.154471015758,-786.8925446348683,ALO,5
920.0,201.0,100.0,0.0,5.0,3412.2197896909747,-799.2207998215569,ALO,5
930.0,201.0,100.0,0.0,5.0,3347.90489981984,-804.5971041869603,ALO,5
950.0,216.8343768,100.0,0.0,5.0,3204.8523770852535,-816.0756929416386,ALO,5
960.0,219.0,100.0,0.0,5.0,3105.798960886013,-824.9993319525547,ALO,5
970.0,226.5750016,100.0,0.0,5.5,2988.9174157876773,-834.4427814287294,ALO,5
980.0,229.0,100.0,0.0,6.0,2878.0,-844.0,ALO,5
990.0,229.0,100.0,0.0,6.0,2778.4420644034544,-852.5635762189924,ALO,5
1000.0,238.15000320000001,100.0,0.0,6.0,2622.0,-866.0,ALO,5
1020.0,251.0,100.0,0.0,6.0,2507.3146085189833,-876.1212991280009,ALO,5
1030.0,253.0750016,100.0,0.0,6.0,2463.0,-880.0,ALO,5
1040.0,257.31428754285713,100.0,0.0,6.0,2342.785184480509,-890.3421254584206,ALO,5
1060.0,265.47916799999996,100.0,0.0,7.0,2140.96067237,-906.9948673196452,ALO,5
1080.0,275.5187504,100.0,0.0,7.0,1786.9478262728521,-937.2839646086222,ALO,5
1090.0,277.0,100.0,0.0,7.0,1697.563224804926,-945.0769273932619,ALO,5
1100.0,282.0750016,100.0,0.0,7.0,1643.0,-950.0,ALO,5
1110.0,283.0,100.0,0.0,7.0,1621.4229529921633,-951.8523221698907,ALO,6
1130.0,288.0841115010922,100.0,0.0,7.5,1370.1537222149093,-973.3075227705715,ALO,6
1150.0,291.72999808,100.0,0.0,8.0,1133.0,-994.0,ALO,6
1170.0,295.0,100.0,0.0,8.0,922.7160763618357,-1012.6003789919978,ALO,6
1180.0,297.5249984,100.0,0.0,8.0,738.0,-1029.0,ALO,6
1200.0,300.0,100.0,0.0,8.0,562.6942512913818,-1044.4942101839788,ALO,6
1220.0,303.53499776,100.0,0.0,8.0,419.0,-1057.0,ALO,6
1230.0,307.0,100.0,0.0,8.0,333.4810112340987,-1064.1125677426535,ALO,6
1240.0,307.3874992,100.0,0.0,8.0,300.0,-1067.0,ALO,6
1250.0,308.0,100.0,0.0,8.0,231.20571294583078,-1073.0953284541288,ALO,6
1270.0,309.31664810968056,100.0,0.0,8.0,10.0,-1093.0,ALO,6
1320.0,312.58106663717604,100.0,0.0,8.0,-504.0,-1138.0,ALO,6
1330.0,313.0,100.0,0.0,8.0,-564.4888026606593,-1143.3640135428723,ALO,7
1350.0,313.0,100.0,0.0,8.0,-773.9611721681088,-1161.8662812981536,ALO,7
1360.0,313.0,100.0,0.0,8.0,-994.1309011876332,-1180.8747820347987,ALO,7
1370.0,313.0,100.0,0.0,8.0,-1042.0,-1185.0,ALO,7
1380.0,313.0,100.0,0.0,8.0,-1138.242080790666,-1193.3080138667094,ALO,7
1390.0,313.0,100.0,0.0,8.0,-1205.9055429909165,-1199.1900799255516,ALO,7
1400.0,312.28499968,100.0,0.0,8.0,-1319.0,-1209.0,ALO,7
1410.0,312.0,100.0,0.0,8.0,-1385.427099999291,-1214.7538574938324,ALO,7
1420.0,312.0,100.0,0.0,8.0,-1595.0,-1233.0,ALO,7
1430.0,312.0,100.0,0.0,8.0,-1661.2174113836102,-1238.9272782965618,ALO,7
1450.0,312.0,100.0,0.0,8.0,-1794.2775792205646,-1251.2383788341774,ALO,7
1470.0,312.0,100.0,0.0,8.0,-2021.5260294736609,-1270.5487911666164,ALO,7
1490.0,312.0,100.0,0.0,8.0,-2203.929706838443,-1286.6108390145444,ALO,7
1500.0,312.0,100.0,0.0,8.0,-2286.0,-1294.0,ALO,7
1510.0,312.0,100.0,0.0,8.0,-2469.131698708899,-1310.2949884622237,ALO,7
1520.0,311.8805553777778,100.0,0.0,8.0,-2511.0,-1314.0,ALO,7
1540.0,311.2138887111111,100.0,0.0,8.0,-2717.0,-1332.0,ALO,7
1550.0,311.0,100.0,0.0,8.0,-2804.4522967769735,-1339.4975587355834,ALO,8
1560.0,310.43611093333334,100.0,0.0,8.0,-3044.0,-1360.0,ALO,8
1580.0,310.0,100.0,0.0,8.0,-3128.8193263471658,-1367.5864185101989,ALO,8
1590.0,310.3379503133339,100.0,0.0,8.0,-3199.0,-1374.0,ALO,8
1610.0,311.0,100.0,0.0,8.0,-3478.2637999298577,-1398.8892561952994,ALO,8
1620.0,310.1464439000721,57.32219500360436,0.0,8.0,-3594.0,-1409.0,ALO,8
1630.0,309.0,0.0,0.0,8.0,-3711.65058433999,-1418.9741405643706,ALO,8
1640.0,293.0,0.0,1.0,8.0,-3830.298468659219,-1428.808144636568,ALO,8
1650.0,286.7291573333333,0.0,1.0,8.0,-3855.0,-1431.0,ALO,8
1660.0,258.0,0.0,1.0,8.0,-3967.6641529624267,-1441.634769135152,ALO,8
1670.0,253.8499968,0.0,1.0,8.0,-4015.0,-1446.0,ALO,8
1680.0,246.0,0.0,1.0,7.0,-4104.440517320131,-1453.6629660587464,ALO,8
1690.0,219.43925984941467,0.0,1.0,7.0,-4224.0,-1464.0,ALO,8
1700.0,201.4500032,0.0,1.0,6.0,-4330.070850743443,-1474.1191944115221,ALO,8
1710.0,196.0,0.0,1.0,5.0,-4397.1283835963795,-1479.624952414802,ALO,8
1720.0,164.74500352,0.0,1.0,4.0,-4566.223892705462,-1486.636361052556,ALO,8
1730.0,151.14000384000002,0.0,1.0,4.0,-4644.393196641862,-1486.6398421024903,ALO,8
1740.0,140.65555626666665,0.0,1.0,3.0,-4724.282575137736,-1482.4860461567296,ALO,8
1750.0,134.92857600000002,0.0,1.0,2.0,-4830.670656442209,-1467.0779595077233,ALO,8
1760.0,112.9750016,0.0,1.0,2.0,-4936.73723035449,-1426.1486063056764,ALO,8
1770.0,105.83385750501768,0.0,1.0,2.0,-5001.421350721184,-1379.9867715827693,ALO,9
1780.0,93.44999893333333,0.0,1.0,1.0,-5063.16367032405,-1306.6469372110353,ALO,9
1790.0,83.5874992,0.0,1.0,1.0,-5110.34651605295,-1197.077796296558,ALO,9
1800.0,74.1062496,0.0,0.5,1.0,-5127.0049066950905,-1099.2954279151045,ALO,9
1810.0,69.11853685454545,8.657671636363636,0.0,1.0,-5113.8983710672055,-1000.2839469338887,ALO,9
1820.0,71.3937504,29.858333866666666,0.0,1.0,-5059.6243027023465,-891.7531483458273,ALO,9
1830.0,75.0,32.76250026666667,0.0,1.0,-4999.6853990098925,-831.8840992802874,ALO,9
1840.0,82.86723084753895,41.19344659617446,0.0,1.0,-4930.218545731031,-797.1174307427508,ALO,9
1850.0,89.88274674114258,45.35343342642823,0.0,1.0,-4833.806271781895,-788.7436877921024,ALO,9
1860.0,100.50704593906214,46.01980215158261,0.0,1.0,-4643.715341430346,-838.6718269597469,ALO,9
1870.0,99.86836224138139,0.0,1.0,1.0,-4546.348936572337,-874.0615133538192,ALO,9
1880.0,90.27004081269841,0.0,1.0,1.0,-4431.826231100436,-901.6393057318285,ALO,9
1890.0,83.54166755555556,0.0,1.0,1.0,-4330.06587178412,-909.906127994448,ALO,9
1900.0,76.3212128969697,1.994545803636364,0.3333333333333333,1.0,-4222.264516043669,-870.5417693640235,ALO,9
1910.0,71.76041733333334,16.845829866666666,0.0,1.0,-4179.246476152777,-819.910317493989,ALO,9
1920.0,75.69642742857143,33.010711314285714,0.0,1.0,-4149.275717698512,-729.2291293336854,ALO,9
1930.0,82.57683917491283,40.33036815498257,0.0,1.0,-4138.154760899111,-642.9952480430783,ALO,9
1940.0,87.73750021818182,49.79375141818181,0.0,1.0,-4149.6671792428515,-534.9712009789029,ALO,9
1950.0,95.09000191999999,57.74624992,0.0,1.0,-4185.781298864834,-440.49434744684277,ALO,9
1960.0,112.49000192,57.02124992,0.0,1.5,-4233.485107625818,-368.0043403079058,ALO,9
1970.0,115.6437504,57.0,0.0,2.0,-4314.117148159294,-274.2623265904965,ALO,9
1980.0,137.5750016,77.94500096,0.0,2.0,-4393.37265954136,-169.36416538949828,ALO,9
1990.0,146.0,83.0,0.0,3.0,-4418.4668070304215,-127.19746858634771,ALO,10
2000.0,152.5750016,100.0,0.0,3.0,-4457.197659474841,-48.28821150862009,ALO,10
2010.0,164.5750016,100.0,0.0,3.5,-4494.009839857208,52.88405323498011,ALO,10
2020.0,175.19286125714285,100.0,0.0,4.0,-4516.0,133.0,ALO,10
2030.0,184.0,100.0,0.0,4.0,-4535.724298543199,234.621239112594,ALO,10
2040.0,189.2714313142857,100.0,0.0,4.0,-4551.0,346.0,ALO,10
2050.0,196.05401774412354,100.0,0.0,4.0,-4559.930709993032,433.16845367044726,ALO,10
2060.0,203.31024772418957,100.0,0.0,4.0,-4566.0,546.0,ALO,10
2070.0,209.0,100.0,0.0,5.0,-4566.0675316359375,639.3510666649253,ALO,10
2080.0,211.64515898161477,100.0,0.0,5.0,-4565.0,687.0,ALO,10
2090.0,217.7258072951792,100.0,0.0,5.0,-4560.771833694466,794.1678854325139,ALO,10
2100.0,221.56509665235856,100.0,0.0,5.0,-4556.0,894.0,ALO,10
2110.0,228.11944213333334,100.0,0.0,5.0,-4542.882701022912,1086.610582944935,ALO,10
2130.0,240.0,100.0,0.0,6.0,-4520.367749397667,1276.142996137267,ALO,10
2140.0,242.2874976,100.0,0.0,6.0,-4509.0,1343.0,ALO,10
2160.0,246.01749888,100.0,0.0,6.0,-4481.220095439587,1475.1586752692688,ALO,10
2170.0,249.88499776,100.0,0.0,6.0,-4417.0,1687.0,ALO,10
2180.0,253.0,100.0,0.0,7.0,-4377.075518205277,1792.475090330132,ALO,10
2200.0,256.5124992,100.0,0.0,7.0,-4331.647582387293,1868.570075737808,ALO,10
2210.0,259.1222215111111,100.0,0.0,7.0,-4249.89770064363,1986.5418678913568,ALO,11
2230.0,261.0222208,100.0,0.0,7.0,-4170.0,2082.0,ALO,11
2240.0,263.0,100.0,0.0,7.0,-4071.9839256488494,2178.615758684884,ALO,11
2250.0,263.0,100.0,0.0,7.0,-3988.0601563152345,2249.073433772351,ALO,11
2260.0,264.21999872,100.0,0.0,7.0,-3915.0,2303.0,ALO,11
2270.0,265.0,100.0,0.0,7.0,-3866.2288376368424,2335.685657796224,ALO,11
2280.0,265.44514093249865,100.0,0.0,7.0,-3778.0,2390.0,ALO,11
2290.0,265.94200633500066,100.0,0.0,7.0,-3668.4675054619415,2449.0558509073317,ALO,11
2300.0,266.5093752,100.0,0.0,7.0,-3437.0,2553.0,ALO,11
2310.0,267.0,100.0,0.0,7.0,-3258.3429089695824,2614.4225111868677,ALO,11
2320.0,268.2875008,100.0,0.0,7.0,-3165.0,2642.0,ALO,11
2330.0,270.0,100.0,0.0,7.0,-3072.8283352432154,2669.0939269571527,ALO,11
2350.0,270.0,100.0,0.0,7.0,-2946.2372581723184,2706.7834746912963,ALO,11
2360.0,270.0,100.0,0.0,7.0,-2907.0,2719.0,ALO,11
2370.0,270.0,100.0,0.0,7.0,-2815.044961429803,2747.8441811477205,ALO,11
2380.0,270.90750016000004,100.0,0.0,7.0,-2673.54881589061,2791.532756752848,ALO,11
2400.0,271.93392868571425,100.0,0.0,7.0,-2373.9600622342978,2888.9671497785966,ALO,11
2420.0,272.0,100.0,0.0,7.0,-2275.0172519351863,2922.1749288239916,ALO,11
2430.0,273.0718752,100.0,0.0,7.0,-2194.960500801839,2950.8556691555837,ALO,12
2440.0,274.0,100.0,0.0,7.0,-2101.9960650013145,2984.415386976484,ALO,12
2450.0,274.2625002666667,100.0,0.0,7.0,-2046.0,3005.0,ALO,12
2460.0,275.0125002666667,100.0,0.0,7.0,-1845.0,3080.0,ALO,12
2480.0,276.0,100.0,0.0,7.0,-1725.5202107440987,3124.7378142264956,ALO,12
2490.0,275.7406248,100.0,0.0,7.0,-1688.0,3139.0,ALO,12
2500.0,275.0281248,100.0,0.0,7.0,-1522.0717629042772,3203.5771927694695,ALO,12
2530.0,276.0,97.12499199999999,0.0,7.0,-1189.8029278186575,3339.755375571751,ALO,12
2550.0,276.0,29.249983999999998,0.0,7.0,-1110.0,3374.0,ALO,12
2560.0,274.8964278857143,0.0,0.0,7.0,-994.4338793318805,3423.1279366902595,ALO,12
2580.0,270.0,0.0,0.0,7.0,-844.8683802540763,3489.199146454363,ALO,12
2590.0,253.28631027812625,0.0,0.0,7.0,-684.5204462015972,3561.6835326035516,ALO,12
2600.0,235.750016,0.0,0.0,7.0,-535.0,3628.0,ALO,12
2610.0,211.0,0.0,1.0,6.0,-441.9466018657554,3669.4448978748146,ALO,12
2620.0,194.91500544000002,0.0,1.0,5.0,-389.3999208964253,3692.823766852,ALO,12
2630.0,179.61500544,0.0,1.0,5.0,-302.5427322437421,3731.254120901768,ALO,12
2640.0,153.7166776888889,0.0,1.0,5.0,-158.0,3796.0,ALO,12
2650.0,147.0,0.0,1.0,3.0,-121.62462763341999,3810.4424430363856,ALO,13
2660.0,134.312504,0.0,1.0,2.6666666666666665,-3.28991114460421,3850.6339117138837,ALO,13
2670.0,119.83571565714286,0.0,1.0,2.0,74.68257896342799,3867.5451891699813,ALO,13
2680.0,111.828126,0.0,1.0,2.0,164.6062885860446,3872.496053394826,ALO,13
2690.0,106.51041733333334,1.0,0.6666666666666666,2.0,283.8791502602556,3843.1516574911816,ALO,13
2700.0,103.4058762458414,10.723608804061904,0.0,2.0,339.0,3806.0,ALO,13
2720.0,101.12568000884718,40.366159884986615,0.0,2.0,486.69286764184386,3633.595170859524,ALO,13
2730.0,106.01000021333334,48.565001386666665,0.0,2.0,515.4011569213984,3570.8756215268877,ALO,13
2740.0,116.10166741333335,64.43500074666666,0.0,2.0,548.9723027591966,3460.251834610979,ALO,13
2750.0,128.46750144,73.21500032,0.0,2.0,569.7166656160571,3353.5695357177883,ALO,13
2760.0,135.2104176,75.3343768,0.0,2.0,578.8388700839215,3272.7491902266775,ALO,13
2770.0,144.2958352,92.8562536,0.0,2.0,589.0,3150.0,ALO,13
2780.0,148.0,100.0,0.0,3.0,595.3795628580523,3085.8890672826324,ALO,13
2790.0,164.05625120000002,100.0,0.0,4.0,608.9229319755054,2957.709965224108,ALO,13
2800.0,174.6125024,100.0,0.0,4.0,619.0,2872.0,ALO,13
2810.0,179.0,100.0,0.0,4.0,625.3076763827079,2821.3647093848504,ALO,13
2820.0,188.20000232727273,100.0,0.0,4.0,644.0,2686.0,ALO,13
2830.0,195.0,100.0,0.0,4.0,658.2622574012928,2587.5165135226825,ALO,13
2840.0,199.54500095999998,100.0,0.0,4.5,669.8697694140146,2505.5558965437367,ALO,13
2850.0,204.24263042497722,100.0,0.0,5.0,686.0,2400.0,ALO,13
2870.0,210.79591700495223,100.0,0.0,5.0,713.9211923834249,2235.8111838024747,ALO,14
2880.0,215.08833194666667,100.0,0.0,5.0,738.0685482273719,2106.425573222379,ALO,14
2890.0,218.0,100.0,0.0,5.0,770.6824022690647,1956.9149049483979,ALO,14
2910.0,222.12499885714286,100.0,0.0,5.0,809.3612285557904,1802.9808683345868,ALO,14
2930.0,225.79642788571428,100.0,0.0,5.5,855.268514093682,1654.319726550274,ALO,14
2940.0,226.70999936,100.0,0.0,6.0,891.0,1558.0,ALO,14
2950.0,227.95499968000001,100.0,0.0,6.0,993.8536126028648,1333.9259867434089,ALO,14
2970.0,228.0,100.0,0.0,6.0,1028.710829222292,1260.3039455499008,ALO,14
2980.0,228.0,100.0,0.0,6.0,1077.9884822935403,1193.816966820601,ALO,14
2990.0,230.0,100.0,0.0,6.0,1201.606816886165,1037.4750288932185,ALO,14
3000.0,230.0,100.0,0.0,6.0,1257.587465061708,975.351230372076,ALO,14
3020.0,230.8156248,100.0,0.0,6.0,1348.1373040350927,905.1412157145187,ALO,14
3030.0,231.0,100.0,0.0,6.0,1411.0,860.0,ALO,14
3040.0,231.0,100.0,0.0,6.0,1533.9985334128191,791.5532075121246,ALO,14
3060.0,231.0,100.0,0.0,6.0,1714.3481106873955,721.0729961878352,ALO,14
3080.0,228.7124992,59.739985919999995,0.0,6.0,1866.0,685.0,ALO,14
3090.0,226.3562496,18.269992959999996,0.0,5.5,1983.9479515631613,669.2612716820092,ALO,15
3100.0,224.56999936,29.875007999999998,0.0,5.0,2091.0,663.0,ALO,15
3110.0,222.38499968,57.187504000000004,0.0,5.0,2220.5541776667887,672.3227103896805,ALO,15
3120.0,222.51500032,81.57001216,0.0,5.0,2308.0,688.0,ALO,15
3130.0,223.0,100.0,0.0,5.0,2397.390377785819,712.3891914128776,ALO,15
3140.0,223.0984376,100.0,0.0,5.0,2526.000755305563,761.1770285308785,ALO,15
3160.0,223.9734376,100.0,0.0,5.0,2682.8493360566963,838.9251059364851,ALO,15
3180.0,224.0,100.0,0.0,5.0,2835.2897776358077,948.9027626843961,ALO,15
3190.0,224.0,100.0,0.0,5.0,2940.477793747535,1055.9505554579605,ALO,15
3200.0,225.42288484978164,100.0,0.0,5.0,2996.0,1117.0,ALO,15
3210.0,226.0,100.0,0.0,5.0,3020.910703309427,1142.7654922370834,ALO,15
3220.0,225.9812496,99.65874271999999,0.0,5.0,3095.287527230772,1213.3869157816002,ALO,15
3230.0,223.9624992,62.91748544,0.0,5.0,3174.0,1274.0,ALO,15
3240.0,221.4812496,17.75874272,0.0,5.0,3278.7562652772135,1336.9964250774099,ALO,15
3250.0,217.97512472027887,36.98009633742041,0.0,5.0,3383.4853192662267,1384.3980121812888,ALO,15
3260.0,216.04500031999999,53.63999744,0.0,5.0,3521.2853806369444,1425.1537340682098,ALO,15
3280.0,216.0,75.00999296,0.0,5.0,3640.410964178679,1444.6118321838235,ALO,15
3290.0,216.0,94.0,0.0,5.0,3794.471601666051,1451.4845739523814,ALO,15
3300.0,219.02499840000002,95.51249920000001,0.0,5.0,3883.3873731513654,1443.0151240018197,ALO,15
3320.0,223.76249919999998,99.76249920000001,0.0,5.0,4140.81702185143,1390.2380511313065,ALO,16
3340.0,224.0,100.0,0.0,5.0,4253.657527778985,1344.4384460845754,ALO,16
3350.0,225.0,100.0,0.0,5.0,4339.833264320142,1303.5396397293318,ALO,16
3360.0,225.0,100.0,0.0,5.0,4421.0,1251.0,ALO,16
3370.0,225.2562496,100.0,0.0,5.0,4548.47968789437,1149.5279525822198,ALO,16
3380.0,226.0,100.0,0.0,5.0,4615.699388650318,1092.852486931757,ALO,16
3390.0,227.0,100.0,0.0,5.0,4677.138829664704,1027.0158971525896,ALO,16
3400.0,227.0,100.0,0.0,6.0,4786.654126899814,904.0471943948498,ALO,16
3410.0,227.36428525714285,100.0,0.0,6.0,4854.0,827.0,ALO,16
3420.0,228.0,100.0,0.0,6.0,4940.107749186036,722.3912545328304,ALO,16
3430.0,231.0,100.0,0.0,6.0,5001.935012855478,640.5023352517009,ALO,16
3440.0,231.10526288774554,100.0,0.0,6.0,5013.0,626.0,ALO,16
3460.0,231.95363414310214,100.0,0.0,6.0,5099.735571573939,518.0430239142843,ALO,16
3470.0,234.72250048,100.0,0.0,6.0,5186.881168914952,416.79280326680407,ALO,16
3480.0,235.71500032,100.0,0.0,6.0,5269.0,323.0,ALO,16
3490.0,236.0,100.0,0.0,6.0,5300.389955044643,287.3501669914266,ALO,16
3500.0,236.9468752,100.0,0.0,6.0,5383.222699351459,193.16152416576375,ALO,16
3510.0,238.6437504,100.0,0.0,6.0,5500.0,59.0,ALO,16
3520.0,239.25750016,100.0,0.0,6.0,5547.947087119853,6.242124794525507,ALO,16
3530.0,240.0,100.0,0.0,6.0,5614.334624789111,-67.25601944670936,ALO,17
3540.0,240.0,100.0,0.0,6.0,5681.777699064198,-143.25456928434943,ALO,17
3550.0,240.5093752,100.0,0.0,6.0,5758.0,-229.0,ALO,17
3560.0,241.0,100.0,0.0,6.0,5828.291775715088,-307.85271841205133,ALO,17
3570.0,241.85833386666667,100.0,0.0,6.0,5874.0,-359.0,ALO,17
3580.0,243.10750016,100.0,0.0,6.0,5944.719748316929,-438.316410106998,ALO,17
3590.0,244.0,100.0,0.0,6.0,6040.172821490839,-548.8682428072244,ALO,17
3600.0,238.6374976,55.312479999999994,0.0,6.0,6113.0,-634.0,ALO,17
3610.0,232.0,0.0,1.0,6.0,6174.905352451777,-705.1815898758585,ALO,17
3620.0,223.156248,0.0,1.0,6.0,6220.438365839601,-760.0136380394545,ALO,17
3630.0,216.0,0.0,1.0,5.0,6286.533861350927,-845.9142593983806,ALO,17
3640.0,210.73999872000002,0.0,1.0,5.0,6327.927389399815,-909.9444428432266,ALO,17
3650.0,205.01107961737594,0.0,1.0,5.0,6368.0,-983.0,ALO,17
3660.0,196.4044336907167,0.0,1.0,4.5,6409.7698057110365,-1103.035790636452,ALO,17
3670.0,192.73333617777777,0.0,1.0,4.0,6423.0,-1177.0,ALO,17
3680.0,187.0,0.0,1.0,4.0,6425.895950192024,-1322.1605275454992,ALO,17
3690.0,185.27778133333334,0.0,1.0,4.0,6423.0,-1355.0,ALO,17
3700.0,176.7937512,0.0,0.0,4.0,6392.295888099359,-1498.2303057812692,ALO,17
3710.0,173.74500032,10.45498688,0.0,4.0,6363.567948517306,-1587.9146689230674,ALO,17
3720.0,173.0,41.0,0.0,4.0,6320.69266725538,-1677.2820978191858,ALO,17
3730.0,174.80999936,59.0999936,0.0,4.0,6254.583728033456,-1790.6997286057745,ALO,17
3740.0,178.84999893333332,70.06249866666667,0.0,4.0,6197.035250148633,-1864.7354426404813,ALO,17
3750.0,182.0,74.0,0.0,4.0,6150.342886224503,-1918.831345826293,ALO,18
3760.0,186.98749813333333,75.42499946666666,0.0,4.0,6046.8946876198725,-1996.1198859243284,ALO,18
3770.0,190.3285686857143,76.66428434285714,0.0,4.0,5953.0,-2055.0,ALO,18
3780.0,195.23727217045405,79.19930862318141,0.0,4.0,5904.8604774628075,-2075.6341385384653,ALO,18
3850.0,219.38524649004947,99.48360705164154,0.0,4.5,5296.671626681263,-2206.054690810226,ALO,18
3860.0,223.0750016,100.0,0.0,5.0,5205.0,-2215.0,ALO,18
3870.0,227.14444515555556,100.0,0.0,6.0,5099.633014987105,-2220.657165024416,ALO,18
3890.0,234.03000064,100.0,0.0,6.0,4900.960223059798,-2226.9742080587193,ALO,18
3900.0,237.63000064,100.0,0.0,6.0,4781.502184037043,-2230.4848885096444,ALO,18
3920.0,244.45000045714286,100.0,0.0,6.0,4549.928911662451,-2240.861719590805,ALO,18
3940.0,248.0,100.0,0.0,6.0,4400.20720142933,-2248.8517276287544,ALO,18
3950.0,250.91071542857142,100.0,0.0,6.0,4306.0,-2255.0,ALO,18
3960.0,253.25750016,100.0,0.0,7.0,4189.006184508238,-2263.392807780054,ALO,18
3970.0,254.0,100.0,0.0,7.0,4082.99681138904,-2270.3834528724915,ALO,19
3980.0,256.4656256,100.0,0.0,7.0,3989.753438824321,-2276.391257870435,ALO,19
3990.0,257.85833386666667,100.0,0.0,7.0,3896.0,-2283.0,ALO,19
4000.0,259.0,100.0,0.0,7.0,3797.0853328516278,-2289.6419122775405,ALO,19
4010.0,259.7687504,100.0,0.0,7.0,3710.0,-2295.0,ALO,19
4020.0,261.0718752,100.0,0.0,7.0,3560.813578669888,-2303.39310625527,ALO,19
4040.0,262.5187504,100.0,0.0,7.0,3333.0,-2319.0,ALO,19
4050.0,263.0,100.0,0.0,7.0,3267.8903522301953,-2323.876707904969,ALO,19
4060.0,266.0,100.0,0.0,7.0,3116.5299711245602,-2336.6163917882095,ALO,19
4070.0,266.3443983314337,100.0,0.0,7.0,3069.0,-2341.0,ALO,19
4080.0,267.0,100.0,0.0,7.0,2979.4347914160307,-2349.687908783034,ALO,19
4100.0,267.8272721454546,100.0,0.0,7.0,2847.0,-2363.0,ALO,19
4110.0,269.0083328,100.0,0.0,7.0,2579.836622739561,-2389.9144906401707,ALO,19
4130.0,271.0,100.0,0.0,7.0,2450.209004362666,-2403.6688221273507,ALO,19
4140.0,259.67144045714286,56.42861714285714,0.0,7.0,2386.0,-2411.0,ALO,19
4150.0,244.94000384,0.0,1.0,7.0,2274.7013533782547,-2423.9176297664812,ALO,19
4160.0,233.0,0.0,1.0,6.0,2145.0135912012356,-2439.4761554887486,ALO,19
4170.0,224.4750176,0.0,1.0,6.0,2109.0,-2444.0,ALO,19
4180.0,198.1625056,0.0,1.0,6.0,2000.1118302644636,-2458.2999693059755,ALO,19
4190.0,176.36500544,0.0,1.0,6.0,1822.4513635198502,-2480.7648498113695,ALO,20
4200.0,162.0,0.0,1.0,5.0,1765.1264679813803,-2488.5361817943276,ALO,20
4210.0,144.11111822222222,0.0,1.0,3.6666666666666665,1697.5712238061599,-2499.823136156527,ALO,20
4220.0,117.90500288,0.0,1.0,2.0,1584.1223610801417,-2519.488670736442,ALO,20
4230.0,101.98000128000001,0.0,1.0,1.0,1467.019800963314,-2545.4685757975544,ALO,20
4240.0,96.47407454814815,0.0,1.0,1.0,1369.381852973075,-2578.647012418113,ALO,20
4250.0,89.6062496,0.46458346666666667,0.6666666666666666,1.0,1293.0772717617908,-2623.8772086585946,ALO,20
4260.0,84.37999957333334,0.0,0.0,1.0,1231.4907366059751,-2706.2064493620105,ALO,20
4270.0,77.57738057142858,23.445597836190476,0.0,1.0,1222.2147527677432,-2766.5973956574776,ALO,20
4280.0,77.5958336,38.195000959999994,0.0,1.0,1240.9198785948295,-2856.544257185211,ALO,20
4290.0,85.24910788571428,47.341429302857144,0.0,1.0,1307.2152924723898,-2954.7326077038997,ALO,20
4300.0,99.50179093074263,57.100358186148526,0.0,1.0,1396.7697522955057,-3032.354065942771,ALO,20
4310.0,111.69534143908803,60.939068287817605,0.0,1.0,1493.9395842483493,-3093.3695382470246,ALO,20
4320.0,122.28666709333334,88.86333610666667,0.0,2.0,1672.6796312687318,-3197.953615409349,ALO,20
4330.0,135.0,100.0,0.0,2.0,1787.9987909660624,-3265.616118848514,ALO,20
4340.0,141.02499840000002,100.0,0.0,2.5,1858.3464593699828,-3309.2800780174302,ALO,20
4360.0,154.45332992,100.0,0.0,3.0,1984.793730554972,-3399.508982247013,ALO,20
4370.0,160.0,100.0,0.0,3.0,2032.0862376998457,-3439.7179007512204,ALO,20
4380.0,163.84999893333332,100.0,0.0,3.5,2131.294451102737,-3547.122367747176,ALO,20
4400.0,174.77499840000002,100.0,0.0,4.0,2225.178193730236,-3719.1210107512115,ALO,20
4410.0,178.5249984,100.0,0.0,4.0,2256.0,-3820.0,ALO,21
4420.0,180.0,100.0,0.0,4.0,2267.1929809420453,-3868.6776259462117,ALO,21
4430.0,181.80999936,100.0,0.0,4.0,2282.368109012433,-3973.065704687764,ALO,21
4440.0,184.3874992,100.0,0.0,4.0,2294.791503815174,-4162.553864146222,ALO,21
4450.0,188.16428434285714,100.0,0.0,4.0,2292.0,-4246.0,ALO,21
4460.0,189.0,100.0,0.0,4.0,2287.3502791978144,-4284.794663309035,ALO,21
4470.0,192.0107136,100.0,0.0,4.0,2266.091506162842,-4444.4548439224545,ALO,21
4490.0,195.1034477362444,100.0,0.0,5.0,2236.5012792427983,-4565.977102696486,ALO,21
4500.0,197.3557992862491,100.0,0.0,5.0,2196.2218496710875,-4690.724079947095,ALO,21
4510.0,202.0,100.0,0.0,5.0,2151.5473622509517,-4810.833533997902,ALO,21
4520.0,200.5204535272727,78.86362181818183,0.0,5.0,2132.0,-4857.5,ALO,21
4530.0,196.22499898181817,17.499985454545453,0.0,5.0,2035.0,-5051.0,ALO,21
4540.0,195.0,0.0,1.0,5.0,2014.3155738335518,-5088.619928869934,ALO,21
4550.0,181.8499968,0.0,1.0,5.0,1974.0,-5147.0,ALO,21
4560.0,173.73999872000002,0.0,1.0,4.0,1925.7216487497412,-5214.021341534439,ALO,21
4570.0,165.7895824,0.0,1.0,4.0,1862.2699398531017,-5291.770857383721,ALO,21
4580.0,157.260416,0.5479168,1.0,3.0,1776.2294810405067,-5384.950038384719,ALO,21
4590.0,150.02954414545454,3.209091490909091,1.0,3.0,1660.0,-5468.0,ALO,21
4600.0,146.0,5.0,1.0,3.0,1596.2253916416494,-5493.368467254219,ALO,21
4610.0,139.48218114410133,7.2096395655186365,0.6666666666666666,3.0,1511.6620340903391,-5505.091575842661,ALO,21
4620.0,137.6839286857143,38.1500032,0.0,3.0,1390.8372324988895,-5506.93286722117,ALO,21
4630.0,140.2781256,53.8343768,0.0,3.0,1323.2827602599,-5498.733638580545,ALO,22
4640.0,146.06094073213126,60.49861398411666,0.0,3.0,1229.0,-5473.0,ALO,22
4650.0,151.08928457142858,64.65357074285714,0.0,3.0,1105.9804819400736,-5412.427009964245,ALO,22
4660.0,155.0,67.0,0.0,3.0,1013.1423871139406,-5351.789124441399,ALO,22
4670.0,162.34062319999998,77.6031224,0.0,3.0,946.4779948331093,-5290.722987172141,ALO,22
4690.0,176.12291324444445,99.20833066666667,0.0,3.6666666666666665,833.6176602186456,-5187.282788507216,ALO,22
4700.0,187.31785508571429,100.0,0.0,4.0,735.0062592510528,-5098.283544840127,ALO,22
4710.0,194.42142445714285,100.0,0.0,4.0,648.0,-5020.0,ALO,22
4720.0,195.0,100.0,0.0,4.0,640.8806009558758,-5013.620342552937,ALO,22
4730.0,201.73499776,100.0,0.0,5.0,533.5779486429346,-4918.492099463044,ALO,22
4740.0,208.3781228,100.0,0.0,5.0,449.89956607830084,-4843.6965229041325,ALO,22
4750.0,212.1937456,100.0,0.0,5.0,433.0,-4827.0,ALO,22
4760.0,219.69749855999999,100.0,0.0,5.0,347.6095071914127,-4751.016132626062,ALO,22
4780.0,225.79499712,100.0,0.0,5.0,224.0,-4641.0,ALO,22
4790.0,228.0,100.0,0.0,5.0,162.3203888016266,-4585.822054350449,ALO,22
4800.0,232.09499712,100.0,0.0,5.0,43.0,-4479.0,ALO,22
4810.0,237.0,100.0,0.0,6.0,-37.50769031935104,-4406.951128823205,ALO,22
4820.0,238.97222044444445,100.0,0.0,6.0,-83.0,-4366.0,ALO,22
4840.0,242.46733616949018,100.0,0.0,6.0,-202.1669905245052,-4258.60112005273,ALO,22
4850.0,245.3579549090909,100.0,0.0,6.0,-362.70343948849995,-4115.85422553764,ALO,23
4880.0,250.05750016000002,100.0,0.0,6.0,-523.7303438518047,-3974.366209114728,ALO,23
4890.0,251.01500032,100.0,0.0,6.0,-676.0,-3866.0,ALO,23
4910.0,251.76944426666665,100.0,0.0,6.0,-779.8684328782076,-3807.232106770982,ALO,23
4930.0,250.0,100.0,0.0,6.0,-968.8752833253335,-3741.2519024792427,ALO,23
4940.0,250.0,100.0,0.0,6.0,-1042.0,-3726.0,ALO,23
4950.0,250.0,100.0,0.0,6.0,-1148.7613145936407,-3716.0178977043824,ALO,23
4960.0,250.0,100.0,0.0,6.0,-1235.1740809053351,-3712.7762771957996,ALO,23
4970.0,248.97857097142858,100.0,0.0,6.0,-1352.0,-3717.0,ALO,23
4980.0,248.0,100.0,0.0,6.0,-1441.1465220988737,-3729.278757254123,ALO,23
4990.0,247.67499985454546,100.0,0.0,6.0,-1540.0,-3754.0,ALO,23
5010.0,247.00416675555556,100.0,0.0,6.0,-1785.7631702525352,-3851.417829118953,ALO,23
5030.0,248.0,100.0,0.0,6.0,-2065.781030902045,-3998.8763021218056,ALO,23
5040.0,248.0,100.0,0.0,6.0,-2068.0,-4000.0,ALO,23
5050.0,248.0,100.0,0.0,6.0,-2237.184100010512,-4078.3750096067165,ALO,23
5060.0,249.61999872,100.0,0.0,6.0,-2333.0,-4117.0,ALO,23
5070.0,250.0,100.0,0.0,6.0,-2352.1758733025413,-4124.106440296726,ALO,24
5080.0,250.0,100.0,0.0,6.0,-2433.230488284038,-4149.497620006391,ALO,24
5090.0,250.5055552,100.0,0.0,6.0,-2520.0,-4167.0,ALO,24
5100.0,251.0,100.0,0.0,6.0,-2640.870678284502,-4185.809794015807,ALO,24
5110.0,251.0,100.0,0.0,6.0,-2713.0,-4194.0,ALO,24
5120.0,250.79500031999999,100.0,0.0,6.0,-2808.1223730130014,-4198.770889261203,ALO,24
5130.0,250.0,100.0,0.0,6.0,-2943.350709945149,-4193.189410187978,ALO,24
5140.0,248.1785737142857,63.57147428571428,0.0,6.0,-3031.0,-4185.0,ALO,24
5150.0,245.0,0.0,0.0,6.0,-3134.28629992047,-4169.455024644289,ALO,24
5160.0,239.87222684444444,0.0,0.0,6.0,-3206.0,-4153.0,ALO,24
5170.0,232.0,0.0,1.0,6.0,-3343.3017762007503,-4116.96841452409,ALO,24
5180.0,229.1214345142857,0.0,1.0,6.0,-3382.0,-4105.0,ALO,24
5190.0,217.2340962909091,0.0,1.0,5.0,-3516.1241226431016,-4053.0051044771253,ALO,24
5200.0,202.01364712727272,0.0,1.0,5.0,-3605.0,-4007.0,ALO,24
5210.0,182.0,0.0,1.0,4.0,-3711.5926722093513,-3937.3215134764564,ALO,24
5220.0,182.0,0.0,1.0,4.0,-3750.3689600594134,-3905.6651254491617,ALO,24
5230.0,169.16500544000002,0.0,1.0,4.0,-3825.5468002358834,-3838.0382097227803,ALO,24
5240.0,153.81666773333333,0.0,1.0,3.0,-3913.5399536558944,-3732.5173305848602,ALO,24
5250.0,143.85500288,0.0,1.0,3.0,-3966.97090507844,-3650.759214692867,ALO,24
5260.0,134.68341774480507,0.0,1.0,2.0,-4024.75266724065,-3524.455778798958,ALO,24
5270.0,132.0,0.0,1.0,2.0,-4043.605528461307,-3448.5616189847688,ALO,24
5280.0,121.53888853333335,0.0,1.0,2.0,-4049.8568669589454,-3360.9727773905356,ALO,24
5290.0,111.90333269333333,0.0,1.0,2.0,-4038.423986918852,-3276.0306353500546,ALO,25
5300.0,103.85036970666665,0.6620373333333333,1.0,2.0,-4004.834543495996,-3174.8992320078396,ALO,25
5310.0,100.20555519999999,4.743056,0.5,2.0,-3937.833885561025,-3071.58413098699,ALO,25
5320.0,100.93522734545454,37.732957090909096,0.0,2.0,-3875.234818970578,-3015.992043410495,ALO,25
5330.0,106.50156319999999,47.0734384,0.0,2.0,-3805.6250101485975,-2972.5403398395947,ALO,25
5340.0,113.18937584,54.64031336,0.0,2.0,-3723.6794798256565,-2937.2094666740804,ALO,25
5350.0,123.99004848711786,66.70149091200868,0.0,2.0,-3611.6552642089664,-2902.999464025379,ALO,25
5360.0,134.23124719999998,72.63749920000001,0.0,2.0,-3499.38261412276,-2875.725086219145,ALO,25
5370.0,139.0,74.0,0.0,3.0,-3465.0645809741,-2868.0199719611282,ALO,25
5380.0,150.19642514285715,100.0,0.0,3.0,-3369.120987578756,-2847.9064292819967,ALO,25
5390.0,163.45833066666665,100.0,0.0,3.0,-3226.952607388994,-2819.184397391876,ALO,25
5410.0,180.00356891428572,100.0,0.0,4.0,-3066.5761523272413,-2789.1433166200595,ALO,25
5420.0,189.0,100.0,0.0,4.0,-2934.865509527134,-2766.30417119749,ALO,25
5430.0,198.51428022857144,100.0,0.0,4.0,-2797.0,-2743.0,ALO,25
5440.0,201.0,100.0,0.0,5.0,-2769.902023258593,-2738.576376069207,ALO,25
5460.0,215.09999626666664,100.0,0.0,5.0,-2631.9677143204067,-2717.3586429075676,ALO,25
0.0,299.96591418181816,100.0,0.0,7.0,1039.6995048479748,-1002.2751692856938,LEC,1
20.0,307.4113646545454,100.0,0.0,7.5,714.298245314581,-1030.6262425236118,LEC,1
40.0,311.7875008,100.0,0.0,8.0,560.0,-1044.0,LEC,1
50.0,312.0,100.0,0.0,8.0,550.432480465095,-1044.8268141194708,LEC,1
70.0,319.0187504,100.0,0.0,8.0,298.8606467303938,-1066.8338546744858,LEC,1
90.0,321.4031256,100.0,0.0,8.0,55.38907735536861,-1088.728793398211,LEC,1
100.0,324.0,100.0,0.0,8.0,-69.95795317589638,-1099.770462494499,LEC,1
120.0,326.2781256,100.0,0.0,8.0,-203.0,-1111.0,LEC,1
130.0,327.0,100.0,0.0,8.0,-269.9056869132819,-1116.896614219084,LEC,1
140.0,330.0375008,100.0,0.0,8.0,-384.6715403974338,-1127.2841631384028,LEC,1
150.0,332.03000064,100.0,0.0,8.0,-513.0,-1139.0,LEC,1
160.0,333.0,100.0,0.0,8.0,-597.7539870047083,-1146.1432890552512,LEC,1
170.0,335.05000106666665,100.0,0.0,8.0,-717.0,-1156.0,LEC,1
180.0,337.0,100.0,0.0,8.0,-862.023392437037,-1168.6418565008833,LEC,1
200.0,338.2477277090909,100.0,0.0,8.0,-1090.0,-1189.0,LEC,1
230.0,340.1729168,100.0,0.0,8.0,-1286.0332548921392,-1206.3425408382661,LEC,2
250.0,341.03928594285713,100.0,0.0,8.0,-1474.6188748074978,-1223.0878676210723,LEC,2
280.0,342.0,100.0,0.0,8.0,-1737.183531931178,-1245.7867866816794,LEC,2
300.0,342.0,100.0,0.0,8.0,-2072.7278917344624,-1275.673248798646,LEC,2
310.0,342.0,100.0,0.0,8.0,-2194.885476978277,-1286.3959345765538,LEC,2
330.0,342.8458336,100.0,0.0,8.0,-2300.0,-1295.0,LEC,2
340.0,343.0,100.0,0.0,8.0,-2323.025216900555,-1296.97492183345,LEC,2
360.0,343.6947038336974,100.0,0.0,8.0,-2528.0,-1315.0,LEC,2
370.0,344.0,100.0,0.0,8.0,-2642.359929422544,-1325.0427299922633,LEC,2
380.0,343.09000064,100.0,0.0,8.0,-2870.0,-1345.0,LEC,2
400.0,342.0,100.0,0.0,8.0,-3115.661721117139,-1366.591195298707,LEC,2
420.0,340.99000064,100.0,0.0,8.0,-3324.0,-1385.0,LEC,2
440.0,340.0,100.0,0.0,8.0,-3518.108494028419,-1402.2780236329313,LEC,2
460.0,328.38500736,49.500032000000004,0.0,8.0,-3674.0,-1416.0,LEC,3
480.0,311.7687608,0.0,1.0,8.0,-3777.979151934557,-1424.6439428418003,LEC,3
490.0,290.0,0.0,1.0,8.0,-3858.237646984605,-1431.5821721153536,LEC,3
510.0,263.1403785625165,0.0,1.0,8.0,-4053.0,-1449.0,LEC,3
540.0,192.27312030080424,0.0,1.0,6.5,-4416.320146120188,-1481.2839734146023,LEC,3
550.0,180.28333226666666,0.0,1.0,4.5,-4554.334423045964,-1487.016377156202,LEC,3
560.0,154.5020816,0.42291680000000004,1.0,4.0,-4700.953513703262,-1484.806808110164,LEC,3
570.0,142.0,1.0,1.0,3.0,-4771.595869158793,-1481.885032026905,LEC,3
580.0,132.94721991111112,1.0,1.0,3.0,-4855.0590858402165,-1457.9067795690437,LEC,3
590.0,112.06499925333333,0.3333333333333333,1.0,2.0,-4960.481606384402,-1412.6468295175528,LEC,3
600.0,101.8142848,0.0,1.0,2.0,-5026.871839856737,-1353.3686051742234,LEC,3
610.0,90.05525716825397,0.0,1.0,1.0,-5082.195460083993,-1271.1973595254826,LEC,3
620.0,80.74861048888889,0.0,1.0,1.0,-5117.075832039212,-1178.271810367975,LEC,3
630.0,72.82501217555499,0.0,0.3333333333333333,1.0,-5127.535831939497,-1091.2848763374266,LEC,3
640.0,67.95047777667386,8.471666773333334,0.0,1.0,-5101.495652127114,-966.0539177104454,LEC,3
650.0,69.7944448,26.5888896,0.0,1.0,-5061.38296491517,-893.2795616592824,LEC,3
660.0,75.54304853126045,36.448597862520906,0.0,1.0,-4984.984018413916,-823.4898723346876,LEC,3
670.0,83.93999957333334,44.40999936,0.0,1.0,-4773.005544962257,-789.7019100782163,LEC,4
680.0,90.82249856,52.67583168,0.0,1.0,-4698.642214430469,-818.3807011382936,LEC,4
690.0,99.03214080000001,56.7964416,0.0,1.0,-4612.2707185079835,-852.9019008337186,LEC,4
700.0,103.4625024,0.0,1.0,1.0,-4511.275314574553,-883.9261869304012,LEC,4
710.0,95.51410729375738,0.0,1.0,1.0,-4438.964466406471,-900.5247767979964,LEC,4
720.0,85.890498944,0.0,1.0,1.0,-4326.043556891137,-907.6506575354994,LEC,4
730.0,76.60694435555556,0.0,1.0,1.0,-4210.093054025362,-862.2607130019454,LEC,4
740.0,71.52749952,0.0,0.75,1.0,-4174.723466280077,-810.2410645484806,LEC,4
750.0,70.37727301818182,23.460040096969696,0.0,1.0,-4146.643160593088,-716.2528269895001,LEC,4
760.0,76.92916693333333,39.25208426666667,0.0,1.0,-4139.061572691232,-602.200935762091,LEC,4
770.0,83.52500053333334,46.23749973333333,0.0,1.0,-4155.311785449051,-509.89818530693515,LEC,4
780.0,98.22196142841125,53.37256903606232,0.0,1.0,-4193.344846917501,-428.97143435283215,LEC,4
790.0,111.29480679699952,61.47068668528565,0.0,2.0,-4256.019124011454,-340.816884314311,LEC,4
800.0,120.6031272,65.5656264,0.0,2.0,-4322.0,-266.0,LEC,4
810.0,130.28215745155921,74.23374799635015,0.0,2.3333333333333335,-4373.065624306991,-199.34816002794915,LEC,4
820.0,141.25471547739227,81.38993677275384,0.0,3.0,-4419.10701939471,-125.32537321151167,LEC,4
830.0,151.9668039434591,87.57676276042136,0.0,3.0,-4460.917415844002,-38.31428055135004,LEC,4
840.0,165.57036705185183,97.13941634708995,0.0,3.6666666666666665,-4501.482326243295,80.05900415325448,LEC,4
860.0,176.91666488888887,99.89166648888889,0.0,4.0,-4539.792688919013,260.791731389358,LEC,4
870.0,190.6136290909091,100.0,0.0,4.0,-4562.0,456.0,LEC,4
890.0,204.78499776,100.0,0.0,5.0,-4566.159668784986,623.4981363726896,LEC,5
900.0,210.0,100.0,0.0,5.0,-4565.256759557677,692.1692686381251,LEC,5
920.0,219.718748,100.0,0.0,5.0,-4559.761442869402,811.6313696220689,LEC,5
930.0,228.0,100.0,0.0,5.0,-4551.467829382725,966.4786766263844,LEC,5
940.0,229.10714057142857,100.0,0.0,5.0,-4549.0,1007.0,LEC,5
950.0,232.83928457142858,100.0,0.0,5.5,-4538.345284168164,1140.7978129771418,LEC,5
960.0,237.07168371958164,100.0,0.0,6.0,-4525.0,1239.0,LEC,5
970.0,241.0,100.0,0.0,6.0,-4510.951788750861,1329.1514634677271,LEC,5
980.0,242.482144,100.0,0.0,6.0,-4501.0,1384.0,LEC,5
990.0,246.3579549090909,100.0,0.0,6.0,-4465.698778085827,1535.1920530394173,LEC,5
1010.0,249.3295461818182,100.0,0.0,6.0,-4409.5,1706.0,LEC,5
1020.0,251.0,100.0,0.0,6.0,-4368.284905984215,1799.4401983048463,LEC,5
1030.0,253.5375008,100.0,0.0,6.0,-4298.0,1921.0,LEC,5
1050.0,255.8937504,100.0,0.0,6.0,-4214.166365133253,2030.464435231166,LEC,5
1060.0,259.05000106666665,100.0,0.0,6.0,-4049.0,2199.0,LEC,5
1070.0,260.0,100.0,0.0,6.0,-4007.7125095450992,2238.3110944201903,LEC,5
1090.0,260.0,100.0,0.0,6.0,-3842.0913283827167,2355.19755488992,LEC,5
1100.0,260.63000064,100.0,0.0,6.0,-3801.0,2377.0,LEC,5
1110.0,262.0,100.0,0.0,7.0,-3687.719088138988,2435.5603190593883,LEC,6
1120.0,264.0,100.0,0.0,7.0,-3457.73380792637,2545.3698567021215,LEC,6
1130.0,264.0821430857143,100.0,0.0,7.0,-3439.0,2553.0,LEC,6
1140.0,264.89821440000003,100.0,0.0,7.0,-3276.908666754128,2607.2246277572826,LEC,6
1150.0,266.02142902857145,100.0,0.0,7.0,-3154.0,2645.0,LEC,6
1160.0,267.0,100.0,0.0,7.0,-3056.6392315310845,2674.7250986486056,LEC,6
1170.0,267.8062512,100.0,0.0,7.0,-3026.0,2684.0,LEC,6
1180.0,270.0,100.0,0.0,7.0,-2941.9551302964037,2709.182635294351,LEC,6
1190.0,271.75714377142856,100.0,0.0,7.0,-2853.0,2736.0,LEC,6
1200.0,274.0041552110864,100.0,0.0,7.0,-2738.0916754288064,2771.6589053402663,LEC,6
1210.0,274.5623267480146,100.0,0.0,7.0,-2591.0,2818.0,LEC,6
1230.0,275.2939065535128,100.0,0.0,7.0,-2446.7850509092996,2865.1457367174526,LEC,6
1250.0,276.9390682878176,100.0,0.0,7.0,-2279.949385073854,2921.088815200454,LEC,6
1260.0,277.7922437005241,100.0,0.0,7.0,-2170.0,2960.0,LEC,6
1280.0,279.0,100.0,0.0,7.0,-1948.848400247983,3041.380167464179,LEC,6
1300.0,279.0,100.0,0.0,7.0,-1734.694202955495,3122.221082142259,LEC,6
1310.0,279.7624992,100.0,0.0,7.0,-1662.0,3150.0,LEC,6
1330.0,281.0,100.0,0.0,7.0,-1517.9523610736487,3205.6240451996678,LEC,7
1350.0,281.0,100.0,0.0,7.0,-1273.0,3304.0,LEC,7
1360.0,281.0,100.0,0.0,7.0,-1159.3234585295913,3351.1642363323813,LEC,7
1370.0,281.0,100.0,0.0,7.0,-1103.5105641465912,3375.807261556351,LEC,7
1380.0,281.68333226666664,100.0,0.0,7.0,-1059.0,3395.0,LEC,7
1390.0,282.8777784888889,96.94446222222223,0.0,7.0,-937.1324198458035,3447.411085538366,LEC,7
1400.0,280.9777792,49.444480000000006,0.0,7.0,-815.0,3503.0,LEC,7
1420.0,277.5562584,0.0,1.0,7.0,-681.6330063548812,3563.5872795087516,LEC,7
1430.0,258.0,0.0,1.0,7.0,-580.319915486947,3608.1617930128773,LEC,7
1440.0,229.8250112,0.0,1.0,7.0,-480.18768219166327,3652.1508667228063,LEC,7
1450.0,209.20063109254286,0.0,1.0,7.0,-380.0,3697.0,LEC,7
1460.0,193.797803614979,0.0,1.0,6.5,-299.2019808572321,3732.988145901535,LEC,7
1470.0,173.88749760000002,0.0,1.0,5.0,-163.71652926648056,3792.3945831294404,LEC,7
1480.0,157.9958314666667,1.4291669333333332,1.0,4.0,-27.439752567134338,3845.7845766134024,LEC,7
1500.0,139.50499584,4.55750016,1.0,2.75,97.23187600462063,3870.5533153640854,LEC,7
1510.0,120.73999872,5.90750016,1.0,2.0,186.27933177444623,3869.520749545868,LEC,7
1520.0,111.01904700952382,6.0,1.0,2.0,317.88639599973607,3823.7051099788955,LEC,7
1530.0,103.8562496,15.050001066666667,0.0,2.0,375.4361538516958,3775.9730180144957,LEC,7
1540.0,102.0,26.056252533333335,0.0,2.0,433.5,3711.0,LEC,7
1550.0,102.2593752,39.778125599999996,0.0,2.0,486.5637234022913,3632.8990026992824,LEC,8
1560.0,103.9437504,44.8312512,0.0,2.0,518.2222405601844,3564.6549723147536,LEC,8
1570.0,110.80500117333334,53.80500117333333,0.0,2.0,557.7834773393909,3423.4782023439616,LEC,8
1580.0,119.0,64.57500160000001,0.0,2.0,570.5575660575691,3342.1175867616876,LEC,8
1590.0,125.83402184177513,76.75933576019725,0.0,3.0,581.7147994418237,3234.0688293118515,LEC,8
1600.0,139.2874976,78.5718744,0.0,3.0,592.1794113085639,3118.0624848300477,LEC,8
1610.0,149.0,81.0,0.0,3.0,603.2977053977497,3003.736969631869,LEC,8
1620.0,158.06499584,100.0,0.0,3.0,609.9531640347184,2948.384309126927,LEC,8
1630.0,169.76499583999998,100.0,0.0,3.5,620.2015027139829,2865.4861958416313,LEC,8
1640.0,180.39999573333333,100.0,0.0,4.0,642.0,2700.0,LEC,8
1650.0,183.0,100.0,0.0,4.0,648.7661855110831,2651.1675237664926,LEC,8
1660.0,194.2062488,100.0,0.0,4.0,671.1605427010404,2495.60412928197,LEC,8
1670.0,197.0,100.0,0.0,5.0,681.0796893216155,2431.6579552827507,LEC,8
1680.0,202.16428434285714,99.13928594285714,0.0,5.0,695.7504724120788,2341.8086247282067,LEC,8
1700.0,208.2406236,99.9656252,0.0,5.0,724.3219666942618,2175.6050399654264,LEC,8
1710.0,212.8562472,99.3062504,0.0,5.0,762.0,1993.0,LEC,8
1720.0,215.0,99.0,0.0,5.0,775.4761212174567,1929.8390131014062,LEC,8
1730.0,217.0,99.0,0.0,5.0,789.2114509586819,1868.7963773909087,LEC,8
1740.0,217.990206256931,99.0,0.0,5.0,812.0,1794.0,LEC,8
1780.0,221.79053331858802,99.0,0.0,5.0,993.2974348781847,1332.8455873620737,LEC,9
1800.0,225.0,99.25750016,0.0,5.0,1052.9048275827518,1229.9132542323268,LEC,9
1810.0,225.0,100.0,0.0,5.0,1096.570295562258,1165.0084688495097,LEC,9
1820.0,225.80750016000002,99.19249984,0.0,5.0,1165.3502235606586,1078.2503576108302,LEC,9
1830.0,228.0,99.0,0.0,5.0,1300.8457720884533,943.5736680042462,LEC,9
1840.0,227.78499968,99.21500032,0.0,5.0,1323.0,924.0,LEC,9
1850.0,227.0,100.0,0.0,5.0,1391.4056903568703,869.9465000675242,LEC,9
1860.0,228.9135416,98.7406248,0.0,5.0,1472.1857262476074,823.3415712137039,LEC,9
1880.0,228.2645832,96.7937496,0.0,5.0,1650.0,743.0,LEC,9
1890.0,228.0,96.0,0.0,5.0,1731.2440257901953,716.6619341561499,LEC,9
1900.0,229.99624992,72.9624992,0.0,5.0,1866.2023848079612,685.16169311368,LEC,9
1920.0,229.29249984,65.9249984,0.0,5.0,1980.0,670.0,LEC,9
1930.0,229.0,63.0,0.0,5.0,2044.5378419952237,665.655256902402,LEC,9
1940.0,227.84999970909092,67.02500101818183,0.0,5.0,2209.5,670.5,LEC,9
1950.0,227.0,70.0,0.0,6.0,2326.6106852751504,692.6724466740617,LEC,9
1960.0,226.48499968,72.06000128,0.0,6.0,2390.0,710.0,LEC,9
1970.0,226.4863945637466,75.94557825498634,0.0,6.0,2490.7364311351903,746.8729426728758,LEC,9
1990.0,228.93877510148567,85.75510040594268,0.0,6.0,2697.8524753700494,847.9586038270286,LEC,10
2000.0,229.0,97.33999104,0.0,6.0,2786.0,908.0,LEC,10
2010.0,229.17083306666666,100.0,0.0,6.0,2824.19355294088,939.139340815514,LEC,10
2020.0,230.0,100.0,0.0,6.0,2929.464494846685,1043.7381254663942,LEC,10
2030.0,231.94999862857142,100.0,0.0,6.0,3026.0,1149.0,LEC,10
2040.0,233.0,100.0,0.0,6.0,3068.355335107549,1190.5725541154238,LEC,10
2060.0,233.0,93.4750016,0.0,6.0,3170.546521231868,1272.093200110542,LEC,10
2070.0,233.0,79.51001216,0.0,6.0,3260.0,1327.0,LEC,10
2080.0,233.0,55.855006079999995,0.0,6.0,3491.383382694395,1419.3091467717213,LEC,10
2100.0,230.0,55.0,0.0,6.0,3570.3562665611385,1444.0328269620125,LEC,10
2110.0,229.04500031999999,60.72999808,0.0,6.0,3655.685428978224,1445.0799673567599,LEC,10
2120.0,229.0687496,67.82499519999999,0.0,6.0,3858.47888881493,1446.1628492052728,LEC,10
2130.0,230.0,79.0,0.0,6.0,3942.193962664979,1441.1560865977276,LEC,10
2150.0,229.1843752,95.312496,0.0,6.0,4054.0297371199376,1413.8094478134212,LEC,10
2160.0,229.51882779755204,99.25941389877602,0.0,6.0,4130.0,1393.0,LEC,10
2170.0,231.0,100.0,0.0,6.0,4260.204073927402,1342.1067872995045,LEC,10
2190.0,231.0,100.0,0.0,6.0,4425.951673750581,1246.6612838975748,LEC,10
2210.0,231.45750016,100.0,0.0,6.0,4549.0,1151.0,LEC,11
2220.0,231.92875008,100.0,0.0,6.0,4638.185324551632,1066.864375378979,LEC,11
2230.0,233.07250048,100.0,0.0,6.0,4716.0,986.0,LEC,11
2240.0,234.42250048,100.0,0.0,6.0,4794.0,898.0,LEC,11
2250.0,235.25750016,100.0,0.0,6.0,4847.678928643313,833.8795016922818,LEC,11
2260.0,236.0,100.0,0.0,6.0,4908.845311880943,758.4587131600097,LEC,11
2270.0,236.71458346666668,100.0,0.0,6.0,4978.991927712314,668.9226968547755,LEC,11
2280.0,237.5906256,99.8031248,0.0,6.0,5032.0,601.0,LEC,11
2290.0,239.8406256,99.0531248,0.0,6.0,5133.0,479.0,LEC,11
2300.0,240.0,99.0,0.0,6.0,5142.630724895199,467.8062104196979,LEC,11
2310.0,241.23035748571428,100.0,0.0,6.0,5322.041133801696,262.79636028318146,LEC,11
2330.0,244.0,100.0,0.0,6.0,5433.271929060727,134.82118779614902,LEC,11
2340.0,244.0,99.14427878755458,0.0,6.0,5498.263394320925,61.31378746034131,LEC,11
2360.0,245.00375008,99.0,0.0,6.0,5584.310268497677,-34.230077476659005,LEC,11
2370.0,245.40750016,99.0,0.0,6.0,5658.0,-117.0,LEC,11
2380.0,245.90375008,99.0,0.0,6.0,5748.537171047407,-218.4771295800853,LEC,11
2390.0,247.02487527972113,99.51243763986056,0.0,6.0,5813.0,-290.0,LEC,11
2400.0,248.0,100.0,0.0,6.0,5857.791134076391,-340.24498072709355,LEC,11
2410.0,248.95499968000001,100.0,0.0,6.0,5945.097403313246,-439.7125164250608,LEC,11
2420.0,249.95499968000001,100.0,0.0,6.0,6036.124265670387,-544.7184424435942,LEC,11
2440.0,239.0,4.0,1.0,6.0,6151.8163788296415,-676.7943357941199,LEC,12
2450.0,232.9500032,5.5124992,1.0,6.0,6209.935307811544,-749.5313516053498,LEC,12
2470.0,213.1281288,10.703123999999999,1.0,5.5,6353.79035060085,-953.9109693379767,LEC,12
2490.0,202.593752,16.6437488,1.0,4.5,6394.110014290283,-1049.7487966210565,LEC,12
2500.0,187.2208352,18.7624992,1.0,4.0,6420.680906642423,-1165.7592588519385,LEC,12
2510.0,181.48750080000002,23.0499968,0.0,4.0,6422.449041330967,-1336.2286044534985,LEC,12
2520.0,180.0,29.0,0.0,4.0,6418.529671527927,-1406.4158473873565,LEC,12
2530.0,177.68500096,43.314999040000004,0.0,4.0,6400.452798640236,-1473.2179821082532,LEC,12
2540.0,175.36428525714285,48.914282057142856,0.0,4.0,6342.78208786408,-1631.0405208966563,LEC,12
2550.0,177.0,62.0,0.0,4.0,6278.5492198304555,-1761.0377647272585,LEC,12
2560.0,180.2105257754911,69.15789433161832,0.0,4.0,6224.49807070104,-1831.312632224526,LEC,12
2580.0,183.81453657240857,71.86090242930644,0.0,4.0,6145.842424438879,-1919.9064333818817,LEC,12
2590.0,190.35250112,73.81500032,0.0,4.5,6066.10545591391,-1988.7989176512842,LEC,12
2600.0,194.43000064,73.14249984,0.0,5.0,5979.917608840685,-2041.1811064536362,LEC,12
2610.0,197.8406256,73.0,0.0,5.0,5890.1201823874035,-2081.5579836508314,LEC,12
2630.0,203.4656256,83.02031360000001,0.0,5.0,5759.9773303380225,-2122.9140018725902,LEC,12
2640.0,206.27250048000002,90.81750144,0.0,5.0,5658.231908589578,-2146.8639176273564,LEC,12
2650.0,213.62812639999999,96.7875008,0.0,5.0,5543.022963103447,-2168.8791052856304,LEC,13
2660.0,218.5843768,98.5281256,0.0,5.0,5441.0,-2186.0,LEC,13
2670.0,223.0,100.0,0.0,5.0,5345.097873385182,-2200.3677875207322,LEC,13
2680.0,225.5750016,100.0,0.0,5.0,5282.0,-2208.0,LEC,13
2690.0,229.32250048,100.0,0.0,5.0,5182.743787542117,-2216.066144012283,LEC,13
2700.0,232.0,100.0,0.0,5.0,5042.1592156240595,-2223.0627831494016,LEC,13
2710.0,236.468752,100.0,0.0,5.0,4932.0,-2227.0,LEC,13
2720.0,242.0,100.0,0.0,6.0,4836.112879441984,-2229.1848187442292,LEC,13
2730.0,246.421876,100.0,0.0,6.0,4758.538987281919,-2231.420415378695,LEC,13
2740.0,253.0,100.0,0.0,6.0,4634.400365430727,-2236.835098357138,LEC,13
2750.0,253.94500096,100.0,0.0,6.0,4589.0,-2239.0,LEC,13
2760.0,256.8047093337834,100.0,0.0,6.0,4462.503843416739,-2245.399168299564,LEC,13
2780.0,262.24376647422946,100.0,0.0,6.0,4259.883934333966,-2257.9049692067633,LEC,13
2790.0,263.56666595555555,100.0,0.0,6.0,4157.0,-2265.0,LEC,13
2810.0,265.0,100.0,0.0,6.0,3930.4790480894917,-2280.436645342128,LEC,13
2840.0,265.0,100.0,0.0,6.0,3694.274339225729,-2295.5538816224525,LEC,13
2850.0,265.0,100.0,0.0,6.0,3596.1343148730475,-2301.475792478295,LEC,13
2860.0,265.0,100.0,0.0,6.0,3454.8895786955254,-2310.7543689649565,LEC,13
2880.0,275.85999616000004,100.0,0.0,6.5,3194.953490567112,-2329.2140057873994,LEC,14
2900.0,280.21249973333335,100.0,0.0,7.0,3048.1307435456456,-2342.585609984176,LEC,14
2920.0,278.66250293333337,100.0,0.0,7.0,2889.6042734621387,-2358.9171689683317,LEC,14
2930.0,270.0,100.0,0.0,7.0,2645.517703626476,-2383.907531885077,LEC,14
2940.0,272.87856548571426,100.0,0.0,7.0,2576.0,-2391.0,LEC,14
2960.0,281.8610935818205,99.05091131818375,0.0,7.0,2499.444997194263,-2398.7354784543963,LEC,14
3010.0,162.74637674295283,1.6393426932014374,0.6666666666666666,5.666666666666667,1772.7161024182087,-2488.308760690639,LEC,14
3020.0,146.56666453333332,0.0,1.0,3.0,1660.4974562079055,-2506.4484424065267,LEC,14
3030.0,125.92499839999999,0.0,1.0,2.0,1544.5072581079953,-2527.9002360630384,LEC,14
3040.0,116.61666559999999,0.0,1.0,2.0,1456.2007532544949,-2549.5619910330447,LEC,14
3050.0,104.36249782857143,0.0,1.0,2.0,1356.603336428107,-2583.6411901743845,LEC,14
3060.0,87.42517773714286,0.0,1.0,1.75,1279.354088441183,-2636.4865402936293,LEC,14
3070.0,80.74895786666667,0.0,0.75,1.0,1232.9843009324923,-2706.9782737332066,LEC,14
3080.0,73.3390624,23.6609396,0.0,1.0,1229.9295238148015,-2813.4085597524636,LEC,14
3090.0,76.57399721905615,38.136929440011954,0.0,1.0,1273.5388426092438,-2915.285531438409,LEC,15
3100.0,83.65454429090909,48.068180363636365,0.0,1.0,1321.316525788173,-2970.3580649818696,LEC,15
3110.0,94.0333312,57.008332800000005,0.0,1.3333333333333333,1422.1618500827853,-3048.455637757801,LEC,15
3120.0,110.9542825447619,63.089521127619044,0.0,2.0,1519.6392860780925,-3108.1214019850595,LEC,15
3130.0,121.03333119999999,76.35832640000001,0.0,2.0,1684.6351415030213,-3204.1380406278977,LEC,15
3140.0,128.52499840000002,99.08749973333333,0.0,2.0,1757.903665345157,-3247.010725641653,LEC,15
3150.0,136.61999872,100.0,0.0,3.0,1919.590108363398,-3349.7544396973667,LEC,15
3160.0,144.77499840000002,100.0,0.0,3.0,1983.2130127582175,-3398.129095850705,LEC,15
3170.0,150.77499840000002,100.0,0.0,3.0,2058.8117160102693,-3465.5576858127533,LEC,15
3180.0,155.18499776,100.0,0.0,3.0,2124.0,-3539.0,LEC,15
3190.0,159.02999807999998,100.0,0.0,3.0,2181.769432156889,-3626.5959511402157,LEC,15
3200.0,165.0,100.0,0.0,4.0,2219.6579410222935,-3704.864923210138,LEC,15
3210.0,169.51110862222222,100.0,0.0,4.0,2251.0,-3803.0,LEC,15
3220.0,172.0,100.0,0.0,4.0,2265.7798228875135,-3866.3827908779394,LEC,15
3230.0,175.85833386666664,100.0,0.0,4.0,2286.0865279131463,-4007.8446333558436,LEC,15
3250.0,181.43000064,100.0,0.0,4.0,2293.1266492860173,-4222.239183232354,LEC,15
3260.0,185.0,100.0,0.0,4.0,2290.6398593518047,-4281.257526163981,LEC,15
3270.0,188.30714331428572,100.0,0.0,4.0,2279.39682662773,-4358.434974751818,LEC,15
3280.0,190.5375008,100.0,0.0,4.0,2264.0,-4450.0,LEC,15
3290.0,193.7687504,100.0,0.0,4.0,2231.1897108991097,-4584.719856344876,LEC,15
3300.0,195.7875008,100.0,0.0,4.0,2205.0,-4669.0,LEC,15
3310.0,199.0,100.0,0.0,4.0,2160.7869838310635,-4792.063420434634,LEC,16
3320.0,199.83000064,100.0,0.0,4.0,2138.0,-4845.0,LEC,16
3330.0,200.61607085714286,100.0,0.0,4.0,2089.175856131515,-4950.817201655534,LEC,16
3340.0,196.0,100.0,1.0,4.0,2032.4923660826807,-5063.3607191506935,LEC,16
3350.0,183.0,4.9247313603886065,1.0,4.0,1991.5903379965484,-5122.831088042265,LEC,16
3360.0,183.0,4.030465856091198,1.0,4.0,1893.8327869622867,-5254.08888149023,LEC,16
3370.0,163.0,4.0,1.0,3.0,1828.5901720637585,-5333.729787502898,LEC,16
3380.0,156.99749888,5.71500032,1.0,3.0,1776.769631834153,-5383.957181035753,LEC,16
3390.0,152.0,10.0,1.0,3.0,1695.927772487737,-5443.6601554999,LEC,16
3400.0,147.69642971428573,38.403563885714284,0.5,3.0,1617.9836525601347,-5485.614180891581,LEC,16
3410.0,145.99500032,29.03499776,0.0,3.0,1519.3507008380993,-5505.970374049459,LEC,16
3420.0,145.04500031999999,35.68499776,0.0,3.0,1439.416191744649,-5508.869141412049,LEC,16
3430.0,145.0,43.69999786666666,0.0,3.0,1303.3899746964282,-5495.16838433193,LEC,16
3450.0,145.9795453090909,62.611360872727275,0.0,3.0,1144.4738138614548,-5435.664035057914,LEC,16
3460.0,150.22999808,70.0499968,0.0,3.0,1067.0,-5389.0,LEC,16
3470.0,156.85999615999998,76.23999744,0.0,3.0,1000.4543824934992,-5337.882476350571,LEC,16
3480.0,164.0,81.5,0.0,3.0,903.3704899465229,-5251.985028120836,LEC,16
3490.0,164.0,82.0,0.0,3.0,816.774922422634,-5171.83487469731,LEC,16
3500.0,183.79642331428573,97.49285302857143,0.0,3.5,755.4930106737389,-5116.978670069369,LEC,16
3520.0,194.0,100.0,0.0,4.0,621.4128862099203,-4996.369498777109,LEC,16
3530.0,194.0,100.0,0.0,5.0,526.1195841997121,-4911.682637978076,LEC,17
3540.0,194.0,100.0,0.0,5.0,453.0,-4846.0,LEC,17
3550.0,194.0,100.0,0.0,5.0,392.1922543450288,-4791.19207798025,LEC,17
3560.0,214.0,100.0,0.0,5.0,313.96182607664696,-4720.975995796838,LEC,17
3570.0,214.0,100.0,0.0,5.0,261.0,-4674.0,LEC,17
3580.0,214.0,100.0,0.0,5.0,110.0,-4539.0,LEC,17
3590.0,214.0,100.0,0.0,5.0,74.11235332661442,-4507.165054782479,LEC,17
3600.0,229.78000384,100.0,0.0,5.0,5.0,-4446.0,LEC,17
3610.0,238.0,100.0,0.0,6.0,-58.81014991195455,-4387.2209745142745,LEC,17
3620.0,238.94500096,100.0,0.0,6.0,-91.0,-4358.0,LEC,17
3630.0,241.1729168,100.0,0.0,6.0,-180.5083519961631,-4279.087397569676,LEC,17
3640.0,242.0,100.0,0.0,6.0,-276.78480971196376,-4192.188153126072,LEC,17
3650.0,242.0,100.0,0.0,6.0,-345.9085777383825,-4129.803404129918,LEC,17
3670.0,243.10454574545454,100.0,0.0,6.0,-503.0,-3993.0,LEC,17
3680.0,244.0,100.0,0.0,6.0,-592.6061933541822,-3920.49486788809,LEC,17
3690.0,244.069182070962,100.0,0.0,6.0,-679.3335393968696,-3863.883725365039,LEC,17
3700.0,245.0,100.0,0.0,6.0,-781.6380686384771,-3808.777274513082,LEC,17
3710.0,245.36785737142858,100.0,0.0,6.0,-852.0,-3776.0,LEC,17
3720.0,246.0,100.0,0.0,6.0,-946.4963569677551,-3744.542786369724,LEC,17
3730.0,245.2406248,100.0,0.0,6.0,-1013.7820871185675,-3731.0586298006056,LEC,17
3750.0,243.87534650397083,100.0,0.0,6.0,-1186.0,-3715.0,LEC,18
3760.0,243.0,100.0,0.0,6.0,-1347.8859675633598,-3721.5615837837604,LEC,18
3770.0,243.87142765714285,100.0,0.0,6.0,-1467.0,-3735.0,LEC,18
3780.0,245.0,100.0,0.0,6.0,-1578.1632610861207,-3761.5793567413198,LEC,18
3790.0,244.3687504,100.0,0.0,6.0,-1677.0,-3803.0,LEC,18
3800.0,244.0,100.0,0.0,6.0,-1729.8309854708643,-3826.1873131319157,LEC,18
3820.0,244.9406248,100.0,0.0,6.0,-1876.5701025928147,-3898.1759082372446,LEC,18
3830.0,245.42499946666666,100.0,0.0,6.0,-1950.0,-3938.0,LEC,18
3840.0,246.2928566857143,100.0,0.0,6.0,-2024.91845345437,-3978.454263469159,LEC,18
3860.0,247.9357138285714,100.0,0.0,6.0,-2159.7972535753374,-4046.728465770134,LEC,18
3870.0,249.0,100.0,0.0,6.0,-2317.8991540395764,-4111.943933258009,LEC,18
3880.0,248.79000064,100.0,0.0,6.0,-2345.0,-4121.0,LEC,18
3890.0,248.1031244,100.0,0.0,6.0,-2456.6086131350517,-4152.192803978262,LEC,18
3900.0,249.1437488,100.0,0.0,6.0,-2532.0,-4169.0,LEC,18
3910.0,250.92250016,100.0,0.0,6.0,-2690.164372724469,-4191.8811244223025,LEC,18
3930.0,250.24500032,100.0,0.0,6.0,-2876.0,-4198.0,LEC,18
3940.0,250.0,100.0,0.0,6.0,-2966.2914770103416,-4189.886144180477,LEC,18
3950.0,249.54500032,78.61501504,0.0,6.0,-3139.0,-4166.0,LEC,18
3960.0,249.0,53.0,1.0,6.0,-3252.666384106039,-4142.961771344394,LEC,18
3970.0,238.3500096,35.250016,1.0,6.0,-3313.0,-4126.0,LEC,19
3990.0,219.66331915254915,8.15577872316339,1.0,6.0,-3457.5117717904322,-4077.6759513308443,LEC,19
4000.0,205.21022545454545,8.928409018181817,1.0,6.0,-3618.3896134983706,-3997.1523134739264,LEC,19
4020.0,181.39624831999998,7.97124992,1.0,4.0,-3754.401582705672,-3904.327929661732,LEC,19
4030.0,171.34249664,7.49249984,1.0,4.0,-3848.0,-3815.0,LEC,19
4040.0,159.04027626666667,7.0,1.0,4.0,-3897.494069521982,-3756.4839354668225,LEC,19
4050.0,144.0,7.0,1.0,3.0,-3966.047107800476,-3651.7645097784216,LEC,19
4060.0,134.90999808,7.171666773333333,1.0,3.0,-4002.3081089487046,-3580.082637165964,LEC,19
4070.0,125.32285549714284,7.905000106666667,1.0,2.3333333333333335,-4030.091077632495,-3504.7536265889034,LEC,19
4080.0,115.8624994909091,8.0,1.0,2.0,-4048.6844269377852,-3400.566548172443,LEC,19
4090.0,109.97916622222223,8.012500266666667,0.0,2.0,-4036.1212147935466,-3261.53963016397,LEC,19
4100.0,105.00622419421143,11.19295002055434,0.0,2.0,-3993.2420293516525,-3151.4185986401662,LEC,19
4110.0,106.60333312,43.206666240000004,0.0,2.0,-3925.906403296103,-3061.4283885434857,LEC,19
4120.0,111.0,46.0,0.0,2.0,-3884.3521993905924,-3020.018290846192,LEC,19
4130.0,114.52555392,52.526294613333334,0.0,2.0,-3807.9197094052,-2974.3536715808164,LEC,19
4140.0,121.87999914666666,59.34999893333333,0.0,2.0,-3706.2302908704155,-2930.9087339467897,LEC,19
4150.0,127.27856731428571,64.5499968,0.0,2.0,-3619.0,-2904.0,LEC,19
4160.0,135.16944248888888,69.59166613333333,0.0,3.0,-3544.4868126581277,-2885.5710048196283,LEC,19
4170.0,144.9964265142857,73.5499968,0.0,3.0,-3427.7096344800957,-2859.724074838289,LEC,19
4180.0,154.14545105454545,86.66817978181818,0.0,3.0,-3315.9330922517474,-2836.7920378085983,LEC,19
4190.0,164.01817483636364,92.42726865454546,0.0,3.0,-3237.0,-2821.0,LEC,20
4200.0,177.05624640000002,100.0,0.0,4.0,-3144.192909539494,-2803.029665159672,LEC,20
4210.0,182.68124640000002,100.0,0.0,4.0,-3112.051552019104,-2797.5695910688423,LEC,20
4220.0,192.03999743999998,100.0,0.0,4.5,-2996.9706389599273,-2776.858738251459,LEC,20
4230.0,199.0,100.0,0.0,5.0,-2875.4854400733,-2755.955188453038,LEC,20
4240.0,204.73124719999998,100.0,0.0,5.0,-2806.4009673850173,-2744.661002796328,LEC,20
4250.0,209.61999872,100.0,0.0,5.0,-2693.472150541057,-2727.075605916314,LEC,20
4270.0,219.94974676558482,100.0,0.0,5.0,-2469.258711387764,-2692.6773278688643,LEC,20
4280.0,228.0,100.0,0.0,5.0,-2327.690696717031,-2670.460472148202,LEC,20
4290.0,235.43125120000002,100.0,0.0,5.0,-2187.156092017507,-2647.9882773527593,LEC,20
4310.0,244.0,100.0,0.0,6.0,-2095.548113002414,-2633.1945556626733,LEC,20
4320.0,248.2875008,100.0,0.0,6.0,-2015.4451393066304,-2620.3633636590293,LEC,20
4330.0,249.0,100.0,0.0,6.0,-1883.6751764984388,-2599.446408104758,LEC,20
4340.0,256.1500032,100.0,0.0,6.0,-1782.0,-2583.0,LEC,20
4350.0,259.0,100.0,0.0,6.0,-1745.4977295753667,-2576.9517673207833,LEC,20
4360.0,262.972224,100.0,0.0,6.0,-1639.0,-2559.0,LEC,20
4370.0,268.486112,100.0,0.0,6.5,-1400.7926400238462,-2518.956696022221,LEC,20
4400.0,274.22272814545454,100.0,0.0,7.0,-1194.0,-2485.0,LEC,20
4410.0,275.0,100.0,0.0,7.0,-1156.4187255453835,-2478.7062090588242,LEC,21
4420.0,281.2906272,100.0,0.0,7.0,-1011.0,-2454.0,LEC,21
4430.0,286.0,100.0,0.0,7.0,-903.077327324792,-2435.188095320216,LEC,21
4440.0,287.5562512,100.0,0.0,7.0,-839.0,-2424.0,LEC,21
4450.0,289.0,100.0,0.0,7.0,-780.3034624119995,-2413.8295920051023,LEC,21
4460.0,291.57250048000003,100.0,0.0,7.0,-638.647406253894,-2389.476185079082,LEC,21
4470.0,294.8457696995633,100.0,0.0,7.0,-472.0,-2361.0,LEC,21
4480.0,296.0,100.0,0.0,7.0,-418.36054740997326,-2351.967953253631,LEC,21
4500.0,301.0,100.0,0.0,8.0,-219.92365868409598,-2319.0446664796273,LEC,21
4510.0,301.0,100.0,0.0,8.0,-124.8414735378523,-2302.352812213143,LEC,21
4530.0,303.0,100.0,0.0,8.0,59.709915312461774,-2267.2635545487624,LEC,21
4540.0,304.46428342857143,100.0,0.0,8.0,136.0,-2253.0,LEC,21
4560.0,308.0305553777778,100.0,0.0,8.0,376.06748170489385,-2209.1681327081105,LEC,21
4590.0,309.0,100.0,0.0,8.0,672.1735934938422,-2155.3422755645997,LEC,21
4600.0,310.4571410285714,100.0,0.0,8.0,761.0,-2139.0,LEC,21
4610.0,313.0,100.0,0.0,8.0,941.0308840337464,-2105.5974007103323,LEC,21
4630.0,313.0,100.0,0.0,8.0,1154.0,-2066.0,LEC,22
4640.0,313.0,100.0,0.0,8.0,1195.1773477843324,-2058.3992366204734,LEC,22
4660.0,315.0,100.0,0.0,8.0,1364.4418254376214,-2027.5767108189705,LEC,22
4670.0,315.0,100.0,0.0,8.0,1395.0,-2022.0,LEC,22
4680.0,314.92500022857143,100.0,0.0,8.0,1514.022091305312,-2000.266488306588,LEC,22
4700.0,314.1035716571429,100.0,0.0,8.0,1722.302490597046,-1962.5125363319744,LEC,22
4720.0,314.0,100.0,0.0,8.0,2017.8586921738251,-1907.7948113266573,LEC,22
4740.0,312.0,100.0,0.0,8.0,2172.840601564909,-1879.1780871865135,LEC,22
4750.0,312.60999936,100.0,0.0,8.0,2258.0,-1864.0,LEC,22
4760.0,313.0,100.0,0.0,8.0,2328.304715408917,-1851.6327084462723,LEC,22
4770.0,312.2437504,100.0,0.0,8.0,2444.886523875618,-1832.0187519356346,LEC,22
4780.0,312.0,100.0,0.0,8.0,2611.0,-1806.0,LEC,22
4790.0,312.0,100.0,0.0,8.0,2696.3934141284667,-1792.599977083249,LEC,22
4810.0,312.0,100.0,0.0,8.0,2833.1470093319103,-1771.1319479565007,LEC,22
4820.0,312.0,100.0,0.0,8.0,2971.0,-1750.0,LEC,22
4840.0,312.0,100.0,0.0,8.0,3191.8087421033133,-1715.5163009765827,LEC,22
4860.0,310.46785645714283,100.0,0.0,8.0,3329.0,-1694.0,LEC,23
4870.0,309.0,100.0,0.0,8.0,3441.327320318461,-1676.6561188745127,LEC,23
4920.0,235.8256547368421,5.361180126315794,0.5,7.5,4023.7033052155653,-1588.536273175662,LEC,23
4930.0,203.91899399237744,3.8847354708124286,1.0,7.0,4260.0,-1550.0,LEC,23
4940.0,200.0,4.0,1.0,7.0,4278.055979459102,-1546.6095792128508,LEC,23
4950.0,168.75348078180588,3.1072423080515965,1.0,6.0,4371.346886175877,-1523.3712019370737,LEC,23
4960.0,150.01663094554442,1.9106028132313095,1.0,5.0,4485.281293068116,-1493.6603694440296,LEC,23
4970.0,138.51351557048858,0.8648650518625989,1.0,5.0,4571.5,-1460.5,LEC,23
4980.0,124.51111395555556,0.0,1.0,2.0,4672.446652711791,-1393.2086293651103,LEC,23
4990.0,109.81500224,0.0,1.0,2.0,4737.993406911861,-1321.324670469041,LEC,23
5000.0,101.38000128,0.0,1.0,2.0,4763.146257164783,-1268.207428809451,LEC,23
5010.0,90.1546886,0.0,0.5,1.5,4792.101304849148,-1155.3825672705009,LEC,23
5020.0,82.09000064,0.0,1.0,1.0,4795.795403049305,-1039.8298490440484,LEC,23
5030.0,76.27607204571429,3.53999744,0.25,1.0,4770.102288581153,-932.469112815741,LEC,23
5040.0,74.94999964444445,25.84999893333333,0.0,1.0,4728.3030507252315,-857.3062920842543,LEC,23
5050.0,79.79404632380952,36.92767691428571,0.0,1.0,4657.265496752334,-782.6156251105907,LEC,23
5060.0,85.51916544,43.012082559999996,0.0,1.0,4564.777980929991,-734.5988874808681,LEC,23
5070.0,94.19642742857143,46.31428388571429,0.0,2.0,4491.328340236541,-716.1378731120176,LEC,24
5080.0,102.02512533077419,55.512562665387094,0.0,2.0,4374.3014524947075,-711.276217948066,LEC,24
5090.0,112.24666837333332,62.70166741333333,0.0,2.0,4305.7049016623205,-712.8714558806504,LEC,24
5100.0,122.0,65.0,0.0,2.0,4232.082618058599,-716.5094998028873,LEC,24
5110.0,129.66458506666666,73.843752,0.0,2.0,4103.0,-727.0,LEC,24
5120.0,141.58125173333335,80.0,0.0,3.0,4032.1767658378067,-734.1023614851591,LEC,24
5130.0,157.27273890909092,89.2727389090909,0.0,3.0,3916.0,-747.0,LEC,24
5140.0,168.10312720000002,100.0,0.0,4.0,3740.880935734288,-766.9000205171768,LEC,24
5150.0,179.0,100.0,0.0,4.0,3677.061321945221,-774.104099882501,LEC,24
5160.0,189.45885392493778,100.0,0.0,4.0,3622.6168111798697,-779.5597750096687,LEC,24
5170.0,198.6957585097615,100.0,0.0,4.0,3500.0,-791.0,LEC,24
5180.0,205.0,100.0,0.0,5.0,3411.528693489096,-798.9557459427881,LEC,24
5200.0,205.05208,100.0,0.0,5.0,3297.7799538483896,-807.9341270511616,LEC,24
5210.0,215.52082666666666,100.0,0.0,5.0,3105.0,-825.0,LEC,24
5230.0,230.0,100.0,0.0,5.0,2926.2289416931208,-839.9080226776421,LEC,24
5240.0,234.9499960888889,100.0,0.0,5.0,2852.0,-846.0,LEC,24
5250.0,241.0,100.0,0.0,6.0,2766.995402964804,-853.5537581729526,LEC,24
5260.0,246.0499968,100.0,0.0,6.0,2637.0,-865.0,LEC,24
5270.0,249.0,100.0,0.0,6.0,2517.123882126166,-875.1583259748395,LEC,24
5280.0,252.72777386666667,100.0,0.0,6.0,2400.0,-885.0,LEC,24
5300.0,260.52499839999996,100.0,0.0,6.0,2281.081719218725,-895.1103281008845,LEC,25
5320.0,267.5499968,100.0,0.0,6.0,2079.0,-913.0,LEC,25
5330.0,270.0,100.0,0.0,7.0,1972.4821901931446,-922.0007514145184,LEC,25
5350.0,275.9281236,100.0,0.0,7.0,1706.8928429698085,-944.3229060738872,LEC,25
5360.0,278.3312488,100.0,0.0,7.0,1623.0,-952.0,LEC,25
5380.0,280.0,100.0,0.0,7.0,1478.2749060299811,-964.4151730135357,LEC,25
5390.0,286.73332906666667,100.0,0.0,7.0,1296.0,-980.0,LEC,25
5410.0,292.0,100.0,0.0,7.0,1164.604542786453,-991.4979407474592,LEC,25
5420.0,292.0,100.0,0.0,7.0,1084.555003372399,-998.1170915579991,LEC,25
0.0,212.84000256000002,100.0,0.0,5.0,-2515.2123754519234,-2699.1846740230976,STR,1
10.0,222.69062639999999,100.0,0.0,5.0,-2368.110712420268,-2676.8541170421818,STR,1
20.0,227.0,100.0,0.0,5.0,-2306.762813292984,-2667.3598956406177,STR,1
40.0,237.36964388571428,100.0,0.0,6.0,-2064.776713966501,-2628.255515849382,STR,1
60.0,246.0,100.0,0.0,6.0,-1878.1144406364801,-2598.3736663145796,STR,1
70.0,253.0,100.0,0.0,6.0,-1774.330837909599,-2581.652195617563,STR,1
80.0,254.8156264,100.0,0.0,6.0,-1728.0,-2574.0,STR,1
90.0,260.0,100.0,0.0,6.0,-1617.82550338215,-2555.059026541436,STR,1
100.0,262.0750016,100.0,0.0,6.0,-1571.0,-2547.0,STR,1
120.0,267.7875008,100.0,0.0,6.5,-1404.512967718858,-2518.9312978356184,STR,1
130.0,273.5750016,100.0,0.0,7.0,-1232.0,-2491.0,STR,1
150.0,279.5375008,100.0,0.0,7.0,-1042.2671144721762,-2459.2754282054752,STR,1
170.0,283.7875008,100.0,0.0,7.0,-822.9041702073868,-2421.4281728935002,STR,1
180.0,288.0,100.0,0.0,7.0,-689.2523145449513,-2398.341926295256,STR,1
200.0,290.1750006857143,100.0,0.0,7.0,-595.0,-2382.0,STR,1
210.0,291.83000064,100.0,0.0,8.0,-501.88015199815084,-2365.939674758076,STR,1
220.0,295.0,100.0,0.0,8.0,-369.48655579515554,-2344.2848196295154,STR,1
230.0,296.1857152,100.0,0.0,8.0,-305.0,-2334.0,STR,2
250.0,299.0,100.0,0.0,8.0,-175.84966224379764,-2312.4057899896584,STR,2
260.0,300.3406256,100.0,0.0,8.0,-27.0,-2285.0,STR,2
270.0,302.0479168,100.0,0.0,8.0,269.8671098170078,-2228.671745300553,STR,2
290.0,303.0,100.0,0.0,8.0,386.9726618533122,-2207.402409590501,STR,2
300.0,304.2750016,100.0,0.0,8.0,435.0,-2199.0,STR,2
320.0,307.0,100.0,0.0,8.0,658.7201372187303,-2158.262316320462,STR,2
330.0,307.5812512,100.0,0.0,8.0,720.0,-2147.0,STR,2
350.0,310.0,100.0,0.0,8.0,918.3295046525851,-2110.05970418941,STR,2
360.0,310.0,100.0,0.0,8.0,1017.6311113072177,-2091.465056675868,STR,2
370.0,310.0,100.0,0.0,8.0,1157.4115913128448,-2065.4762716838613,STR,2
380.0,310.0,100.0,0.0,8.0,1160.0,-2065.0,STR,2
390.0,310.0,100.0,0.0,8.0,1325.9838495066144,-2034.813540591073,STR,2
400.0,310.0,100.0,0.0,8.0,1380.0,-2025.0,STR,2
410.0,310.0,100.0,0.0,8.0,1523.202558978414,-1998.8716790589986,STR,2
430.0,310.0,100.0,0.0,8.0,1733.019775460549,-1960.9150271873661,STR,2
440.0,310.0,100.0,0.0,8.0,1770.0,-1954.0,STR,2
450.0,310.0,100.0,0.0,8.0,1854.0,-1938.0,STR,3
460.0,310.0,100.0,0.0,8.0,2014.7619167897547,-1908.681934639149,STR,3
470.0,310.0,100.0,0.0,8.0,2125.5076724976225,-1888.2596440094935,STR,3
480.0,310.0,100.0,0.0,8.0,2227.0,-1870.0,STR,3
490.0,310.0,100.0,0.0,8.0,2364.1387730870983,-1846.0043130660365,STR,3
500.0,310.0,100.0,0.0,8.0,2504.0,-1822.0,STR,3
510.0,310.0,100.0,0.0,8.0,2596.485990315494,-1807.1295610735742,STR,3
530.0,310.95750016,100.0,0.0,8.0,2668.428209068385,-1797.171443139765,STR,3
550.0,311.0,100.0,0.0,8.0,2867.0,-1766.0,STR,3
560.0,311.0,100.0,0.0,8.0,2980.4068709725257,-1748.7951538152993,STR,3
570.0,310.54999954285717,100.0,0.0,8.0,3038.0,-1740.0,STR,3
590.0,309.0,100.0,0.0,8.0,3289.8550863163096,-1700.4465223357142,STR,3
600.0,303.17856914285716,55.1749824,0.0,8.0,3477.0,-1671.0,STR,3
610.0,299.0,23.0,1.0,8.0,3586.45397819998,-1654.0866261133137,STR,3
620.0,285.0,0.0,1.0,8.0,3704.4502866934895,-1636.2614440196078,STR,3
630.0,268.562496,0.0,1.0,8.0,3780.7553116555496,-1624.7787757981146,STR,3
650.0,235.0,0.0,1.0,8.0,3929.2098566614204,-1602.4247923304065,STR,3
660.0,231.12999424,0.0,1.0,8.0,3952.0,-1599.0,STR,3
670.0,213.12999424,0.0,1.0,8.0,4073.0,-1581.0,STR,4
680.0,197.29791413333334,0.0,1.0,6.0,4168.772689114199,-1566.5499077534919,STR,4
690.0,181.34582826666667,0.0,1.0,6.0,4329.0,-1534.0,STR,4
700.0,159.29374826666668,0.0,1.0,4.0,4410.244997782162,-1514.2061996336342,STR,4
710.0,145.1388871111111,0.0,1.0,3.0,4505.658784474246,-1486.5072064046194,STR,4
720.0,130.69444266666667,0.0,1.0,2.5,4592.243723253693,-1451.8061244387695,STR,4
730.0,118.2281732063492,0.0,1.0,2.0,4680.669164664348,-1389.1712877883983,STR,4
750.0,91.5261891047619,0.0,1.0,1.3333333333333333,4790.750314940496,-1168.3640373031237,STR,4
760.0,84.77889425299766,0.0,0.3333333333333333,1.0,4797.922538744965,-1062.7379386579425,STR,4
770.0,80.21333333333332,0.44,0.0,1.0,4784.375825730068,-984.4198457307847,STR,4
780.0,75.79567764649025,21.49840352865366,0.0,1.0,4757.119664658376,-906.3569544781523,STR,4
790.0,80.70000071111112,36.500001185185184,0.0,1.0,4715.090025557,-839.582213607554,STR,4
800.0,87.14062533333333,43.25625013333333,0.0,1.0,4651.975469837581,-779.3713917269442,STR,4
810.0,95.7921884,50.037500800000004,0.0,1.5,4561.278239183125,-733.8783607660482,STR,4
820.0,102.84500096,53.61500032,0.0,2.0,4466.580744647897,-712.0554641281633,STR,4
830.0,112.81000021333334,59.050001066666674,0.0,2.0,4377.03638822367,-710.1944696322748,STR,4
840.0,119.1500032,68.14722417777777,0.0,2.0,4319.0,-712.0,STR,4
850.0,134.3910729142857,76.55178605714286,0.0,3.0,4187.325034723224,-719.6196592284407,STR,4
860.0,146.482144,82.1125024,0.0,3.0,4101.3736542622155,-726.6708264364318,STR,4
870.0,155.96750144,100.0,0.0,3.0,3995.6410346632065,-737.9402349108129,STR,4
880.0,164.07916835555557,100.0,0.0,3.0,3914.682055198755,-746.9235283855528,STR,4
890.0,179.99167004444445,100.0,0.0,3.0,3774.0,-763.0,STR,5
900.0,184.35000137142856,100.0,0.0,4.0,3729.8126606023866,-768.1045123197262,STR,5
910.0,195.0,100.0,0.0,4.0,3545.2737979550398,-786.4150944438768,STR,5
920.0,200.61785965714284,100.0,0.0,4.0,3442.0,-796.0,STR,5
930.0,206.0,100.0,0.0,5.0,3376.6156465497743,-802.0246231524495,STR,5
940.0,215.0375008,100.0,0.0,5.0,3296.7132429749254,-808.6074943146688,STR,5
950.0,218.0,100.0,0.0,5.0,3235.19167619385,-813.0544665629761,STR,5
960.0,224.13666816,100.0,0.0,5.0,3123.897205720145,-823.3839909456525,STR,5
980.0,231.0375008,100.0,0.0,5.5,2942.6817486690716,-838.0689005924871,STR,5
990.0,232.01071497142857,100.0,0.0,6.0,2736.8134561988827,-855.9278608312837,STR,5
1010.0,235.0,100.0,0.0,6.0,2620.6978850245923,-866.451473072303,STR,5
1020.0,235.0,100.0,0.0,6.0,2552.5712588831143,-872.3273546574967,STR,5
1030.0,260.0,100.0,0.0,6.0,2407.815383720745,-884.475407455918,STR,5
1040.0,260.85833386666667,100.0,0.0,6.0,2331.0,-891.0,STR,5
1050.0,262.3841346292597,100.0,0.0,7.0,2223.3251413640155,-900.2855829752309,STR,5
1070.0,270.1169112829179,100.0,0.0,7.0,2050.0,-915.0,STR,5
1090.0,278.0,100.0,0.0,7.0,1821.4514691182221,-934.7856802227876,STR,5
1100.0,278.3537415479353,100.0,0.0,7.0,1601.7514639405376,-953.9896320945556,STR,5
1120.0,286.371883301135,100.0,0.0,7.0,1489.0,-963.0,STR,6
1140.0,291.0,100.0,0.0,7.0,1368.8310151220896,-973.8001212480347,STR,6
1150.0,293.7333347555556,100.0,0.0,7.0,1255.0,-984.0,STR,6
1170.0,299.47250048,100.0,0.0,8.0,1033.6581570117428,-1002.8197088596364,STR,6
1180.0,302.0,100.0,0.0,8.0,894.0827756388466,-1014.8424249354177,STR,6
1190.0,302.671876,100.0,0.0,8.0,858.0,-1018.0,STR,6
1210.0,306.710938,100.0,0.0,8.0,639.162107803765,-1037.4035308336063,STR,6
1220.0,309.26388977777776,100.0,0.0,8.0,485.0,-1051.0,STR,6
1230.0,310.93055644444445,100.0,0.0,8.0,382.0,-1060.0,STR,6
1240.0,312.0,100.0,0.0,8.0,291.3826410669053,-1067.9738352266895,STR,6
1260.0,313.8458336,100.0,0.0,8.0,1.5878142122337309,-1093.5218765956204,STR,6
1290.0,315.71500032,100.0,0.0,8.0,-190.0,-1110.0,STR,6
1300.0,316.0,100.0,0.0,8.0,-231.55908402966992,-1113.690402878952,STR,6
1320.0,318.23000064,100.0,0.0,8.0,-436.0,-1132.0,STR,6
1330.0,319.81500031999997,100.0,0.0,8.0,-576.2688091232329,-1144.4386918905666,STR,7
1350.0,320.5083335111111,100.0,0.0,8.0,-754.0,-1160.0,STR,7
1360.0,321.0,100.0,0.0,8.0,-911.474347374364,-1173.2584618647236,STR,7
1370.0,320.9178569142857,100.0,0.0,8.0,-932.0,-1175.0,STR,7
1390.0,320.06607131428575,100.0,0.0,8.0,-1142.8680782560239,-1193.4286604363265,STR,7
1400.0,320.0,100.0,0.0,8.0,-1304.0,-1208.0,STR,7
1420.0,320.0,100.0,0.0,8.0,-1481.3327981608631,-1223.3242676666196,STR,7
1430.0,320.0,100.0,0.0,8.0,-1570.0,-1231.0,STR,7
1460.0,320.0,100.0,0.0,8.0,-1854.1660947629339,-1256.5468873160794,STR,7
1470.0,320.0,100.0,0.0,8.0,-2008.5100619580207,-1269.494128735275,STR,7
1480.0,319.7035712,100.0,0.0,8.0,-2084.0,-1276.0,STR,7
1500.0,319.0,100.0,0.0,8.0,-2258.7381893527327,-1291.88923716396,STR,7
1510.0,319.0,100.0,0.0,8.0,-2392.7202511862088,-1303.098705018712,STR,7
1520.0,319.0,100.0,0.0,8.0,-2439.0,-1307.0,STR,7
1540.0,319.0,100.0,0.0,8.0,-2736.0150021794343,-1332.867567778524,STR,7
1570.0,319.0,100.0,0.0,8.0,-2975.331969353832,-1354.8279464914074,STR,8
1590.0,318.4928566857143,99.49285668571429,0.0,8.0,-3131.0,-1368.0,STR,8
1600.0,318.0,99.0,0.0,8.0,-3295.4309043058056,-1382.2584118577552,STR,8
1610.0,316.75499904,99.0,0.0,8.0,-3395.0,-1391.0,STR,8
1620.0,315.0,99.0,0.0,8.0,-3522.8196495752495,-1402.3260971872626,STR,8
1640.0,299.8656208,0.0,1.0,8.0,-3755.9336084369397,-1423.151867639709,STR,8
1650.0,283.0,0.0,1.0,8.0,-3830.5083853726896,-1429.5941522724147,STR,8
1670.0,248.0,0.0,1.0,8.0,-3948.01006702531,-1439.3305489155766,STR,8
1680.0,232.9688784647644,0.0,1.0,7.5,-4109.224149606473,-1454.0518247544087,STR,8
1690.0,221.80415893333333,0.0,1.0,7.0,-4227.0,-1465.0,STR,8
1700.0,198.0,0.0,1.0,6.0,-4326.61349866825,-1474.7471971824043,STR,8
1710.0,187.01999616,0.0,1.0,6.0,-4367.0,-1478.0,STR,8
1730.0,140.21999616,0.0,1.0,6.0,-4716.0,-1483.0,STR,8
1740.0,135.5,0.0,1.0,3.0,-4766.940954999653,-1477.8818501052583,STR,8
1750.0,130.76428525714286,0.0,1.0,2.6666666666666665,-4871.420833340201,-1455.3017174126426,STR,8
1760.0,123.94999893333333,0.0,1.0,2.0,-4964.650215904271,-1406.686291882433,STR,8
1770.0,106.01874773333333,0.0,1.0,1.5,-5061.56508012333,-1311.265426311089,STR,9
1780.0,92.05208266666666,0.0,1.0,1.0,-5093.936719229641,-1250.2012460898407,STR,9
1790.0,83.78472177777778,0.0,0.6666666666666666,1.0,-5122.216380209372,-1154.2356780500852,STR,9
1800.0,79.18499968,0.0,0.0,1.0,-5124.166975710864,-1049.5178797085891,STR,9
1810.0,75.67499985454545,18.27500101818182,0.0,1.0,-5098.708889457687,-955.5252679180644,STR,9
1820.0,77.39187536,29.870625439999998,0.0,1.0,-5054.78611652741,-885.8302152877586,STR,9
1830.0,82.91000064,36.27333376,0.0,1.0,-4940.61409147038,-800.9463180769277,STR,9
1840.0,86.5916672,39.5916672,0.0,1.0,-4885.708530427031,-786.4430416105401,STR,9
1850.0,90.57083382857142,33.579166323809524,0.0,1.6666666666666667,-4784.376368977183,-795.3116160448577,STR,9
1860.0,96.37250048,37.915000320000004,0.0,2.0,-4651.921817315643,-837.1725591756849,STR,9
1870.0,100.20476220952382,17.50356845714286,0.3333333333333333,2.0,-4555.471596145701,-871.1893787055229,STR,9
1880.0,95.84666623999999,0.0,1.0,2.0,-4449.963529057298,-898.8142179510306,STR,9
1890.0,89.47499946666666,0.0,0.6666666666666666,2.0,-4360.494834156835,-909.9865300252876,STR,9
1900.0,83.14955314285714,0.0,0.0,2.0,-4269.757874238989,-895.1377865956949,STR,9
1910.0,78.29499989333334,0.0,0.0,2.0,-4188.36759724674,-843.8305352700705,STR,9
1920.0,71.58370514285714,10.22310377142857,0.0,2.0,-4157.966647280522,-761.4089645321362,STR,9
1930.0,73.16583402666667,28.75500117333333,0.0,2.0,-4140.557708586319,-673.876781527703,STR,9
1940.0,82.22000042666667,38.56750037333333,0.0,2.0,-4144.582875468645,-549.1553761694205,STR,9
1950.0,91.44875104,50.65437616,0.0,2.0,-4175.514396291377,-465.1044673546152,STR,9
1960.0,97.0,54.0,0.0,2.0,-4218.0996311176905,-383.04890572067967,STR,9
1970.0,112.80392987428571,57.811964617142856,0.0,2.0,-4271.012858627753,-323.01235969290815,STR,9
1980.0,126.6837317079365,68.80317633015873,0.0,2.0,-4351.702118468879,-229.31950899309558,STR,9
1990.0,136.8446441142857,81.53571657142857,0.0,3.0,-4424.753719731084,-113.84814225921627,STR,10
2000.0,147.0,100.0,0.0,3.0,-4475.815149907757,2.0181246394484997,STR,10
2010.0,156.181824,100.0,0.0,3.0,-4502.0,81.0,STR,10
2020.0,167.0,100.0,0.0,3.0,-4521.305154930441,154.2772884191799,STR,10
2030.0,176.3843792,100.0,0.0,3.0,-4532.0,214.0,STR,10
2040.0,189.296876,100.0,0.0,4.0,-4550.821196218149,344.20269771216965,STR,10
2050.0,193.0,100.0,0.0,4.0,-4558.671284744545,405.6573272210837,STR,10
2060.0,203.2875008,100.0,0.0,4.0,-4565.931510332206,524.2325732109056,STR,10
2080.0,210.09701499190606,100.0,0.0,5.0,-4562.600539234394,741.964333441324,STR,10
2090.0,216.0,100.0,0.0,5.0,-4559.655778637332,833.3435293493978,STR,10
2100.0,223.16129112174872,100.0,0.0,5.0,-4555.0,911.0,STR,10
2110.0,225.0,100.0,0.0,5.0,-4553.153209241773,941.6218071482567,STR,10
2120.0,229.51111253333335,100.0,0.0,5.0,-4544.0,1075.0,STR,10
2130.0,233.671876,100.0,0.0,6.0,-4531.730576922178,1190.1397158118198,STR,10
2140.0,237.734376,100.0,0.0,6.0,-4520.177449377978,1274.5371141635903,STR,10
2150.0,241.22941289411764,100.0,0.0,6.0,-4498.0,1400.0,STR,10
2240.0,262.1125001142857,100.0,0.0,7.0,-4066.878765152273,2182.2672986383172,STR,11
2260.0,263.0,100.0,0.0,7.0,-3956.275083961911,2275.057637879356,STR,11
2270.0,265.0375008,100.0,0.0,7.0,-3876.0,2330.0,STR,11
2280.0,266.0,100.0,0.0,7.0,-3834.2663862707386,2357.3365476873705,STR,11
2290.0,266.8785718857143,100.0,0.0,7.0,-3750.0,2407.0,STR,11
2300.0,268.0,100.0,0.0,7.0,-3552.871899798475,2503.5160814914916,STR,11
2320.0,268.0,100.0,0.0,7.0,-3312.4389181966235,2595.5038437972494,STR,11
2390.0,273.94456542608697,100.0,0.0,7.0,-2584.5132607665114,2819.4434555966955,STR,11
2410.0,274.86785737142856,100.0,0.0,7.0,-2459.0,2861.0,STR,11
2420.0,275.0,100.0,0.0,7.0,-2435.1302582194016,2868.8764132931638,STR,11
2430.0,275.90750016000004,100.0,0.0,7.0,-2300.201665686519,2913.6911132301525,STR,12
2450.0,277.0,100.0,0.0,7.0,-2083.3701524362327,2990.7367220693877,STR,12
2460.0,277.1500004571429,100.0,0.0,7.0,-2053.0,3002.0,STR,12
2470.0,277.89642879999997,100.0,0.0,7.0,-1902.5253878210124,3058.645044725999,STR,12
2490.0,278.95500032,100.0,0.0,7.0,-1741.6400859388032,3118.8151608593157,STR,12
2510.0,280.0034091636364,100.0,0.0,7.0,-1562.139175072245,3188.5570666842186,STR,12
2530.0,280.6431819636364,100.0,0.0,7.0,-1387.0,3257.0,STR,12
2540.0,281.0,100.0,0.0,7.0,-1283.269596400243,3300.0719511552584,STR,12
2560.0,281.5062343311796,49.37656688204279,0.0,7.0,-1138.0,3362.0,STR,12
2570.0,281.977555960871,2.244403912903863,0.5,7.0,-1002.8838315831074,3419.609157523688,STR,12
2580.0,275.61290387698045,0.0,1.0,7.0,-882.0,3472.0,STR,12
2590.0,271.0,0.0,1.0,7.0,-764.3756294076157,3525.6158324783573,STR,12
2600.0,264.23499648,0.0,1.0,7.0,-646.0,3580.0,STR,12
2610.0,260.0,0.0,1.0,7.0,-597.4922635075499,3601.828417360834,STR,12
2620.0,215.78124,0.0,1.0,7.0,-510.0,3639.0,STR,12
2630.0,204.19166364444445,0.0,1.0,7.0,-460.43821165707914,3661.3312651084852,STR,12
2640.0,176.0,0.0,1.0,6.0,-324.4830100693185,3721.744610736808,STR,12
2650.0,162.7312456,0.0,1.0,6.0,-219.5,3768.5,STR,13
2660.0,154.0,0.0,1.0,3.0,-151.80990875332904,3798.789799370096,STR,13
2670.0,135.57499804444444,0.0,1.0,3.0,-68.18542306189279,3829.659985145213,STR,13
2680.0,125.97499946666666,0.0,1.0,2.0,64.97805012235709,3866.379018162575,STR,13
2690.0,117.11333290666666,0.0,0.6666666666666666,2.0,149.85614963065143,3872.7066515512875,STR,13
2700.0,111.63095161904762,0.6738096761904763,0.3333333333333333,2.0,262.6900877887521,3846.4746245365895,STR,13
2710.0,107.5,0.5,0.0,2.0,355.7873302693175,3798.0015904563015,STR,13
2720.0,104.39166613333333,18.6062536,0.0,2.0,406.676558242509,3744.0419106626446,STR,13
2730.0,103.80907434666666,33.61851946666667,0.0,2.0,475.8633470699768,3651.2579791474327,STR,13
2740.0,106.6916672,41.660001279999996,0.0,2.0,517.552139872171,3564.278990363517,STR,13
2750.0,110.3937504,50.545000959999996,0.0,2.0,546.3854654224028,3475.507918409175,STR,13
2760.0,118.04166755555556,57.100002133333334,0.0,2.0,568.927885478731,3355.457426808378,STR,13
2770.0,126.91666844444444,78.40000426666667,0.0,2.0,577.1515267943726,3281.2837885364215,STR,13
2780.0,137.26250346666666,83.85000106666666,0.0,2.0,584.9520952167372,3196.362597181185,STR,13
2790.0,149.68125120000002,99.468752,0.0,2.5,598.3415696853101,3057.6696476972384,STR,13
2800.0,159.0,100.0,0.0,3.0,604.467665626753,3000.820963094762,STR,13
2810.0,164.71666773333334,100.0,0.0,3.0,613.7224796041402,2920.566873913534,STR,13
2820.0,174.7666688,100.0,0.0,3.0,628.0,2803.0,STR,13
2830.0,178.0,100.0,0.0,4.0,634.1124725496471,2755.61174458044,STR,13
2840.0,187.17456127302802,100.0,0.0,4.0,654.0,2612.0,STR,13
2850.0,191.5812488,100.0,0.0,4.0,665.5200312085474,2532.633448594598,STR,13
2860.0,195.53768799616128,100.0,0.0,4.0,680.5830976488567,2435.676501749912,STR,13
2870.0,200.0,100.0,0.0,5.0,693.6284271588094,2354.3662948609763,STR,14
2880.0,206.40500224,100.0,0.0,5.0,711.0,2251.0,STR,14
2890.0,213.65351973925928,100.0,0.0,5.0,733.7505086456423,2128.605219522049,STR,14
2910.0,222.17250048,100.0,0.0,5.0,781.8296783038048,1907.3522160761277,STR,14
2930.0,225.2953128,100.0,0.0,5.0,831.2362291817547,1730.8584594553474,STR,14
2950.0,228.0,100.0,0.0,5.0,887.6661093280516,1565.31442775206,STR,14
2960.0,228.3937504,100.0,0.0,5.0,938.6032678471979,1445.2425098457966,STR,14
2980.0,231.0,100.0,0.0,5.0,1026.3335861486262,1276.641446479377,STR,14
2990.0,231.0,100.0,0.0,5.0,1093.7538901139792,1166.6541074661602,STR,14
3010.0,231.9339286857143,100.0,0.0,5.0,1178.4884090685,1062.6902436041353,STR,14
3020.0,232.0,100.0,0.0,5.0,1274.5741948215114,965.4951993506901,STR,14
3040.0,231.5171872,90.148432,0.0,5.0,1425.9594376559005,851.5652221765769,STR,14
3050.0,229.5343744,53.796864,0.0,5.0,1545.0,786.0,STR,14
3060.0,229.0,44.0,0.0,5.0,1578.2030658075848,770.770898014915,STR,14
3070.0,226.55499904,37.07249728,0.0,5.0,1675.0,733.0,STR,14
3080.0,223.57749952,28.63624864,0.0,5.0,1795.3652575200138,699.5746164017808,STR,14
3090.0,220.7843744,33.712499199999996,0.0,5.0,1922.9709907156252,675.9359737322459,STR,15
3100.0,218.0,30.0,0.0,5.0,2014.061228002366,667.0233562942983,STR,15
3110.0,217.2124992,34.7250048,0.0,5.0,2052.0,665.0,STR,15
3120.0,214.00340916363638,54.12272989090909,0.0,5.0,2202.116469276998,668.8934501999684,STR,15
3130.0,214.41590923636363,68.9727325090909,0.0,5.0,2310.0,689.0,STR,15
3140.0,214.59772741818182,75.51818705454545,0.0,5.0,2356.0,701.0,STR,15
3150.0,215.0,90.0,0.0,5.0,2457.206459374997,733.7559888225885,STR,15
3160.0,215.0777780148148,98.3611128888889,0.0,5.0,2577.081677080861,784.5780248688388,STR,15
3180.0,216.8972224,100.0,0.0,5.0,2766.82717785814,893.4391622136636,STR,15
3190.0,217.81500032,100.0,0.0,5.0,2850.0,962.0,STR,15
3200.0,218.0,100.0,0.0,5.0,2866.2880107523197,977.4246205562375,STR,15
3210.0,219.52500053333333,100.0,0.0,5.0,2945.0,1060.0,STR,15
3220.0,221.0958336,100.0,0.0,5.0,3026.953415798028,1149.7992861366065,STR,15
3230.0,222.8458336,100.0,0.0,5.0,3121.881814386199,1235.9441490211475,STR,15
3250.0,222.8555559111111,64.66667733333334,0.0,5.0,3272.6584143933783,1333.4672451457654,STR,15
3260.0,222.0,39.0,0.0,5.0,3418.568914495224,1394.6044715714531,STR,15
3270.0,220.4750016,30.8666752,0.0,5.0,3517.0,1425.0,STR,15
3280.0,219.0,23.0,0.0,5.0,3584.566686163148,1441.814013903077,STR,15
3290.0,215.07242308051596,40.28133844572976,0.0,5.0,3697.0,1449.0,STR,15
3300.0,214.0,45.0,0.0,5.0,3740.1056498991047,1449.7298682468686,STR,15
3310.0,213.19249983999998,54.69000192,0.0,5.0,3839.0970106425993,1447.5180103028918,STR,16
3320.0,214.1437504,81.5906336,0.0,5.0,3969.0,1432.0,STR,16
3330.0,214.8843752,97.5140668,0.0,5.0,4037.4707542078377,1418.6232219364324,STR,16
3340.0,216.986112,100.0,0.0,5.0,4131.0,1392.0,STR,16
3350.0,220.0,100.0,0.0,5.0,4292.209805552431,1324.7636552510023,STR,16
3360.0,220.0,100.0,0.0,5.0,4379.122945606596,1277.3488967161372,STR,16
3380.0,224.0,100.0,0.0,5.0,4591.844074956539,1112.3635399584566,STR,16
3390.0,224.11500032,100.0,0.0,5.0,4600.0,1105.0,STR,16
3400.0,225.0,100.0,0.0,5.0,4646.976059748157,1059.9499669508277,STR,16
3410.0,225.88125013333334,100.0,0.0,5.0,4708.248955261613,993.7232803006377,STR,16
3420.0,227.61500032,100.0,0.0,5.0,4790.189372402005,902.3346478082296,STR,16
3430.0,228.25750016,100.0,0.0,5.0,4848.0,834.0,STR,16
3450.0,229.0187504,100.0,0.0,6.0,4966.402008907082,684.7684970278717,STR,16
3460.0,231.2875008,100.0,0.0,6.0,5038.0,593.0,STR,16
3470.0,233.0,100.0,0.0,6.0,5087.57377823858,532.548753042956,STR,16
3480.0,233.5187504,100.0,0.0,6.0,5129.0,484.0,STR,16
3490.0,234.7593752,100.0,0.0,6.0,5261.4304241925365,331.5108720994007,STR,16
3510.0,237.0,100.0,0.0,6.0,5384.601884571051,192.05023298846842,STR,16
3530.0,237.0,100.0,0.0,6.0,5495.407580253438,64.13266399859377,STR,17
3540.0,239.0,100.0,0.0,6.0,5575.322077876063,-24.52350234702029,STR,17
3550.0,239.6916672,100.0,0.0,6.0,5625.0,-80.0,STR,17
3560.0,241.0479168,100.0,0.0,6.0,5759.4426020808905,-231.4920627228649,STR,17
3570.0,242.0,100.0,0.0,6.0,5828.507118421245,-308.29021190361016,STR,17
3580.0,242.6777784888889,95.59443982222223,0.0,6.0,5857.0,-340.0,STR,17
3600.0,242.517856,74.1053472,0.0,6.0,5997.0016818954755,-498.95718088592054,STR,17
3620.0,234.0,0.0,1.0,6.0,6096.089191475805,-613.76955293109,STR,17
3630.0,223.9142838857143,0.0,1.0,6.0,6182.871481874484,-715.4235954384084,STR,17
3640.0,211.0,2.0,1.0,5.0,6274.309803731837,-828.420342240921,STR,17
3650.0,209.85318301437357,1.872575890485953,1.0,5.0,6282.0,-839.0,STR,17
3660.0,196.93905926786874,0.4376732519854173,1.0,4.5,6354.965802881593,-958.7519740370891,STR,17
3670.0,192.031252,0.0,1.0,4.0,6386.0,-1025.0,STR,17
3680.0,188.0,0.0,0.0,4.0,6418.45179196302,-1152.7983127480186,STR,17
3690.0,183.4500032,2.2749984,0.0,4.0,6425.832102744302,-1213.474656565054,STR,17
3700.0,178.5519712472347,15.9301078228699,0.0,4.0,6420.504395686885,-1360.4492580923736,STR,17
3710.0,175.66249965714286,28.112500114285716,0.0,4.0,6382.5152756118405,-1528.4100324030437,STR,17
3720.0,173.0,29.0,0.0,4.0,6360.646914012056,-1598.307882743782,STR,17
3730.0,172.62272698181818,33.33863970909091,0.0,4.0,6351.0,-1618.0,STR,17
3740.0,171.34999970909092,47.975003345454546,0.0,4.0,6290.0,-1735.0,STR,17
3750.0,172.17916693333333,52.58958346666666,0.0,4.0,6243.837905449315,-1803.6111210118106,STR,18
3760.0,173.85750016,54.71500032,0.0,4.0,6168.57295586042,-1894.2324889368444,STR,18
3770.0,176.23000064000001,57.23000064,0.0,4.0,6048.618530517711,-1999.2066719653094,STR,18
3780.0,180.0,61.0,0.0,4.0,5998.507266076222,-2037.712174011448,STR,18
3790.0,183.179688,64.539064,0.0,4.0,5936.897892296838,-2062.5028398114923,STR,18
3800.0,186.796876,75.39062799999999,0.0,4.0,5753.0,-2125.0,STR,18
3810.0,188.0,79.0,0.0,4.0,5705.511652284452,-2139.5302495614037,STR,18
3820.0,194.0,90.0,0.0,4.0,5627.97052771129,-2155.3968784329954,STR,18
3830.0,197.21750144,93.5750016,0.0,4.0,5572.0,-2164.0,STR,18
3840.0,201.90875072,98.7875008,0.0,4.0,5456.890122329691,-2183.5845653516462,STR,18
3850.0,204.609376,100.0,0.0,4.0,5372.0,-2197.0,STR,18
3860.0,209.7718768,100.0,0.0,5.0,5226.9476617784585,-2212.4706499194654,STR,18
3870.0,217.0,100.0,0.0,5.0,5155.754936533011,-2217.9335006556585,STR,18
3880.0,220.0750016,100.0,0.0,5.0,5076.0,-2222.0,STR,18
3890.0,224.1437504,100.0,0.0,5.0,4924.327720125275,-2226.731946464073,STR,18
3900.0,226.0,100.0,0.0,5.0,4830.516202511344,-2229.444935488147,STR,18
3910.0,235.1125024,100.0,0.0,5.0,4723.0,-2233.0,STR,18
3920.0,238.4031256,100.0,0.0,6.0,4658.563011719592,-2235.421042464476,STR,18
3930.0,241.0,100.0,0.0,6.0,4565.785418305366,-2239.54174608394,STR,18
3940.0,244.0500032,100.0,0.0,6.0,4484.0,-2244.0,STR,18
3950.0,249.0500032,100.0,0.0,6.0,4346.0,-2253.0,STR,18
3960.0,251.0,100.0,0.0,6.0,4292.02874006765,-2256.5646056446235,STR,18
3970.0,254.69091025454546,100.0,0.0,6.0,4150.0,-2266.0,STR,19
3980.0,257.60000116363636,100.0,0.0,6.0,4035.0,-2274.0,STR,19
3990.0,259.0,100.0,0.0,6.0,3982.860050265116,-2277.4872366212703,STR,19
4000.0,263.56750144,100.0,0.0,6.0,3833.0,-2287.0,STR,19
4020.0,268.01500032,100.0,0.0,7.0,3627.3878405804844,-2299.9145930234927,STR,19
4030.0,270.0,100.0,0.0,7.0,3487.502239621729,-2308.1486395436123,STR,19
4050.0,271.6403323847322,100.0,0.0,7.0,3342.0,-2318.0,STR,19
4060.0,272.1392926845235,100.0,0.0,7.0,3281.0,-2323.0,STR,19
4070.0,273.0,100.0,0.0,7.0,3179.4781212149255,-2331.3793157634486,STR,19
4080.0,273.68333226666664,100.0,0.0,7.0,3115.0,-2337.0,STR,19
4100.0,276.0658305599983,100.0,0.0,7.0,2842.2410275618067,-2363.265216893832,STR,19
4120.0,277.0,100.0,0.0,7.0,2647.865083302582,-2383.6368156189187,STR,19
4130.0,273.9249984,56.07140571428571,0.0,7.0,2565.0,-2392.0,STR,19
4140.0,270.9624992,13.749988571428567,0.5,7.0,2474.9130403006693,-2401.156830158259,STR,19
4150.0,260.43570834285714,0.0,1.0,7.0,2371.0,-2413.0,STR,19
4160.0,244.0,0.0,1.0,7.0,2252.1487224792686,-2426.578807389419,STR,19
4170.0,244.0,0.0,1.0,7.0,2181.0,-2435.0,STR,19
4180.0,244.0,0.0,1.0,6.5,2050.697934216042,-2451.296840089166,STR,19
4200.0,211.92916515555555,0.0,1.0,6.0,2039.4861006991482,-2452.9378221817174,STR,20
4210.0,199.58055253333333,0.0,1.0,6.0,1844.0,-2478.0,STR,20
4220.0,195.0,0.0,1.0,5.0,1776.2711266622728,-2487.4588811692493,STR,20
4230.0,184.9214208,0.0,1.0,5.0,1649.0038660534415,-2507.834793161456,STR,20
4240.0,124.05208266666666,0.0,1.0,3.6666666666666665,1573.0160377912316,-2521.786123076821,STR,20
4250.0,108.42499839999999,0.0,1.0,2.5,1439.808078254049,-2552.567585244073,STR,20
4260.0,102.5020816,0.0,1.0,1.0,1400.5331488012819,-2566.439587704414,STR,20
4270.0,88.62291573333334,0.0,1.0,1.0,1323.5135222457914,-2602.2154861091353,STR,20
4280.0,79.66272268571429,0.01607177142857143,0.5,1.0,1245.6205694071625,-2682.4077729323144,STR,20
4290.0,71.50285705142858,17.161609371428572,0.0,1.0,1223.0874332238486,-2781.211129892422,STR,20
4300.0,72.90041712,33.55708464,0.0,1.0,1247.9578769399025,-2870.3777337498914,STR,20
4310.0,80.82479237333334,44.64562544,0.0,1.0,1296.4526461183132,-2943.035099890597,STR,20
4320.0,89.24943367522768,51.249433675227664,0.0,1.0,1360.810458849938,-3003.506904735195,STR,20
4330.0,103.96564373861571,73.06563733861572,0.0,1.0,1454.551965057015,-3069.1229340732752,STR,20
4340.0,111.468748,100.0,0.0,1.0,1590.3157961776167,-3149.5734871304157,STR,20
4350.0,123.64016582529361,100.0,0.0,1.6666666666666667,1728.4166333356097,-3229.7770677043723,STR,20
4360.0,136.3354176,100.0,0.0,2.0,1811.4686001174423,-3279.4027658685154,STR,20
4370.0,143.5375008,100.0,0.0,3.0,1965.7506684160167,-3385.0103907177527,STR,20
4390.0,153.47142948571428,100.0,0.0,3.0,2055.103489764539,-3461.1585309238635,STR,20
4400.0,160.35833386666667,100.0,0.0,3.0,2122.8144261816947,-3536.2754964513706,STR,20
4410.0,163.69166719999998,100.0,0.0,3.5,2173.239972406587,-3611.272841323483,STR,21
4420.0,170.75208426666666,100.0,0.0,4.0,2224.4700908331574,-3715.7767039362425,STR,21
4430.0,176.3611128888889,100.0,0.0,4.0,2253.5,-3809.5,STR,21
4440.0,181.77250048000002,100.0,0.0,4.0,2274.8374955443232,-3917.2368082975117,STR,21
4460.0,186.87250047999999,100.0,0.0,4.0,2293.20064917572,-4090.4368252812965,STR,21
4470.0,189.0958336,100.0,0.0,4.0,2294.148139115762,-4205.2230064485775,STR,21
4480.0,190.92916693333333,100.0,0.0,4.5,2285.2190892098565,-4321.706363063916,STR,21
4490.0,193.74500096,100.0,0.0,5.0,2261.0,-4465.0,STR,21
4510.0,198.33333333333334,100.0,0.0,5.0,2225.790900367373,-4602.490987585611,STR,21
4520.0,199.02678628571428,100.0,0.0,5.0,2191.2840459384215,-4707.193998203698,STR,21
4530.0,202.26785828571428,100.0,0.0,5.0,2155.0,-4803.0,STR,21
4540.0,204.0,100.0,0.0,5.0,2134.2844856108804,-4853.567642527313,STR,21
4550.0,204.8843752,11.562479999999994,0.5,5.0,2101.4241370247323,-4926.428895165345,STR,21
4560.0,196.51041333333333,0.0,1.0,5.0,2054.0,-5017.0,STR,21
4570.0,180.98958,0.0,1.0,5.0,1972.500350726966,-5150.912122980793,STR,21
4580.0,170.52249728,0.0,1.0,5.0,1901.0,-5245.0,STR,21
4590.0,162.95499904000002,0.0,1.0,4.0,1847.5598107066126,-5309.387364165939,STR,21
4600.0,157.0,0.0,1.0,3.0,1743.5528223808324,-5413.146529944979,STR,21
4610.0,157.0,0.0,1.0,3.0,1702.387306475177,-5450.683281641064,STR,21
4620.0,149.42857109685792,0.0714286128927581,1.0,3.0,1645.4887595550945,-5476.802794699288,STR,21
4630.0,143.43310711302365,0.8208616108720423,0.5,3.0,1477.4660015754196,-5508.65268456593,STR,22
4640.0,137.78750026666665,11.224990933333334,0.0,3.0,1353.310882427853,-5503.197216008695,STR,22
4650.0,137.0,38.0,0.0,3.0,1299.610555081973,-5494.878434390148,STR,22
4660.0,138.34999893333332,44.7874976,0.0,3.0,1247.3768190029227,-5479.3047156930625,STR,22
4670.0,143.61992662726647,54.36554433861603,0.0,3.0,1138.121461437234,-5431.247286559568,STR,22
4680.0,148.0251253307742,64.83165732501611,0.0,3.0,1060.1426789645147,-5383.914044717106,STR,22
4690.0,156.9171884,96.1500032,0.0,3.0,946.3632698660628,-5290.961389722604,STR,22
4700.0,165.8428598857143,100.0,0.0,3.0,849.0,-5201.0,STR,22
4710.0,170.0,100.0,0.0,3.0,818.9726436410608,-5173.552589114448,STR,22
4720.0,180.7785728,100.0,0.0,3.5,751.5983637196539,-5113.773238593738,STR,22
4730.0,186.60250112,100.0,0.0,4.0,692.9259589924274,-5061.279196569569,STR,22
4740.0,193.7875008,100.0,0.0,4.0,587.2610257496573,-4965.748063952833,STR,22
4750.0,201.0375008,100.0,0.0,5.0,460.6874866260997,-4852.614920146264,STR,22
4760.0,205.0,100.0,0.0,5.0,415.9875128248069,-4812.456866814789,STR,22
4780.0,214.23958399999998,100.0,0.0,5.0,382.6978999128581,-4782.301590217208,STR,22
4790.0,219.80625120000002,100.0,0.0,5.0,262.853497739665,-4675.65390165405,STR,22
4800.0,225.0,100.0,0.0,5.0,197.65346427977727,-4617.640738216317,STR,22
4810.0,227.0,100.0,0.0,5.0,130.07370000353606,-4557.281920169493,STR,22
4820.0,228.5750016,100.0,0.0,5.0,102.0,-4532.0,STR,22
4830.0,233.1671884,100.0,0.0,5.0,17.17344808797079,-4455.198675200788,STR,22
4850.0,241.1437504,100.0,0.0,6.0,-125.28406619500498,-4328.114327033643,STR,23
4860.0,243.3937504,100.0,0.0,6.0,-215.46426028456858,-4246.893097675364,STR,23
4870.0,245.3937504,100.0,0.0,6.0,-296.9648487374804,-4173.884574173859,STR,23
4880.0,248.46000128,100.0,0.0,6.0,-385.0,-4096.0,STR,23
4890.0,250.25750016,100.0,0.0,6.0,-450.75500435694624,-4037.6895300184897,STR,23
4900.0,251.0,100.0,0.0,6.0,-537.9598326333631,-3966.375830758201,STR,23
4920.0,252.21000064,100.0,0.0,6.0,-700.0,-3852.0,STR,23
4930.0,253.0,100.0,0.0,6.0,-783.357066166907,-3803.3613999551417,STR,23
4940.0,252.0,53.0,0.0,6.0,-883.4016730396274,-3763.1994056320746,STR,23
4950.0,251.9041664,52.3291648,0.0,6.0,-897.0,-3759.0,STR,23
4960.0,251.0770832,46.5395824,0.0,6.0,-1028.7491866784258,-3727.7835532154268,STR,23
5000.0,245.9303555707907,91.62679986288362,0.0,6.0,-1485.0,-3739.0,STR,23
5010.0,245.0,100.0,0.0,6.0,-1557.1204207034646,-3757.4133395289864,STR,23
5020.0,245.0,100.0,0.0,6.0,-1669.0,-3799.0,STR,23
5030.0,245.0,100.0,0.0,6.0,-1738.345846937723,-3830.372290216297,STR,23
5040.0,245.40499968,100.0,0.0,6.0,-1894.0,-3907.0,STR,23
5060.0,246.0,100.0,0.0,6.0,-2067.6777745262402,-3998.558025231556,STR,23
5070.0,246.8791664,100.0,0.0,6.0,-2171.513185977807,-4052.5417591675027,STR,24
5090.0,248.63322881999977,100.0,0.0,6.0,-2297.1247659158794,-4103.22915744762,STR,24
5100.0,249.0,100.0,0.0,6.0,-2390.0,-4135.0,STR,24
5110.0,249.0,100.0,0.0,6.0,-2442.0773907175044,-4149.481188532489,STR,24
5120.0,249.0,100.0,0.0,6.0,-2584.341211945223,-4178.0730596678,STR,24
5130.0,249.0,100.0,0.0,6.0,-2729.0,-4195.0,STR,24
5140.0,249.0,100.0,0.0,6.0,-2740.6797381930137,-4195.784103737819,STR,24
5150.0,249.0,100.0,0.0,6.0,-2900.2289355273415,-4197.111654462126,STR,24
5160.0,249.0,100.0,1.0,6.0,-2989.1697217292435,-4189.591595798739,STR,24
5170.0,245.4428544,70.35712,1.0,6.0,-3046.0,-4182.0,STR,24
5180.0,236.20138666666668,0.0,1.0,6.0,-3183.588735094519,-4157.50282797458,STR,24
5200.0,216.02777481481482,0.0,1.0,5.666666666666667,-3359.4022167813287,-4111.230744822593,STR,24
5210.0,201.0,0.0,1.0,5.0,-3519.6046103421004,-4050.9975372435474,STR,24
5220.0,193.56666453333332,0.0,1.0,5.0,-3590.5473964147563,-4013.936218476627,STR,24
5230.0,180.8499968,0.0,1.0,5.0,-3702.0,-3944.0,STR,24
5250.0,168.03249856,0.0,1.0,4.0,-3796.055870169383,-3866.627108206144,STR,24
5260.0,154.08249856,0.0,1.0,3.5,-3904.4162676806054,-3746.5079176683253,STR,24
5270.0,138.28333226666666,0.0,1.0,3.0,-3966.349455373526,-3651.077937083277,STR,24
5280.0,131.94999893333335,0.0,1.0,2.0,-4017.8201942223563,-3544.4885683296925,STR,24
5290.0,124.28333226666666,0.0,1.0,2.0,-4039.5877385322055,-3469.3891181271993,STR,25
5300.0,113.4624976,0.0,1.0,2.0,-4048.4627141381034,-3370.9836611427254,STR,25
5310.0,106.14374879999998,0.0,1.0,2.0,-4039.404410899093,-3276.525919657606,STR,25
5320.0,102.61190460952382,0.5476205714285715,0.0,2.0,-4017.896331750359,-3207.827306307989,STR,25
5330.0,100.13571413333334,21.511519876684243,0.0,2.0,-3960.839847113739,-3106.0701340861056,STR,25
5340.0,100.0,37.0,0.0,2.0,-3875.4082640817487,-3014.0145038819246,STR,25
5350.0,104.51363549090908,46.027270981818184,0.0,2.0,-3795.100061438284,-2967.9922338941406,STR,25
5360.0,111.05312359999999,50.443749600000004,0.0,2.0,-3710.274236828074,-2932.0138944224755,STR,25
5370.0,120.7937472,65.4093728,0.0,2.0,-3634.704245482738,-2909.2321603752234,STR,25
5380.0,130.41874719999998,72.9718728,0.0,2.0,-3555.759728740545,-2888.725351521102,STR,25
5390.0,136.52301270467967,80.2845190570195,0.0,2.5,-3430.642943878117,-2860.4985931582787,STR,25
5400.0,149.0,100.0,0.0,3.0,-3357.3678678264473,-2844.545198705609,STR,25
5410.0,158.5750016,100.0,0.0,3.0,-3291.5622919752245,-2831.333279559415,STR,25
5420.0,171.3135434666667,100.0,0.0,3.6666666666666665,-3160.9097821255527,-2806.3391236440166,STR,25
5440.0,185.2484388,100.0,0.0,4.0,-2994.4460967283444,-2776.343965555182,STR,25
5450.0,192.52000256,100.0,0.0,4.0,-2899.0,-2760.0,STR,25
5460.0,201.26000127999998,100.0,0.0,4.5,-2779.710171018036,-2740.3656314950854,STR,25
5470.0,207.63750293333334,100.0,0.0,5.0,-2700.0,-2728.0,STR,25
5480.0,214.66666808888888,100.0,0.0,5.0,-2602.7497584260195,-2713.324610050793,STR,25
0.0,231.5421864,100.0,0.0,5.0,-2251.4981679373345,-2658.3260104900737,ALB,1
10.0,237.4125024,100.0,0.0,5.0,-2111.0,-2636.0,ALB,1
20.0,240.0,100.0,0.0,5.0,-2072.3684772766424,-2629.9330695924864,ALB,1
30.0,246.0,100.0,0.0,6.0,-1989.603956133743,-2617.103743954336,ALB,1
40.0,249.9562512,100.0,0.0,6.0,-1928.8111020933547,-2607.2831452865594,ALB,1
50.0,252.796876,100.0,0.0,6.0,-1854.0,-2595.0,ALB,1
70.0,258.0214285714286,100.0,0.0,6.0,-1567.7710916798605,-2546.2030368712476,ALB,1
90.0,268.0,100.0,0.0,6.0,-1352.3597066401155,-2510.311854864898,ALB,1
100.0,270.1939062061219,100.0,0.0,6.0,-1264.0,-2496.0,ALB,1
110.0,274.0,100.0,0.0,7.0,-1151.588106099681,-2478.394347670987,ALB,1
130.0,278.1027790222222,100.0,0.0,7.0,-1037.0,-2459.0,ALB,1
140.0,281.0625008,100.0,0.0,7.0,-918.9390800562613,-2437.6933444101533,ALB,1
150.0,283.0,100.0,0.0,7.0,-798.2813471306246,-2417.3793827489512,ALB,1
160.0,284.964288,100.0,0.0,7.0,-713.0,-2403.0,ALB,1
180.0,288.03750048,100.0,0.0,7.0,-575.9391033641455,-2378.6866565685755,ALB,1
190.0,289.42500096,100.0,0.0,7.0,-429.0,-2354.0,ALB,1
200.0,290.17500096,100.0,0.0,7.0,-349.0,-2341.0,ALB,1
210.0,291.0,100.0,0.0,7.0,-268.29106825042004,-2327.720903515815,ALB,1
220.0,294.0,100.0,0.0,7.0,-152.52800363195414,-2307.7968308332092,ALB,1
230.0,294.3750005333333,100.0,0.0,7.0,-61.0,-2291.0,ALB,2
240.0,295.1875008,100.0,0.0,7.0,144.92776232925755,-2252.0464114329507,ALB,2
260.0,298.0,100.0,0.0,7.0,281.35358289090715,-2226.5532495678726,ALB,2
270.0,298.0,100.0,0.0,7.0,356.0,-2213.0,ALB,2
290.0,298.0,100.0,0.0,7.5,502.78354760588627,-2186.2441512757723,ALB,2
310.0,299.2291669333333,100.0,0.0,8.0,733.6563877811413,-2144.6155905055193,ALB,2
330.0,300.0,100.0,0.0,8.0,877.3964231259489,-2118.043405881228,ALB,2
340.0,299.24999954285715,100.0,0.0,8.0,1026.0,-2090.0,ALB,2
350.0,299.0,100.0,0.0,8.0,1084.5114141689673,-2079.165417756319,ALB,2
370.0,300.9791664,100.0,0.0,8.0,1266.865870956806,-2045.7561288458294,ALB,2
390.0,300.05357165714287,100.0,0.0,8.0,1456.4619875987353,-2011.1067103658402,ALB,2
410.0,301.0,100.0,0.0,8.0,1677.7837443617955,-1970.7657780485833,ALB,2
430.0,301.12500032,100.0,0.0,8.0,1860.6061756399158,-1937.5583565613324,ALB,2
440.0,302.0,100.0,0.0,8.0,1985.6526352769126,-1914.2664166342936,ALB,2
450.0,302.0,100.0,0.0,8.0,2094.0,-1894.0,ALB,3
460.0,302.0,100.0,0.0,8.0,2229.0,-1869.0,ALB,3
470.0,302.0,100.0,0.0,8.0,2348.7684294609903,-1847.6256597818433,ALB,3
480.0,302.60931931542495,100.0,0.0,8.0,2493.0,-1824.0,ALB,3
490.0,303.0,100.0,0.0,8.0,2595.156473193481,-1808.2232937871086,ALB,3
510.0,303.0,100.0,0.0,8.0,2754.9527047344427,-1783.913728943488,ALB,3
530.0,303.0,100.0,0.0,8.0,3001.0,-1745.0,ALB,3
540.0,303.0,100.0,0.0,8.0,3074.1987907843322,-1733.5238188862884,ALB,3
550.0,303.0,93.52856868571429,0.0,8.0,3251.0,-1706.0,ALB,3
560.0,303.0,88.0,0.0,8.0,3389.9854227356204,-1684.5399655055094,ALB,3
590.0,285.0,0.0,1.0,8.0,3665.599808128865,-1642.5148422139896,ALB,3
600.0,285.0,0.0,1.0,8.0,3743.576354958115,-1630.7643229891946,ALB,3
620.0,248.61666666666667,0.0,1.0,8.0,3844.204026733815,-1615.6668807120604,ALB,3
630.0,229.4,0.0,1.0,8.0,3972.5357081597494,-1596.2638632573833,ALB,3
640.0,216.78894286184752,0.0,1.0,8.0,4160.056717108498,-1567.992957114575,ALB,3
650.0,202.0,0.0,1.0,7.0,4240.6489913254345,-1555.0024494615484,ALB,3
660.0,180.48962084371675,0.0,1.0,6.5,4299.9946409961685,-1541.405784105039,ALB,3
670.0,171.89284845714286,0.0,1.0,6.0,4356.0,-1528.0,ALB,4
680.0,159.0,0.0,1.0,4.666666666666667,4480.820344966775,-1494.0903635413442,ALB,4
690.0,144.97499456,0.0,1.0,3.5,4579.791796866444,-1458.5620266562714,ALB,4
700.0,129.01388586666667,0.0,1.0,2.5,4675.413208896825,-1391.8149607858757,ALB,4
710.0,116.16071177142857,0.0,1.0,2.0,4747.591270787345,-1307.067086717424,ALB,4
720.0,102.16666453333333,0.0,1.0,2.0,4784.39718448248,-1209.8422992054093,ALB,4
730.0,98.015624,0.0,1.0,1.5,4800.633679960064,-1100.8576027816994,ALB,4
740.0,92.41071314285713,0.0,1.0,1.0,4795.376413806088,-1038.2856875443829,ALB,4
750.0,85.0334816,0.0,0.5,1.0,4771.469219882822,-937.6428217350435,ALB,4
760.0,80.55357074285715,0.0,0.0,1.0,4750.445103447671,-890.013219410536,ALB,4
770.0,78.01388871111111,7.777782044444444,0.0,1.0,4720.198420772641,-847.9778097948841,ALB,4
780.0,79.20657980766646,38.87528353799981,0.0,1.0,4660.305689701256,-785.0871323201063,ALB,4
790.0,85.69298322719067,46.879699909020566,0.0,1.0,4565.194058301641,-732.7532053960193,ALB,4
800.0,94.43939490909092,53.20757643636364,0.0,1.0,4482.880044013699,-716.119612271209,ALB,4
810.0,101.8469458488889,58.712223004444446,0.0,1.0,4388.38746887997,-711.0112068937741,ALB,4
820.0,114.55,67.14166666666667,0.0,2.0,4381.819855942299,-710.9940607718036,ALB,4
830.0,127.0,77.0,0.0,2.0,4259.125388085404,-716.6180959188564,ALB,4
840.0,134.96371939609534,81.38095301673695,0.0,2.0,4177.0,-721.0,ALB,4
850.0,150.85250176,98.15500032,0.0,3.0,4062.447420835304,-730.4332052468764,ALB,4
860.0,161.75000319999998,100.0,0.0,3.0,3976.751001580128,-739.9891018899375,ALB,4
870.0,174.5000064,100.0,0.0,3.0,3797.0,-761.0,ALB,4
880.0,175.0,100.0,0.0,3.0,3792.077880283325,-761.5718208772868,ALB,4
890.0,191.0972256,100.0,0.0,3.5,3699.6336739424214,-771.7180184386236,ALB,5
900.0,197.00000426666668,100.0,0.0,4.0,3619.0,-780.0,ALB,5
910.0,202.0,100.0,0.0,4.0,3504.1033963507944,-790.3901520087074,ALB,5
920.0,206.58333724444444,100.0,0.0,4.0,3393.0,-800.0,ALB,5
930.0,213.0,100.0,0.0,5.0,3297.8986664450513,-808.4984756826581,ALB,5
940.0,220.468752,100.0,0.0,5.0,3221.3822264827377,-815.2757219828331,ALB,5
960.0,229.531252,100.0,0.0,5.0,3011.861308354287,-833.0220882099779,ALB,5
980.0,243.0,100.0,0.0,6.0,2737.8495226043174,-856.1008609280302,ALB,5
990.0,244.7500032,100.0,0.0,6.0,2692.0,-860.0,ALB,5
1010.0,253.65000192,100.0,0.0,6.0,2526.375492922436,-874.3667433674239,ALB,5
1020.0,258.0,100.0,0.0,6.0,2434.4908503832853,-882.2969544502164,ALB,5
1030.0,260.2500032,100.0,0.0,6.0,2368.0,-888.0,ALB,5
1040.0,263.83333546666665,100.0,0.0,6.0,2269.2854043059974,-896.4364901095482,ALB,5
1050.0,271.0,100.0,0.0,7.0,2110.5628363227906,-910.0568807944177,ALB,5
1060.0,271.60000256,100.0,0.0,7.0,2088.0,-912.0,ALB,5
1070.0,275.0,100.0,0.0,7.0,1958.090754964402,-923.2165807546761,ALB,5
1080.0,276.55000064,100.0,0.0,7.0,1851.4746613678224,-932.494908489949,ALB,5
1090.0,279.29166933333335,100.0,0.0,7.0,1730.0,-943.0,ALB,5
1100.0,282.0,100.0,0.0,7.0,1541.075741227027,-958.9738965072531,ALB,5
1110.0,283.4285750857143,100.0,0.0,7.0,1470.0,-965.0,ALB,6
1130.0,290.0,100.0,0.0,7.0,1255.1465599669623,-983.6411753735911,ALB,6
1140.0,293.83333546666665,100.0,0.0,7.0,1139.0,-994.0,ALB,6
1150.0,296.0,100.0,0.0,7.0,1079.2174216754672,-999.1253162472757,ALB,6
1170.0,297.2534827403262,100.0,0.0,7.0,975.0,-1008.0,ALB,6
1180.0,299.0,100.0,0.0,7.0,703.836735550844,-1031.343491433454,ALB,6
1190.0,300.0142866285714,100.0,0.0,7.0,627.0,-1038.0,ALB,6
1210.0,303.0,100.0,0.0,8.0,520.4921672616262,-1047.4261817454726,ALB,6
1220.0,303.65500032,100.0,0.0,8.0,459.0,-1053.0,ALB,6
1230.0,304.22750016,100.0,0.0,8.0,367.0906184369079,-1061.238449952114,ALB,6
1240.0,305.0,100.0,0.0,8.0,196.33454716392836,-1076.4213464211011,ALB,6
1260.0,307.575,100.0,0.0,8.0,-44.04619191531851,-1097.6433157595848,ALB,6
1280.0,309.0,100.0,0.0,8.0,-197.19464145248992,-1111.013611363291,ALB,6
1290.0,309.55,100.0,0.0,8.0,-288.0,-1119.0,ALB,6
1300.0,310.0,100.0,0.0,8.0,-392.1334000964759,-1128.2143989408444,ALB,6
1320.0,310.85833333333335,100.0,0.0,8.0,-600.1338820786259,-1146.3933937234945,ALB,6
1340.0,310.35734060628755,100.0,0.0,8.0,-786.0,-1162.0,ALB,7
1360.0,310.0,100.0,0.0,8.0,-891.1691496092856,-1171.4870035636936,ALB,7
1370.0,310.5937504,100.0,0.0,8.0,-1061.0,-1187.0,ALB,7
1380.0,311.0,100.0,0.0,8.0,-1173.78845018006,-1196.8495852623823,ALB,7
1390.0,311.0,100.0,0.0,8.0,-1234.0,-1202.0,ALB,7
1400.0,311.0,100.0,0.0,8.0,-1311.3801921352347,-1208.544826028509,ALB,7
1410.0,311.0,100.0,0.0,8.0,-1423.0,-1218.0,ALB,7
1420.0,311.0,100.0,0.0,8.0,-1586.2934498754348,-1232.239904805682,ALB,7
1430.0,311.0,100.0,0.0,8.0,-1595.0,-1233.0,ALB,7
1440.0,311.0,100.0,0.0,8.0,-1733.0,-1245.0,ALB,7
1460.0,311.0,100.0,0.0,8.0,-1944.1643840472143,-1263.4510251678653,ALB,7
1470.0,311.0,100.0,0.0,8.0,-2134.3592002835912,-1280.3381961009186,ALB,7
1480.0,311.0,100.0,0.0,8.0,-2232.0,-1289.0,ALB,7
1490.0,311.0,100.0,0.0,8.0,-2358.757501106731,-1300.1230588699086,ALB,7
1500.0,311.0,100.0,0.0,8.0,-2432.8898790857966,-1306.4125819557278,ALB,7
1520.0,311.0,100.0,0.0,8.0,-2549.1914479698253,-1316.9633488138088,ALB,7
1530.0,311.0,100.0,0.0,8.0,-2615.0,-1323.0,ALB,7
1540.0,311.0,100.0,0.0,8.0,-2804.0,-1339.0,ALB,7
1550.0,311.0,100.0,0.0,8.0,-2847.3037119279816,-1342.805190656674,ALB,8
1560.0,311.0,99.2499904,0.0,8.0,-2988.906656237194,-1355.6347433296664,ALB,8
1580.0,311.0,68.4999808,0.0,8.0,-3165.0,-1371.0,ALB,8
1590.0,311.0,58.0,0.0,8.0,-3251.1274875465524,-1378.5512774527497,ALB,8
1600.0,305.44999808,4.3499814400000005,0.5,8.0,-3485.22100572595,-1399.1606197067329,ALB,8
1630.0,289.04999296,0.0,1.0,8.0,-3633.0,-1412.0,ALB,8
1640.0,283.0,0.0,1.0,8.0,-3727.160116164985,-1420.2242869229135,ALB,8
1650.0,260.031236,0.0,1.0,8.0,-3942.0,-1439.0,ALB,8
1660.0,248.0,0.0,1.0,8.0,-4017.353083255845,-1445.531347810754,ALB,8
1670.0,227.0,0.0,1.0,8.0,-4098.712053130801,-1452.598827949323,ALB,8
1680.0,218.64284525714285,0.0,1.0,8.0,-4135.0,-1456.0,ALB,8
1690.0,198.96295774814814,0.0,1.0,8.0,-4240.046602749588,-1466.1753916870236,ALB,8
1700.0,179.0,0.0,1.0,7.0,-4408.733986624961,-1480.9823846859372,ALB,8
1710.0,177.17203563078752,0.0,1.0,7.0,-4423.0,-1482.0,ALB,8
1720.0,160.84946102377955,0.0,1.0,5.333333333333333,-4566.169218452697,-1486.787880520152,ALB,8
1730.0,148.7687472,0.0,1.0,3.5,-4666.228097084579,-1485.8250475849552,ALB,8
1740.0,136.97999872,0.0,1.0,3.0,-4744.433226773407,-1480.3849349646025,ALB,8
1750.0,126.16320871830715,0.0,1.0,2.0,-4903.915021135136,-1443.5368543778702,ALB,8
1760.0,119.12781904716687,0.0,1.0,2.0,-4963.0,-1411.0,ALB,8
1770.0,112.61375612232894,0.0,1.0,2.0,-5025.280628277874,-1355.9634587426747,ALB,9
1780.0,95.66064165505917,0.0,1.0,1.25,-5091.2438306812055,-1255.1523140579382,ALB,9
1790.0,86.86666496,0.0,1.0,1.0,-5120.92051737073,-1155.6961832469203,ALB,9
1800.0,80.02499904,0.0,0.75,1.0,-5121.84703722799,-1038.2960198070637,ALB,9
1810.0,74.21428502857142,12.053575817142857,0.0,1.0,-5091.168059169238,-940.0295845606018,ALB,9
1820.0,74.44419714285715,32.341519885714284,0.0,1.0,-5040.785678172308,-868.2518237212414,ALB,9
1830.0,80.10000128,37.10000128,0.0,1.0,-4967.289006360717,-812.0368295517386,ALB,9
1840.0,85.69375088,43.03750101333333,0.0,1.0,-4885.320454206894,-787.2346906640098,ALB,9
1850.0,90.78125173333335,49.83333475555556,0.0,1.0,-4733.769957746872,-812.279428904665,ALB,9
1860.0,99.7343748,40.390614,0.0,1.0,-4596.80344739328,-857.5374128628589,ALB,9
1870.0,96.9166656,0.0,1.0,1.0,-4489.153899538615,-889.6919568426321,ALB,9
1880.0,87.29999957333332,0.0,1.0,1.0,-4401.810028530115,-906.7530449418058,ALB,9
1890.0,83.8320792115629,0.0,0.6666666666666666,1.0,-4325.332398275739,-906.1783060349934,ALB,9
1900.0,78.41624970666666,0.0,0.0,1.0,-4211.9889085122,-860.6284016334399,ALB,9
1910.0,74.47500000000001,2.625,0.0,1.0,-4155.73062685457,-760.5132700961941,ALB,9
1920.0,72.86666666666666,26.5,0.0,1.0,-4139.764266384443,-666.8966295163392,ALB,9
1930.0,79.31217008309649,42.58881440442355,0.0,1.0,-4142.310889908652,-576.4679376652724,ALB,9
1940.0,87.6250016,50.43750026666667,0.0,1.0,-4157.97982314142,-504.0401998802943,ALB,9
1950.0,97.8611136,54.97222328888889,0.0,1.0,-4196.334849529353,-421.75123376922767,ALB,9
1960.0,106.52777955555555,57.76388977777778,0.0,1.0,-4241.500048804218,-357.7362437693497,ALB,9
1970.0,114.02777955555555,61.51388977777778,0.0,1.5,-4296.533925262651,-294.4279931365554,ALB,9
1980.0,128.61111466666668,72.20833599999999,0.0,2.0,-4367.121685477964,-206.91061221109007,ALB,9
1990.0,137.0833344,78.0416672,0.0,2.0,-4419.555177989427,-123.28829153852341,ALB,10
2000.0,154.71428937142858,80.96428617142857,0.0,2.5,-4477.84048462735,5.441245621181988,ALB,10
2010.0,164.3437552,86.0312528,0.0,3.0,-4515.0,130.0,ALB,10
2020.0,168.0,88.0,0.0,3.0,-4523.248474610381,164.11921732832496,ALB,10
2030.0,175.67857371428573,89.53571474285715,0.0,3.0,-4536.303610580871,241.71018888880045,ALB,10
2050.0,186.8068226909091,92.84091054545455,0.0,3.0,-4557.0,401.0,ALB,10
2080.0,208.11932043636364,99.71590981818181,0.0,4.0,-4562.951501235243,742.4802544940273,ALB,10
2090.0,214.95000448,100.0,0.0,5.0,-4553.0,934.0,ALB,10
2100.0,216.0,100.0,0.0,5.0,-4551.630206819644,958.3464085541175,ALB,10
2120.0,227.9642870857143,100.0,0.0,5.0,-4538.239416847926,1138.070118588029,ALB,10
2130.0,233.0,100.0,0.0,5.0,-4522.92610647483,1253.9134214019934,ALB,10
2140.0,233.0,100.0,0.0,5.0,-4512.0,1325.0,ALB,10
2150.0,233.0,100.0,0.0,6.0,-4505.664114587956,1364.1727514128474,ALB,10
2160.0,238.80865956320224,100.0,0.0,6.0,-4480.0,1481.0,ALB,10
2170.0,247.00911394855743,100.0,0.0,6.0,-4401.0,1726.0,ALB,10
2180.0,248.0,100.0,0.0,6.0,-4394.527101464023,1744.5741426378531,ALB,10
2190.0,251.15,100.0,0.0,6.0,-4368.835664216073,1800.860700574808,ALB,10
2200.0,256.0,100.0,0.0,6.0,-4312.848542405296,1894.5729617627608,ALB,10
2210.0,258.31,100.0,0.0,6.0,-4256.0,1980.0,ALB,11
2230.0,263.07476637004686,100.0,0.0,6.0,-4124.048819382601,2129.9588912959925,ALB,11
2240.0,263.89719644056254,100.0,0.0,6.0,-4090.0,2163.0,ALB,11
2260.0,267.6656256,100.0,0.0,7.0,-3924.771042228264,2296.0807003916043,ALB,11
2270.0,270.0,100.0,0.0,7.0,-3853.1301952590243,2345.3537506058906,ALB,11
2280.0,270.3888896,100.0,0.0,7.0,-3804.0,2375.0,ALB,11
2290.0,271.6111118222222,100.0,0.0,7.0,-3576.0,2493.0,ALB,11
2300.0,272.0,100.0,0.0,7.0,-3506.8799978874567,2524.203769291883,ALB,11
2310.0,274.3750016,100.0,0.0,7.0,-3344.0,2586.0,ALB,11
2320.0,275.1785718857143,100.0,0.0,7.0,-3287.340298059934,2603.4913104167126,ALB,11
2330.0,276.64285805714286,100.0,0.0,7.0,-3137.0,2650.0,ALB,11
2340.0,277.0,100.0,0.0,7.0,-3089.8858626671235,2664.4933026480116,ALB,11
2360.0,280.39772800000003,100.0,0.0,7.0,-2791.4825057825155,2754.98075997412,ALB,11
2380.0,283.75000145454544,100.0,0.0,7.0,-2675.0,2791.0,ALB,11
2390.0,285.0,100.0,0.0,7.0,-2599.406730885097,2815.3164718513985,ALB,11
2410.0,286.0937504,100.0,0.0,7.0,-2400.041815526453,2880.033485656146,ALB,11
2420.0,287.0,100.0,0.0,7.0,-2299.4676724454066,2913.6439232275397,ALB,11
2430.0,287.0,100.0,0.0,7.0,-2207.0,2946.0,ALB,12
2440.0,287.0,100.0,0.0,7.0,-2081.898937278911,2991.6401159966026,ALB,12
2460.0,287.0,100.0,0.0,7.0,-1941.1671937565284,3044.052225429896,ALB,12
2470.0,287.47222257777776,100.0,0.0,7.0,-1803.0,3096.0,ALB,12
2490.0,288.0,100.0,0.0,7.0,-1612.4527616491273,3168.296822823137,ALB,12
2510.0,288.0,100.0,0.0,7.0,-1474.2174611105595,3221.947632807281,ALB,12
2520.0,288.8125002666667,100.0,0.0,7.0,-1347.8338113613509,3273.2676130346063,ALB,12
2540.0,283.22499648,47.499968,0.0,7.0,-1169.0,3348.0,ALB,12
2550.0,278.82499648,7.49996800000001,0.0,7.0,-1071.0,3390.0,ALB,12
2560.0,273.04999424,0.0,1.0,7.0,-956.8419205830953,3439.661203940592,ALB,12
2580.0,242.0,0.0,1.0,7.0,-740.5425691435576,3536.41387879476,ALB,12
2590.0,223.79999744,0.0,1.0,7.0,-683.8524992372807,3562.7186663042175,ALB,12
2610.0,212.39999488,0.0,1.0,7.0,-466.0,3659.0,ALB,12
2620.0,199.2343684,0.0,1.0,7.0,-405.4861783758093,3685.8020715593193,ALB,12
2630.0,175.0,0.0,1.0,6.0,-321.74535832348573,3722.5497520262147,ALB,12
2640.0,171.29526278858825,0.0,1.0,6.0,-235.0,3761.5,ALB,12
2650.0,168.0,0.0,1.0,3.0,-162.41323073784855,3793.9016697737975,ALB,13
2660.0,140.47852891373375,0.0,1.0,3.0,-39.00674354388777,3840.5278571292783,ALB,13
2670.0,130.35849001922415,0.0,1.0,2.0,106.08090703437006,3870.527131984247,ALB,13
2680.0,123.72968471658287,0.0,1.0,2.0,180.28917342011843,3871.238967178973,ALB,13
2690.0,115.68999936,0.0,1.0,2.0,249.34422323063706,3855.5266038896307,ALB,13
2700.0,111.3020824,0.0,0.5,2.0,341.4358195783523,3804.064428553176,ALB,13
2710.0,105.92857051428572,0.5714358857142857,0.0,2.0,408.00922149488815,3745.028223241862,ALB,13
2720.0,102.2083336,33.4583352,0.0,2.0,470.6683503675893,3659.394644201697,ALB,13
2730.0,105.38888960000001,45.569446400000004,0.0,2.0,520.392769381202,3558.062663432509,ALB,13
2740.0,111.55357257142857,53.64285805714286,0.0,2.0,548.9123183618685,3463.3624089059444,ALB,13
2750.0,116.479168,58.479168,0.0,2.0,564.3355089583847,3389.0053019256047,ALB,13
2760.0,125.83522909090908,67.85113841454546,0.0,2.0,577.2172178555043,3283.0913411937354,ALB,13
2770.0,136.3181858909091,77.84091345454544,0.0,2.0,586.5,3175.0,ALB,13
2780.0,143.0,85.0,0.0,2.0,594.269627102282,3092.3266054493206,ALB,13
2790.0,151.55000576,92.1250048,0.0,2.0,603.0,3014.0,ALB,13
2800.0,161.22222506666668,100.0,0.0,3.0,613.6433474208488,2921.9048300785635,ALB,13
2810.0,174.11111395555554,100.0,0.0,3.0,638.6036878962432,2726.710244934608,ALB,13
2830.0,184.6562528,100.0,0.0,4.0,656.1684616607035,2597.718096126963,ALB,13
2840.0,191.0,100.0,0.0,4.0,664.775390799755,2539.9249551228754,ALB,13
2850.0,196.22727563636363,100.0,0.0,4.0,681.0,2434.0,ALB,13
2860.0,200.8863650909091,100.0,0.0,4.0,698.4612942453455,2321.182156582586,ALB,13
2870.0,210.0357193142857,100.0,0.0,4.0,722.0,2188.0,ALB,14
2880.0,213.14583466666667,99.77083306666667,0.0,5.0,733.7260665437076,2127.6951894288422,ALB,14
2890.0,217.0,99.0,0.0,5.0,755.8720877859316,2020.0679239863282,ALB,14
2900.0,220.00000256,99.0,0.0,5.0,776.0,1931.0,ALB,14
2910.0,224.40000256,99.0,0.0,5.0,810.0,1799.0,ALB,14
2920.0,225.2506271678192,97.6215505769944,0.0,5.0,819.5380871271511,1766.7506006973229,ALB,14
2940.0,228.95989975580557,77.22055134306946,0.0,5.0,904.9485018546927,1522.6089336598263,ALB,14
2960.0,230.0,60.96666666666667,0.0,5.0,975.3087425959861,1368.2384551313412,ALB,14
2970.0,230.0,51.0,0.0,5.0,1029.1033614526566,1270.818050709566,ALB,14
2980.0,229.45714285714286,49.91428571428571,0.0,5.0,1081.0,1188.0,ALB,14
2990.0,229.05,49.1,0.0,5.0,1122.2384279186485,1130.0653199753133,ALB,14
3000.0,226.92142811428573,48.92142811428572,0.0,5.0,1194.5976852448832,1043.576833960371,ALB,14
3020.0,223.0,44.843749599999995,0.0,5.0,1340.5158907051323,910.7775918719185,ALB,14
3030.0,223.0,44.0,0.0,5.0,1407.2514993464663,862.0955636093718,ALB,14
3040.0,217.92499776,45.45000064,0.0,5.0,1553.0,782.0,ALB,14
3050.0,216.43749888,45.87500032,0.0,5.0,1600.6128046309748,762.2570220359894,ALB,14
3060.0,214.0,46.0,0.0,5.0,1733.3592817462927,715.907199800491,ALB,14
3070.0,213.87499946666668,46.3750016,0.0,5.0,1746.0,712.0,ALB,14
3080.0,212.9821426285714,48.982142628571424,0.0,5.0,1808.9072367385404,697.406033106818,ALB,14
3090.0,212.16071405714285,48.160714057142854,0.0,5.0,1942.0331003460258,674.4681937249045,ALB,15
3110.0,209.5156244,48.0,0.0,5.0,2119.4711413027107,664.5043822831911,ALB,15
3120.0,207.64999935999998,48.675000319999995,0.0,5.0,2226.220147396165,673.6872800989605,ALB,15
3130.0,207.0,49.60000256,0.0,5.0,2281.0,683.0,ALB,15
3140.0,207.0,54.4218764,0.0,5.0,2415.5066742441277,720.0996581360182,ALB,15
3150.0,207.0,60.0,0.0,5.0,2533.9203770280174,763.0357633619226,ALB,15
3160.0,207.2916672,62.6250048,0.0,5.0,2622.0,808.0,ALB,15
3170.0,208.0,69.0,0.0,5.0,2810.5506650621364,911.6159236782805,ALB,15
3180.0,210.0,71.0,0.0,5.0,2866.4389222613963,963.5666347129695,ALB,15
3190.0,211.95000063999998,74.90000128,0.0,5.0,2898.092576453887,1009.3735399221404,ALB,15
3210.0,214.0,63.62499626666667,0.0,5.0,2995.2343635216766,1116.2870362302397,ALB,15
3220.0,214.0,54.0,0.0,5.0,3056.3563974595627,1178.5629925873873,ALB,15
3230.0,213.12499968,52.249999360000004,0.0,5.0,3142.543153274696,1251.0987668348919,ALB,15
3240.0,211.78571337142859,43.499993599999996,0.0,5.0,3275.0,1335.0,ALB,15
3250.0,211.0,38.0,0.0,5.0,3332.778757406191,1365.7990502685793,ALB,15
3260.0,207.7968748,46.2187512,0.0,5.0,3418.4374248561844,1396.7157152571908,ALB,15
3280.0,206.34374986666668,51.9375008,0.0,5.0,3600.261354823539,1436.0755373183101,ALB,15
3290.0,205.5937504,54.593750400000005,0.0,5.0,3768.834191034568,1451.4500067234585,ALB,15
3310.0,206.0988146425242,60.37549564159194,0.0,5.0,3905.0807173867515,1442.3763121132051,ALB,16
3350.0,211.0,79.0,0.0,5.0,4348.266430979216,1290.8504659434448,ALB,16
3360.0,212.05,83.2,0.0,5.0,4403.0,1262.0,ALB,16
3370.0,214.0,91.0,0.0,5.0,4482.344230546472,1207.1392444957028,ALB,16
3380.0,215.819876102311,92.819876102311,0.0,5.0,4537.953490728065,1159.7490740953613,ALB,16
3400.0,218.0916672,96.6604176,0.0,5.0,4656.0,1049.0,ALB,16
3410.0,219.70833386666666,99.48958426666667,0.0,5.0,4736.573901393435,963.1035174219147,ALB,16
3420.0,222.3750016,100.0,0.0,5.0,4828.0,858.0,ALB,16
3430.0,223.0,100.0,0.0,5.0,4854.421642901971,825.6681194563935,ALB,16
3440.0,224.75000045714285,100.0,0.0,5.0,4991.607412247738,653.3464443167015,ALB,16
3470.0,229.03750048,100.0,0.0,5.0,5100.62152287195,517.6643047940008,ALB,16
3480.0,231.17500096,100.0,0.0,5.0,5202.0,399.0,ALB,16
3490.0,232.0,100.0,0.0,6.0,5274.714205488616,316.2693343012651,ALB,16
3500.0,232.7812504,100.0,0.0,6.0,5352.555013732721,227.92188634697098,ALB,16
3510.0,235.0,100.0,0.0,6.0,5449.964226971003,116.66067005588867,ALB,16
3520.0,235.07500096,100.0,0.0,6.0,5454.0,112.0,ALB,16
3530.0,236.57500096,100.0,0.0,6.0,5540.0,13.0,ALB,17
3540.0,238.15000064,100.0,0.0,6.0,5631.343270753185,-86.68192722057742,ALB,17
3550.0,240.0,100.0,0.0,6.0,5712.79716074451,-178.0727337952779,ALB,17
3560.0,240.15000064,100.0,0.0,6.0,5726.0,-193.0,ALB,17
3570.0,240.97500032,100.0,0.0,6.0,5799.254054067716,-275.52690153297857,ALB,17
3580.0,241.8928576,21.428531199999995,0.0,6.0,5914.0,-404.0,ALB,17
3590.0,239.24999680000002,10.34999808,1.0,6.0,5950.7670200806015,-446.13487121024843,ALB,17
3610.0,222.24999680000002,0.14999808000000048,1.0,6.0,6150.12840616955,-676.4670932406957,ALB,17
3630.0,206.02499712,0.0,1.0,5.5,6230.711061566951,-773.3269010808533,ALB,17
3640.0,199.64999808,0.0,1.0,4.5,6295.329835581693,-858.954651231751,ALB,17
3650.0,194.2499968,0.0,1.0,4.0,6352.0,-951.0,ALB,17
3660.0,193.0,0.0,1.0,4.0,6363.481371341518,-973.8706458906686,ALB,17
3670.0,186.87499626666667,0.0,1.0,4.0,6402.0,-1073.0,ALB,17
3680.0,179.7291648,0.0,1.0,4.0,6424.126834428036,-1194.4314712586342,ALB,17
3690.0,176.37499904,1.75000064,0.5,4.0,6426.567981138379,-1293.220072106705,ALB,17
3700.0,171.62499931428573,7.250009599999999,0.0,4.0,6415.803143199946,-1399.3379682878958,ALB,17
3710.0,169.26785645714284,40.2500096,0.0,4.0,6391.511304457347,-1502.4986831342928,ALB,17
3720.0,169.41065842544785,48.517242679926234,0.0,4.0,6368.0,-1572.0,ALB,17
3730.0,170.90666666666667,56.81333333333333,0.0,4.0,6308.7431211984995,-1699.4680885515238,ALB,17
3740.0,173.36,62.4,0.0,4.0,6211.241698943432,-1846.5963585799705,ALB,17
3750.0,176.0,69.0,0.0,4.0,6123.527580381092,-1938.8218830457752,ALB,18
3760.0,178.48507494052137,69.82835831350712,0.0,4.0,6086.151351766177,-1973.7228128688264,ALB,18
3770.0,182.42500053333333,70.85625013333333,0.0,4.0,6035.968518327837,-2006.1774034406571,ALB,18
3780.0,185.0,73.0,0.0,4.0,5877.357058108273,-2082.0547376308587,ALB,18
3790.0,187.10000384,75.45000448,0.0,4.0,5837.0,-2100.0,ALB,18
3800.0,192.0,81.0,0.0,4.0,5769.542029574145,-2123.5969328743195,ALB,18
3810.0,195.7500032,84.13889137777778,0.0,4.0,5712.0,-2135.0,ALB,18
3820.0,202.14285897142855,89.05357211428571,0.0,5.0,5551.6333044318435,-2167.3384154886135,ALB,18
3840.0,210.0,92.0,0.0,5.0,5340.297199474435,-2200.2796269028136,ALB,18
3850.0,212.7500032,94.7500032,0.0,5.0,5273.0,-2209.0,ALB,18
3860.0,218.0,100.0,0.0,5.0,5195.53267596509,-2216.0633405308113,ALB,18
3870.0,220.83333546666665,100.0,0.0,5.0,5128.0,-2219.0,ALB,18
3880.0,223.91666773333333,100.0,0.0,5.0,5012.879046032371,-2224.1200491256777,ALB,18
3900.0,230.62500160000002,100.0,0.0,5.0,4838.992742534823,-2229.371989031477,ALB,18
3910.0,236.83333688888888,100.0,0.0,5.0,4643.0,-2236.0,ALB,18
3920.0,241.0,100.0,0.0,6.0,4550.475857645657,-2239.8640376631074,ALB,18
3940.0,245.6875024,100.0,0.0,6.0,4428.0,-2247.0,ALB,18
3950.0,248.6875024,100.0,0.0,6.0,4319.0,-2254.0,ALB,18
3960.0,250.0,100.0,0.0,6.0,4270.289593518594,-2257.1877467022564,ALB,18
3970.0,252.0416672,100.0,0.0,6.0,4128.489396232262,-2266.7558710529174,ALB,19
3990.0,253.91666773333333,100.0,0.0,6.0,3970.0,-2278.0,ALB,19
4000.0,255.0,100.0,0.0,6.0,3846.1312061320623,-2285.9840068370168,ALB,19
4020.0,255.0,100.0,0.0,6.0,3682.7258833125406,-2296.2055840326725,ALB,19
4030.0,259.50000274285713,100.0,0.0,6.0,3528.0,-2306.0,ALB,19
4040.0,261.45000064,100.0,0.0,6.0,3383.1855105015484,-2315.248383339208,ALB,19
4050.0,263.0,100.0,0.0,6.0,3228.4894836014814,-2325.6769557990156,ALB,19
4080.0,265.2500005333333,100.0,0.0,6.0,3068.8033834827343,-2341.1268369430495,ALB,19
4090.0,266.0,100.0,0.0,7.0,2980.532188658771,-2349.6928681198474,ALB,19
4100.0,269.0,100.0,0.0,7.0,2832.8578385890696,-2364.8669469743622,ALB,19
4110.0,269.35000064,100.0,0.0,7.0,2781.0,-2370.0,ALB,19
4120.0,269.8437496,84.53121039999999,0.0,7.0,2665.538748381269,-2381.111658289983,ALB,19
4130.0,268.69749823999996,0.97249984,1.0,7.0,2561.2157179292817,-2392.5310275373154,ALB,19
4140.0,258.0,0.0,1.0,7.0,2401.02251305862,-2409.658016452447,ALB,19
4150.0,242.20501845555992,0.0,1.0,7.0,2288.0,-2422.0,ALB,19
4160.0,233.0,0.0,1.0,7.0,2235.9750674677257,-2428.216116498884,ALB,19
4170.0,233.0,0.0,1.0,7.0,2156.9219992619796,-2438.2592921165287,ALB,19
4180.0,198.58333333333334,0.0,1.0,7.0,2026.774497001579,-2454.280171621076,ALB,19
4190.0,181.2908557634758,0.0,1.0,7.0,1897.0,-2471.0,ALB,20
4200.0,170.7513863111111,0.0,1.0,7.0,1827.1998091125515,-2480.0245038052117,ALB,20
4210.0,146.62499484444444,0.0,1.0,6.5,1696.874912972065,-2500.0250813049915,ALB,20
4220.0,134.98610666666667,0.0,1.0,5.333333333333333,1610.914008675555,-2514.8423751849064,ALB,20
4230.0,121.0,0.0,1.0,2.0,1533.8692156327418,-2529.6981414050065,ALB,20
4240.0,109.57499776,0.0,1.0,2.0,1432.3508317142864,-2555.7801346970164,ALB,20
4250.0,98.50892731428571,0.0,1.0,1.0,1336.7662701111267,-2594.443463159296,ALB,20
4260.0,87.39285546666667,0.0,0.6666666666666666,1.0,1241.2483632230912,-2679.3332068925483,ALB,20
4270.0,78.37499872000001,0.31250079999999997,0.0,1.0,1224.4258391639728,-2762.311797937028,ALB,20
4280.0,74.83214313142858,20.93214729142857,0.0,1.0,1237.8778937005432,-2847.7258069090394,ALB,20
4290.0,79.8125008,40.62500096,0.0,1.0,1290.9724504644746,-2936.813990242492,ALB,20
4300.0,88.33586055757576,52.03661808484848,0.0,1.0,1356.7444618816037,-3000.5736374837998,ALB,20
4310.0,100.85757851151516,60.13485087030303,0.0,1.0,1453.3590024580753,-3067.5416054644024,ALB,20
4320.0,108.0,70.70000128,0.0,2.0,1540.4141318310305,-3120.622828216134,ALB,20
4330.0,115.5833408,75.0833344,0.0,2.0,1694.0,-3210.0,ALB,20
4340.0,129.87500224000001,77.12500032,0.0,2.0,1808.1548583180252,-3276.7154664236696,ALB,20
4350.0,143.10000128000001,78.92499904,0.0,2.0,1927.1340243988218,-3354.6125582030786,ALB,20
4360.0,147.60892982857143,76.0,0.0,3.0,2013.2276145349383,-3422.17946620991,ALB,20
4370.0,158.0,76.0,0.0,3.0,2085.8806817065406,-3491.2408309939187,ALB,20
4380.0,160.9245283322653,75.02515722257823,0.0,3.0,2122.0001821708793,-3535.2869733365674,ALB,20
4390.0,165.9,75.0,0.0,3.0,2174.7777609331015,-3614.1908208146697,ALB,20
4400.0,170.77224285204107,74.24555142959179,0.0,3.0,2235.0,-3745.0,ALB,20
4410.0,175.8875008,74.0,0.0,4.0,2252.225860018996,-3805.484311611679,ALB,21
4430.0,183.171876,77.9843784,0.0,4.0,2282.811391846969,-3982.8845762095366,ALB,21
4440.0,185.984376,87.5468784,0.0,4.0,2291.083386385105,-4085.6570104958864,ALB,21
4460.0,192.0833344,98.62500159999999,0.0,4.0,2285.3181260693304,-4334.195348486631,ALB,21
4470.0,197.22500096,100.0,0.0,4.0,2272.279069477601,-4413.322544833551,ALB,21
4480.0,200.0208336,100.0,0.0,4.0,2231.9847344814834,-4580.97067425846,ALB,21
4500.0,201.0,100.0,0.0,5.0,2204.0048450357517,-4690.212540259628,ALB,21
4510.0,201.47499776,5.77499904,1.0,5.0,2165.4055659251835,-4778.934379834292,ALB,21
4520.0,193.94999552,2.5499980800000004,1.0,5.0,2090.0,-4950.0,ALB,21
4530.0,188.0,0.0,1.0,5.0,2066.869675760387,-4995.753083447449,ALB,21
4540.0,181.12499733333334,0.0,1.0,5.0,2036.775523193067,-5046.168613338215,ALB,21
4550.0,172.5312472,0.0,1.0,4.5,1983.248519914484,-5133.800624457188,ALB,21
4560.0,167.4166656,0.0,1.0,3.5,1915.3594272646626,-5227.551271589373,ALB,21
4570.0,161.02083146666666,0.0,1.0,3.0,1845.5449524022915,-5311.077840699485,ALB,21
4580.0,156.49999872,0.0,1.0,3.0,1761.2612224007407,-5400.535227160552,ALB,21
4590.0,150.0,0.0,1.0,3.0,1692.2031535263452,-5455.123440242275,ALB,21
4600.0,145.1249984,0.0,0.6666666666666666,3.0,1610.59601834092,-5486.43292464186,ALB,21
4610.0,142.6249984,0.0,0.0,3.0,1545.0,-5502.0,ALB,21
4620.0,139.1874992,0.0,0.0,3.0,1435.0355233345267,-5508.919169909019,ALB,21
4630.0,135.64285622857142,35.2500096,0.0,3.0,1340.387382351856,-5501.944652258846,ALB,22
4640.0,135.0,51.56944675555556,0.0,3.0,1207.920261235107,-5461.115099510831,ALB,22
4650.0,136.2500032,55.90909323636364,0.0,3.0,1133.0,-5429.0,ALB,22
4660.0,146.53125066666666,63.850001066666664,0.0,3.0,1036.365830294039,-5367.831075302379,ALB,22
4670.0,150.90625066666666,70.85000106666666,0.0,3.0,928.0304031165874,-5274.278747903063,ALB,22
4690.0,161.98947371797917,85.33251467241202,0.0,3.0,824.2800661983616,-5178.793602921412,ALB,22
4700.0,170.0,88.0,0.0,3.0,766.7837907156663,-5126.014001570417,ALB,22
4710.0,178.21607268571427,91.07857188571428,0.0,4.0,707.0167623768845,-5072.781488827699,ALB,22
4720.0,186.85892982857143,94.22142902857144,0.0,4.0,623.9940928783216,-4998.906069757597,ALB,22
4730.0,191.2500032,96.60714514285715,0.0,4.0,568.0,-4948.0,ALB,22
4740.0,196.07500096,100.0,0.0,4.0,489.25216936473123,-4878.005947659207,ALB,22
4750.0,201.43750346666667,99.43749919999999,0.0,5.0,381.80651865413677,-4781.607480006191,ALB,22
4760.0,212.0,97.0,0.0,5.0,378.8749861957746,-4779.181695975332,ALB,22
4770.0,214.50000457142858,97.25000045714286,0.0,5.0,374.0,-4775.0,ALB,22
4780.0,221.82143085714284,97.98214308571428,0.0,5.0,281.4986966931095,-4692.774627837006,ALB,22
4790.0,223.7916672,99.7916672,0.0,5.0,181.42340556347744,-4603.491460798328,ALB,22
4810.0,230.82500416,100.0,0.0,5.0,69.0,-4502.0,ALB,22
4820.0,237.33333475555554,99.70833208888888,0.0,6.0,-87.25467092171206,-4361.851272807884,ALB,22
4840.0,244.22222364444445,93.68055431111111,0.0,6.0,-180.253226821135,-4278.379294818304,ALB,22
4860.0,246.95000063999998,76.42499456,0.0,6.0,-300.593841821481,-4171.673882875437,ALB,23
4870.0,248.0,76.0,0.0,6.0,-380.95427700856527,-4098.939810874493,ALB,23
4880.0,248.0,71.4999936,0.0,6.0,-431.0,-4055.0,ALB,23
4890.0,248.0,61.906249599999995,0.0,6.0,-568.7549239843236,-3940.302411080267,ALB,23
4900.0,248.0,61.0,0.0,6.0,-645.2810587722533,-3883.5683085335113,ALB,23
4910.0,248.0,61.0,0.0,6.0,-712.4384797896148,-3843.8278705244093,ALB,23
4920.0,246.64999935999998,54.249996800000005,0.0,6.0,-786.5649865890593,-3806.024486475507,ALB,23
4930.0,245.28571245714286,51.0,0.0,6.0,-856.0,-3774.0,ALB,23
4940.0,242.49999908571428,51.0,0.0,6.0,-977.8790345494554,-3738.2743742012453,ALB,23
4950.0,242.0,51.0,0.0,6.0,-1110.3738488383772,-3719.7236460861154,ALB,23
4960.0,241.49999786666666,51.125000533333335,0.0,6.0,-1131.0,-3718.0,ALB,23
4970.0,237.9531248,52.2812512,0.0,6.0,-1284.0481400191554,-3713.703427881419,ALB,23
4990.0,237.05902746666666,57.65972426666667,0.0,6.0,-1466.7590041375915,-3735.7784845089877,ALB,23
5010.0,236.1607145142857,66.12500159999999,0.0,6.0,-1712.5431452069179,-3818.639324806202,ALB,23
5020.0,237.0,72.0,0.0,6.0,-1890.4059094404327,-3901.790892114783,ALB,23
5040.0,239.22916693333332,74.0,0.0,6.0,-2018.9133447715708,-3973.945187468352,ALB,23
5050.0,240.0,74.0,0.0,6.0,-2106.0465401205142,-4020.8354971733233,ALB,23
5070.0,242.8446432,74.9482144,0.0,6.0,-2225.3771164443024,-4075.454209260214,ALB,24
5080.0,243.9093752,75.0,0.0,6.0,-2326.3175213416703,-4114.217135498794,ALB,24
5090.0,243.5906248,45.9343608,0.0,6.0,-2420.0,-4143.0,ALB,24
5100.0,243.0453124,7.217180400000004,0.0,6.0,-2535.6287102992706,-4169.86239244409,ALB,24
5120.0,235.0,0.0,1.0,6.0,-2729.204624619444,-4194.649971494122,ALB,24
5130.0,231.56900327104654,0.0,1.0,6.0,-2816.372124746486,-4197.666158832075,ALB,24
5140.0,221.32916373333333,0.0,1.0,6.0,-2965.0,-4192.0,ALB,24
5150.0,220.0,0.0,1.0,6.0,-2986.2451223163303,-4189.536845313624,ALB,24
5160.0,210.77499776000002,0.0,1.0,6.0,-3177.4968651091094,-4157.649073868347,ALB,24
5170.0,205.0,0.0,1.0,5.0,-3269.0993554950014,-4138.841107364697,ALB,24
5180.0,199.5937472,0.0,1.0,5.0,-3342.060024775711,-4117.231310873258,ALB,24
5190.0,188.0,0.0,1.0,4.0,-3470.2317489687453,-4071.875085666947,ALB,24
5200.0,185.4999968,0.0,1.0,4.0,-3517.0,-4050.5,ALB,24
5210.0,182.0,0.0,1.0,4.0,-3589.5950233126996,-4013.3344441498084,ALB,24
5220.0,172.4374976,0.0,1.0,3.5,-3738.2210760470425,-3917.641026722854,ALB,24
5230.0,163.41071177142857,0.0,1.0,3.0,-3790.7625967037948,-3872.2984043784245,ALB,24
5240.0,152.90624880000001,0.0,1.0,3.0,-3870.5600655463427,-3788.6765226454236,ALB,24
5250.0,148.85416373333334,0.0,1.0,3.0,-3916.173694710279,-3729.296510885715,ALB,24
5260.0,138.9166641777778,0.0,1.0,2.3333333333333335,-3969.010824940777,-3645.995810960345,ALB,24
5270.0,134.48749823999998,0.0,1.0,2.0,-4011.6883571071053,-3558.6253011674694,ALB,24
5280.0,126.51249824,0.0,1.0,2.0,-4040.920784712194,-3461.903933457556,ALB,24
5290.0,122.63636130909092,0.0,1.0,2.0,-4049.0,-3399.0,ALB,25
5300.0,115.39393861818182,0.0,0.6666666666666666,2.0,-4032.9298399699146,-3246.1024868975946,ALB,25
5310.0,108.69166549333333,0.5666670933333333,0.0,2.0,-3987.3802530850717,-3150.3858039075626,ALB,25
5320.0,106.0,15.541673600000001,0.0,2.0,-3937.3610297882683,-3072.100327090384,ALB,25
5330.0,108.76785828571428,43.76785828571428,0.0,2.0,-3866.196720374934,-3010.7880444689035,ALB,25
5340.0,114.0,52.0,0.0,2.0,-3761.2332160428355,-2950.787857200096,ALB,25
5350.0,118.05208533333332,57.447918933333334,0.0,2.0,-3696.19624371731,-2927.6835534586476,ALB,25
5360.0,126.01428662857143,64.64821577142857,0.0,2.0,-3589.9010634251817,-2897.333678570994,ALB,25
5370.0,132.58571519999998,75.3267872,0.0,2.0,-3510.6475411500182,-2878.7945326290237,ALB,25
5380.0,141.609376,82.0265632,0.0,2.0,-3402.947271049263,-2855.0981388169184,ALB,25
5390.0,150.7750016,84.29583360000001,0.0,2.5,-3323.415984851871,-2838.125737017588,ALB,25
5400.0,157.0718776,86.4343768,0.0,3.0,-3267.0,-2827.0,ALB,25
5410.0,167.0046888,93.3109384,0.0,3.0,-3161.345667960074,-2806.1333041151083,ALB,25
5420.0,178.02500288,98.45000064,0.0,4.0,-3063.5130439676595,-2788.095581726133,ALB,25
5430.0,185.0,100.0,0.0,4.0,-2997.930593145245,-2776.6858703918865,ALB,25
5440.0,194.51786011428572,100.0,0.0,4.0,-2895.6194696021257,-2759.412113076808,ALB,25
5450.0,202.0,100.0,0.0,4.0,-2767.625524645871,-2738.36844231519,ALB,25
5460.0,206.5937528,100.0,0.0,4.5,-2709.4969500100888,-2729.2906816763953,ALB,25
5470.0,210.45833706666667,100.0,0.0,5.0,-2649.0,-2720.0,ALB,25
5480.0,216.87500160000002,100.0,0.0,5.0,-2494.8652574893194,-2696.4960164752597,ALB,25
5490.0,221.21875,100.0,0.0,5.0,-2404.3734221999193,-2682.5984006122,ALB,25
0.0,210.47500159999998,100.0,0.0,5.0,-2587.944525526247,-2710.877036767296,HUL,1
10.0,215.539064,100.0,0.0,5.0,-2472.9669342841744,-2693.0892816309834,HUL,1
30.0,229.132814,100.0,0.0,5.0,-2293.2241410800434,-2665.1087088870063,HUL,1
40.0,235.29750208,100.0,0.0,5.0,-2176.0,-2646.0,HUL,1
50.0,241.79750208,100.0,0.0,5.0,-2044.0,-2625.0,HUL,1
60.0,245.56250133333333,100.0,0.0,6.0,-1977.0220458383415,-2614.5561161624964,HUL,1
70.0,253.0,100.0,0.0,6.0,-1854.4149549425356,-2594.8787875804887,HUL,1
80.0,253.89583466666667,100.0,0.0,6.0,-1825.0,-2590.0,HUL,1
90.0,257.61458400000004,100.0,0.0,6.0,-1696.6914948377957,-2568.407872541653,HUL,1
100.0,264.0,100.0,0.0,6.0,-1482.7544533786338,-2532.0653507600305,HUL,1
120.0,268.3694464,100.0,0.0,6.0,-1363.0,-2512.0,HUL,1
130.0,275.0,100.0,0.0,7.0,-1258.0620055603758,-2495.300075274241,HUL,1
140.0,276.5187504,100.0,0.0,7.0,-1186.6682775183272,-2483.629625607844,HUL,1
160.0,281.4454562909091,100.0,0.0,7.0,-1029.0,-2457.0,HUL,1
170.0,286.9000017454546,100.0,0.0,7.0,-873.0,-2430.0,HUL,1
180.0,289.0,100.0,0.0,7.0,-811.7860919270387,-2419.418533137148,HUL,1
200.0,292.2687504,100.0,0.0,7.0,-634.5721741140428,-2388.866226412129,HUL,1
210.0,294.984376,100.0,0.0,7.0,-500.8750134615547,-2365.8584103503963,HUL,1
220.0,299.0,100.0,0.0,7.0,-358.8047734756927,-2342.4893963834584,HUL,1
230.0,299.5125008,100.0,0.0,7.0,-259.0,-2326.0,HUL,2
240.0,300.0,100.0,0.0,8.0,-174.38444650122253,-2311.4443571926436,HUL,2
260.0,308.0160717714286,100.0,0.0,8.0,109.6419097127561,-2258.2546713120178,HUL,2
290.0,311.0,100.0,0.0,8.0,373.1423696886732,-2209.583594385831,HUL,2
300.0,312.3131670458076,100.0,0.0,8.0,470.0,-2192.0,HUL,2
310.0,314.0,100.0,0.0,8.0,561.2917317249478,-2175.7235824866493,HUL,2
330.0,316.7677826419007,100.0,0.0,8.0,691.4923153914945,-2152.3456553279684,HUL,2
350.0,319.0311522305881,100.0,0.0,8.0,850.0,-2123.0,HUL,2
360.0,321.0,100.0,0.0,8.0,975.1312778080658,-2099.3211369911683,HUL,2
370.0,321.0,100.0,0.0,8.0,1095.0,-2077.0,HUL,2
390.0,321.00454516363635,100.0,0.0,8.0,1357.8415484710422,-2029.2105216912328,HUL,2
430.0,323.05499968000004,100.0,0.0,8.0,1667.696261414966,-1972.4992984469004,HUL,2
450.0,324.0,100.0,0.0,8.0,1842.9366824437875,-1940.8516417569642,HUL,3
470.0,324.0,100.0,0.0,8.0,2012.0,-1909.0,HUL,3
480.0,324.0,100.0,0.0,8.0,2102.4566068832437,-1891.6655687614025,HUL,3
490.0,323.57322195003604,100.0,0.0,8.0,2206.0,-1873.0,HUL,3
500.0,323.0,100.0,0.0,8.0,2423.255703227924,-1836.208234312989,HUL,3
510.0,322.58499968,100.0,0.0,8.0,2539.0,-1817.0,HUL,3
520.0,322.0,100.0,0.0,8.0,2628.710707950162,-1802.4593279111864,HUL,3
540.0,322.93392868571425,100.0,0.0,8.0,2708.281431108151,-1791.121822655714,HUL,3
560.0,322.3656248,100.0,0.0,8.0,2908.0,-1760.0,HUL,3
570.0,322.0,100.0,0.0,8.0,3012.6316368772254,-1743.5634122089734,HUL,3
580.0,322.0,100.0,0.0,8.0,3067.0,-1735.0,HUL,3
590.0,321.64166613333333,95.04304817777778,0.0,8.0,3205.3946035272725,-1713.215508556364,HUL,3
620.0,316.14166613333333,18.95971484444444,0.5,8.0,3565.691529513202,-1657.8149657374347,HUL,3
640.0,316.0,0.0,1.0,8.0,3707.0277643259165,-1635.8150616218388,HUL,3
650.0,278.65749375999997,0.0,1.0,8.0,3817.5832166697196,-1619.1877249488903,HUL,3
660.0,249.67749632,0.0,1.0,8.0,3942.4741872972536,-1601.1283519208773,HUL,3
670.0,232.25499264,0.0,1.0,8.0,4039.0,-1586.0,HUL,4
690.0,204.85749696,0.0,1.0,7.0,4237.107406648725,-1554.1490264133424,HUL,4
700.0,182.42638613333332,0.0,1.0,5.0,4305.464585272985,-1540.4888458393739,HUL,4
710.0,155.0,0.0,1.0,4.0,4431.197889447499,-1506.8586916995532,HUL,4
720.0,144.90333056,0.0,1.0,4.0,4497.320686977945,-1489.8535899218757,HUL,4
730.0,130.3140612,0.0,1.0,4.0,4587.022442847391,-1455.9753642867581,HUL,4
740.0,119.7718724,0.0,1.0,3.0,4692.851194519154,-1379.165430907991,HUL,4
750.0,104.8451957214321,0.0,1.0,2.0,4745.4710861130925,-1304.3927515893467,HUL,4
760.0,93.14536315766848,2.1954888158743175,1.0,2.0,4789.0,-1181.5,HUL,4
770.0,87.12811470249814,1.0640573512490696,0.0,1.0,4797.895773151868,-1112.894415717542,HUL,4
780.0,81.11574222222222,6.567821955555556,0.0,1.0,4793.783672630804,-1027.1373697365145,HUL,4
790.0,73.0,21.308331377777776,0.0,1.0,4769.262581232123,-932.5048556173209,HUL,4
800.0,76.96083210666667,36.02333210666667,0.0,1.0,4727.085647916435,-857.209738243663,HUL,4
810.0,85.01183840187457,42.158077945267316,0.0,1.0,4653.0974158867975,-780.5686230784527,HUL,4
820.0,90.32857234285716,41.43571596190476,0.0,1.0,4574.363533779308,-735.6853817373039,HUL,4
830.0,98.22954647272726,53.22954647272727,0.0,2.0,4493.852492656108,-716.7624777310969,HUL,4
840.0,108.41136465454545,63.41136465454545,0.0,2.0,4355.275172010741,-710.9788802623873,HUL,4
850.0,118.734376,61.079687199999995,0.0,2.0,4295.12525270923,-713.0956329433877,HUL,4
860.0,129.0,78.39583466666666,0.0,2.0,4162.090184178881,-721.6107065968373,HUL,4
870.0,136.61250239999998,83.7312496,0.0,2.0,4057.310024530079,-731.2022062455001,HUL,4
880.0,153.31562639999999,97.95468919999999,0.0,2.5,3956.8137635801772,-742.8443756963937,HUL,4
890.0,161.8343768,100.0,0.0,3.0,3884.3353201670084,-750.9372952474874,HUL,5
900.0,170.81750144,100.0,0.0,3.0,3798.211672907548,-760.4707019832423,HUL,5
910.0,179.80625120000002,100.0,0.0,3.5,3673.084766609067,-774.1679068982958,HUL,5
920.0,191.15000320000001,100.0,0.0,4.0,3505.0,-791.0,HUL,5
940.0,205.2104176,100.0,0.0,5.0,3389.424622746258,-800.4988393645216,HUL,5
950.0,211.31428754285713,100.0,0.0,5.0,3272.45753521315,-810.4523306280785,HUL,5
970.0,219.5750016,100.0,0.0,5.0,3106.1397934391644,-824.2167584141757,HUL,5
990.0,232.81562639999999,100.0,0.0,5.0,2846.241004842544,-847.142047538144,HUL,5
1000.0,238.0,100.0,0.0,6.0,2776.0043504683504,-853.3335001106341,HUL,5
1010.0,243.5375008,100.0,0.0,6.0,2710.9998932035205,-858.7483456186776,HUL,5
1030.0,251.62616725163826,100.0,0.0,6.0,2497.936092956405,-876.67322586471,HUL,5
1050.0,258.00499648,100.0,0.0,6.0,2284.0,-895.0,HUL,5
1060.0,264.0,100.0,0.0,6.0,2085.928585476028,-911.8144667327116,HUL,5
1080.0,269.0499968,100.0,0.0,6.0,1907.0,-927.0,HUL,5
1090.0,274.0,100.0,0.0,7.0,1733.4597851308456,-941.8821432907719,HUL,5
1110.0,279.55499648,100.0,0.0,7.0,1595.0,-954.0,HUL,6
1130.0,285.5812488,100.0,0.0,7.0,1510.9111462351711,-961.7621995155505,HUL,6
1140.0,288.0,100.0,0.0,7.0,1437.3447680395348,-968.1264317505887,HUL,6
1160.0,291.68661470710555,100.0,0.0,7.0,1237.0,-985.0,HUL,6
1210.0,300.82698658409294,100.0,0.0,7.0,743.0,-1028.0,HUL,6
1220.0,302.0,100.0,0.0,8.0,684.6293470058852,-1033.1029021176214,HUL,6
1230.0,303.85833386666667,100.0,0.0,8.0,492.0,-1050.0,HUL,6
1240.0,304.0,100.0,0.0,8.0,472.64027061515714,-1051.7097253443712,HUL,6
1250.0,306.1343752,100.0,0.0,8.0,244.36413947947295,-1071.929799949222,HUL,6
1260.0,307.0,100.0,0.0,8.0,126.974858444202,-1082.3223836442776,HUL,6
1280.0,309.0,100.0,0.0,8.0,60.45374874743272,-1088.173711451526,HUL,6
1290.0,309.85750016,100.0,0.0,8.0,-85.08808847816466,-1100.888991823172,HUL,6
1310.0,310.6791669333333,100.0,0.0,8.0,-327.0,-1122.0,HUL,6
1320.0,311.0,100.0,0.0,8.0,-392.80619559082686,-1127.7339184586701,HUL,6
1340.0,311.05750016,100.0,0.0,8.0,-524.3466815944358,-1139.2362492167736,HUL,7
1350.0,312.0,100.0,0.0,8.0,-710.210507727408,-1155.7035464112091,HUL,7
1360.0,311.7035712,100.0,0.0,8.0,-792.0,-1163.0,HUL,7
1380.0,311.0,100.0,0.0,8.0,-939.5832140183172,-1176.3160918396882,HUL,7
1390.0,311.36785737142856,100.0,0.0,8.0,-1016.0,-1183.0,HUL,7
1400.0,312.0,100.0,0.0,8.0,-1169.1897787936668,-1195.8853106706692,HUL,7
1410.0,312.0,100.0,0.0,8.0,-1206.0,-1199.0,HUL,7
1430.0,312.0,100.0,0.0,8.0,-1457.4078947918451,-1220.9022409405316,HUL,7
1450.0,312.0,100.0,0.0,8.0,-1742.0,-1246.0,HUL,7
1460.0,312.0,100.0,0.0,8.0,-1827.0988874814866,-1253.687972290012,HUL,7
1470.0,312.0,100.0,0.0,8.0,-1897.0,-1260.0,HUL,7
1500.0,312.0,100.0,0.0,8.0,-2234.2656421256224,-1289.7780108326347,HUL,7
1520.0,312.0,100.0,0.0,8.0,-2423.6957128706954,-1306.1712540441417,HUL,7
1530.0,311.0,100.0,0.0,8.0,-2567.673949293491,-1318.437224864737,HUL,7
1540.0,311.1791669333333,100.0,0.0,8.0,-2597.0,-1321.0,HUL,7
1550.0,312.0,100.0,0.0,8.0,-2727.7124818497023,-1332.7215626827442,HUL,8
1560.0,311.6541664,100.0,0.0,8.0,-2787.0,-1338.0,HUL,8
1570.0,311.0,100.0,0.0,8.0,-2911.9885346519977,-1348.885192987373,HUL,8
1590.0,311.0,100.0,0.0,8.0,-3097.0,-1365.0,HUL,8
1600.0,311.0,100.0,0.0,8.0,-3215.686791536005,-1375.6101322976583,HUL,8
1610.0,311.0,100.0,0.0,8.0,-3321.0,-1385.0,HUL,8
1620.0,311.0,100.0,0.0,8.0,-3380.606153383038,-1390.2415096957302,HUL,8
1640.0,311.0,100.0,0.0,8.0,-3653.2360015414324,-1413.673396047217,HUL,8
1650.0,311.40999936,59.000064,0.0,8.0,-3715.0,-1419.0,HUL,8
1660.0,312.0,0.0,1.0,8.0,-3785.473279447404,-1425.157304749117,HUL,8
1670.0,285.75500927999997,0.0,1.0,8.0,-3887.913173841055,-1434.1139213730726,HUL,8
1690.0,260.0,0.0,1.0,8.0,-4024.2265904855103,-1445.9310111980753,HUL,8
1700.0,259.85358080000003,0.0,1.0,7.0,-4196.4214862372155,-1461.9446237810307,HUL,8
1720.0,218.88750720000002,0.0,1.0,6.0,-4323.495294122826,-1473.9571255648357,HUL,8
1730.0,200.9000064,0.0,1.0,6.0,-4412.451757923372,-1480.9608666259855,HUL,8
1740.0,182.57053646878683,0.0,1.0,5.0,-4509.003977737762,-1486.4699553845358,HUL,8
1750.0,159.48249856,0.0,1.0,5.0,-4646.9908095121555,-1486.1185411673343,HUL,8
1760.0,148.61499712,0.0,1.0,5.0,-4747.5,-1480.0,HUL,8
1770.0,142.0,0.0,1.0,3.0,-4808.788381157955,-1470.8342160867264,HUL,9
1780.0,134.82083306666667,0.0,1.0,2.6666666666666665,-4935.397848227018,-1427.43397425429,HUL,9
1790.0,125.4249984,0.0,1.0,2.0,-5005.540383402728,-1376.1485763039843,HUL,9
1800.0,114.51093639999999,0.0,1.0,2.0,-5072.428409350304,-1292.4295220369736,HUL,9
1810.0,106.05681745454545,0.0,1.0,2.0,-5108.644177585305,-1215.5236583502979,HUL,9
1820.0,95.85555484444444,0.0,1.0,2.0,-5128.284522573175,-1091.9228162557665,HUL,9
1830.0,89.7843744,0.0,0.75,1.0,-5112.536013166385,-994.3970561762676,HUL,9
1840.0,81.15060760765108,14.038973367202566,0.3333333333333333,1.0,-5071.450047451374,-906.3935672480872,HUL,9
1850.0,79.9413733705713,37.0,0.0,1.0,-5017.545700281816,-846.1084645371001,HUL,9
1860.0,85.2006052343728,51.09564409531067,0.0,1.0,-4935.090835560994,-797.8013740362136,HUL,9
1870.0,94.58078175463412,55.92323723957863,0.0,1.0,-4844.288057779799,-786.2321365719819,HUL,9
1880.0,103.12103073015874,42.797420774603175,0.0,2.0,-4721.766183787351,-813.0487987440051,HUL,9
1890.0,108.91666488888889,42.783332977777775,0.0,2.0,-4649.0,-840.0,HUL,9
1900.0,109.24318225454545,32.152278981818185,0.0,2.0,-4574.968078009086,-864.9349010747954,HUL,9
1910.0,103.47666815999999,0.0,1.0,2.0,-4433.7111275518255,-901.6553340989338,HUL,9
1920.0,92.2250016,0.0,1.0,1.5,-4363.223514102821,-911.028467505047,HUL,9
1930.0,79.60714514285715,0.0,1.0,1.0,-4276.098924912576,-899.6967723564904,HUL,9
1940.0,66.69035091842639,0.2290911418181818,0.6,1.0,-4197.156592860158,-843.2159762475687,HUL,9
1950.0,59.72335218909091,7.932387345454545,0.0,1.0,-4155.4654692264,-752.4896326735691,HUL,9
1960.0,65.36625034666666,19.2156256,0.0,1.0,-4139.817500310955,-647.6753968601862,HUL,9
1970.0,69.87666688,40.945000959999994,0.0,1.0,-4148.146259001234,-537.1678711377618,HUL,9
1980.0,81.0,52.0,0.0,1.0,-4180.175372384694,-454.1581579779919,HUL,9
1990.0,88.23273950476191,58.78482217142857,0.0,1.0,-4230.285418862825,-373.3063028064368,HUL,10
2000.0,102.34071148954678,61.03531929423461,0.0,1.5,-4295.551692904689,-296.2548312176331,HUL,10
2010.0,113.18559422816041,70.5595547162479,0.0,2.0,-4357.0,-223.0,HUL,10
2020.0,119.9103925978329,80.05734587458927,0.0,2.0,-4393.594332090558,-168.03567041286664,HUL,10
2030.0,133.24473429886936,91.71565200981547,0.0,2.0,-4442.2590273160195,-78.82953452069842,HUL,10
2040.0,151.11944213333334,92.68888746666667,0.0,3.0,-4499.525135011519,73.61509147035031,HUL,10
2060.0,165.859372,99.61875040000001,0.0,3.0,-4534.120051722016,226.00849722132818,HUL,10
2070.0,178.04499712,98.00499968,0.0,4.0,-4550.932310441483,347.3593977749681,HUL,10
2090.0,187.98999424,99.10999936,0.0,4.0,-4565.0,513.0,HUL,10
2100.0,197.0,100.0,0.0,4.0,-4567.744207480302,626.1717714381523,HUL,10
2110.0,201.75832746666666,100.0,0.0,4.0,-4565.0,690.0,HUL,10
2120.0,209.33610915555556,100.0,0.0,5.0,-4560.295349324022,787.4228521174737,HUL,10
2130.0,214.5611072,100.0,0.0,5.0,-4556.0,889.0,HUL,10
2140.0,220.4124976,100.0,0.0,5.0,-4549.470281645166,1004.2259822951421,HUL,10
2150.0,226.0,100.0,0.0,5.0,-4542.031524883416,1096.443287826325,HUL,10
2160.0,230.02499840000002,100.0,0.0,5.0,-4530.8984928195105,1197.8031589671793,HUL,10
2170.0,231.89028186499723,100.0,0.0,5.0,-4514.0,1314.0,HUL,10
2180.0,232.88401267000137,100.0,0.0,5.5,-4494.68117890638,1415.418358734268,HUL,10
2190.0,239.6218776,100.0,0.0,6.0,-4466.0,1534.0,HUL,10
2210.0,247.2875008,100.0,0.0,6.0,-4396.020349676684,1731.4355427774913,HUL,11
2220.0,252.0,100.0,0.0,6.0,-4339.580434208882,1864.601095565873,HUL,11
2240.0,256.0,100.0,0.0,6.0,-4269.810728372755,1962.6600883709098,HUL,11
2250.0,256.31500032,100.0,0.0,6.0,-4245.0,1993.0,HUL,11
2260.0,256.95750016,100.0,0.0,6.0,-4185.060530119478,2064.568114827871,HUL,11
2270.0,261.5375008,100.0,0.0,6.0,-4084.3726683368395,2166.752385860324,HUL,11
2290.0,266.6696434285714,100.0,0.0,6.5,-3840.3630714412393,2354.501489913224,HUL,11
2300.0,270.0,100.0,0.0,7.0,-3772.3313129587264,2401.709626072482,HUL,11
2320.0,273.0,100.0,0.0,7.0,-3676.8215641197953,2445.4422458101803,HUL,11
2330.0,273.0,100.0,0.0,7.0,-3510.6895852601974,2522.1553511735,HUL,11
2340.0,274.05000106666665,100.0,0.0,7.0,-3431.0,2555.0,HUL,11
2350.0,277.05000106666665,100.0,0.0,7.0,-3223.0,2624.0,HUL,11
2370.0,281.0,100.0,0.0,7.0,-3099.1181095441348,2661.792602728099,HUL,11
2380.0,282.0375008,100.0,0.0,7.0,-3058.0,2674.0,HUL,11
2390.0,284.8875008,100.0,0.0,7.0,-2881.8189121981177,2726.814978509092,HUL,11
2420.0,292.1437504,100.0,0.0,7.0,-2544.3650600522683,2832.3485539178705,HUL,11
2440.0,295.5375008,100.0,0.0,7.0,-2442.0,2866.0,HUL,12
2450.0,297.0,100.0,0.0,7.0,-2356.315513312924,2894.69515836558,HUL,12
2460.0,298.1035721142857,100.0,0.0,7.0,-2270.0,2924.0,HUL,12
2470.0,300.0,100.0,0.0,7.0,-2148.9903299922235,2967.0808007947417,HUL,12
2490.0,300.8796678800986,100.0,0.0,7.5,-1950.7706659524565,3040.872063775756,HUL,12
2500.0,302.5249984,100.0,0.0,8.0,-1752.0,3115.0,HUL,12
2520.0,305.0,100.0,0.0,8.0,-1626.5888702266386,3162.1608405539755,HUL,12
2540.0,304.0,100.0,0.0,8.0,-1531.7727201373045,3199.693246090442,HUL,12
2550.0,304.0,100.0,0.0,8.0,-1366.5787208827387,3265.6418113346144,HUL,12
2580.0,303.10833351111114,100.0,0.0,8.0,-1106.7225913810712,3374.734657771214,HUL,12
2600.0,300.0,41.0,1.0,8.0,-850.9847871070442,3485.9137107898205,HUL,12
2610.0,300.0,35.3625328,1.0,8.0,-835.0,3493.0,HUL,12
2620.0,300.0,0.0,1.0,8.0,-755.8188614224724,3528.777589911213,HUL,12
2630.0,268.9785910857143,0.0,1.0,8.0,-669.0,3569.0,HUL,12
2640.0,257.0,0.0,1.0,8.0,-629.2431403764476,3586.956929910173,HUL,12
2650.0,257.0,0.0,1.0,8.0,-478.65773443845745,3653.6720026338644,HUL,13
2660.0,252.875024,0.0,1.0,8.0,-462.0,3661.0,HUL,13
2670.0,206.187512,0.0,1.0,7.0,-275.4823589678364,3743.4300938100623,HUL,13
2680.0,197.0,0.0,1.0,6.0,-199.37453731561516,3779.222905060909,HUL,13
2690.0,182.344947397421,0.0,1.0,6.0,-148.0,3800.0,HUL,13
2710.0,126.1001068848972,0.0,1.0,4.0,144.1676536036596,3873.922097762509,HUL,13
2720.0,115.45499903999999,0.0,1.0,2.0,202.0038425272035,3868.607819497306,HUL,13
2730.0,107.76999936,0.0,0.6666666666666666,2.0,269.83312492616153,3846.2257329848085,HUL,13
2740.0,100.16499925333333,0.0,0.6666666666666666,2.0,373.05566856593737,3777.4814530047734,HUL,13
2750.0,95.0,16.77361368888889,0.0,2.0,433.25999213113727,3712.638787617659,HUL,13
2760.0,95.02062544,37.37448093333333,0.0,2.0,497.96066060578715,3605.0217010386336,HUL,13
2770.0,102.78250176,53.1500032,0.0,2.0,534.0,3517.0,HUL,13
2780.0,108.07613701818181,62.69091025454546,0.0,2.0,549.4120413295228,3456.663897701239,HUL,13
2790.0,115.61091048727273,75.05606244848485,0.0,2.0,568.9198082543558,3352.351730075277,HUL,13
2800.0,127.40476194622609,85.32426304249773,0.0,2.0,579.7433144206325,3255.760081229298,HUL,13
2810.0,144.5714257103997,86.95918340099044,0.0,2.5,591.3800259279665,3118.269318693583,HUL,13
2820.0,154.0499968,98.76499584,0.0,3.0,599.6490662021827,3041.291702755486,HUL,13
2830.0,155.0,100.0,0.0,3.0,607.3522734393019,2968.841879407518,HUL,13
2840.0,169.29998994285714,100.0,0.0,3.0,624.0,2837.0,HUL,13
2850.0,177.0,100.0,0.0,4.0,629.7663219799159,2793.90948376392,HUL,13
2860.0,187.25356891428572,100.0,0.0,4.0,644.1410523612847,2688.492647376841,HUL,13
2870.0,192.61499584,100.0,0.0,4.0,656.0,2602.0,HUL,14
2880.0,200.70749791999998,100.0,0.0,4.0,687.883230642941,2388.1557391607607,HUL,14
2900.0,205.0,100.0,0.0,5.0,698.8152079140569,2316.940348652502,HUL,14
2910.0,205.0,100.0,0.0,5.0,713.1444436832212,2239.9001518445084,HUL,14
2920.0,215.2062488,100.0,0.0,5.0,748.458569164927,2053.866765410894,HUL,14
2930.0,218.0,100.0,0.0,5.0,764.5004495433091,1975.8939118806354,HUL,14
2940.0,219.8937488,100.0,0.0,5.0,783.0,1903.0,HUL,14
2950.0,221.77824169632805,100.0,0.0,5.0,806.6237481754974,1814.4286897885768,HUL,14
2960.0,227.0,100.0,0.0,5.0,844.4920562263687,1688.0597291234149,HUL,14
2970.0,227.20750016,100.0,0.0,5.0,861.0,1639.0,HUL,14
2980.0,227.70750016,100.0,0.0,5.0,905.0,1522.0,HUL,14
2990.0,228.0,100.0,0.0,5.0,934.2390901203635,1454.1986622579511,HUL,14
3000.0,228.0,100.0,0.0,5.0,985.0,1350.0,HUL,14
3010.0,228.0,100.0,0.0,5.0,1043.3571474118303,1246.6287240199476,HUL,14
3020.0,229.07250048,100.0,0.0,5.0,1103.0,1156.0,HUL,14
3030.0,230.42250048,100.0,0.0,5.0,1174.0,1067.0,HUL,14
3040.0,231.0,100.0,0.0,5.0,1206.8260611300643,1031.028617555613,HUL,14
3050.0,230.24249984,100.0,0.0,5.0,1275.9333648204827,964.4822596562019,HUL,14
3060.0,230.42916693333333,91.41666133333334,0.0,5.0,1350.0,903.0,HUL,14
3070.0,231.0,76.9484344,0.0,5.0,1438.8513794837795,842.4947281230412,HUL,14
3090.0,231.0,49.8234344,0.0,5.0,1600.2614585937768,761.8932389926584,HUL,15
3100.0,228.0,44.0,0.0,5.0,1759.9489153709246,708.9393319547216,HUL,15
3110.0,227.07857005714285,44.30714331428572,0.0,5.0,1786.0,702.0,HUL,15
3120.0,222.0,46.0,0.0,5.0,1914.6546458678831,676.5271148175523,HUL,15
3130.0,220.28855757510917,60.54726061157196,0.0,5.0,2011.3348413619146,666.7298325598508,HUL,15
3140.0,221.00375008,71.99249984,0.0,5.0,2128.092615996462,662.9717293538989,HUL,15
3150.0,221.40750016,71.18499968,0.0,5.0,2224.0,672.0,HUL,15
3160.0,221.80750016,70.38499967999999,0.0,5.0,2322.0,692.0,HUL,15
3170.0,222.25621881993027,71.5373129195817,0.0,5.0,2399.2837929046354,713.5726710128126,HUL,15
3180.0,223.0,76.0,0.0,5.0,2487.914553422079,744.2325410846921,HUL,15
3190.0,224.90999936,81.72999808,0.0,5.0,2598.0521479938675,793.5091335344671,HUL,15
3200.0,225.0,98.37998848000001,0.0,5.0,2702.0,851.0,HUL,15
3210.0,225.0,100.0,0.0,5.0,2711.409048030709,856.9308469254754,HUL,15
3220.0,227.0,100.0,0.0,5.0,2832.8832681758586,947.6581482722113,HUL,15
3230.0,227.7562496,100.0,0.0,5.0,2900.963250988326,1011.7665199725917,HUL,15
3250.0,229.8812496,73.6625056,0.0,5.0,3093.6621080049363,1213.330373101796,HUL,15
3270.0,224.3562512,28.7312592,0.0,5.0,3190.941576795103,1285.49686243183,HUL,15
3280.0,221.0,32.0,0.0,5.0,3269.9163802829958,1335.5018256494257,HUL,15
3290.0,218.9666688,42.6749888,0.0,5.0,3355.0,1373.0,HUL,15
3300.0,215.99166720000002,55.0166656,0.0,5.0,3529.7714319367406,1426.468135999121,HUL,15
3320.0,215.10499968,59.62999808,0.0,5.0,3668.3103346008384,1448.1209899773714,HUL,16
3330.0,216.0,65.0,0.0,5.0,3824.5145134452014,1445.4643914467113,HUL,16
3340.0,216.0,69.37142308571428,0.0,5.0,3921.0,1440.0,HUL,16
3350.0,216.0,77.0,0.0,5.0,4046.562906413952,1419.8927321118213,HUL,16
3360.0,216.1578943316183,97.15789433161832,0.0,5.0,4146.863817518267,1386.7933640542115,HUL,16
3380.0,218.86090242930644,99.86090242930644,0.0,5.0,4275.906568066585,1334.5390894952538,HUL,16
3390.0,219.0,100.0,0.0,5.0,4374.0,1281.0,HUL,16
3400.0,219.71500032,100.0,0.0,5.0,4429.252733076632,1243.9196661723443,HUL,16
3410.0,221.0,100.0,0.0,5.0,4492.625247517282,1197.7282756562677,HUL,16
3420.0,221.9468752,100.0,0.0,5.0,4563.90529390061,1137.4857112339296,HUL,16
3430.0,222.0,100.0,0.0,5.0,4684.0,1019.0,HUL,16
3440.0,222.51500032,100.0,0.0,5.0,4730.221820422472,969.6139264365481,HUL,16
3450.0,224.0,100.0,0.0,5.0,4792.175872028136,900.5948114270823,HUL,16
3460.0,224.0,100.0,0.0,5.0,4853.386526150017,827.8569006534311,HUL,16
3470.0,225.0187504,100.0,0.0,5.0,4921.0,743.0,HUL,16
3480.0,226.0,100.0,0.0,6.0,4983.025771943328,663.7875274720534,HUL,16
3490.0,227.71666773333334,100.0,0.0,6.0,5023.0,613.0,HUL,16
3500.0,230.10750016,100.0,0.0,6.0,5085.383473020365,535.5994556954449,HUL,16
3510.0,231.0,100.0,0.0,6.0,5182.112767845073,422.4940517022382,HUL,16
3520.0,232.7875008,100.0,0.0,6.0,5264.0,329.0,HUL,16
3530.0,235.0,100.0,0.0,6.0,5344.157719321098,238.06417551125705,HUL,17
3540.0,235.0,100.0,0.0,6.0,5402.797067504898,171.01334075523022,HUL,17
3550.0,236.15750015999998,100.0,0.0,6.0,5493.244129363358,66.60324493909184,HUL,17
3560.0,237.0,100.0,0.0,6.0,5567.353920806246,-15.599813274257873,HUL,17
3570.0,237.68975085752862,100.0,0.0,6.0,5604.0,-56.0,HUL,17
3580.0,239.35179983505384,100.0,0.0,6.0,5692.0,-155.0,HUL,17
3590.0,240.28333297777777,100.0,0.0,6.0,5749.123903377352,-219.30702028428047,HUL,17
3610.0,242.0,100.0,0.0,6.0,5896.438760799966,-383.6903739022239,HUL,17
3620.0,242.0,98.10555946666666,0.0,6.0,5925.0,-416.0,HUL,17
3640.0,241.7937512,82.8812856,0.0,6.0,6052.653492686775,-563.9803931407585,HUL,17
3650.0,236.4500032,0.0,0.0,6.0,6135.103684344045,-659.5472790259332,HUL,17
3660.0,229.0,0.0,1.0,6.0,6216.215817569441,-759.0665423431321,HUL,17
3670.0,219.9500032,0.0,1.0,6.0,6316.394824914909,-889.108765999983,HUL,17
3690.0,208.87500266666666,0.0,1.0,5.0,6367.937919352462,-980.2943293084967,HUL,17
3700.0,200.78750026666665,0.0,0.0,5.0,6405.205405068118,-1084.5070958193053,HUL,17
3710.0,200.0,0.0,0.0,4.0,6424.611974835478,-1252.0467106851431,HUL,17
3720.0,198.00714697142857,6.421415314285714,0.0,4.0,6427.0,-1300.0,HUL,17
3730.0,190.85763669772757,29.3037083781812,0.0,4.0,6423.558022695647,-1351.3853556579065,HUL,17
3780.0,176.36885210597032,60.21311550726331,0.0,4.0,6205.164136297948,-1855.0182422561725,HUL,18
3790.0,177.02500053333333,62.5375008,0.0,4.0,6156.0,-1910.0,HUL,18
3800.0,178.85833386666667,65.71666773333334,0.0,4.0,6094.7192670153,-1965.8542398269885,HUL,18
3810.0,184.03000064,76.02250047999999,0.0,4.0,5964.669799135954,-2048.6648344362584,HUL,18
3820.0,187.63000064,78.72250048000001,0.0,4.0,5879.174730196421,-2085.5845258444697,HUL,18
3840.0,191.45000045714286,82.0,0.0,4.0,5707.3804483126005,-2135.6599641565817,HUL,18
3850.0,195.0,82.0,0.0,4.0,5590.7073366539125,-2160.9425298463825,HUL,18
3860.0,200.82143085714284,92.47857554285714,0.0,4.0,5515.0,-2174.0,HUL,18
3870.0,206.54500095999998,100.0,0.0,4.0,5420.918350519774,-2189.335668237645,HUL,18
3880.0,211.0,100.0,0.0,4.0,5334.401876352864,-2201.9946072524735,HUL,18
3890.0,213.4656256,100.0,0.0,4.5,5257.210412965499,-2210.458947745396,HUL,18
3900.0,219.71666773333334,100.0,0.0,5.0,5136.7096203158635,-2218.3495226970035,HUL,18
3910.0,224.6906264,100.0,0.0,5.0,5019.0,-2224.0,HUL,18
3920.0,229.0,100.0,0.0,5.0,4897.409095873071,-2227.5222396408835,HUL,18
3930.0,229.6468768,100.0,0.0,5.0,4880.0,-2228.0,HUL,18
3940.0,235.8343768,100.0,0.0,5.0,4684.0,-2234.0,HUL,18
3950.0,238.0,100.0,0.0,5.0,4624.95777708142,-2236.383725981169,HUL,18
3960.0,244.0,100.0,0.0,6.0,4486.113596492617,-2244.276172494295,HUL,18
3970.0,245.37759332573478,100.0,0.0,6.0,4442.0,-2247.0,HUL,19
3980.0,248.0,100.0,0.0,6.0,4358.237714438756,-2252.1022787455113,HUL,19
3990.0,251.30908858181817,100.0,0.0,6.0,4233.0,-2260.0,HUL,19
4010.0,256.0166656,100.0,0.0,6.0,3978.796288689267,-2276.9454804636916,HUL,19
4030.0,260.0,100.0,0.0,6.0,3855.173269085891,-2285.7724355724426,HUL,19
4040.0,260.8714276571429,100.0,0.0,6.0,3791.0,-2290.0,HUL,19
4050.0,262.00999936,100.0,0.0,6.0,3675.7522731008876,-2296.9558256181617,HUL,19
4060.0,264.0,100.0,0.0,6.0,3528.6215800758227,-2305.411505253243,HUL,19
4070.0,264.2583328,100.0,0.0,6.0,3485.0,-2308.0,HUL,19
4080.0,265.1749994666667,100.0,0.0,6.0,3341.714754313941,-2317.5675943834754,HUL,19
4100.0,267.0,100.0,0.0,6.0,3070.73267476921,-2340.5341578934376,HUL,19
4110.0,267.0,100.0,0.0,6.0,2975.4430296500414,-2349.3343903762334,HUL,19
4120.0,268.7749984,100.0,0.0,6.0,2923.0,-2355.0,HUL,19
4130.0,270.0,100.0,0.0,6.0,2858.305980255911,-2361.95575390607,HUL,19
4140.0,271.18333226666664,100.0,0.0,6.0,2744.0,-2374.0,HUL,19
4150.0,272.0,100.0,0.0,6.0,2670.0037766581736,-2381.4158637224764,HUL,19
4160.0,272.90999936,54.500032000000004,0.0,6.0,2534.0,-2395.0,HUL,19
4180.0,273.90500608,0.0,1.0,6.0,2353.775933719253,-2414.9118966107644,HUL,19
4190.0,255.0,0.0,1.0,6.0,2214.6069016110696,-2431.030232974337,HUL,20
4200.0,231.7444608,0.0,1.0,6.0,2102.0,-2445.0,HUL,20
4210.0,213.98334151111112,0.0,1.0,5.5,2016.2632292833177,-2456.1834875568197,HUL,20
4220.0,199.0,0.0,1.0,5.0,1886.8769230070625,-2472.6510619228075,HUL,20
4230.0,184.3656208,0.0,1.0,5.0,1817.556856599362,-2482.1617370739623,HUL,20
4240.0,158.70999808,0.0,1.0,4.0,1656.8269440244844,-2506.725140302625,HUL,20
4250.0,148.0,0.0,1.0,3.0,1610.2228559103785,-2514.689828347775,HUL,20
4260.0,142.2124992,0.0,1.0,3.0,1557.7632674473832,-2525.007223335194,HUL,20
4270.0,116.63499648,0.0,1.0,2.6666666666666665,1449.9858234416995,-2550.7297364668175,HUL,20
4280.0,99.17624896000001,0.0,1.0,1.5,1355.076968897723,-2584.749012394542,HUL,20
4290.0,91.47285625904762,0.0,1.0,1.0,1282.4200220730725,-2633.4659719255887,HUL,20
4300.0,82.2051972164798,0.0,1.0,1.0,1228.1287950666745,-2723.777885670903,HUL,20
4310.0,75.39249984,18.5375008,0.0,1.0,1235.5386006858123,-2837.731295643103,HUL,20
4320.0,74.72142811428571,34.164284342857144,0.0,1.0,1290.690238503065,-2937.1303974199413,HUL,20
4330.0,82.01999871999999,49.0499968,0.0,1.0,1341.8479171506913,-2988.8733460712356,HUL,20
4340.0,89.75999829333333,57.3312488,0.0,1.0,1414.8873007108218,-3042.6429633655366,HUL,20
4350.0,95.95909061818182,73.63181556363637,0.0,1.5,1556.1709673507644,-3128.83564389976,HUL,20
4360.0,112.91999232,79.63999744,0.0,2.0,1673.0,-3197.0,HUL,20
4370.0,124.82666496,92.85999616,0.0,2.0,1745.6721405777116,-3239.9601749558965,HUL,20
4380.0,133.5812488,100.0,0.0,3.0,1916.6499112127713,-3347.8649660988326,HUL,20
4390.0,139.2464265142857,100.0,0.0,3.0,1973.5745478379308,-3387.8843673138117,HUL,20
4400.0,145.0,100.0,0.0,3.0,2004.0912956920142,-3416.859513255679,HUL,20
4410.0,153.0107136,100.0,0.0,3.0,2095.6995463841095,-3504.683564217849,HUL,21
4420.0,156.34482578748134,100.0,0.0,3.0,2155.724516179646,-3583.4245659447715,HUL,21
4430.0,163.85266428749702,100.0,0.0,3.5,2206.936921178879,-3676.7393510638103,HUL,21
4440.0,167.4886370909091,100.0,0.0,4.0,2246.2196296157617,-3784.650437778597,HUL,21
4450.0,170.25000145454544,100.0,0.0,4.0,2261.0,-3841.0,HUL,21
4460.0,176.12500072727272,100.0,0.0,4.0,2288.429677951236,-4024.250787600332,HUL,21
4480.0,181.97250048,100.0,0.0,4.0,2293.942333670162,-4148.659730359682,HUL,21
4490.0,184.97250048,100.0,0.0,4.0,2290.7208082477223,-4251.470856574964,HUL,21
4500.0,187.0375008,100.0,0.0,4.0,2284.0,-4329.0,HUL,21
4510.0,190.0958336,100.0,0.0,4.0,2262.1899939341783,-4455.528928177139,HUL,21
4530.0,193.2090914909091,100.0,0.0,4.0,2214.0,-4640.0,HUL,21
4540.0,195.0,100.0,0.0,4.0,2184.5472040809796,-4728.958014017578,HUL,21
4550.0,199.138364141924,100.0,0.0,4.0,2152.5043058678957,-4809.045888260884,HUL,21
4560.0,201.36785737142856,82.52677485714285,0.0,4.0,2099.832988011549,-4928.241356334156,HUL,21
4570.0,203.0,5.0,1.0,4.0,2045.9436766838803,-5033.114656079984,HUL,21
4580.0,195.406248,1.203124,1.0,4.0,2017.5576865945668,-5080.350308755091,HUL,21
4590.0,182.8781185357375,0.0,1.0,4.0,1946.0,-5187.0,HUL,21
4600.0,172.1678601142857,0.0,1.0,4.0,1847.7845409778765,-5308.608003296684,HUL,21
4610.0,162.0,0.0,1.0,3.0,1770.33577115163,-5392.798026636051,HUL,21
4620.0,153.843752,0.0,1.0,3.0,1709.4556108765378,-5440.150745747748,HUL,21
4640.0,143.60833528888887,0.0,1.0,3.0,1597.798508865574,-5490.044808225175,HUL,22
4650.0,138.26785828571428,7.0285604571428575,0.0,3.0,1496.9731013220448,-5506.894237950601,HUL,22
4660.0,134.16071542857142,46.45713188571429,0.0,3.0,1408.594718080092,-5507.839766645758,HUL,22
4670.0,138.31312376,60.57468532,0.0,3.0,1272.4482902542236,-5485.54886380383,HUL,22
4680.0,142.2874976,67.4312464,0.0,3.0,1196.0,-5460.0,HUL,22
4690.0,146.85249824,73.92999807999999,0.0,3.0,1112.8115989250696,-5418.252910074655,HUL,22
4700.0,155.65249824,83.52999808,0.0,3.0,995.7823001899037,-5333.986000027355,HUL,22
4710.0,163.36999552,91.8249952,0.0,3.0,889.0,-5238.0,HUL,22
4720.0,171.0,100.0,0.0,4.0,830.2728745905429,-5184.128599891984,HUL,22
4730.0,176.52221724444445,100.0,0.0,4.0,796.0,-5153.0,HUL,22
4740.0,185.0,100.0,0.0,4.0,721.63425738172,-5086.352472187001,HUL,22
4750.0,186.3115574463268,100.0,0.0,4.0,645.5219079793601,-5018.079904213151,HUL,22
4760.0,189.43409338181817,100.0,0.0,4.0,563.0,-4944.0,HUL,22
4780.0,204.31625087999998,100.0,0.0,4.0,447.82994089126083,-4840.635358879659,HUL,22
4790.0,209.58250176,100.0,0.0,4.0,419.0,-4815.0,HUL,22
4800.0,215.0,100.0,0.0,5.0,361.39508053724944,-4764.016208755968,HUL,22
4810.0,216.61389013333334,100.0,0.0,5.0,330.0,-4736.0,HUL,22
4820.0,222.0,100.0,0.0,5.0,205.17758711699983,-4623.52528474944,HUL,22
4830.0,224.06000128,100.0,0.0,5.0,156.0,-4580.0,HUL,22
4840.0,226.82000042666667,100.0,0.0,5.0,71.93688422969089,-4505.615626520346,HUL,22
4850.0,228.0,100.0,0.0,5.0,17.74772793629341,-4455.663789897612,HUL,23
4860.0,229.02142902857142,100.0,0.0,5.0,-50.0,-4395.0,HUL,23
4870.0,230.0,100.0,0.0,5.0,-112.86744119946718,-4339.2882168636725,HUL,23
4880.0,230.97500043636364,100.0,0.0,5.0,-184.0,-4276.0,HUL,23
4890.0,233.0,100.0,0.0,6.0,-365.22324103483123,-4112.595785011349,HUL,23
4900.0,233.02500053333333,100.0,0.0,6.0,-367.0,-4111.0,HUL,23
4920.0,236.01244838842285,100.0,0.0,6.0,-565.1337745328013,-3942.635037640552,HUL,23
4930.0,238.0,100.0,0.0,6.0,-711.6985221527635,-3847.7312015594607,HUL,23
4950.0,238.90499968,100.0,0.0,6.0,-807.6010258405029,-3794.5497560007066,HUL,23
4960.0,238.0,100.0,0.0,6.0,-887.0559831928243,-3758.853186097051,HUL,23
4970.0,239.5166656,100.0,0.0,6.0,-967.0,-3740.0,HUL,23
4980.0,241.0,100.0,0.0,6.0,-1084.7141765863676,-3722.7209185040033,HUL,23
4990.0,241.0,100.0,0.0,6.0,-1156.0,-3716.0,HUL,23
5000.0,240.59000064,100.0,0.0,6.0,-1249.9031310371556,-3713.481977784132,HUL,23
5010.0,239.0,100.0,0.0,6.0,-1378.196483274788,-3722.5606018832314,HUL,23
5020.0,239.0,100.0,0.0,6.0,-1460.0,-3734.0,HUL,23
5030.0,239.0,100.0,0.0,6.0,-1558.1021049811407,-3757.7570408677975,HUL,23
5040.0,240.18333226666667,100.0,0.0,6.0,-1628.0,-3784.0,HUL,23
5050.0,242.0,100.0,0.0,6.0,-1763.7360491027994,-3841.4358294405006,HUL,23
5060.0,242.0,100.0,0.0,6.0,-1803.0,-3860.0,HUL,23
5070.0,242.0,100.0,0.0,6.0,-1934.9446198834648,-3929.9136908289133,HUL,24
5080.0,242.19090850909092,100.0,0.0,6.0,-1961.0,-3944.0,HUL,24
5090.0,242.91818123636364,100.0,0.0,6.0,-2063.0,-3998.0,HUL,24
5100.0,244.01249919999998,100.0,0.0,6.0,-2208.3789740589364,-4068.721280592582,HUL,24
5110.0,245.26249919999998,100.0,0.0,6.0,-2271.073053803535,-4094.347767797696,HUL,24
5120.0,246.50999936,100.0,0.0,6.0,-2375.0,-4130.0,HUL,24
5130.0,247.0,100.0,0.0,6.0,-2443.51221125134,-4148.369746507683,HUL,24
5140.0,247.0,100.0,0.0,6.0,-2560.951405335215,-4173.493158898858,HUL,24
5150.0,247.0,100.0,0.0,6.0,-2646.743539038262,-4187.433992348444,HUL,24
5160.0,246.09500032,100.0,0.0,6.0,-2779.422129038461,-4197.141513110253,HUL,24
5180.0,246.0,97.88945163203374,0.0,6.0,-3032.176491314229,-4184.193059789868,HUL,24
5190.0,246.0,80.0,0.0,6.0,-3182.1981108489595,-4158.833542737175,HUL,24
5210.0,243.9041664,46.747910399999995,1.0,6.0,-3322.982649042323,-4122.614379568464,HUL,24
5220.0,242.0,2.0,1.0,6.0,-3408.4569162678013,-4098.004828008179,HUL,24
5230.0,225.55499264,0.56999936,1.0,6.0,-3460.0,-4077.0,HUL,24
5240.0,215.5,0.0,1.0,5.5,-3529.2941498395294,-4043.5267942123205,HUL,24
5250.0,201.98999552,0.0,1.0,5.0,-3645.0,-3982.0,HUL,24
5260.0,193.4319424,0.0,1.0,5.0,-3700.1244486679952,-3944.6002790759967,HUL,24
5270.0,176.1819424,0.0,1.0,4.5,-3847.501398851809,-3816.869209563786,HUL,24
5290.0,153.48977105454546,0.0,1.0,3.5,-3928.414758767347,-3712.350207267177,HUL,25
5300.0,138.63906079999998,0.0,1.0,3.0,-3986.016950825853,-3614.5831845132616,HUL,25
5310.0,130.57458208,0.0,1.0,2.3333333333333335,-4021.187609228009,-3531.815307895198,HUL,25
5320.0,120.57711515021838,0.0,1.0,2.0,-4045.544599998048,-3425.7890038990768,HUL,25
5330.0,111.7250016,0.0,1.0,2.0,-4043.9837854151374,-3303.7545449650324,HUL,25
5340.0,105.37380998095239,1.4642834285714283,0.0,2.0,-4025.8596218321836,-3229.749861996493,HUL,25
5350.0,100.90833386666667,15.672218311111111,0.0,2.0,-3976.9912489600956,-3124.3655906024146,HUL,25
5360.0,98.7285705142857,38.639283657142855,0.0,2.0,-3906.333225235843,-3041.1558343864995,HUL,25
5370.0,103.98214171428572,49.567855085714285,0.0,2.0,-3813.5544658142026,-2978.7792127436555,HUL,25
5380.0,107.0,55.0,0.0,2.0,-3769.2059552545816,-2953.3356284461597,HUL,25
5390.0,117.03437337142857,68.18749942857143,0.0,2.0,-3679.6973273188696,-2921.9216420916246,HUL,25
5400.0,126.06785508571429,72.48214171428572,0.0,2.0,-3572.3707739272263,-2892.5465937961785,HUL,25
5410.0,135.37499733333334,75.51249920000001,0.0,2.0,-3449.2200043205503,-2864.524605659093,HUL,25
5420.0,146.13499776,84.91499904,0.0,3.0,-3372.4318339818956,-2848.6276808498046,HUL,25
5430.0,153.0166656,93.5541632,0.0,3.0,-3289.4884731939715,-2831.2745136839735,HUL,25
5440.0,162.69165973333332,100.0,0.0,3.0,-3193.0,-2813.0,HUL,25
5450.0,170.69399978112673,100.0,0.0,3.6666666666666665,-3104.832997100977,-2796.4572468501447,HUL,25
5460.0,178.64236667729932,100.0,0.0,4.0,-3002.0,-2778.0,HUL,25
5470.0,188.48291767817813,100.0,0.0,4.0,-2878.0,-2756.0,HUL,25
5480.0,193.31964434285715,100.0,0.0,4.0,-2820.250365019555,-2746.3368854685095,HUL,25
5490.0,203.0,100.0,0.0,5.0,-2706.405383335597,-2727.7643293305337,HUL,25
5510.0,215.55395469473683,100.0,0.0,5.0,-2515.379410649214,-2697.837847038535,HUL,25
0.0,217.82500096,100.0,0.0,5.0,-2581.8928909629767,-2709.965916596484,VER,1
10.0,223.91944746666667,100.0,0.0,5.0,-2509.0,-2699.0,VER,1
30.0,237.0,100.0,0.0,6.0,-2334.920920303649,-2671.128907314241,VER,1
40.0,240.03000064,100.0,0.0,6.0,-2233.8157004007517,-2654.8199624264557,VER,1
50.0,246.53500288,100.0,0.0,6.0,-2119.5,-2637.0,VER,1
60.0,250.0,100.0,0.0,6.0,-2066.977155726705,-2629.0078390035087,VER,1
70.0,253.06428708571428,100.0,0.0,6.0,-1968.0,-2613.0,VER,1
80.0,256.0,100.0,0.0,6.0,-1876.1183890977063,-2598.2270500332106,VER,1
90.0,259.9000017454545,100.0,0.0,6.0,-1771.0,-2581.0,VER,1
110.0,268.02500053333335,100.0,0.0,7.0,-1496.3504932639435,-2534.2262767259163,VER,1
140.0,274.03112097105713,100.0,0.0,7.0,-1196.251746099426,-2485.2075352688744,VER,1
150.0,279.0,100.0,0.0,7.0,-991.7755799202507,-2450.5420098156433,VER,1
170.0,281.71499904,100.0,0.0,7.0,-861.3165275975832,-2427.967698510925,VER,1
190.0,285.0,100.0,0.0,7.0,-753.8082119931017,-2409.10484494671,VER,1
200.0,287.0222208,100.0,0.0,7.0,-654.0,-2392.0,VER,1
210.0,289.0,100.0,0.0,7.0,-514.8153981413321,-2368.773623903341,VER,1
220.0,289.50999936,100.0,0.0,7.0,-432.0,-2355.0,VER,1
230.0,290.0,100.0,0.0,7.0,-357.4011917104828,-2342.5572610378713,VER,2
240.0,290.81999872,100.0,0.0,7.0,-289.0,-2331.0,VER,2
250.0,292.0,100.0,0.0,7.0,-167.84899278208235,-2310.178224320065,VER,2
260.0,292.36428525714285,100.0,0.0,7.0,-65.0,-2292.0,VER,2
270.0,293.0,100.0,0.0,8.0,65.02661282814839,-2267.2299304223166,VER,2
280.0,293.7888881777778,100.0,0.0,8.0,159.0,-2249.0,VER,2
300.0,295.11071405714284,100.0,0.0,8.0,359.3900228140406,-2212.5990808642828,VER,2
320.0,296.0,100.0,0.0,8.0,561.222124145308,-2176.2013300736207,VER,2
330.0,296.0,100.0,0.0,8.0,595.0,-2170.0,VER,2
340.0,296.0,100.0,0.0,8.0,724.0,-2146.0,VER,2
360.0,296.0,100.0,0.0,8.0,928.1323980717212,-2108.1000297457263,VER,2
370.0,296.0,100.0,0.0,8.0,1044.2543562895812,-2086.4496662055826,VER,2
380.0,296.0,100.0,0.0,8.0,1128.0,-2071.0,VER,2
390.0,296.0,100.0,0.0,8.0,1212.2832732951283,-2055.5492402648633,VER,2
400.0,296.0,100.0,0.0,8.0,1354.1811932716414,-2029.7360260246023,VER,2
410.0,296.0,100.0,0.0,8.0,1457.302512443522,-2011.1934471871828,VER,2
430.0,296.0,100.0,0.0,8.0,1614.8448055908352,-1982.923034865084,VER,2
450.0,296.1055274183983,100.0,0.0,8.0,1914.0778172779324,-1927.4437621250759,VER,3
470.0,297.0,100.0,0.0,8.0,2118.1581062948435,-1889.6084920510386,VER,3
480.0,297.0,100.0,0.0,8.0,2317.7386799388223,-1853.0809342214598,VER,3
490.0,297.0,100.0,0.0,8.0,2335.0,-1850.0,VER,3
500.0,297.0,100.0,0.0,8.0,2441.353097969763,-1832.1014014021277,VER,3
520.0,297.0,100.0,0.0,8.0,2533.5611631388147,-1818.0142176242152,VER,3
530.0,297.0,100.0,0.0,8.0,2691.9825197674572,-1793.8311678787968,VER,3
540.0,297.0,100.0,0.0,8.0,2813.0,-1775.0,VER,3
550.0,297.0,100.0,0.0,8.0,2855.4450611438806,-1768.238998841145,VER,3
560.0,297.0,100.0,0.0,8.0,2976.0,-1749.0,VER,3
580.0,297.0,100.0,0.0,8.0,3241.150414472296,-1707.8762052509478,VER,3
610.0,297.0,85.20227025454545,0.0,8.0,3465.0,-1673.0,VER,3
620.0,297.0,83.0,0.0,8.0,3505.6237772404343,-1666.7652363529587,VER,3
630.0,289.5656224,35.5343584,0.0,8.0,3661.0,-1643.0,VER,3
640.0,284.0,0.0,1.0,8.0,3769.4676309990273,-1626.3655417863129,VER,3
650.0,266.5343704,0.0,1.0,8.0,3858.2759394713175,-1612.8964020839271,VER,3
660.0,243.83999232,0.0,1.0,8.0,3986.0,-1594.0,VER,3
670.0,228.81841211375558,0.0,1.0,8.0,4082.3870047179134,-1579.9210704532406,VER,4
680.0,214.0,0.0,1.0,8.0,4174.365498290689,-1565.6413668743753,VER,4
690.0,193.0,0.0,1.0,8.0,4301.157245113735,-1540.0791960634067,VER,4
700.0,179.0812568,0.0,1.0,8.0,4357.891481809784,-1527.2608053270483,VER,4
710.0,158.21786148571428,0.0,1.0,5.0,4477.5387233623005,-1495.6986072523741,VER,4
720.0,141.38889244444445,0.0,1.0,3.0,4592.454126733128,-1452.069302037757,VER,4
730.0,122.0,0.0,1.0,2.0,4687.894058558311,-1386.187773098264,VER,4
740.0,115.1785737142857,0.0,1.0,2.0,4724.9197960383235,-1333.842936994939,VER,4
750.0,106.62142994285713,0.0,1.0,2.0,4777.754550694908,-1233.5308866027328,VER,4
760.0,96.70000091428571,0.0,0.5,2.0,4795.499583542899,-1147.7165976861086,VER,4
770.0,88.57678689523809,0.0,0.5,1.25,4791.845414404519,-1022.3068365299273,VER,4
780.0,83.46333354666666,0.0,0.0,1.0,4770.14680626053,-932.5897205796895,VER,4
790.0,81.72395866666668,0.0,0.0,1.0,4754.776273596335,-901.7587958576133,VER,4
800.0,80.7471517800755,3.116930043547232,0.0,1.0,4708.422422296755,-830.4445158856448,VER,4
810.0,87.76196961603866,20.66322903591904,0.0,1.0,4623.99111929672,-759.7094030815649,VER,4
840.0,109.5375008,36.732237305263155,0.0,1.5,4409.319276256317,-710.0577339697315,VER,4
850.0,120.36604508946836,49.25078056028079,0.0,2.0,4273.459002190335,-714.2241873638566,VER,4
860.0,135.28412307117446,72.31894229871008,0.0,2.0,4195.791778677337,-719.0013575269436,VER,4
870.0,147.93867046107124,79.93867046107124,0.0,3.0,4093.029195742709,-728.1408070091377,VER,4
880.0,154.1164240699513,86.11642406995131,0.0,3.0,4034.0,-734.0,VER,4
890.0,165.86070492046707,97.86070492046706,0.0,3.5,3906.709132851659,-748.4711436432742,VER,5
900.0,179.78332586666667,100.0,0.0,4.0,3743.0,-767.0,VER,5
910.0,189.0,100.0,0.0,4.0,3679.890975270997,-773.7056539952601,VER,5
920.0,196.63999744,100.0,0.0,4.0,3611.797153328167,-780.4173802011178,VER,5
930.0,202.23999744,100.0,0.0,5.0,3500.8045314307406,-791.3233540598799,VER,5
940.0,209.0,100.0,0.0,5.0,3406.111959404266,-799.725236130416,VER,5
950.0,211.3249952,100.0,0.0,5.0,3367.0,-803.0,VER,5
960.0,221.0291648,100.0,0.0,5.0,3173.63502677308,-818.9472230249698,VER,5
980.0,228.0,100.0,0.0,5.0,3065.341821369699,-828.1720063907791,VER,5
990.0,237.5499968,100.0,0.0,5.5,2931.951893195982,-839.7844164913453,VER,5
1000.0,245.21428114285715,100.0,0.0,6.0,2698.0,-860.0,VER,5
1010.0,248.0,100.0,0.0,6.0,2652.343316193401,-863.8916794692047,VER,5
1020.0,254.02499840000002,100.0,0.0,6.0,2601.4424480985363,-867.9642835173306,VER,5
1040.0,259.0,100.0,0.0,6.0,2465.4404211128276,-879.0929809871622,VER,5
1050.0,261.8333297777778,100.0,0.0,6.0,2386.0,-886.0,VER,5
1060.0,265.1666631111111,100.0,0.0,6.0,2299.0,-894.0,VER,5
1070.0,269.0,100.0,0.0,7.0,2198.3182139575188,-902.7149136036885,VER,5
1080.0,272.9812472,100.0,0.0,7.0,2061.0,-914.0,VER,5
1090.0,276.0,100.0,0.0,7.0,1953.0325025390373,-922.9998396954543,VER,5
1100.0,277.5499968,100.0,0.0,7.0,1907.0,-927.0,VER,5
1110.0,283.01499904,100.0,0.0,7.0,1732.1999175335127,-942.8957174981203,VER,6
1130.0,286.0124992,100.0,0.0,7.0,1448.0396397233176,-966.9125190070504,VER,6
1150.0,289.19642742857144,100.0,0.0,7.0,1325.7746973134583,-977.4100842755724,VER,6
1170.0,294.0,100.0,0.0,7.0,1039.4672597155059,-1002.2528383503693,VER,6
1180.0,295.0251253307742,100.0,0.0,7.0,951.0,-1010.0,VER,6
1190.0,296.0,100.0,0.0,8.0,905.4223021085925,-1014.0914397032727,VER,6
1200.0,298.0375008,100.0,0.0,8.0,852.0,-1019.0,VER,6
1210.0,299.0,100.0,0.0,8.0,798.3203387385154,-1023.7376272278716,VER,6
1220.0,299.75750016,100.0,0.0,8.0,653.0559147381226,-1036.4582489439113,VER,6
1250.0,302.35833386666667,100.0,0.0,8.0,303.0,-1067.0,VER,6
1260.0,304.0,100.0,0.0,8.0,196.5134280955838,-1076.1149944196472,VER,6
1270.0,304.5187504,100.0,0.0,8.0,152.0,-1080.0,VER,6
1280.0,305.0,100.0,0.0,8.0,102.4009257585461,-1084.4053493261383,VER,6
1290.0,305.46363694545454,100.0,0.0,8.0,-84.0,-1101.0,VER,6
1310.0,306.0,100.0,0.0,8.0,-401.853200103695,-1128.7244785755665,VER,6
1320.0,306.0,100.0,0.0,8.0,-405.0,-1129.0,VER,6
1330.0,306.0,100.0,0.0,8.0,-514.9531248503682,-1138.7409315593513,VER,7
1350.0,306.0,100.0,0.0,8.0,-600.6613480102701,-1146.3681936193084,VER,7
1370.0,306.0,100.0,0.0,8.0,-795.0,-1163.0,VER,7
1380.0,306.0,100.0,0.0,8.0,-929.2038046105913,-1174.9290107682136,VER,7
1400.0,306.0,100.0,0.0,8.0,-1097.8774382737936,-1189.9004054090951,VER,7
1410.0,306.0,100.0,0.0,8.0,-1370.0,-1214.0,VER,7
1440.0,306.0,100.0,0.0,8.0,-1612.3197405236647,-1234.7670114090256,VER,7
1450.0,306.0,100.0,0.0,8.0,-1709.0,-1243.0,VER,7
1470.0,306.0,100.0,0.0,8.0,-1818.7192525026894,-1252.7309330385633,VER,7
1490.0,306.0,100.0,0.0,8.0,-1980.0,-1267.0,VER,7
1500.0,306.0,100.0,0.0,8.0,-2125.355546361993,-1279.61276137369,VER,7
1510.0,306.0,100.0,0.0,8.0,-2268.0,-1292.0,VER,7
1530.0,306.0,100.0,0.0,8.0,-2421.891079900269,-1305.813972391346,VER,7
1550.0,306.0,100.0,0.0,8.0,-2671.0,-1328.0,VER,8
1560.0,306.0,100.0,0.0,8.0,-2789.824624027881,-1338.2915375404884,VER,8
1580.0,306.0,100.0,0.0,8.0,-3043.0,-1360.0,VER,8
1590.0,306.0,100.0,0.0,8.0,-3094.1788587280207,-1364.4671917553133,VER,8
1600.0,306.0,100.0,0.0,8.0,-3145.0,-1369.0,VER,8
1610.0,306.0,100.0,0.0,8.0,-3277.046445339374,-1380.5469828309951,VER,8
1630.0,305.43888924444445,80.36112355555555,0.0,8.0,-3467.0,-1397.0,VER,8
1640.0,305.0,65.0,0.0,8.0,-3600.8957392488705,-1408.6507174667638,VER,8
1650.0,304.1000016,35.750052,0.0,8.0,-3661.0,-1414.5,VER,8
1660.0,303.0,0.0,1.0,8.0,-3731.8312602134456,-1421.3626044529615,VER,8
1680.0,280.01001216,0.0,1.0,8.0,-3931.0,-1438.0,VER,8
1690.0,262.48000767999997,0.0,1.0,8.0,-4141.033138420461,-1456.2244186554612,VER,8
1700.0,241.0,0.0,1.0,8.0,-4233.92422680161,-1465.0231398970245,VER,8
1710.0,217.1125168,0.0,1.0,8.0,-4273.0,-1469.0,VER,8
1720.0,199.0,0.0,1.0,6.0,-4356.859409873055,-1475.8036626725157,VER,8
1730.0,189.2897701818182,0.0,1.0,6.0,-4488.709693038687,-1485.272151462694,VER,8
1740.0,163.715904,0.0,1.0,6.0,-4604.0,-1487.0,VER,8
1750.0,151.4249984,0.0,1.0,5.0,-4683.3362257225945,-1484.5889244008893,VER,8
1760.0,134.9249984,0.0,1.0,4.0,-4812.416287860173,-1471.6945436986848,VER,8
1770.0,127.4249984,0.0,1.0,2.5,-4861.662785487905,-1459.5535610542186,VER,9
1780.0,114.55370287407408,0.0,1.0,2.0,-4970.957402482978,-1401.140417139787,VER,9
1790.0,98.21249920000001,0.0,1.0,2.0,-5053.865543006544,-1321.669046655242,VER,9
1800.0,87.1762767722336,0.0,1.0,1.3333333333333333,-5110.254261392903,-1206.7046219281306,VER,9
1810.0,78.62500088888889,0.0,1.0,1.0,-5127.287209908389,-1100.7099200758032,VER,9
1820.0,73.24236174814816,0.0,0.3333333333333333,1.0,-5120.171303372183,-1025.3979885868023,VER,9
1830.0,69.41750048,4.74749856,0.0,1.0,-5080.5637044276355,-921.3975190812037,VER,9
1840.0,73.145832,14.2406236,0.0,1.0,-5029.957392269666,-859.8332720954483,VER,9
1850.0,81.69999920000001,18.222915733333334,0.0,1.0,-4944.552350036418,-801.4678742148461,VER,9
1860.0,88.61999872,23.809999360000003,0.0,1.0,-4765.214942961685,-796.9794783062986,VER,9
1870.0,95.35356937142856,25.471425828571427,0.0,1.0,-4689.757582717006,-819.917693701401,VER,9
1880.0,105.7249996,38.9875028,0.0,1.0,-4584.712479483105,-862.0069080337876,VER,9
1890.0,103.78750026666667,2.7791728,0.6666666666666666,1.0,-4472.590654064821,-893.6591628730756,VER,9
1900.0,95.14437656,0.0,1.0,1.0,-4377.974997460256,-907.7977719583006,VER,9
1910.0,84.16515500612842,0.0,1.0,1.0,-4265.643630862498,-897.9543109287846,VER,9
1920.0,77.3403644,0.0,0.0,1.0,-4192.371971620694,-838.3676236472945,VER,9
1930.0,74.36874986666666,2.5500032,0.0,1.0,-4148.045435443307,-720.3459955220329,VER,9
1940.0,77.92916693333333,13.28611128888889,0.0,1.0,-4137.224571966304,-621.1782674477885,VER,9
1950.0,84.850745774412,21.233830516274665,0.0,1.0,-4147.291339133429,-541.5435319331795,VER,9
1960.0,90.06249866666667,25.487498133333332,0.0,1.0,-4159.640652555994,-497.9300289491164,VER,9
1970.0,101.01999871999999,38.33666645333333,0.0,1.0,-4233.345560038154,-368.82840729309214,VER,9
1980.0,112.843748,43.7062488,0.0,1.5,-4296.8268794966025,-294.64659701044513,VER,9
1990.0,124.1374932,58.43749,0.0,2.0,-4349.0,-232.5,VER,10
2000.0,136.36666453333333,72.61999872,0.0,2.3333333333333335,-4399.3517914562535,-157.09738595003117,VER,10
2010.0,152.85999615999998,87.76499584,0.0,3.0,-4470.605421827593,-14.885431004052146,VER,10
2030.0,169.0,92.96071222857142,0.0,4.0,-4511.002793240619,111.13596471553728,VER,10
2040.0,170.8374944,100.0,0.0,4.0,-4533.14249866744,221.44987559874306,VER,10
2050.0,186.6749888,100.0,0.0,4.0,-4547.0,315.0,VER,10
2060.0,198.52499840000002,100.0,0.0,4.0,-4560.140671972809,443.6960714095918,VER,10
2070.0,201.0,100.0,0.0,5.0,-4565.419634045546,517.1486953167863,VER,10
2090.0,208.57777635555556,100.0,0.0,5.0,-4563.737243911951,718.6275915047441,VER,10
2100.0,209.0,100.0,0.0,5.0,-4559.69298244346,820.4099777263954,VER,10
2110.0,214.6833216,100.0,0.0,5.0,-4558.0,852.0,VER,10
2120.0,230.1749941333333,100.0,0.0,5.0,-4551.6164472513865,958.944544674977,VER,10
2130.0,236.0499968,100.0,0.0,5.0,-4542.0,1095.0,VER,10
2140.0,240.0,100.0,0.0,6.0,-4535.027846578775,1180.55415403916,VER,10
2160.0,246.44583146666668,100.0,0.0,6.0,-4505.356593538378,1356.3852641585631,VER,10
2170.0,249.29466981998937,100.0,0.0,6.0,-4465.0,1536.0,VER,10
2180.0,253.0,100.0,0.0,6.0,-4412.977974628555,1704.3554581417955,VER,10
2190.0,255.0,100.0,0.0,6.0,-4367.0424895325505,1800.9750058614902,VER,10
2200.0,255.4312512,100.0,0.0,6.0,-4362.0,1811.0,VER,10
2210.0,258.0,100.0,0.0,6.0,-4332.984594107187,1866.179618087361,VER,11
2220.0,259.38625024,100.0,0.0,6.0,-4280.516668236287,1946.472788418174,VER,11
2280.0,264.93625024,100.0,0.0,6.5,-3898.949456296659,2314.1159408138465,VER,11
2300.0,266.93928594285717,100.0,0.0,7.0,-3715.2286152897022,2424.398993130504,VER,11
2310.0,267.0,100.0,0.0,7.0,-3499.0,2528.0,VER,11
2320.0,267.0,100.0,0.0,7.0,-3388.0,2571.0,VER,11
2330.0,267.0,100.0,0.0,7.0,-3290.689950766168,2602.8232852232245,VER,11
2340.0,267.40999936,100.0,0.0,7.0,-3230.0,2622.0,VER,11
2350.0,268.30999936,100.0,0.0,7.0,-3102.0,2661.0,VER,11
2360.0,269.0,100.0,0.0,7.0,-3002.5028406591805,2690.6792257200377,VER,11
2370.0,270.0,100.0,0.0,7.0,-2857.9019121684487,2733.8118752232904,VER,11
2380.0,270.30999936,100.0,0.0,7.0,-2815.0,2747.0,VER,11
2390.0,270.95499968,100.0,0.0,7.0,-2721.1324109321868,2776.4824743945837,VER,11
2400.0,271.8416661333333,100.0,0.0,7.0,-2499.0,2847.0,VER,11
2410.0,272.0,100.0,0.0,7.0,-2462.9514706577484,2858.6767033423016,VER,11
2440.0,274.0,100.0,0.0,7.0,-2195.091954712241,2951.0141797424085,VER,12
2460.0,274.0,100.0,0.0,7.0,-2055.0,3002.0,VER,12
2470.0,274.0,100.0,0.0,7.0,-1977.5227548622925,3030.684927569324,VER,12
2480.0,274.3388885333333,100.0,0.0,7.0,-1883.0,3066.0,VER,12
2500.0,275.4249994666667,100.0,0.0,7.0,-1612.382779537646,3168.422116591822,VER,12
2510.0,277.0,100.0,0.0,7.0,-1477.9478594578425,3220.3077787652956,VER,12
2530.0,277.0,100.0,0.0,7.0,-1341.0,3276.0,VER,12
2540.0,277.0,100.0,0.0,7.0,-1298.0,3294.0,VER,12
2550.0,277.0,100.0,0.0,7.0,-1232.6035488341156,3321.538576419617,VER,12
2560.0,278.0,97.37500800000001,0.0,7.0,-1122.331612532872,3368.3379235410703,VER,12
2580.0,278.0,67.37500800000001,0.0,7.0,-950.613991111323,3442.270816762328,VER,12
2590.0,276.0,0.0,0.0,7.0,-747.0361925637862,3534.2932893971715,VER,12
2600.0,274.25834346666664,0.0,0.0,7.0,-730.0,3542.0,VER,12
2610.0,257.0,0.0,1.0,7.0,-616.925560971348,3592.461001200011,VER,12
2620.0,247.9000064,0.0,1.0,7.0,-520.0,3635.0,VER,12
2630.0,245.0,0.0,1.0,7.0,-475.50204028692417,3654.611037178038,VER,12
2640.0,214.70001919999999,0.0,1.0,7.0,-303.0,3731.0,VER,12
2650.0,197.0,0.0,1.0,6.0,-234.8212833036403,3761.7233033310017,VER,13
2660.0,186.80335328135493,0.0,1.0,6.0,-157.00507112978698,3796.341024568696,VER,13
2670.0,162.0,0.0,1.0,5.0,-71.78074363930044,3828.723838975201,VER,13
2680.0,139.41624768,0.0,1.0,4.0,26.97018183381974,3858.7103317232204,VER,13
2690.0,129.081248,0.0,1.0,3.0,111.10287438521141,3871.172283509897,VER,13
2700.0,123.57142857142857,0.0,1.0,3.0,203.41996727100502,3867.5769483237927,VER,13
2710.0,112.73749973333334,0.0,0.6666666666666666,3.0,316.5958095949389,3819.066806466921,VER,13
2720.0,107.05499904,0.0,0.0,3.0,406.01375145667805,3748.385109186409,VER,13
2730.0,103.0427049008327,8.200531780418837,0.0,3.0,452.13842007815373,3688.4446062484053,VER,13
2740.0,103.0,16.0249984,0.0,3.0,498.756060702014,3607.1291712128163,VER,13
2750.0,108.27187359999999,25.531247999999998,0.0,3.0,541.2680727786386,3493.8921828160555,VER,13
2760.0,121.59166435555557,43.158330311111115,0.0,3.0,569.6674423563614,3355.355231647639,VER,13
2770.0,123.0,51.0,0.0,3.0,575.888672615475,3301.109958484135,VER,13
2780.0,132.68957964444442,60.83124613333334,0.0,3.0,583.4330684921265,3215.849276008328,VER,13
2790.0,146.0,75.0,0.0,3.0,594.9393935830849,3095.94068399732,VER,13
2800.0,155.0,95.0,0.0,3.0,609.8939670721603,2949.3343899102815,VER,13
2810.0,155.0,95.0,0.0,4.0,615.7463732701476,2897.497609036152,VER,13
2820.0,179.0374976,100.0,0.0,4.0,622.9485975058506,2844.3819914318083,VER,13
2830.0,189.5374976,100.0,0.0,4.0,641.7758865037785,2703.1078314364086,VER,13
2840.0,193.6437488,100.0,0.0,4.0,654.2551344050123,2611.1849395484137,VER,13
2850.0,198.5499968,100.0,0.0,4.0,671.0,2500.0,VER,13
2860.0,202.11944213333334,100.0,0.0,5.0,692.1452110566347,2362.4150120569,VER,13
2880.0,214.58571337142857,100.0,0.0,5.0,718.4680869162012,2209.370763070973,VER,14
2900.0,219.06249866666667,100.0,0.0,5.0,761.7968665581918,1995.7892613783433,VER,14
2910.0,223.0,100.0,0.0,5.0,795.3531478312664,1852.6514891407642,VER,14
2930.0,226.26249919999998,100.0,0.0,5.0,837.0916183604013,1709.3130004974,VER,14
2950.0,230.0050122129382,100.0,0.0,5.0,877.8127636248307,1592.4874823700156,VER,14
2960.0,231.21303252356452,100.0,0.0,5.0,936.0,1450.0,VER,14
2970.0,232.1343752,100.0,0.0,6.0,986.5687391876818,1347.1263289515227,VER,14
2980.0,233.0,100.0,0.0,6.0,1029.8966430433488,1269.533509650962,VER,14
2990.0,233.0,100.0,0.0,6.0,1092.7560461116022,1171.314495486799,VER,14
3010.0,234.4625008,100.0,0.0,6.0,1194.0,1045.0,VER,14
3020.0,235.0,100.0,0.0,6.0,1231.9523523535868,1004.4171678005293,VER,14
3080.0,236.0,82.0,0.0,6.0,1708.4567933922408,714.4231748219889,VER,14
3090.0,236.0,72.9500032,0.0,6.0,1874.0812193602637,684.260325383658,VER,15
3100.0,235.2458336,72.0,0.0,6.0,2048.641012757888,663.048040195695,VER,15
3120.0,235.0,57.6312576,0.0,6.0,2191.0,668.0,VER,15
3130.0,235.0,53.0,0.0,6.0,2254.4534947579004,680.6107609928505,VER,15
3140.0,235.0,57.7749984,0.0,6.0,2429.5667116609698,721.7868627541175,VER,15
3160.0,235.0,100.0,0.0,6.0,2590.4915135168208,789.2006528473672,VER,15
3170.0,235.0,100.0,0.0,6.0,2682.9279180345857,839.649919815471,VER,15
3180.0,235.0,100.0,0.0,6.0,2707.0,854.0,VER,15
3190.0,235.0,100.0,0.0,6.0,2821.2205849141146,936.9389702034289,VER,15
3200.0,235.0,100.0,0.0,6.0,2905.977924249177,1017.0282044367631,VER,15
3210.0,237.0,100.0,0.0,6.0,2998.2648090651255,1119.3250768440269,VER,15
3220.0,237.0,93.07002112,0.0,6.0,3018.0,1140.0,VER,15
3230.0,237.0,67.0,0.0,6.0,3093.216269423263,1211.7281802821726,VER,15
3240.0,237.80499967999998,46.07000832,0.0,6.0,3176.0874941631837,1275.4338627728284,VER,15
3250.0,236.54285897142856,42.82142628571429,0.0,6.0,3253.0,1324.0,VER,15
3260.0,234.0,45.81666773333333,0.0,6.0,3361.63857895173,1376.9372345814131,VER,15
3270.0,234.0,42.15000106666667,0.0,6.0,3562.7572958714804,1434.60484438343,VER,15
3290.0,232.0,45.0,0.0,6.0,3674.3074749827642,1449.739112888741,VER,15
3300.0,232.0,50.124992,0.0,6.0,3711.0,1450.0,VER,15
3310.0,232.34166613333332,64.44165973333332,0.0,6.0,3836.5429988252654,1447.9279905317758,VER,16
3330.0,235.0187488,99.0,0.0,6.0,4082.314589457058,1407.1690685195563,VER,16
3340.0,238.0,99.0,0.0,6.0,4177.671801632102,1379.2706237821887,VER,16
3360.0,239.8812496,99.9406248,0.0,6.0,4327.590098280181,1308.059572479033,VER,16
3370.0,242.69999786666668,100.0,0.0,6.0,4432.0,1244.0,VER,16
3390.0,246.14578535760998,100.0,0.0,6.0,4548.986763406531,1150.9709430724017,VER,16
3410.0,248.88382726581966,100.0,0.0,6.0,4746.0,953.0,VER,16
3420.0,249.0,100.0,0.0,6.0,4753.906835256048,944.2363985170748,VER,16
3430.0,250.81500032,100.0,0.0,6.0,4836.213377231708,849.162622885998,VER,16
3440.0,252.52696973784984,100.0,0.0,6.0,4925.0,739.0,VER,16
3450.0,253.42677804996396,100.0,0.0,6.0,4972.106782872392,678.3287355549996,VER,16
3460.0,255.0,100.0,0.0,6.0,5045.15224429364,584.4055172738267,VER,16
3470.0,255.85833386666667,100.0,0.0,6.0,5101.0,517.0,VER,16
3480.0,257.0409253528197,100.0,0.0,6.0,5223.224131258925,375.1125662140358,VER,16
3500.0,258.0,100.0,0.0,6.0,5344.468231317067,237.31903800720195,VER,16
3520.0,258.0,100.0,0.0,6.0,5411.516353568438,160.90506933096606,VER,16
3530.0,258.0,100.0,0.0,6.0,5483.0,78.0,VER,17
3540.0,258.0,100.0,0.0,6.0,5611.307670533747,-64.54650097370018,VER,17
3550.0,258.4249994666667,100.0,0.0,6.0,5675.0,-135.0,VER,17
3560.0,259.0,100.0,0.0,7.0,5724.334969643248,-190.69473833756592,VER,17
3570.0,259.0,100.0,0.0,7.0,5770.0,-243.0,VER,17
3580.0,259.0,100.0,0.0,7.0,5793.470493870968,-269.111378791346,VER,17
3590.0,259.9875008,99.750016,0.0,7.0,5895.503695142539,-382.4385190739778,VER,17
3610.0,256.9750016,39.500032000000004,0.0,7.0,6009.5,-514.0,VER,17
3620.0,255.0,0.0,1.0,7.0,6082.691761263549,-599.0155328785202,VER,17
3630.0,240.9000064,0.0,1.0,7.0,6145.32291285244,-671.5951955512169,VER,17
3640.0,226.8500096,0.0,1.0,7.0,6222.0,-761.0,VER,17
3650.0,215.52187759999998,0.0,1.0,7.0,6287.390669792565,-846.8245174001707,VER,17
3660.0,205.0,0.0,1.0,6.0,6363.030602391239,-972.5128145691218,VER,17
3670.0,201.4500032,0.0,1.0,6.0,6392.0,-1043.0,VER,17
3680.0,199.0,0.0,0.0,5.0,6407.391313621996,-1092.4796898819689,VER,17
3690.0,194.60416800000002,0.8791664,0.0,5.0,6425.056883366845,-1206.9358214722492,VER,17
3700.0,189.72500159999998,1.2749983999999999,0.0,5.0,6421.642241690731,-1351.9754747331513,VER,17
3710.0,184.0,7.0,0.0,5.0,6403.333936572676,-1466.100030408199,VER,17
3720.0,181.62142994285713,38.714267428571425,0.0,5.0,6373.0,-1561.0,VER,17
3730.0,181.31499904,47.10499968,0.0,5.0,6359.116518367872,-1597.8163665103734,VER,17
3740.0,184.0,48.0,0.0,5.0,6311.404032429171,-1696.0965335380977,VER,17
3750.0,187.01428479999998,53.2749984,0.0,5.0,6250.258033783936,-1797.3372446224394,VER,18
3760.0,190.16428434285714,56.44285622857143,0.0,5.0,6178.0,-1887.0,VER,18
3770.0,191.37499885714286,57.374998857142856,0.0,5.0,6142.02846833518,-1924.1320099971522,VER,18
3780.0,196.24444302222224,62.336109155555555,0.0,5.0,6029.093920381021,-2013.8251229620064,VER,18
3800.0,202.91110968888887,71.50277582222222,0.0,5.0,5881.23980572666,-2085.3022162532125,VER,18
3810.0,208.5374976,82.0749952,0.0,5.0,5799.021505228535,-2113.5555249829667,VER,18
3820.0,213.79958131423717,90.69937197135577,0.0,5.0,5687.0,-2141.0,VER,18
3840.0,219.6242196406058,99.43632946090868,0.0,5.0,5521.925724006492,-2172.9319715316324,VER,18
3850.0,224.78855502784793,100.0,0.0,5.5,5392.98891866071,-2193.7443546610475,VER,18
3860.0,228.55889574763907,100.0,0.0,6.0,5298.0,-2206.0,VER,18
3880.0,234.2857147440031,100.0,0.0,6.0,5077.024594779265,-2222.469292425105,VER,18
3890.0,239.0,100.0,0.0,6.0,4884.643367891997,-2228.6080515130116,VER,18
3900.0,241.02904482333358,100.0,0.0,6.0,4795.0,-2230.0,VER,18
3910.0,242.0,100.0,0.0,6.0,4769.3012644488845,-2230.5579434811357,VER,18
3920.0,247.687496,100.0,0.0,6.0,4713.0,-2233.0,VER,18
3930.0,252.0,100.0,0.0,6.0,4611.964592244368,-2238.1169552659135,VER,18
3950.0,256.01499904,100.0,0.0,6.0,4389.721134620517,-2249.9591401963216,VER,18
3960.0,259.0,100.0,0.0,6.0,4280.823068573566,-2256.6521879040138,VER,18
3970.0,260.52999808,100.0,0.0,6.0,4231.0,-2260.0,VER,19
3980.0,262.0,100.0,0.0,7.0,4177.929920708131,-2263.610842328574,VER,19
3990.0,264.2749984,100.0,0.0,7.0,4026.0,-2274.0,VER,19
4000.0,266.0,100.0,0.0,7.0,3817.7563216636145,-2288.1441605618975,VER,19
4010.0,266.0,100.0,0.0,7.0,3715.60232276835,-2294.740713833443,VER,19
4030.0,268.86499904,100.0,0.0,7.0,3666.7118061255005,-2297.250195541636,VER,19
4050.0,271.1937496,100.0,0.0,7.0,3426.0057139280843,-2312.381201954127,VER,19
4060.0,272.0,100.0,0.0,7.0,3331.7471136241315,-2318.997049746482,VER,19
4070.0,272.3874992,100.0,0.0,7.0,3281.0,-2323.0,VER,19
4090.0,274.06111075555555,100.0,0.0,7.0,2988.7673889726293,-2349.0946539583747,VER,19
4110.0,276.0,100.0,0.0,7.0,2806.78712179771,-2367.169819598533,VER,19
4120.0,276.5749992,100.0,0.0,7.0,2742.0,-2374.0,VER,19
4130.0,277.0,100.0,0.0,7.0,2689.978248688007,-2379.4572004068186,VER,19
4150.0,277.9678569142857,100.0,0.0,7.0,2483.1454433839663,-2400.7365159706414,VER,19
4160.0,271.7954589090909,58.63639272727273,0.0,7.0,2337.0,-2417.0,VER,19
4180.0,262.81501184,0.0,1.0,7.0,2148.580422016359,-2438.928611335581,VER,19
4190.0,224.70750752,0.0,1.0,7.0,2033.750280826911,-2453.8628389225037,VER,20
4200.0,202.26501504,0.0,1.0,7.0,1846.0,-2478.0,VER,20
4210.0,179.0,0.0,1.0,6.0,1783.8053202911792,-2486.2077871145393,VER,20
4220.0,168.63001088,0.0,1.0,6.0,1761.0,-2490.0,VER,20
4230.0,145.66714770285714,0.0,1.0,4.666666666666667,1633.6164828009348,-2511.1172193642137,VER,20
4240.0,137.0,0.0,1.0,3.0,1525.3379886951502,-2531.885128152504,VER,20
4250.0,134.43260816006512,0.0,1.0,2.0,1453.8389301228042,-2549.036204914439,VER,20
4260.0,94.3573668641479,0.0,1.0,1.5,1332.882530568208,-2596.340477378758,VER,20
4270.0,85.479108891334,0.0,1.0,1.0,1264.0573526802057,-2652.8240488728197,VER,20
4280.0,79.69809034491907,0.38249952,0.6,1.0,1227.2434592504687,-2741.491652972439,VER,20
4290.0,75.5027776,8.0111104,0.0,1.0,1236.9612623695655,-2847.878654488892,VER,20
4300.0,79.12121115151514,15.618180072727272,0.0,1.0,1281.783819783175,-2922.8197771005857,VER,20
4310.0,88.06818036363637,26.068180363636365,0.0,1.0,1368.9037314263933,-3010.448433595895,VER,20
4320.0,92.2409053090909,31.0999936,0.0,1.0,1388.0,-3025.0,VER,20
4330.0,103.73408901818182,50.5499968,0.0,1.0,1487.1442804751955,-3088.32329139163,VER,20
4340.0,117.68749600000001,58.35499754666666,0.0,1.6666666666666667,1637.2846686479006,-3177.1064387739775,VER,20
4350.0,130.8321398857143,65.87142765714286,0.0,2.0,1743.7106537944067,-3238.7833077662285,VER,20
4360.0,141.04062240000002,69.01249920000001,0.0,3.0,1808.600483692473,-3277.749875546337,VER,20
4370.0,152.82187240000002,72.63749920000001,0.0,3.0,1946.4470934899107,-3367.990957976056,VER,20
4380.0,163.67856914285716,70.09642925714286,0.0,3.5,2045.5819710761739,-3451.6681597690877,VER,20
4390.0,170.1541648,77.03333119999999,0.0,4.0,2138.475644835681,-3558.0310124272055,VER,20
4410.0,175.859374,99.3812456,0.0,4.0,2221.5225109505996,-3707.5270844933484,VER,21
4430.0,191.0,100.0,0.0,4.0,2270.3019665434845,-3882.3865555123693,VER,21
4440.0,191.5249984,100.0,0.0,4.0,2273.5,-3905.0,VER,21
4450.0,195.1312496,100.0,0.0,4.0,2291.202947318712,-4065.66175070145,VER,21
4460.0,196.68333226666667,100.0,0.0,5.0,2294.943366775051,-4164.343531934619,VER,21
4480.0,202.1527768888889,100.0,0.0,5.0,2281.788230484658,-4346.8872595576195,VER,21
4490.0,204.24999822222222,100.0,0.0,5.0,2269.0,-4431.0,VER,21
4500.0,207.01612938744387,100.0,0.0,5.0,2243.226775521264,-4542.163497475596,VER,21
4510.0,208.75269006636736,100.0,0.0,5.0,2217.0,-4631.0,VER,21
4520.0,210.0,100.0,0.0,5.0,2198.3333864604538,-4689.265069519532,VER,21
4530.0,210.47499946666667,93.43749333333334,0.0,5.0,2158.3074411140706,-4795.665190081129,VER,21
4540.0,207.28333226666666,53.541653333333336,0.0,5.0,2091.0,-4948.0,VER,21
4550.0,203.0,0.0,1.0,5.0,2038.5259616738763,-5045.859323612234,VER,21
4570.0,202.9093808,0.0,1.0,5.0,1973.3010374261316,-5149.553054817207,VER,21
4580.0,174.0,0.0,1.0,5.0,1877.7167999776068,-5273.620826445848,VER,21
4590.0,167.9250048,0.0,1.0,5.0,1820.0,-5338.5,VER,21
4600.0,159.0,0.0,1.0,4.0,1726.628509946711,-5425.045687909083,VER,21
4610.0,151.72222577777777,0.0,1.0,4.0,1627.0,-5482.0,VER,21
4620.0,147.578126,0.0,0.0,4.0,1579.397971052507,-5495.926668250839,VER,21
4630.0,143.39000063999998,4.5749952,0.0,4.0,1477.1074950970394,-5507.475190888981,VER,22
4640.0,140.59000064,25.5749952,0.0,4.0,1364.8283932482946,-5504.359867967374,VER,22
4650.0,143.27499840000002,39.824995200000004,0.0,4.0,1292.635339276008,-5492.711033330956,VER,22
4660.0,146.27499840000002,42.412497599999995,0.0,4.0,1216.355552819163,-5468.308559800476,VER,22
4670.0,151.77499840000002,50.6624976,0.0,4.0,1095.1055199054135,-5407.889564093984,VER,22
4680.0,157.0458304,67.041664,0.0,4.0,1014.3066458888771,-5350.270155536738,VER,22
4690.0,168.0,77.0,0.0,4.0,912.705054499736,-5259.135414350344,VER,22
4700.0,173.0999936,84.3312408,0.0,4.0,865.0,-5216.0,VER,22
4710.0,184.0,100.0,0.0,4.0,749.6495388080351,-5111.5183880938275,VER,22
4720.0,184.0,100.0,0.0,5.0,704.8286340026898,-5071.313659804836,VER,22
4730.0,187.48499456000002,100.0,0.0,5.0,651.0956011079048,-5023.712297208643,VER,22
4740.0,202.9124976,100.0,0.0,5.0,568.0855725455519,-4948.854061356393,VER,22
4760.0,212.6624976,100.0,0.0,5.0,454.40111744322826,-4846.667225419409,VER,22
4770.0,227.03214079999998,100.0,0.0,5.0,399.4180625630461,-4797.372902980605,VER,22
4790.0,236.01249919999998,100.0,0.0,6.0,215.62590309950622,-4633.55829214028,VER,22
4800.0,238.0,100.0,0.0,6.0,131.15957796122802,-4558.135553832866,VER,22
4810.0,243.0,100.0,0.0,6.0,67.72162814287621,-4501.330387526743,VER,22
4820.0,244.51249919999998,100.0,0.0,6.0,19.190705025824684,-4457.821078072142,VER,22
4840.0,251.0,100.0,0.0,6.0,-99.60695032009289,-4351.236145361527,VER,22
4850.0,251.92066562164467,100.0,0.0,6.0,-130.0,-4324.0,VER,23
4860.0,254.8434225343155,100.0,0.0,6.0,-235.0,-4230.0,VER,23
4880.0,258.0093752,100.0,0.0,6.0,-350.20304650045495,-4126.718108342373,VER,23
4890.0,259.0068028632513,100.0,0.0,6.0,-436.1746430114522,-4049.718501639408,VER,23
4910.0,260.102040626776,100.0,0.0,6.0,-569.0,-3940.0,VER,23
4920.0,260.95918340099047,100.0,0.0,6.5,-683.0156155308126,-3863.0165439349025,VER,23
4930.0,261.0,100.0,0.0,7.0,-871.2667836739245,-3766.999676792273,VER,23
4950.0,259.8687504,100.0,0.0,7.0,-986.4304934583045,-3734.5564589562246,VER,23
4970.0,258.0,100.0,0.0,7.0,-1233.4383934861926,-3713.3412427165617,VER,23
4980.0,257.49000064,100.0,0.0,7.0,-1332.0,-3715.0,VER,23
4990.0,257.0,100.0,0.0,7.0,-1421.3474385159934,-3725.8122456318115,VER,23
5000.0,256.0,100.0,0.0,7.0,-1582.833923693143,-3769.0194347604283,VER,23
5010.0,256.0,100.0,0.0,7.0,-1655.6527671203444,-3793.3247838686298,VER,23
5040.0,255.05277795555554,100.0,0.0,7.0,-1817.0103954942888,-3867.238256423169,VER,23
5050.0,255.0,100.0,0.0,7.0,-1934.0,-3929.0,VER,23
5060.0,255.0,100.0,0.0,7.0,-2004.6101129040062,-3965.8315641796157,VER,23
5070.0,255.0,100.0,0.0,7.0,-2175.0,-4054.0,VER,24
5080.0,255.0,100.0,0.0,7.0,-2245.6294631333526,-4090.223642804771,VER,24
5100.0,256.64999954285713,100.0,0.0,7.0,-2383.813977765213,-4129.910656066684,VER,24
5110.0,257.0,100.0,0.0,7.0,-2552.0,-4173.0,VER,24
5120.0,257.0,100.0,0.0,7.0,-2689.627358031751,-4198.691740381798,VER,24
5140.0,256.89500032,100.0,0.0,7.0,-2810.177501578411,-4199.216078025647,VER,24
5150.0,256.0,100.0,0.0,7.0,-2910.9820744375766,-4196.335202125906,VER,24
5160.0,256.0,100.0,0.0,7.0,-2977.0,-4191.0,VER,24
5170.0,255.61250080000002,80.62504,1.0,7.0,-3097.46382232368,-4173.546487241665,VER,24
5180.0,254.0,0.0,1.0,7.0,-3181.5122686602936,-4158.999774426527,VER,24
5190.0,236.937512,0.0,1.0,7.0,-3306.0,-4128.0,VER,24
5200.0,224.0,0.0,1.0,7.0,-3440.732743981185,-4081.26200384494,VER,24
5210.0,218.53334186666666,0.0,1.0,7.0,-3513.0,-4054.0,VER,24
5220.0,208.0,0.0,1.0,7.0,-3599.9747973841436,-4017.3461455751085,VER,24
5230.0,188.73000448,0.0,1.0,5.0,-3654.0974604233757,-3977.8430984051497,VER,24
5240.0,174.4250048,0.0,1.0,4.0,-3724.521165823146,-3925.3188677109783,VER,24
5250.0,159.5791696,0.0,1.0,4.0,-3798.960463075089,-3863.733572606197,VER,24
5260.0,147.9833344,0.0,1.0,3.0,-3913.4150366217023,-3731.8883116545517,VER,24
5270.0,134.8499968,0.0,1.0,3.0,-3980.0,-3627.0,VER,24
5280.0,124.0,0.0,1.0,2.5,-4002.8253316733785,-3580.305858911044,VER,24
5290.0,115.63541599999999,0.0,1.0,2.0,-4028.1321992487965,-3505.68932392997,VER,25
5300.0,110.40178514285714,0.0,0.5,2.0,-4047.7600571915295,-3398.3391919363085,VER,25
5310.0,104.31666773333332,0.0,0.0,2.0,-4042.175071186773,-3293.243440875183,VER,25
5320.0,99.12666709333332,2.1833322666666666,0.0,2.0,-4023.058563512375,-3220.0409580993455,VER,25
5330.0,100.71261824000001,16.285831039999998,0.0,2.0,-3974.07356815655,-3122.4473806627257,VER,25
5340.0,105.19642742857143,26.392854857142858,0.0,2.0,-3873.5571926647717,-3014.7683065926994,VER,25
5350.0,110.0,36.0,0.0,2.0,-3785.8040791843428,-2962.535960155539,VER,25
5360.0,112.2749984,41.3781228,0.0,2.0,-3733.011440413033,-2939.8419508824186,VER,25
5370.0,122.4187472,51.774998399999994,0.0,2.0,-3661.3689002127144,-2916.350962298076,VER,25
5380.0,133.0,53.0,0.0,3.0,-3564.8841923901314,-2890.8579481353377,VER,25
5390.0,144.65356845714285,73.61785188571429,0.0,3.0,-3471.990360039961,-2869.6945924869233,VER,25
5400.0,156.34582986666666,84.75416373333334,0.0,3.0,-3364.494412265157,-2846.6624935105724,VER,25
5410.0,164.4187432,91.14374480000001,0.0,3.0,-3250.0,-2824.0,VER,25
5420.0,179.82499697777777,100.0,0.0,4.0,-3143.940512474386,-2803.6723006002694,VER,25
5430.0,192.14999395555554,100.0,0.0,4.0,-3028.0,-2782.0,VER,25
5440.0,195.89285485714285,100.0,0.0,4.0,-2974.6741906879092,-2772.6253081024597,VER,25
5450.0,203.59499776,100.0,0.0,5.0,-2856.477574673892,-2752.7594383357055,VER,25
0.0,207.66354293333333,100.0,0.0,4.5,-2695.030956976158,-2727.4054570914577,LAW,1
10.0,216.06428708571428,100.0,0.0,5.0,-2575.823744986399,-2709.1265938039924,LAW,1
20.0,222.98571702857143,100.0,0.0,5.0,-2478.0,-2694.0,LAW,1
30.0,229.80250112,100.0,0.0,5.0,-2311.2872402614094,-2667.7794164101524,LAW,1
40.0,235.0,100.0,0.0,5.0,-2206.1442898104606,-2651.13080133441,LAW,1
60.0,242.0250016,100.0,0.0,5.5,-2085.003421590768,-2631.778577225162,LAW,1
70.0,248.67000448,100.0,0.0,6.0,-1885.0,-2600.0,LAW,1
80.0,250.0,100.0,0.0,6.0,-1851.5865981866343,-2594.5845321455367,LAW,1
90.0,257.0,100.0,0.0,6.0,-1739.4944850904892,-2575.8720578117272,LAW,1
110.0,262.06875,100.0,0.0,6.0,-1572.473240423798,-2547.244735906802,LAW,1
130.0,273.0,100.0,0.0,7.0,-1303.7562291923996,-2503.4834355162043,LAW,1
140.0,274.6,100.0,0.0,7.0,-1258.0,-2496.0,LAW,1
150.0,278.0,100.0,0.0,7.0,-1180.4562288314096,-2483.132675433939,LAW,1
160.0,280.90391525213727,100.0,0.0,7.0,-1074.0,-2465.0,LAW,1
170.0,282.0,100.0,0.0,7.0,-1019.8826676132218,-2455.749764446261,LAW,1
180.0,284.0027790222222,100.0,0.0,7.0,-934.0,-2441.0,LAW,1
200.0,289.4479173333333,100.0,0.0,7.0,-638.2130619944814,-2389.804225485027,LAW,1
220.0,294.0,100.0,0.0,7.0,-435.01062323082385,-2355.6111676550545,LAW,1
240.0,299.05750016,100.0,0.0,7.0,-233.2987086745182,-2321.6283011460673,LAW,2
260.0,300.0,100.0,0.0,7.0,-79.6115869648089,-2293.9568420805804,LAW,2
270.0,301.7687504,100.0,0.0,7.5,38.67394471072752,-2272.089903467279,LAW,2
300.0,307.0821430857143,100.0,0.0,8.0,377.9328890354118,-2208.856275995573,LAW,2
320.0,309.0,100.0,0.0,8.0,612.4172406095686,-2166.1552157928245,LAW,2
340.0,310.38906280000003,100.0,0.0,8.0,766.9217014211154,-2138.1363887527505,LAW,2
370.0,313.1296876,100.0,0.0,8.0,955.13030407679,-2103.187464407791,LAW,2
390.0,313.9734376,100.0,0.0,8.0,1179.5425765803416,-2061.599141510771,LAW,2
410.0,313.5354165333333,100.0,0.0,8.0,1377.0,-2025.0,LAW,2
430.0,313.03854160000003,100.0,0.0,8.0,1590.1776934681557,-1986.5960087307826,LAW,2
450.0,313.9468752,100.0,0.0,8.0,1832.991504900133,-1942.175542303571,LAW,3
470.0,314.0,100.0,0.0,8.0,1976.5420930951575,-1916.2427190153403,LAW,3
480.0,314.0,100.0,0.0,8.0,2080.0,-1897.0,LAW,3
490.0,314.0,100.0,0.0,8.0,2146.9282056168013,-1884.214548287938,LAW,3
500.0,314.0,100.0,0.0,8.0,2228.0,-1869.0,LAW,3
510.0,314.0,100.0,0.0,8.0,2342.460441617175,-1848.7365475418346,LAW,3
520.0,314.0,100.0,0.0,8.0,2418.0,-1836.0,LAW,3
530.0,314.0,100.0,0.0,8.0,2565.7392244332414,-1812.8966689292274,LAW,3
540.0,313.5531248,100.0,0.0,8.0,2715.0,-1790.0,LAW,3
560.0,313.0,97.843744,0.0,8.0,2994.657503666932,-1746.0972978681846,LAW,3
580.0,313.0,55.0,0.0,8.0,3111.173187729073,-1727.9193654679366,LAW,3
590.0,312.0437488,37.468728,0.0,8.0,3162.0,-1720.0,LAW,3
610.0,307.7718704,0.0,1.0,8.0,3418.5441888223713,-1679.7674008668114,LAW,3
630.0,287.0,0.0,1.0,8.0,3617.9722496989853,-1648.872520059337,LAW,3
640.0,283.5124928,0.0,1.0,8.0,3657.0,-1643.0,LAW,3
650.0,278.0,0.0,1.0,8.0,3725.4427715638567,-1632.8211043267715,LAW,3
660.0,256.826629523094,0.0,1.0,8.0,3844.94411738266,-1615.156877771594,LAW,3
670.0,230.97512341496468,0.0,1.0,8.0,3994.3670257852864,-1592.889775211259,LAW,4
680.0,215.0,0.0,1.0,8.0,4094.6050574894025,-1578.3440466991335,LAW,4
690.0,209.12902764065316,0.0,1.0,8.0,4130.0,-1573.0,LAW,4
700.0,185.09553400866307,0.0,1.0,8.0,4273.75971570451,-1546.8312060583114,LAW,4
710.0,168.13749760000002,0.0,1.0,6.0,4400.085489870182,-1516.219648781913,LAW,4
720.0,154.16749824,0.0,1.0,4.0,4481.679424138612,-1494.5764053006142,LAW,4
730.0,143.85416533333333,0.0,1.0,3.0,4589.3969838134735,-1451.3948574663928,LAW,4
740.0,130.25499904,0.0,1.0,2.6666666666666665,4661.773820788263,-1408.894812147413,LAW,4
750.0,114.04444302222223,0.0,1.0,2.0,4729.810042197098,-1330.9483544395866,LAW,4
760.0,107.32499931428572,0.0,1.0,1.5,4765.385715297096,-1256.3482338374793,LAW,4
770.0,95.05952304761905,0.0,1.0,1.0,4797.19880148807,-1120.4364003766434,LAW,4
780.0,89.3562496,0.0,0.5,1.0,4797.67905001949,-1056.9571097239811,LAW,4
790.0,80.28499968,0.0,0.0,1.0,4780.479311361099,-968.771931912074,LAW,4
800.0,77.48194435555556,12.951391111111112,0.0,1.0,4756.345133729331,-904.3557378163249,LAW,4
810.0,79.64398198518519,27.46203780740741,0.0,1.0,4721.419440829965,-848.776015699223,LAW,4
820.0,85.65972266666667,42.113890133333335,0.0,1.0,4644.352714760202,-773.873352417237,LAW,4
830.0,92.57500160000001,53.792858819047616,0.0,1.0,4574.0,-736.0,LAW,4
850.0,108.7750016,70.7642873904762,0.0,1.0,4369.72124272749,-710.0906177178582,LAW,4
860.0,112.91588969516877,81.12772597967792,0.0,2.0,4245.390616765831,-716.0594419359463,LAW,4
870.0,130.37735840955648,82.54716980119456,0.0,2.0,4158.681368206971,-721.8951607516937,LAW,4
880.0,143.54000000000002,88.72,0.0,3.0,4011.8004347176484,-736.4891137866157,LAW,4
890.0,154.45,100.0,0.0,3.0,3937.064705656374,-745.033106966328,LAW,5
900.0,166.0,100.0,0.0,3.0,3819.423241337665,-758.2206638329643,LAW,5
910.0,173.66355292980495,100.0,0.0,3.0,3712.0,-770.0,LAW,5
920.0,181.0,100.0,0.0,4.0,3658.3758416053615,-775.7134255806116,LAW,5
930.0,188.69722524444444,100.0,0.0,4.0,3608.0,-781.0,LAW,5
940.0,197.1263904,100.0,0.0,4.0,3511.4437770426457,-791.000076311937,LAW,5
950.0,209.4968776,100.0,0.0,4.0,3341.0,-805.0,LAW,5
960.0,211.0,100.0,0.0,5.0,3320.8327629984688,-806.6607232166343,LAW,5
970.0,216.6031272,100.0,0.0,5.0,3222.0,-815.0,LAW,5
980.0,224.46000128,100.0,0.0,5.0,3015.7057736719653,-832.192286439615,LAW,5
990.0,230.0,100.0,0.0,5.0,2901.0538650233175,-841.7772435489342,LAW,5
1010.0,239.86000128,100.0,0.0,6.0,2756.731831789779,-854.1537018603308,LAW,5
1020.0,247.0,100.0,0.0,6.0,2672.431031549917,-861.5207134547428,LAW,5
1030.0,249.28889031111112,100.0,0.0,6.0,2610.0,-867.0,LAW,5
1050.0,256.6553581714286,100.0,0.0,6.0,2350.6141445808585,-889.6293647658656,LAW,5
1070.0,265.1857152,100.0,0.0,6.0,2187.6850815435664,-903.0086336655559,LAW,5
1090.0,272.5375008,100.0,0.0,7.0,2003.0101118731795,-919.3670240316361,LAW,5
1100.0,277.0375008,100.0,0.0,7.0,1827.438895120682,-933.8815690284168,LAW,5
1130.0,285.2875008,100.0,0.0,7.0,1577.8266120891387,-955.3318294009176,LAW,6
1140.0,287.1250011428571,100.0,0.0,7.0,1528.0,-960.0,LAW,6
1160.0,291.0,100.0,0.0,7.0,1279.256016563806,-981.8114607506639,LAW,6
1170.0,293.55357257142856,100.0,0.0,7.0,1115.0,-996.0,LAW,6
1180.0,296.0,100.0,0.0,7.0,1015.844860139536,-1004.5484983771169,LAW,6
1190.0,300.0,100.0,0.0,8.0,933.3625371064091,-1011.6110771869912,LAW,6
1200.0,302.0750016,100.0,0.0,8.0,882.0,-1016.0,LAW,6
1210.0,304.0,100.0,0.0,8.0,822.4875098091835,-1021.0842195928858,LAW,6
1220.0,306.44500096,100.0,0.0,8.0,679.0,-1033.5,LAW,6
1230.0,307.0,100.0,0.0,8.0,648.0080973427639,-1036.2451068501337,LAW,6
1240.0,309.9000009142857,100.0,0.0,8.0,474.0,-1052.0,LAW,6
1250.0,311.0,100.0,0.0,8.0,373.3754519930024,-1060.9380501531075,LAW,6
1260.0,313.01071497142857,100.0,0.0,8.0,146.0992241547392,-1080.9040657764608,LAW,6
1290.0,316.0,100.0,0.0,8.0,-11.618816637978535,-1094.3636448644588,LAW,6
1300.0,316.51000064,100.0,0.0,8.0,-65.0,-1099.0,LAW,6
1310.0,317.0,100.0,0.0,8.0,-135.89579676254823,-1105.2857550521612,LAW,6
1320.0,318.0,100.0,0.0,8.0,-285.5414860168327,-1118.662960705619,LAW,6
1330.0,318.4291669333333,100.0,0.0,8.0,-381.0,-1127.0,LAW,7
1340.0,319.09603365731493,100.0,0.0,8.0,-511.8015145036128,-1138.129758853289,LAW,7
1360.0,321.0292278207295,100.0,0.0,8.0,-718.0,-1156.0,LAW,7
1380.0,323.0125,100.0,0.0,8.0,-930.374793652926,-1174.7662013249092,LAW,7
1400.0,323.9727891116973,100.0,0.0,8.0,-1187.6949526535745,-1197.7250548561328,LAW,7
1420.0,323.35600897683577,100.0,0.0,8.0,-1327.0,-1210.0,LAW,7
1440.0,323.0,100.0,0.0,8.0,-1456.3942559573172,-1221.3764371539016,LAW,7
1450.0,323.34166684444443,100.0,0.0,8.0,-1578.0,-1232.0,LAW,7
1470.0,324.0,100.0,0.0,8.0,-1790.3470172402917,-1250.2129938565618,LAW,7
1480.0,323.68499968,100.0,0.0,8.0,-1846.0,-1255.0,LAW,7
1490.0,323.0,100.0,0.0,8.0,-1987.8448926324127,-1267.3236630455094,LAW,7
1510.0,323.0,100.0,0.0,8.0,-2222.0,-1288.0,LAW,7
1520.0,323.0,100.0,0.0,8.0,-2257.8365933862065,-1291.162509971109,LAW,7
1530.0,323.0,100.0,0.0,8.0,-2425.0,-1306.0,LAW,7
1540.0,323.0,100.0,0.0,8.0,-2557.0,-1318.0,LAW,7
1550.0,323.0,100.0,0.0,8.0,-2657.9061377271255,-1327.0151627075559,LAW,8
1570.0,323.0,100.0,0.0,8.0,-2949.514238518107,-1352.506337545833,LAW,8
1600.0,321.28499968,14.249983999999998,0.0,8.0,-3147.0,-1369.0,LAW,8
1610.0,321.0,0.0,0.0,8.0,-3189.3103664783866,-1372.6838811521216,LAW,8
1630.0,313.75249792,0.0,0.0,8.0,-3394.0,-1391.0,LAW,8
1640.0,308.60124896,0.0,0.0,8.0,-3529.520512110461,-1403.3368694313713,LAW,8
1660.0,296.81666275555557,0.0,0.0,8.0,-3695.0,-1417.0,LAW,8
1670.0,284.19285211428576,0.0,1.0,8.0,-3838.5125352172813,-1430.2421517219543,LAW,8
1690.0,244.90713782857142,0.0,1.0,8.0,-4015.381681373523,-1445.0984740461354,LAW,8
1700.0,227.7374944,0.0,1.0,8.0,-4132.0,-1456.0,LAW,8
1710.0,210.32158807272725,0.0,1.0,8.0,-4249.307461374977,-1466.8851814847833,LAW,8
1730.0,173.70999808,0.0,1.0,6.0,-4437.704741969084,-1483.4879841714028,LAW,8
1740.0,162.1107136,0.0,1.0,4.0,-4536.402630505756,-1486.690979117334,LAW,8
1750.0,156.859372,0.0,1.0,3.0,-4638.416010116235,-1487.0091663090698,LAW,8
1760.0,141.10416533333333,0.0,1.0,3.0,-4707.504893299763,-1483.8715199308385,LAW,8
1770.0,131.4272709818182,0.0,1.0,2.0,-4831.038362244068,-1466.5889329659399,LAW,9
1780.0,119.34393716363637,0.0,1.0,2.0,-4928.494920260381,-1430.1478975235507,LAW,9
1790.0,108.28333226666666,0.0,1.0,1.6666666666666667,-5027.041010278714,-1353.0557684039768,LAW,9
1800.0,93.14166613333333,0.0,1.0,1.0,-5093.574745606862,-1251.838268972551,LAW,9
1810.0,86.92116153922962,0.0,1.0,1.0,-5117.585205563646,-1184.8292056350363,LAW,9
1820.0,82.21388871111111,0.0,1.0,1.0,-5127.817479684442,-1093.2186017487807,LAW,9
1830.0,79.16999936,2.562000896,1.0,1.0,-5124.0,-1044.0,LAW,9
1840.0,71.18499968,13.741000448,0.5,1.0,-5064.844629224524,-895.9360859657746,LAW,9
1850.0,73.22754013460317,24.760238567619048,0.0,1.0,-5005.791460839255,-837.8041712272161,LAW,9
1860.0,78.80509297777778,30.00138951111111,0.0,1.0,-4906.525084802954,-793.1575354408063,LAW,9
1870.0,84.36125024,41.85250112,0.0,1.0,-4752.281693833782,-801.0208641302823,LAW,9
1880.0,89.85833386666667,55.71666773333334,0.0,1.0,-4665.196119963677,-831.7583689608784,LAW,9
1890.0,99.65166741333333,53.48388593777778,0.0,1.0,-4563.2826785338775,-869.0088006371707,LAW,9
1900.0,97.37499927272728,0.0,1.0,1.0,-4425.361989638675,-903.1301016144045,LAW,9
1910.0,86.28541653333333,0.0,1.0,1.0,-4335.416733261325,-910.7471573731506,LAW,9
1920.0,81.8226558,0.0,0.5,1.0,-4264.652761522047,-895.6941020874672,LAW,9
1930.0,76.72666624,0.0,0.0,1.0,-4176.654503960913,-812.7604182314253,LAW,9
1940.0,74.99861104761905,15.718751771428572,0.0,1.0,-4150.331741449754,-732.1350599554721,LAW,9
1950.0,79.7687504,30.522500479999998,0.0,1.0,-4136.823718405801,-624.2184629044965,LAW,9
1960.0,84.35071475809524,50.261192899047614,0.0,1.0,-4149.109140368658,-538.4529902030619,LAW,9
1970.0,91.0,59.0,0.0,1.0,-4176.152844950648,-452.19986469092703,LAW,9
1980.0,103.55906336,66.66968832,0.0,1.0,-4233.819638758978,-368.60882203522556,LAW,9
1990.0,112.99821577142856,73.69107245714287,0.0,2.0,-4301.721172496992,-288.30653534458565,LAW,10
2000.0,126.5750016,83.18125119999999,0.0,2.0,-4361.096824169123,-218.38677465950323,LAW,10
2010.0,136.71666773333334,89.85833386666667,0.0,2.3333333333333335,-4434.907797897992,-98.07714723915372,LAW,10
2020.0,154.0,100.0,0.0,3.0,-4470.0746987088005,-28.989465951991967,LAW,10
2030.0,164.5750016,100.0,0.0,3.0,-4492.998746460988,54.3819705546541,LAW,10
2040.0,172.828128,100.0,0.0,3.0,-4520.0,152.0,LAW,10
2050.0,183.69166719999998,100.0,0.0,4.0,-4539.59049889724,256.5521195113317,LAW,10
2060.0,187.0,100.0,0.0,4.0,-4552.136043553708,345.15406769261034,LAW,10
2070.0,193.1500032,100.0,0.0,4.0,-4559.0,423.0,LAW,10
2080.0,206.5750016,100.0,0.0,4.5,-4566.08003906058,646.3145402206173,LAW,10
2100.0,218.0,100.0,0.0,5.0,-4564.75172982049,731.9397480195018,LAW,10
2110.0,223.14500096,100.0,0.0,5.0,-4558.603161979331,836.0623887224393,LAW,10
2120.0,228.0750016,100.0,0.0,5.0,-4548.0,1026.0,LAW,10
2130.0,232.0,100.0,0.0,5.0,-4541.502613468439,1121.4404038655052,LAW,10
2150.0,239.75714377142856,100.0,0.0,5.5,-4527.245392027115,1226.953446768276,LAW,10
2160.0,244.2875008,100.0,0.0,6.0,-4507.4411162898505,1347.4497722478648,LAW,10
2170.0,247.04285805714287,100.0,0.0,6.0,-4484.0,1462.0,LAW,10
2180.0,249.0,100.0,0.0,6.0,-4461.553041888306,1550.5044302627684,LAW,10
2190.0,250.0750016,100.0,0.0,6.0,-4452.0,1582.0,LAW,10
2200.0,255.46071497142856,100.0,0.0,6.0,-4380.277498902875,1773.6720669204574,LAW,10
2220.0,261.0,100.0,0.0,6.0,-4268.931414976057,1960.6388214331541,LAW,11
2240.0,262.3772736,100.0,0.0,6.0,-4184.0,2066.0,LAW,11
2250.0,264.0,100.0,0.0,7.0,-4104.372264260961,2153.0348425851685,LAW,11
2260.0,266.234376,100.0,0.0,7.0,-4036.0,2211.0,LAW,11
2280.0,269.0,100.0,0.0,7.0,-3882.8902773381988,2324.2252286859566,LAW,11
2290.0,269.0,100.0,0.0,7.0,-3811.4273178981703,2373.8236041057453,LAW,11
2310.0,272.0479168,100.0,0.0,7.0,-3655.912919245823,2455.8293825870555,LAW,11
2330.0,273.1567164274152,100.0,0.0,7.0,-3302.447089262913,2597.133120754695,LAW,11
2340.0,274.0,100.0,0.0,7.0,-3169.59253296051,2645.0266592052267,LAW,11
2360.0,274.8978495067638,100.0,0.0,7.0,-3072.4574336524593,2669.972643661483,LAW,11
2380.0,277.25555626666664,100.0,0.0,7.0,-2897.0,2722.0,LAW,11
2390.0,279.2687504,100.0,0.0,7.0,-2764.795214,2763.0820969631914,LAW,11
2400.0,280.8937504,100.0,0.0,7.0,-2668.7018740298918,2792.9811168072292,LAW,11
2420.0,281.6727943529412,100.0,0.0,7.0,-2526.0,2839.0,LAW,11
2510.0,286.0,100.0,0.0,7.0,-1567.2960881547497,3185.9244861654374,LAW,12
2520.0,286.0,100.0,0.0,7.0,-1519.0,3205.0,LAW,12
2530.0,286.0,100.0,0.0,7.0,-1357.8937905185528,3270.0111451204098,LAW,12
2550.0,286.8395834666667,16.041653333333336,0.0,7.0,-1228.90001583677,3323.176197104822,LAW,12
2560.0,285.24285622857144,0.0,0.0,7.0,-1141.0,3360.0,LAW,12
2570.0,283.0,0.0,0.0,7.0,-1055.712487680552,3396.611893377464,LAW,12
2580.0,279.1499960888889,0.0,0.0,7.0,-1018.0,3413.0,LAW,12
2600.0,262.1305536,0.0,0.5,7.0,-824.9959196466273,3497.7373021516514,LAW,12
2640.0,173.8130404173913,0.0,1.0,7.0,-289.32017361469417,3737.2254944242795,LAW,12
2650.0,155.64285257142856,0.0,1.0,7.0,-220.0,3769.0,LAW,13
2660.0,146.34499882666668,0.0,1.0,5.333333333333333,-161.19210767649437,3794.793415204767,LAW,13
2670.0,131.0,0.0,1.0,3.0,-33.10792676930426,3842.948671709179,LAW,13
2680.0,126.46666453333334,0.0,1.0,2.6666666666666665,26.39743679395856,3857.5333420664006,LAW,13
2690.0,124.0,0.0,0.5,2.0,119.14390186924759,3872.116391344285,LAW,13
2700.0,115.96590836363637,0.013636654545454546,0.0,2.0,194.53329289974243,3869.053202009738,LAW,13
2710.0,107.78409018181819,3.286363927272727,0.0,2.0,282.52016419910433,3841.021039513639,LAW,13
2720.0,102.71820499610466,24.511218774345792,0.0,2.0,380.1745868148883,3770.843200000305,LAW,13
2730.0,104.13043028139514,42.4780112230992,0.0,2.0,456.5956354939667,3679.015054832249,LAW,13
2740.0,108.210938,52.210938,0.0,2.0,507.43275727640616,3592.233140739013,LAW,13
2750.0,111.6833336888889,57.05000106666667,0.0,2.0,526.6901811170615,3540.6272285020427,LAW,13
2760.0,116.77031360000001,69.0921888,0.0,2.0,556.1077898324246,3435.3307375943764,LAW,13
2770.0,125.36406360000001,79.2484388,0.0,2.0,573.84630273619,3319.3470005427275,LAW,13
2780.0,135.21250097777778,87.5375008,0.0,2.0,582.6184681124435,3224.1901305305955,LAW,13
2790.0,146.0750016,90.18250176000001,0.0,3.0,595.8666683608274,3083.6731053893095,LAW,13
2800.0,157.5,100.0,0.0,3.0,607.080641647619,2974.191504525791,LAW,13
2810.0,166.36750144,100.0,0.0,3.5,617.2619021443946,2890.0191108084946,LAW,13
2820.0,171.1500032,100.0,0.0,4.0,624.0,2839.0,LAW,13
2830.0,182.0750016,100.0,0.0,4.0,648.7650114910023,2654.9714055076374,LAW,13
2840.0,187.0,100.0,0.0,4.0,661.8650381198536,2559.749004087408,LAW,13
2850.0,197.671876,100.0,0.0,5.0,671.6012831516216,2494.360659314604,LAW,13
2860.0,205.218752,100.0,0.0,5.0,692.0,2361.0,LAW,13
2870.0,207.0,100.0,0.0,5.0,697.5221110209463,2327.9491681969907,LAW,14
2880.0,210.972224,100.0,0.0,5.0,712.0,2246.0,LAW,14
2890.0,217.0375008,100.0,0.0,5.0,735.8258079092036,2116.8943674974444,LAW,14
2900.0,222.02625056,100.0,0.0,5.0,760.7956050460867,1996.909551059202,LAW,14
2910.0,224.85250112,100.0,0.0,5.0,784.0,1899.0,LAW,14
2920.0,227.30250112,100.0,0.0,5.0,806.0,1814.0,LAW,14
2930.0,229.0,100.0,0.0,5.0,828.473712090366,1740.3875594795486,LAW,14
2940.0,232.00833351111112,100.0,0.0,6.0,894.686785714151,1547.8510384185217,LAW,14
2960.0,233.56666737777778,100.0,0.0,6.0,941.0,1440.0,LAW,14
2970.0,234.21250026666667,93.83749226666666,0.0,6.0,976.8891048532774,1366.7637062641952,LAW,14
2980.0,235.0,71.0,0.0,6.0,1046.242362998312,1244.0321743257277,LAW,14
3000.0,235.0,58.46041493333333,0.0,6.0,1143.217918231424,1102.7980950483807,LAW,14
3010.0,235.0,51.0,0.0,6.0,1201.6351527842753,1034.2857356633253,LAW,14
3020.0,232.9906248,47.9812496,0.0,6.0,1262.3546390683346,976.5801189981745,LAW,14
3030.0,232.0,46.0,0.0,6.0,1354.7071460898865,899.310756866039,LAW,14
3040.0,232.0,46.0,0.0,6.0,1461.7752097352773,829.287018912846,LAW,14
3060.0,229.88279355237816,46.0,0.0,6.0,1631.0,749.0,LAW,14
3070.0,228.22500159999998,47.937495999999996,0.0,6.0,1709.7297487293595,722.8151954473421,LAW,14
3080.0,225.0,56.0,0.0,6.0,1778.610368963049,703.913828112466,LAW,14
3090.0,225.0,56.75628133269355,0.0,6.0,1865.0760172034982,685.8186264492896,LAW,15
3100.0,223.62749952,53.79749888,0.0,6.0,2009.0,667.0,LAW,15
3110.0,222.42749952,50.99749888,0.0,6.0,2107.0,663.0,LAW,15
3120.0,221.8805553777778,51.254168533333335,0.0,6.0,2152.641434946228,664.3487649439055,LAW,15
3140.0,220.0,71.05750015999999,0.0,6.0,2362.706270763926,702.4308603997456,LAW,15
3150.0,220.0984376,72.3937504,0.0,6.0,2534.0900507136853,765.1230213307374,LAW,15
3170.0,221.0,76.0,0.0,6.0,2667.661543650979,829.1875738404384,LAW,15
3180.0,221.85833386666667,79.43333546666666,0.0,6.0,2709.0,855.0,LAW,15
3190.0,223.26250026666668,84.3937504,0.0,6.0,2792.1043323877657,912.6244398559012,LAW,15
3200.0,225.52500053333333,86.34374933333334,0.0,6.0,2927.528372819975,1041.8676145484242,LAW,15
3220.0,229.0,82.0,0.0,6.0,3017.4136645065373,1137.6958017082422,LAW,15
3230.0,227.13214262857144,5.417847771428569,0.0,6.0,3115.506773529108,1230.7949779928806,LAW,15
3240.0,223.4249984,4.7666688,0.0,6.0,3196.0,1289.0,LAW,15
3250.0,221.4624992,7.3833344,0.0,5.5,3236.678894960128,1313.5788255639666,LAW,15
3260.0,217.0,65.0,0.0,5.0,3354.4075598447876,1372.6968404870884,LAW,15
3270.0,217.0,69.5062528,0.0,5.0,3412.0,1395.0,LAW,15
3280.0,217.0,77.7531264,0.0,5.0,3520.8268211072063,1425.67245749822,LAW,15
3290.0,218.22250048,79.40750016,0.0,5.0,3636.0,1444.0,LAW,15
3300.0,219.71125024,79.90375008000001,0.0,5.0,3757.6623814015056,1450.050028231171,LAW,15
3310.0,222.1437504,80.9281248,0.0,5.0,3886.9131595708895,1443.7398049687222,LAW,16
3320.0,224.0,80.0,0.0,5.0,3978.4417190360423,1430.6716499763388,LAW,16
3330.0,224.3937504,78.8187488,0.0,5.0,4017.0,1423.0,LAW,16
3340.0,225.99659083636362,74.00681832727273,0.0,5.0,4172.11576963649,1378.321726847192,LAW,16
3350.0,225.58409076363637,74.83181847272728,0.0,5.0,4277.0,1334.0,LAW,16
3360.0,225.40227258181818,75.19545483636364,0.0,5.0,4321.0,1311.0,LAW,16
3370.0,225.0,76.0,0.0,5.0,4416.383116262438,1253.4921271118285,LAW,16
3380.0,225.50833386666667,88.2000128,0.0,5.0,4479.0,1209.0,LAW,16
3390.0,226.17500053333333,100.0,0.0,5.0,4546.086159249397,1153.7111903390746,LAW,16
3410.0,228.8458336,100.0,0.0,5.0,4692.1703094901095,1010.4246987138223,LAW,16
3420.0,230.81500032,100.0,0.0,5.0,4778.868169003566,916.0325325054391,LAW,16
3430.0,232.52500053333333,100.0,0.0,5.0,4863.0,816.0,LAW,16
3450.0,234.1437504,100.0,0.0,6.0,4939.36668622061,719.9368913163516,LAW,16
3460.0,236.7687504,100.0,0.0,6.0,5024.722940719689,610.3134316233361,LAW,16
3480.0,239.1444440888889,100.0,0.0,6.0,5149.065255164665,460.64886742631097,LAW,16
3490.0,240.0,100.0,0.0,6.0,5280.051705372353,311.23710973219454,LAW,16
3500.0,241.0166656,100.0,0.0,6.0,5373.0,206.0,LAW,16
3510.0,242.0,100.0,0.0,6.0,5430.377499044788,140.12983912958907,LAW,16
3530.0,242.89275769194842,100.0,0.0,6.0,5520.94199866705,35.15909181993651,LAW,17
3540.0,244.23000064000001,100.0,0.0,6.0,5595.0,-47.0,LAW,17
3550.0,245.0,100.0,0.0,6.0,5630.77383762267,-86.35466894955569,LAW,17
3560.0,246.1437504,100.0,0.0,6.0,5714.0,-179.0,LAW,17
3570.0,246.8843752,100.0,0.0,6.0,5767.228967016137,-240.29635232347067,LAW,17
3580.0,247.3972224,74.180544,0.0,6.0,5842.0,-323.0,LAW,17
3590.0,248.0,35.0,0.0,6.0,5973.292081347454,-471.8791890603947,LAW,17
3600.0,245.7218744,8.421868,0.0,6.0,6044.376448577251,-553.708382174654,LAW,17
3630.0,219.36749824,0.0,1.0,6.0,6221.69469030889,-762.029982017452,LAW,17
3640.0,209.0,0.0,1.0,6.0,6262.643565092807,-812.0826216215901,LAW,17
3650.0,203.7124992,0.0,1.0,5.5,6306.761359242399,-875.9851757784047,LAW,17
3660.0,195.73249856,0.0,1.0,5.0,6359.092251681646,-965.0320513028144,LAW,17
3670.0,192.45499904,0.0,1.0,5.0,6388.0,-1031.0,LAW,17
3680.0,187.9578116,0.0609388,0.0,4.0,6422.9106078487775,-1178.2344610197504,LAW,17
3690.0,182.8531232,7.4343776,0.0,4.0,6428.0,-1270.0,LAW,17
3700.0,178.351562,16.5015652,0.0,4.0,6422.595939974164,-1354.8981403620433,LAW,17
3710.0,174.601562,36.7515652,0.0,4.0,6385.365032712556,-1524.661825804306,LAW,17
3730.0,172.87678537142858,31.83571382857143,0.0,4.0,6346.929571243072,-1626.1069235656537,LAW,17
3740.0,170.0910710857143,28.121428114285713,0.0,4.0,6291.168987444506,-1734.3118485729883,LAW,17
3750.0,169.0,52.1500032,0.0,4.0,6228.05295768697,-1827.0878456444962,LAW,18
3760.0,169.23958399999998,72.3833344,0.0,4.0,6112.611698486329,-1949.3494859341527,LAW,18
3770.0,174.0,80.0,0.0,4.0,6059.3971498137125,-1997.8679944976946,LAW,18
3780.0,176.71111395555556,82.37222471111112,0.0,4.0,6030.0,-2012.0,LAW,18
3790.0,182.0,87.0,0.0,4.0,5905.774646013142,-2072.2819449259428,LAW,18
3800.0,182.8892864,90.8535744,0.0,4.0,5864.0,-2091.0,LAW,18
3810.0,185.0,100.0,0.0,4.0,5794.310217498376,-2115.98406692796,LAW,18
3820.0,195.0857161142857,100.0,0.0,4.0,5695.955320473571,-2138.1127006975717,LAW,18
3830.0,202.41412835592064,100.0,0.0,5.0,5555.451487395351,-2166.8239265456186,LAW,18
3840.0,209.31024772418957,100.0,0.0,5.0,5446.0,-2185.0,LAW,18
3850.0,215.0,100.0,0.0,5.0,5353.1879539892425,-2199.130848987683,LAW,18
3860.0,216.937496,100.0,0.0,5.0,5316.0,-2204.0,LAW,18
3870.0,225.0,100.0,0.0,5.0,5156.409893723528,-2218.329991810682,LAW,18
3880.0,225.0,100.0,0.0,5.0,5080.634774711888,-2221.9524087856626,LAW,18
3900.0,231.03405031733928,100.0,0.0,5.5,4890.345796791304,-2228.073159883879,LAW,18
3910.0,238.0,100.0,0.0,6.0,4684.112651260731,-2234.337777326359,LAW,18
3920.0,239.80000182857142,100.0,0.0,6.0,4635.0,-2236.0,LAW,18
3930.0,246.0,100.0,0.0,6.0,4557.502735589885,-2239.8660110281353,LAW,18
3940.0,247.50909207272727,100.0,0.0,6.0,4525.0,-2242.0,LAW,18
3960.0,253.30000058181818,100.0,0.0,6.0,4302.177891100983,-2255.73430097421,LAW,18
3970.0,254.0,100.0,0.0,6.0,4176.467520134092,-2263.858366556851,LAW,19
3980.0,258.29000192,100.0,0.0,6.0,4060.0,-2272.0,LAW,19
3990.0,260.0,100.0,0.0,6.0,4007.4534119554464,-2275.526784025801,LAW,19
4000.0,263.0,100.0,0.0,7.0,3802.0826329329884,-2288.83790140251,LAW,19
4010.0,263.11500032,100.0,0.0,7.0,3784.0,-2290.0,LAW,19
4020.0,264.0,100.0,0.0,7.0,3697.089290713694,-2295.547881616818,LAW,19
4030.0,265.1437504,100.0,0.0,7.0,3604.0340170697227,-2301.3716327332854,LAW,19
4050.0,268.5187504,100.0,0.0,7.0,3307.202356017621,-2320.2603420213304,LAW,19
4070.0,271.0,100.0,0.0,7.0,3163.572997687191,-2331.403687520333,LAW,19
4080.0,272.07250048,100.0,0.0,7.0,3086.0,-2339.0,LAW,19
4090.0,273.27250048,100.0,0.0,7.0,2965.0,-2351.0,LAW,19
4100.0,274.0,100.0,0.0,7.0,2891.0068542651243,-2358.269140217032,LAW,19
4110.0,274.6437504,67.81248,0.0,7.0,2813.0,-2366.0,LAW,19
4130.0,274.2281232,0.0,0.0,7.0,2622.8159384772966,-2385.6296388692517,LAW,19
4140.0,267.0,0.0,1.0,7.0,2534.1319763119736,-2394.81371165189,LAW,19
4150.0,267.0,0.0,1.0,7.0,2440.0,-2405.0,LAW,19
4160.0,264.91561920000004,0.0,1.0,7.0,2269.077523249699,-2424.824749266935,LAW,19
4170.0,238.0,0.0,1.0,7.0,2175.0448075212826,-2435.702481172433,LAW,19
4180.0,209.1437424,0.0,1.0,7.0,2093.0,-2446.0,LAW,19
4190.0,197.984372,0.0,1.0,7.0,2039.8969637183716,-2453.3732490924995,LAW,20
4200.0,180.57749536,0.0,1.0,7.0,1937.5646808266924,-2466.3770400962962,LAW,20
4210.0,158.82749536,0.0,1.0,5.5,1800.4132537792495,-2484.3397925358167,LAW,20
4220.0,144.46590545454546,0.0,1.0,4.0,1703.0,-2499.0,LAW,20
4230.0,133.18749818181817,0.0,1.0,3.5,1631.066956226752,-2511.2925040069786,LAW,20
4240.0,116.75083157333334,0.0,1.0,2.3333333333333335,1492.701148920979,-2539.5781372258803,LAW,20
4250.0,101.89916903816953,0.0,1.0,1.0,1388.6985435218244,-2569.6867450805767,LAW,20
4260.0,92.13080896283121,0.0,1.0,1.0,1323.9891311472293,-2601.1520663738343,LAW,20
4270.0,86.60501664001,0.19749167999499237,0.0,1.0,1247.9634178752449,-2671.9775542249818,LAW,20
4280.0,79.10142829714286,12.448573074285715,0.0,1.0,1222.6886780859054,-2762.401337360983,LAW,20
4290.0,78.8458336,32.1895856,0.0,1.0,1245.9432401690337,-2866.7734835416977,LAW,20
4300.0,82.68888936296297,49.35000035555555,0.0,1.0,1283.1132678420272,-2928.156977247089,LAW,20
4310.0,90.92222293333333,58.1916672,0.0,1.0,1368.32425005279,-3011.5425981188255,LAW,20
4320.0,100.5928576,72.2964288,0.0,1.0,1483.6672510041678,-3086.708055965611,LAW,20
4330.0,111.07500160000001,74.0,0.0,1.0,1645.6453774672905,-3184.602962924426,LAW,20
4340.0,121.69642971428571,89.51428754285715,0.0,1.5,1760.856376833272,-3249.0434384588348,LAW,20
4350.0,130.6916672,99.4229168,0.0,2.0,1815.8027039417211,-3282.46157060595,LAW,20
4360.0,142.56250133333333,100.0,0.0,2.6666666666666665,1959.0537029859981,-3378.771870166745,LAW,20
4380.0,152.5375008,100.0,0.0,3.0,2072.958628464755,-3479.8000663545977,LAW,20
4390.0,157.03214354285714,100.0,0.0,3.0,2157.5384549793653,-3585.3692751423555,LAW,20
4400.0,163.0,100.0,0.0,3.0,2205.877847570185,-3667.3916640975785,LAW,20
4410.0,167.20095341714287,100.0,0.0,3.0,2234.3696580409633,-3748.5023749684274,LAW,21
4420.0,171.0,100.0,0.0,4.0,2266.8910469775183,-3868.8120716176277,LAW,21
4430.0,174.35416800000002,100.0,0.0,4.0,2279.0008126404837,-3946.0642899499917,LAW,21
4440.0,177.97250048,100.0,0.0,4.0,2289.4811308127973,-4049.193139896719,LAW,21
4450.0,179.5375008,100.0,0.0,4.0,2293.0,-4105.0,LAW,21
4460.0,182.03000064,100.0,0.0,4.0,2294.020319655895,-4205.235663922645,LAW,21
4470.0,186.02721145300546,100.0,0.0,4.0,2287.0863141577374,-4308.221043925132,LAW,21
4480.0,189.3197276068306,100.0,0.0,4.0,2273.0,-4403.0,LAW,21
4490.0,193.8367336039618,100.0,0.0,4.0,2244.8660443196904,-4532.566254379825,LAW,21
4500.0,196.56499904,100.0,0.0,4.0,2217.048044629095,-4630.341064082557,LAW,21
4510.0,199.7749984,100.0,0.0,4.0,2156.0,-4800.0,LAW,21
4520.0,201.0,100.0,0.0,5.0,2137.582444542635,-4846.262524089823,LAW,21
4530.0,203.04602487379404,95.3975126205959,0.0,5.0,2104.101925135198,-4919.611599888588,LAW,21
4540.0,203.0895808,0.0,1.0,5.0,2043.1350070597052,-5037.0504236103225,LAW,21
4560.0,184.10416533333333,0.0,1.0,5.0,1933.181829920245,-5203.2803530023175,LAW,21
4570.0,170.0,0.0,1.0,4.0,1863.3880590303875,-5292.9172071100675,LAW,21
4580.0,161.79285577142858,0.0,1.0,3.5,1815.7778237684429,-5344.343397885648,LAW,21
4590.0,154.9249984,0.0,1.0,3.0,1751.0,-5407.0,LAW,21
4600.0,148.78472177777778,0.0,0.6666666666666666,3.0,1661.3112773275236,-5464.958236310481,LAW,21
4610.0,143.24722097777777,0.0,0.0,3.0,1558.0,-5500.0,LAW,21
4620.0,139.09874944,7.596254719999999,0.0,3.0,1471.181950788777,-5508.2806515416505,LAW,21
4630.0,133.14874944000002,57.746254719999996,0.0,3.0,1341.8286555399131,-5501.497315041703,LAW,22
4640.0,136.3354176,69.3833344,0.0,3.0,1261.0728006989034,-5483.179308543747,LAW,22
4650.0,142.75208426666666,76.71666773333334,0.0,3.0,1179.067904334101,-5452.0895816012235,LAW,22
4660.0,147.5750016,80.20250112,0.0,3.0,1082.0,-5399.0,LAW,22
4670.0,155.0437509333333,84.06250133333333,0.0,3.0,993.6685312017404,-5333.023211476783,LAW,22
4680.0,163.06964434285715,94.03214354285714,0.0,3.0,925.5295748715151,-5272.4844007669335,LAW,22
4690.0,171.49643154285715,97.92142994285715,0.0,3.0,862.0,-5213.0,LAW,22
4700.0,176.0,100.0,0.0,4.0,791.6032994612286,-5149.471492035447,LAW,22
4710.0,182.1125024,100.0,0.0,4.0,703.0,-5070.0,LAW,22
4730.0,193.2875024,100.0,0.0,4.5,581.0575693540852,-4960.845435932937,LAW,22
4740.0,206.82250368,100.0,0.0,5.0,477.0,-4867.0,LAW,22
4750.0,217.04500095999998,100.0,0.0,5.0,396.6139606950992,-4795.546819718972,LAW,22
4770.0,223.5906256,100.0,0.0,5.0,318.4157454371775,-4725.4352636116,LAW,22
4780.0,226.0,100.0,0.0,5.0,281.5743335822222,-4692.571318358205,LAW,22
4790.0,233.0,100.0,0.0,6.0,205.39665721881536,-4625.013770889799,LAW,22
4800.0,234.7142867094262,100.0,0.0,6.0,173.0,-4596.0,LAW,22
4810.0,240.70067866092901,100.0,0.0,6.0,24.0,-4462.0,LAW,22
4820.0,245.0,100.0,0.0,6.0,-76.49971147371575,-4371.726861196134,LAW,22
4830.0,246.0,100.0,0.0,6.0,-163.84184936957237,-4293.409774460081,LAW,22
4840.0,247.69999786666668,100.0,0.0,6.0,-210.0,-4252.0,LAW,22
4850.0,250.0,100.0,0.0,6.0,-260.4279462741668,-4206.716059557166,LAW,23
4860.0,253.0,100.0,0.0,6.0,-327.4929886801557,-4146.549961589188,LAW,23
4870.0,253.5249984,100.0,0.0,6.0,-346.0,-4130.0,LAW,23
4880.0,256.0,100.0,0.0,6.0,-451.4555977226778,-4036.4733719734336,LAW,23
4890.0,256.0552761136332,99.50251497730088,0.0,6.0,-543.0102749658436,-3959.702630707714,LAW,23
4900.0,256.5125626653871,95.38693601151616,0.0,6.0,-593.0,-3922.0,LAW,23
4910.0,257.0,91.0,0.0,6.0,-645.92665385031,-3884.304813713593,LAW,23
4920.0,255.4812496,80.3687472,0.0,6.0,-797.0,-3800.0,LAW,23
4930.0,255.0,77.0,0.0,6.0,-861.085287098507,-3775.8808259503166,LAW,23
4940.0,255.0,77.0,0.0,6.0,-1019.0,-3730.0,LAW,23
4950.0,255.0,77.0,0.0,6.0,-1079.225893879074,-3718.4013942741967,LAW,23
4960.0,254.2035712,89.7428608,0.0,6.0,-1194.0,-3714.0,LAW,23
4970.0,253.84249984000002,94.10250112,0.0,6.0,-1257.0359341422431,-3713.145582606462,LAW,23
4980.0,253.0,100.0,0.0,6.0,-1368.7619711570228,-3716.2730164657523,LAW,23
4990.0,252.08499968,100.0,0.0,6.0,-1499.0,-3742.0,LAW,23
5000.0,252.0,100.0,0.0,6.0,-1514.3599522789289,-3746.5766481863393,LAW,23
5010.0,252.0093752,100.0,0.0,6.0,-1712.767799264298,-3817.5166579860033,LAW,23
5020.0,253.0,100.0,0.0,6.0,-1810.4537488252822,-3859.4383846515966,LAW,23
5040.0,252.0479168,100.0,0.0,6.0,-1912.4474277353238,-3917.377043288735,LAW,23
5050.0,253.0,100.0,0.0,6.0,-2072.954777974325,-4003.646669846074,LAW,23
5060.0,253.5375008,100.0,0.0,6.0,-2103.0,-4019.0,LAW,23
5070.0,255.0,100.0,0.0,6.0,-2177.680905652304,-4055.366007285958,LAW,24
5080.0,254.84249984000002,100.0,0.0,6.0,-2289.5240662877345,-4101.879355256654,LAW,24
5090.0,254.0,100.0,0.0,6.0,-2399.907776352056,-4137.887987805273,LAW,24
5100.0,254.2593752,100.0,0.0,6.0,-2457.0,-4153.0,LAW,24
5110.0,255.0,100.0,0.0,6.0,-2621.9316049772146,-4183.824321834415,LAW,24
5120.0,254.6541664,96.541664,0.0,6.0,-2680.0,-4190.5,LAW,24
5130.0,254.0,90.0,0.0,6.0,-2790.4953272650864,-4198.537034180535,LAW,24
5140.0,254.0,27.281232,0.5,6.0,-2869.104567727224,-4197.9679074732085,LAW,24
5150.0,250.30999808,0.0,1.0,6.0,-2988.0,-4190.0,LAW,24
5160.0,244.90999807999998,0.0,1.0,6.0,-3074.155131616373,-4177.782137546735,LAW,24
5170.0,236.0,0.0,1.0,6.0,-3179.981724027713,-4157.431785261463,LAW,24
5180.0,224.50499392,0.0,1.0,6.0,-3355.0,-4113.0,LAW,24
5190.0,217.0,0.0,1.0,6.0,-3434.9675234507254,-4087.588640158617,LAW,24
5200.0,204.0,0.0,1.0,6.0,-3515.823847925522,-4052.964463908462,LAW,24
5210.0,202.8499968,0.0,1.0,6.0,-3526.0,-4048.0,LAW,24
5220.0,192.9249984,0.0,1.0,6.0,-3618.3862225819717,-3998.00682845524,LAW,24
5250.0,156.0236556050698,0.0,1.0,4.5,-3874.863005590625,-3783.5025231282857,LAW,24
5260.0,142.9500032,0.0,1.0,3.0,-3941.2456032984314,-3690.832759968959,LAW,24
5270.0,131.86750208,0.0,1.0,2.5,-4014.549921512322,-3548.227294902701,LAW,24
5280.0,123.604168,0.0,1.0,2.0,-4042.109695219153,-3455.2057436351542,LAW,24
5290.0,118.09253490000033,0.0,0.3333333333333333,2.0,-4048.804634309514,-3375.593694431178,LAW,25
5300.0,112.64999964444445,0.0,0.0,2.0,-4038.847972854466,-3277.0760178988894,LAW,25
5310.0,108.12749952,0.0,0.0,2.0,-4013.0266443546716,-3192.6964343518653,LAW,25
5320.0,102.8031248,14.7783512,0.0,2.0,-3967.954082416324,-3111.9027676789974,LAW,25
5330.0,102.06388906666666,40.54305706666666,0.0,2.0,-3905.420208036513,-3041.0841051347975,LAW,25
5340.0,103.67777801481482,54.26111312592593,0.0,2.0,-3839.109137550628,-2990.7419751575835,LAW,25
5350.0,110.1347734690909,64.45216020363637,0.0,2.0,-3726.7767963638644,-2938.300373873358,LAW,25
5360.0,118.38182050909091,73.99772916363636,0.0,2.0,-3636.0,-2909.0,LAW,25
5370.0,127.91375136,81.16125024,0.0,2.0,-3546.8936879537523,-2887.0824325657295,LAW,25
5380.0,141.08875136,83.48625024,0.0,2.5,-3404.887215938703,-2854.929456101698,LAW,25
5390.0,153.0,100.0,0.0,3.0,-3321.8146144479806,-2837.811989336608,LAW,25
5400.0,157.421876,100.0,0.0,3.0,-3269.897523207176,-2827.611255143801,LAW,25
5410.0,173.05625120000002,100.0,0.0,4.0,-3142.7058290872797,-2803.1326089318477,LAW,25
5420.0,181.68125120000002,100.0,0.0,4.0,-3029.952974203445,-2782.254575465337,LAW,25
5440.0,196.9281284,100.0,0.0,4.0,-2866.0184182278913,-2753.919155437744,LAW,25
5450.0,202.0500032,100.0,0.0,4.0,-2732.0,-2733.0,LAW,25
5460.0,205.9250048,100.0,0.0,4.0,-2661.156379798275,-2721.7990828328047,LAW,25
0.0,212.41459093333333,100.0,0.0,5.0,-2560.442294500037,-2706.444464379545,OCO,1
10.0,218.82708586666666,100.0,0.0,5.0,-2467.0,-2692.0,OCO,1
20.0,228.2677096,100.0,0.0,5.0,-2314.1178799720883,-2668.1283143611545,OCO,1
30.0,235.62812639999999,100.0,0.0,5.5,-2132.4344129277897,-2638.788736288644,OCO,1
50.0,243.0,100.0,0.0,6.0,-2020.266394878995,-2621.4551943243705,OCO,1
60.0,248.0750016,100.0,0.0,6.0,-1939.0,-2609.0,OCO,1
70.0,251.0375008,100.0,0.0,6.0,-1858.994054056879,-2595.949044211158,OCO,1
80.0,255.0,100.0,0.0,6.0,-1744.6785493079162,-2576.7452606552524,OCO,1
90.0,257.964288,100.0,0.0,6.0,-1688.0,-2567.0,OCO,1
100.0,265.0,100.0,0.0,6.0,-1569.8816480541714,-2546.3302604298847,OCO,1
110.0,268.1281264,100.0,0.0,6.0,-1442.0,-2525.0,OCO,1
120.0,272.0,100.0,0.0,7.0,-1210.2842963016649,-2487.7317410134638,OCO,1
130.0,272.7666688,100.0,0.0,7.0,-1187.0,-2484.0,OCO,1
140.0,280.0,100.0,0.0,7.0,-1096.1670675053304,-2469.255127647477,OCO,1
150.0,282.5500032,100.0,0.0,7.0,-1049.0,-2461.0,OCO,1
170.0,288.6781264,100.0,0.0,7.0,-809.7529553876633,-2419.0373882496124,OCO,1
190.0,295.0,100.0,0.0,7.0,-613.6539646600748,-2384.9756051559184,OCO,1
200.0,296.1625024,100.0,0.0,7.0,-572.0,-2378.0,OCO,1
210.0,298.0,100.0,0.0,7.0,-497.02082991726115,-2365.64879732093,OCO,1
220.0,300.007537846822,100.0,0.0,7.0,-360.25472728188026,-2343.208561846046,OCO,1
240.0,301.955224184748,100.0,0.0,8.0,-170.82524302973212,-2310.796663701924,OCO,2
260.0,307.22580662920564,100.0,0.0,8.0,3.3363375644867723,-2278.4221227420912,OCO,2
280.0,309.13707167841926,100.0,0.0,8.0,259.208061947801,-2230.575076486094,OCO,2
290.0,309.89719644056254,100.0,0.0,8.0,364.0,-2212.0,OCO,2
310.0,311.0,100.0,0.0,8.0,524.8098639657055,-2182.6990913194572,OCO,2
320.0,311.0,100.0,0.0,8.0,634.2184453891695,-2162.313330758721,OCO,2
330.0,312.03000064,100.0,0.0,8.0,738.0,-2143.0,OCO,2
340.0,313.0,100.0,0.0,8.0,882.3994748203562,-2116.2860471838876,OCO,2
350.0,313.0,100.0,0.0,8.0,1030.0,-2089.0,OCO,2
360.0,313.0,100.0,0.0,8.0,1123.712327106317,-2071.563748259914,OCO,2
380.0,316.83000064,100.0,0.0,8.0,1191.4366308920223,-2059.0065726735465,OCO,2
400.0,320.71666773333334,100.0,0.0,8.0,1395.0,-2022.0,OCO,2
410.0,323.0,100.0,0.0,8.0,1541.400497205312,-1995.3933625526342,OCO,2
430.0,323.0,100.0,0.0,8.0,1829.3215408514247,-1942.7008337982252,OCO,2
450.0,323.5821430857143,100.0,0.0,8.0,2030.0,-1906.0,OCO,3
460.0,324.0,100.0,0.0,8.0,2157.007142299649,-1882.8956559438616,OCO,3
470.0,323.0,100.0,0.0,8.0,2305.4353422954982,-1856.1346248173058,OCO,3
480.0,323.0,100.0,0.0,8.0,2380.0,-1843.0,OCO,3
490.0,323.0,100.0,0.0,8.0,2413.861828408052,-1837.1782938650576,OCO,3
520.0,324.0,100.0,0.0,8.0,2572.21017895938,-1812.298534337992,OCO,3
540.0,324.0,100.0,0.0,8.0,2759.0,-1783.0,OCO,3
550.0,324.0,100.0,0.0,8.0,2886.7613690278936,-1762.6718386691762,OCO,3
560.0,324.0,100.0,0.0,8.0,2936.0,-1755.0,OCO,3
570.0,324.0,100.0,0.0,8.0,3203.0,-1714.0,OCO,3
600.0,324.0,100.52500053333333,0.0,8.0,3363.591042715695,-1688.721166274674,OCO,3
620.0,324.0,104.0,1.0,8.0,3534.525908007928,-1662.4527553571368,OCO,3
630.0,302.8277646222222,74.24442595555556,1.0,8.0,3629.0,-1648.0,OCO,3
640.0,259.9694378666667,14.011101866666664,1.0,8.0,3787.49842307949,-1623.790244377683,OCO,3
660.0,230.70833066666665,0.0,1.0,8.0,3972.109053009424,-1596.2378448668426,OCO,3
670.0,214.74999466666668,0.0,1.0,8.0,4080.0,-1580.0,OCO,4
690.0,161.49998933333333,0.0,1.0,8.0,4390.0,-1519.0,OCO,4
700.0,152.5,0.0,1.0,3.5,4460.727414305422,-1497.931772449531,OCO,4
710.0,145.0,0.0,1.0,3.0,4558.0,-1468.0,OCO,4
720.0,145.0,0.0,1.0,2.6666666666666665,4620.649649032984,-1436.7646118426712,OCO,4
730.0,115.16,6.0,1.0,2.0,4718.585045496897,-1347.8090093049575,OCO,4
740.0,99.3,55.0,1.0,2.0,4775.778140532268,-1245.762966664244,OCO,4
750.0,88.24777536062727,0.0,1.0,2.0,4799.060780466142,-1103.520572610342,OCO,4
760.0,80.35543919999999,0.0,0.3333333333333333,2.0,4791.322553954668,-1016.0738981228792,OCO,4
770.0,75.81046844,0.0,0.0,2.0,4761.089291883008,-917.4616963400485,OCO,4
780.0,72.47666688,14.379999573333334,0.0,2.0,4739.02440634762,-873.4261459884616,OCO,4
790.0,75.71481505185186,21.429630103703705,0.0,2.0,4704.862397313453,-829.827438980998,OCO,4
800.0,80.17142918095239,28.960714971428573,0.0,2.0,4632.670641635793,-764.9224017054702,OCO,4
810.0,87.1345840711111,43.3250016,0.0,2.0,4548.158431691673,-728.4494548283545,OCO,4
820.0,101.06389042116403,58.90000091428572,0.0,2.0,4407.939174659891,-710.422729544602,OCO,4
830.0,113.80892982857142,65.02142902857142,0.0,2.0,4262.322324732142,-715.3256835185256,OCO,4
840.0,122.0,68.0,0.0,2.0,4193.597910105289,-719.29889929107,OCO,4
850.0,132.02500053333333,71.50625013333332,0.0,3.0,4132.817494485663,-724.1140684136304,OCO,4
860.0,141.01333504000002,77.26000128,0.0,3.0,4037.13655072216,-733.6033326246658,OCO,4
870.0,153.21250148571428,82.31250057142857,0.0,3.0,3918.6614027834935,-746.8311906333881,OCO,4
880.0,164.02857325714285,89.03928822857142,0.0,3.0,3776.5707622701957,-762.9345855907059,OCO,4
890.0,172.0,100.0,0.0,4.0,3690.9404525878012,-772.8757343242318,OCO,5
900.0,178.79500288,100.0,0.0,4.0,3639.578996891011,-777.9371460993223,OCO,5
910.0,188.0,100.0,0.0,4.0,3532.808085109775,-787.7611632353187,OCO,5
920.0,194.43125120000002,100.0,0.0,4.0,3438.8567306845293,-796.4405802873914,OCO,5
930.0,197.52818511523205,100.0,0.0,4.0,3389.0,-801.0,OCO,5
940.0,202.58037650700606,100.0,0.0,4.0,3266.0,-811.0,OCO,5
950.0,208.1125,100.0,0.0,5.0,3128.773307204216,-822.8455349347801,OCO,5
960.0,217.59863954265973,100.0,0.0,5.0,2951.9236986996166,-838.1564055035394,OCO,5
980.0,231.16780250961307,100.0,0.0,5.0,2852.0,-846.0,OCO,5
990.0,239.0,100.0,0.0,6.0,2756.9963317499833,-854.124498241849,OCO,5
1000.0,243.44166897777777,100.0,0.0,6.0,2667.0,-862.0,OCO,5
1020.0,252.94500096000002,100.0,0.0,6.0,2483.685530777397,-878.1157498886517,OCO,5
1030.0,258.5375008,100.0,0.0,6.0,2349.462980543397,-889.6656102464713,OCO,5
1050.0,265.5375008,100.0,0.0,6.0,2146.6966773767354,-907.0740157723735,OCO,5
1070.0,270.9805575111111,100.0,0.0,6.0,2012.0,-918.0,OCO,5
1080.0,275.8236120888889,100.0,0.0,6.5,1859.898975675853,-931.9154697630127,OCO,5
1100.0,278.8458336,100.0,0.0,7.0,1551.1345211789326,-958.3454790578892,OCO,5
1130.0,288.2875008,100.0,0.0,7.0,1360.0447740221448,-974.501480082283,OCO,6
1150.0,294.01750144,100.0,0.0,7.0,1164.0,-991.0,OCO,6
1160.0,297.16750144,100.0,0.0,7.0,1049.0,-1001.0,OCO,6
1170.0,298.0,100.0,0.0,7.0,1018.5387761798545,-1003.6633184528307,OCO,6
1180.0,301.05000106666665,100.0,0.0,7.0,867.0,-1017.0,OCO,6
1200.0,304.1232146285714,100.0,0.0,8.0,708.7244933646645,-1031.1442840928457,OCO,6
1220.0,306.80178605714286,100.0,0.0,8.0,497.73833079797345,-1049.322973972618,OCO,6
1230.0,309.0375008,100.0,0.0,8.0,342.0,-1063.0,OCO,6
1250.0,311.0,100.0,0.0,8.0,170.09716913729991,-1078.3109959590809,OCO,6
1260.0,311.5659095272727,100.0,0.0,8.0,84.0,-1086.0,OCO,6
1290.0,314.10750016,100.0,0.0,8.0,-193.52458019252416,-1110.579774502094,OCO,6
1300.0,315.0,100.0,0.0,8.0,-344.60194058519454,-1123.4687303908267,OCO,6
1310.0,315.5928576,100.0,0.0,8.0,-419.0,-1130.0,OCO,6
1330.0,317.0,100.0,0.0,8.0,-592.7510704663471,-1145.8893431308022,OCO,7
1340.0,317.0,100.0,0.0,8.0,-724.4881336782282,-1157.0917687538135,OCO,7
1350.0,317.1791669333333,100.0,0.0,8.0,-770.0,-1161.0,OCO,7
1360.0,318.0,100.0,0.0,8.0,-1039.465619842085,-1184.7795631114375,OCO,7
1370.0,318.0954548363636,100.0,0.0,8.0,-1087.0,-1189.0,OCO,7
1400.0,318.93409105454543,100.0,0.0,8.0,-1303.3754442577751,-1207.7863850003769,OCO,7
1420.0,319.5071433142857,100.0,0.0,8.0,-1459.0,-1221.0,OCO,7
1430.0,320.0,100.0,0.0,8.0,-1623.500888656884,-1235.9057424897385,OCO,7
1440.0,320.0,100.0,0.0,8.0,-1724.0,-1245.0,OCO,7
1450.0,320.0,100.0,0.0,8.0,-1854.9650358285676,-1256.501257619444,OCO,7
1470.0,321.0,100.0,0.0,8.0,-2107.25017709447,-1277.8495924970107,OCO,7
1480.0,321.0,100.0,0.0,8.0,-2199.7331677800685,-1286.0583023059298,OCO,7
1510.0,321.0,100.0,0.0,8.0,-2364.615892708022,-1301.5035880022156,OCO,7
1520.0,321.4315353843082,100.0,0.0,8.0,-2452.0,-1309.0,OCO,7
1530.0,322.0,100.0,0.0,8.0,-2613.659534397001,-1322.3106511084889,OCO,7
1550.0,322.0,100.0,0.0,8.0,-2765.426319460164,-1335.5919699405642,OCO,8
1560.0,315.59499776,81.6999936,0.0,8.0,-2866.0,-1345.0,OCO,8
1630.0,287.64749888,1.8499967999999996,0.5,8.0,-3564.145110608426,-1406.3054114301224,OCO,8
1640.0,265.0,0.0,1.0,8.0,-3732.17600630528,-1420.76483348592,OCO,8
1650.0,255.5142784,0.0,1.0,8.0,-3792.0,-1426.0,OCO,8
1660.0,233.9714249142857,0.0,1.0,7.5,-3920.447337352055,-1437.491403770693,OCO,8
1670.0,225.5611064888889,0.0,1.0,7.0,-3993.0,-1444.0,OCO,8
1680.0,210.50277546666666,0.0,1.0,6.5,-4182.851284803641,-1460.626763726837,OCO,8
1690.0,201.66249813333334,0.0,1.0,6.0,-4423.0,-1482.0,OCO,8
1700.0,200.0,0.0,1.0,4.0,-4460.547610664577,-1485.0593526521898,OCO,8
1710.0,170.29499776,0.0,1.0,3.6666666666666665,-4545.260234648424,-1487.181162761739,OCO,8
1720.0,162.0,0.0,1.0,3.0,-4616.0,-1487.0,OCO,8
1730.0,162.0,0.0,1.0,3.0,-4673.957536044403,-1486.380121348601,OCO,8
1740.0,154.62194360888887,0.0,1.0,3.0,-4808.332016308311,-1470.5279673637485,OCO,8
1750.0,151.0,0.0,1.0,3.0,-4969.0852333390885,-1407.9342666597056,OCO,8
1760.0,144.17499694545455,0.0,1.0,3.0,-5010.0,-1375.0,OCO,8
1770.0,130.0,0.0,1.0,3.0,-5073.483478442352,-1294.5484397408006,OCO,9
1780.0,104.09062159999999,0.0,1.0,2.25,-5102.859445399607,-1228.632643943156,OCO,9
1790.0,87.14208202666667,0.0,1.0,2.0,-5124.380064656362,-1097.3074659005388,OCO,9
1800.0,80.69629582222223,0.0,0.6666666666666666,2.0,-5118.21155805861,-1013.7899495692449,OCO,9
1810.0,75.59833289142857,0.50750016,0.6666666666666666,2.0,-5081.758725982083,-924.3656894453492,OCO,9
1820.0,71.03267858285714,17.751430582857143,0.5,2.0,-5008.965639403123,-841.2613998593645,OCO,9
1830.0,74.33333333333333,31.666666666666668,0.0,2.0,-4921.891154897116,-792.197777325931,OCO,9
1840.0,79.304688,35.3937504,0.0,2.0,-4832.8156521924575,-787.9775273405805,OCO,9
1850.0,88.30714331428571,41.87142887619047,0.0,2.0,-4725.203252896074,-811.5377867669969,OCO,9
1860.0,91.11500032,44.11500032,0.0,2.0,-4606.632067749577,-855.1910122513027,OCO,9
1870.0,96.02142902857143,41.942855923809525,0.0,2.0,-4527.498912014328,-879.8146585829745,OCO,9
1880.0,95.130208,7.685414399999999,0.6666666666666666,2.0,-4417.965090411516,-904.0368485253213,OCO,9
1890.0,91.84749888,0.0,1.0,2.0,-4341.342139161316,-910.806666448741,OCO,9
1900.0,77.75499904,0.0,1.0,2.0,-4226.190714325007,-876.4951139237812,OCO,9
1910.0,69.98749973333334,0.0,0.0,2.0,-4171.551266710864,-801.2366591744825,OCO,9
1920.0,65.68557136457143,7.651572589714286,0.0,2.0,-4146.586218847186,-712.7537374469244,OCO,9
1930.0,69.40952441904761,28.210268914285713,0.0,2.0,-4139.296075437299,-615.5882615153612,OCO,9
1940.0,79.295456,43.2136384,0.0,2.0,-4159.516659825109,-502.5784281936856,OCO,9
1950.0,88.7875008,54.2234376,0.0,2.0,-4188.214096563487,-435.0362069552839,OCO,9
1960.0,95.0,55.0,0.0,2.0,-4241.239459377184,-359.39475924366906,OCO,9
1970.0,113.01805653333334,67.0,0.0,2.3333333333333335,-4322.398783390093,-262.82274563312944,OCO,9
1980.0,125.91044784673639,70.94029856449092,0.0,3.0,-4396.545493749398,-165.49706288697521,OCO,9
1990.0,140.67204358792964,76.59139802705528,0.0,3.0,-4434.06271390288,-97.2027588074576,OCO,10
2000.0,144.25555626666667,78.6916672,0.0,3.0,-4472.0,-10.0,OCO,10
2010.0,153.36250506666667,81.1625008,0.0,3.0,-4501.891361384745,79.62978510487596,OCO,10
2020.0,168.56581007058824,84.1437504,0.0,4.0,-4521.898146474377,164.8011025804055,OCO,10
2100.0,218.45000045714286,100.0,0.0,5.0,-4553.608847756027,918.9581103998639,OCO,10
2110.0,222.0,100.0,0.0,5.0,-4547.6821389668385,1037.0103847061566,OCO,10
2130.0,231.23541813333333,100.0,0.0,5.0,-4537.333655646817,1146.8473611001218,OCO,10
2140.0,236.0750016,100.0,0.0,5.0,-4524.0,1252.0,OCO,10
2150.0,240.61250062222223,100.0,0.0,6.0,-4502.936960780474,1374.565516761678,OCO,10
2170.0,246.6402784,100.0,0.0,6.0,-4452.673606017437,1578.5576603006712,OCO,10
2240.0,260.87065266086955,100.0,0.0,6.0,-4076.7457241867373,2174.202471768016,OCO,11
2260.0,264.7357147428571,100.0,0.0,6.5,-3968.8471032528305,2262.956836099438,OCO,11
2270.0,267.44500096,100.0,0.0,7.0,-3857.0,2342.0,OCO,11
2280.0,268.0,100.0,0.0,7.0,-3825.9122417944745,2360.9194272384675,OCO,11
2300.0,269.0750002285714,100.0,0.0,7.0,-3512.4903237422723,2522.7871675330207,OCO,11
2310.0,269.7928576,100.0,0.0,7.0,-3367.0,2578.0,OCO,11
2320.0,270.0,100.0,0.0,7.0,-3327.28330029904,2591.1880867596738,OCO,11
2330.0,272.86500096,100.0,0.0,7.0,-3184.5213852353354,2636.2883967487605,OCO,11
2350.0,275.00681832727275,100.0,0.0,7.0,-3003.1462248801436,2690.657899821811,OCO,11
2370.0,276.2863639272727,100.0,0.0,7.0,-2826.0,2744.0,OCO,11
2380.0,277.0,100.0,0.0,7.0,-2715.8963155427955,2777.910165589256,OCO,11
2400.0,278.51870299353874,100.0,0.0,7.0,-2561.0,2827.0,OCO,11
2410.0,279.9326678826129,100.0,0.0,7.0,-2421.7095279769633,2873.0948404404116,OCO,11
2430.0,281.1612902041854,100.0,0.0,7.0,-2295.0,2916.0,OCO,12
2440.0,282.0,100.0,0.0,7.0,-2097.298214859594,2986.6875481536645,OCO,12
2450.0,282.0,100.0,0.0,7.0,-1973.2143496568767,3031.681777942523,OCO,12
2470.0,283.7687504,100.0,0.0,7.0,-1853.0,3077.0,OCO,12
2480.0,284.0,100.0,0.0,7.0,-1828.2911913518521,3086.356652146829,OCO,12
2490.0,284.68333368888887,100.0,0.0,7.0,-1734.0,3122.0,OCO,12
2500.0,286.0,100.0,0.0,7.0,-1571.8015913214342,3183.374905733622,OCO,12
2510.0,286.6437504,100.0,0.0,7.0,-1477.0,3221.0,OCO,12
2530.0,287.8843752,100.0,0.0,7.0,-1262.1587810093931,3308.69865733414,OCO,12
2550.0,287.3249998222222,100.0,0.0,7.0,-1151.0,3356.0,OCO,12
2560.0,287.0,100.0,1.0,7.0,-1049.431718390972,3400.18510306965,OCO,12
2570.0,278.74249664,0.0,1.0,7.0,-855.3627174371637,3484.9161256049947,OCO,12
2590.0,260.0,0.0,1.0,7.0,-746.3946659805631,3533.628563532068,OCO,12
2600.0,231.43499648,0.0,1.0,7.0,-681.6845172018761,3563.5361792555555,OCO,12
2610.0,212.23392594285713,0.0,1.0,7.0,-590.5007604662169,3603.6250726239405,OCO,12
2620.0,192.51964022857143,0.0,1.0,6.0,-392.48135492651,3691.5840987519164,OCO,12
2630.0,179.0,0.0,1.0,5.0,-305.92673394227006,3730.36102754293,OCO,12
2640.0,165.72343560000002,0.0,1.0,4.0,-259.74928891209845,3751.0129449834344,OCO,12
2650.0,151.3843712,0.0,1.0,4.0,-164.0,3793.0,OCO,13
2660.0,145.8152768,0.0,1.0,3.0,-115.29821441567837,3813.3027365752146,OCO,13
2670.0,136.90249792,0.0,1.0,3.0,-12.508558880289925,3848.860007376014,OCO,13
2680.0,122.20166528,0.0,1.0,3.0,70.6753089058615,3866.2757896354397,OCO,13
2690.0,112.57624896,0.0,1.0,3.0,165.53183047177197,3871.018745103901,OCO,13
2700.0,103.68055466666668,0.0,1.0,3.0,285.74669056382214,3839.082395217976,OCO,13
2710.0,97.62499911111111,0.9500003555555555,0.0,2.6666666666666665,358.88310283811387,3788.387601219089,OCO,13
2720.0,95.0,32.62500266666667,0.0,2.0,443.61635449032246,3700.5638451059717,OCO,13
2730.0,96.63593773333334,44.468750666666665,0.0,2.0,487.97780514512743,3628.623568762464,OCO,13
2740.0,98.92916693333333,51.75208426666667,0.0,2.0,521.8308702709655,3554.7615389760745,OCO,13
2750.0,109.65183790635155,63.46408124762185,0.0,2.0,556.3609236468784,3430.4325559880895,OCO,13
2760.0,119.80653199424192,65.0,0.0,2.0,571.0775397255379,3338.759262860751,OCO,13
2770.0,131.20500224,72.23250176,0.0,2.0,582.5,3229.5,OCO,13
2780.0,137.0750016,76.71666773333334,0.0,3.0,587.3469750305751,3170.964520855422,OCO,13
2790.0,154.51750144,88.69000192,0.0,3.0,601.3130697395466,3026.2172909379005,OCO,13
2800.0,164.2796888,100.0,0.0,3.0,616.8749184346649,2892.5493266588946,OCO,13
2820.0,177.71666773333334,100.0,0.0,4.0,634.2720853460673,2760.5282273384055,OCO,13
2830.0,185.18125120000002,100.0,0.0,4.0,648.5239577522609,2657.8977686288763,OCO,13
2840.0,193.0,100.0,0.0,5.0,667.3914085789412,2521.5951302993117,OCO,13
2850.0,194.8937504,100.0,0.0,5.0,679.6592765343454,2437.207597592523,OCO,13
2870.0,205.33928685714284,100.0,0.0,5.0,706.8479405987762,2274.0574346481176,OCO,14
2880.0,210.0694453333333,100.0,0.0,5.0,729.2955664022174,2152.2986942591237,OCO,14
2900.0,214.6437504,100.0,0.0,5.0,765.068647762303,1980.1251269004874,OCO,14
2910.0,217.2875008,100.0,0.0,5.0,795.0,1857.0,OCO,14
2920.0,218.0,100.0,0.0,5.0,803.7548521363999,1823.8635724011745,OCO,14
2930.0,219.22250048,100.0,0.0,5.0,831.0,1729.0,OCO,14
2940.0,220.71125024,100.0,0.0,5.0,870.0581818469323,1613.7722619885603,OCO,14
2950.0,223.0,100.0,0.0,5.0,917.1892945809279,1493.516872156593,OCO,14
2960.0,223.2953128,100.0,0.0,5.0,964.3218457842288,1392.508467575149,OCO,14
2980.0,226.00340916363638,100.0,0.0,5.0,1050.5069327872297,1234.7859441865512,OCO,14
2990.0,226.41590923636363,100.0,0.0,5.0,1114.0,1142.0,OCO,14
3000.0,226.59772741818182,100.0,0.0,5.0,1144.0,1102.0,OCO,14
3010.0,227.0,100.0,0.0,5.0,1218.2674374591363,1018.9152701821585,OCO,14
3020.0,227.0,100.0,0.0,5.0,1302.1336024050404,942.047963997379,OCO,14
3030.0,227.23333404444443,100.0,0.0,5.0,1351.0,902.0,OCO,14
3040.0,228.7944448,100.0,0.0,5.0,1501.0,808.0,OCO,14
3050.0,229.0,100.0,0.0,5.0,1522.4395216585592,797.2175836025444,OCO,14
3060.0,229.90750015999998,83.66499712000001,0.0,5.0,1628.165370649074,751.0323847814701,OCO,14
3070.0,227.45833244444444,61.666659555555555,0.0,5.0,1736.0,715.0,OCO,14
3080.0,225.0,41.952083200000004,0.0,5.0,1851.8272637284729,687.3612313548908,OCO,14
3090.0,225.0,41.1541664,0.0,5.0,1970.0,671.0,OCO,15
3100.0,225.0,41.0,0.0,5.0,1992.823530455403,668.9034169201336,OCO,15
3110.0,215.9916672,52.016665599999996,0.0,5.0,2138.4420502256266,663.9774729415058,OCO,15
3120.0,215.15000106666668,53.69999786666666,0.0,5.0,2196.0,669.0,OCO,15
3130.0,214.0,57.779164800000004,0.0,5.0,2357.5666475444577,703.6659691672384,OCO,15
3140.0,214.0,63.0,0.0,5.0,2472.676949267917,735.4693284183892,OCO,15
3160.0,214.0,68.35654615169042,0.0,5.0,2592.2912493379463,791.8514418959824,OCO,15
3170.0,215.61500032,80.30500224,0.0,5.0,2698.9485312210954,849.9382371771192,OCO,15
3180.0,217.1437504,92.7218784,0.0,5.0,2807.0,924.0,OCO,15
3190.0,217.8843752,99.01718919999999,0.0,5.0,2859.8778975770324,970.5707132291486,OCO,15
3200.0,219.5888896,100.0,0.0,5.0,2929.0,1043.0,OCO,15
3210.0,222.0,100.0,0.0,5.0,3053.37535175802,1174.7072703619833,OCO,15
3220.0,223.5187504,95.44374880000001,0.0,5.0,3128.9658010283856,1241.1401654903489,OCO,15
3250.0,223.94249983999998,68.30999808,0.0,5.0,3363.0822173755296,1376.7755425832672,OCO,15
3260.0,223.0,57.0,0.0,6.0,3427.8080823033447,1402.7204254875146,OCO,15
3270.0,220.3562496,49.0687488,0.0,6.0,3512.4983629049593,1423.2608445954788,OCO,15
3280.0,220.0,51.0750016,0.0,6.0,3604.0,1440.0,OCO,15
3290.0,219.3562496,52.227499519999995,0.0,6.0,3681.996704168822,1447.143269263028,OCO,15
3310.0,214.9859372,47.1078148,0.0,6.0,3891.110787768156,1443.0986414490499,OCO,16
3320.0,213.2843744,60.1531296,0.0,6.0,3996.0,1427.0,OCO,16
3330.0,212.3890628,69.8703124,0.0,6.0,4093.196270773908,1403.756747841962,OCO,16
3340.0,214.2781256,69.2406248,0.0,6.0,4265.0,1339.0,OCO,16
3350.0,215.0,69.0,0.0,6.0,4315.23802614856,1317.4094876177444,OCO,16
3360.0,216.0,83.0,0.0,6.0,4402.1284322176425,1263.5110254187462,OCO,16
3370.0,216.08214308571428,84.39643245714285,0.0,6.0,4411.0,1257.0,OCO,16
3380.0,216.96964297142858,99.48393051428572,0.0,6.0,4529.756195789875,1166.9854105471036,OCO,16
3390.0,218.0,100.0,0.0,6.0,4612.601771974454,1093.9497862362837,OCO,16
3400.0,218.3458336,100.0,0.0,6.0,4660.0,1045.0,OCO,16
3410.0,219.0479168,100.0,0.0,6.0,4785.028677720789,908.7148026001548,OCO,16
3420.0,220.0,100.0,0.0,6.0,4847.234835408673,837.1259751439851,OCO,16
3430.0,221.35555697777778,100.0,0.0,6.0,4871.0,806.0,OCO,16
3450.0,224.1482144,100.0,0.0,6.0,4990.704763472988,653.9981422231174,OCO,16
3460.0,225.0,100.0,0.0,6.0,5079.692231951777,543.5313533335561,OCO,16
3470.0,226.96071497142856,100.0,0.0,6.0,5145.0,466.0,OCO,16
3480.0,227.80178605714286,100.0,0.0,6.0,5177.7591293245705,428.0303337428443,OCO,16
3490.0,230.09556808213551,100.0,0.0,6.0,5274.12486757435,317.52559793442697,OCO,16
3510.0,231.68698024404375,100.0,0.0,6.0,5356.0,225.0,OCO,16
3520.0,233.0,100.0,0.0,6.0,5435.8095869483805,132.167979032823,OCO,16
3540.0,234.281248,100.0,0.0,6.0,5579.316225721877,-27.712677539300408,OCO,17
3550.0,237.406248,100.0,0.0,6.0,5621.887764801346,-77.1632306366624,OCO,17
3560.0,239.4480287527653,100.0,0.0,6.0,5720.0,-187.0,OCO,17
3570.0,240.0,100.0,0.0,6.0,5768.601195600595,-241.0933924910194,OCO,17
3580.0,241.22500022857145,100.0,0.0,6.0,5900.514001095906,-388.4889189013189,OCO,17
3600.0,240.7363618909091,90.6624928,0.0,6.0,5977.091000013185,-476.3653936575905,OCO,17
3620.0,221.09999825454545,9.662492800000003,0.5,6.0,6119.561066937622,-642.0154025232172,OCO,17
3630.0,207.5031224,4.5375008,1.0,6.0,6187.657013753282,-720.6661588570532,OCO,17
3640.0,197.4249984,3.28499968,1.0,5.5,6257.283203560322,-806.6914194605104,OCO,17
3650.0,191.36749824,2.17250048,1.0,4.0,6350.654975791966,-949.6525667818261,OCO,17
3660.0,181.0,5.0,1.0,4.0,6384.884191554196,-1006.0556870612903,OCO,17
3670.0,176.8562496,9.89844,1.0,4.0,6399.779379321586,-1063.670844823334,OCO,17
3680.0,173.9624992,27.98438,1.0,4.0,6426.0,-1231.0,OCO,17
3690.0,173.0,34.0,0.0,4.0,6430.559354986971,-1274.116249981519,OCO,17
3700.0,171.0,43.0,0.0,4.0,6426.836017489129,-1344.0297124310268,OCO,17
3710.0,170.44249983999998,53.03500288,0.0,4.0,6409.0,-1429.0,OCO,17
3720.0,170.0,60.034374400000004,0.0,4.0,6380.727997336918,-1534.5718940726556,OCO,17
3730.0,170.0,55.0,0.0,4.0,6334.385298473677,-1654.147096738363,OCO,17
3740.0,170.6968752,55.0,0.0,4.0,6312.035546996634,-1698.6584570168407,OCO,17
3750.0,172.72202422857143,60.7875008,0.0,4.0,6220.341078294497,-1832.89529603004,OCO,18
3760.0,175.0,64.0,0.0,4.0,6149.909138803769,-1919.2876345482514,OCO,18
3770.0,179.5562512,69.3156264,0.0,4.0,6088.0,-1971.0,OCO,18
3780.0,181.2687504,70.4624992,0.0,4.0,6048.859529364376,-1999.7810052474001,OCO,18
3790.0,184.06750112,68.37250144000001,0.0,4.0,5962.329587706653,-2049.663479446758,OCO,18
3800.0,188.63500224,74.24500288,0.0,4.0,5793.0,-2114.0,OCO,18
3810.0,190.0,76.0,0.0,5.0,5746.36218417338,-2127.898808822498,OCO,18
3820.0,195.53636538181817,78.76818269090909,0.0,5.0,5644.0,-2151.0,OCO,18
3830.0,200.9500008727273,81.47500043636364,0.0,5.0,5536.953712718963,-2170.4972794458754,OCO,18
3840.0,208.59750208,91.13500288,0.0,5.0,5400.0,-2192.0,OCO,18
3860.0,215.04500095999998,100.0,0.0,5.0,5237.109569036798,-2211.879009858379,OCO,18
3870.0,221.0,100.0,0.0,5.0,5123.426429843148,-2221.9128558604752,OCO,18
3880.0,228.10810700050615,100.0,0.0,5.0,5001.0,-2225.0,OCO,18
3890.0,230.27026829960184,100.0,0.0,5.0,4950.0,-2226.0,OCO,18
3900.0,235.02499840000002,100.0,0.0,6.0,4834.254385797062,-2229.082613206404,OCO,18
3920.0,243.0,100.0,0.0,6.0,4580.778299560223,-2239.5302870252576,OCO,18
3930.0,244.0532889599733,100.0,0.0,6.0,4550.0,-2241.0,OCO,18
3950.0,253.19642971428573,100.0,0.0,6.0,4349.543504920477,-2252.434477533607,OCO,18
3960.0,258.2500022857143,100.0,0.0,6.0,4254.0,-2259.0,OCO,18
3970.0,262.1035721142857,100.0,0.0,6.0,4160.557249032421,-2265.451856878609,OCO,19
3990.0,267.48281280000003,100.0,0.0,7.0,3955.249833664888,-2278.5662489372057,OCO,19
4010.0,269.92031280000003,100.0,0.0,7.0,3760.8300109725387,-2291.390771823152,OCO,19
4030.0,273.02916728888886,100.0,0.0,7.0,3602.351418903392,-2300.9174934853054,OCO,19
4050.0,279.0569450666667,100.0,0.0,7.0,3276.861981994947,-2322.7058614499747,OCO,19
4070.0,281.0,100.0,0.0,7.0,3031.956908116568,-2344.2746029374243,OCO,19
4080.0,281.5928576,100.0,0.0,7.0,2983.0,-2349.0,OCO,19
4090.0,283.0,100.0,0.0,7.0,2905.4203713750526,-2356.8789720424143,OCO,19
4100.0,283.0,100.0,0.0,7.0,2827.0,-2365.0,OCO,19
4110.0,283.0,100.0,0.0,7.0,2792.7251343368807,-2368.5236207592816,OCO,19
4130.0,285.90892891428575,100.0,0.5,7.0,2489.9234730302715,-2399.634851816979,OCO,19
4140.0,280.0,0.0,1.0,7.0,2408.437274492446,-2408.6183012211764,OCO,19
4150.0,274.624992,0.0,1.0,7.0,2388.0,-2411.0,OCO,19
4160.0,255.5796852,0.0,1.0,7.0,2261.8435369881076,-2425.674482360764,OCO,19
4180.0,236.789058,0.0,1.0,7.0,2114.7216127751976,-2442.9102111950856,OCO,19
4190.0,194.601558,0.0,1.0,6.5,1950.52274609788,-2464.6438725553276,OCO,20
4200.0,171.9089266285714,0.0,1.0,5.0,1796.8572475463172,-2484.8830900581097,OCO,20
4220.0,155.0,0.0,1.0,3.6666666666666665,1664.2609924614983,-2505.7329406159342,OCO,20
4230.0,138.48928045714285,0.0,1.0,3.0,1557.275749761713,-2524.856199080396,OCO,20
4240.0,122.46888597333333,0.0,1.0,2.3333333333333335,1461.3081669916185,-2547.164201990276,OCO,20
4250.0,112.0,0.0,1.0,2.0,1386.9003053967663,-2570.7167648831746,OCO,20
4260.0,111.94387637817627,0.0,1.0,2.0,1305.8470403075603,-2613.250879119809,OCO,20
4270.0,85.884357129713,0.0,1.0,1.6666666666666667,1234.6762173753887,-2701.88501214412,OCO,20
4280.0,72.91062632,0.42343739999999996,0.75,1.0,1227.086131128366,-2795.385256833478,OCO,20
4290.0,68.66487091069106,19.329393691395715,0.0,1.0,1255.8127806600946,-2885.0728681159653,OCO,20
4300.0,76.23888924444445,41.477778488888895,0.0,1.3333333333333333,1329.5248596903787,-2976.224790506671,OCO,20
4310.0,82.90535817142857,50.51884926984127,0.0,2.0,1393.0741037108207,-3026.9639561604963,OCO,20
4320.0,91.6531256,54.3791672,0.0,2.0,1473.8952267636655,-3080.314469485244,OCO,20
4330.0,100.28889031111112,62.4537042962963,0.0,2.0,1561.7395020569122,-3132.315537242932,OCO,20
4340.0,106.83250176,65.03000064,0.0,2.0,1616.0,-3164.0,OCO,20
4350.0,120.88312544,70.62833536,0.0,2.5,1750.8204059668801,-3242.874306824355,OCO,20
4360.0,127.0,99.00833706666667,0.0,3.0,1849.3676802015154,-3303.1940012858863,OCO,20
4370.0,136.15000320000001,100.0,0.0,3.0,1935.0,-3361.0,OCO,20
4380.0,150.3458336,100.0,0.0,3.0,2017.32263772161,-3426.5142476590822,OCO,20
4390.0,154.03214354285714,100.0,0.0,3.0,2077.553898797413,-3484.52967657494,OCO,20
4400.0,158.96071497142856,100.0,0.0,3.0,2140.2643040683934,-3561.282372731565,OCO,20
4410.0,161.7687504,100.0,0.0,3.5,2184.9507906226,-3632.2195877305157,OCO,21
4420.0,166.0750016,100.0,0.0,4.0,2220.0,-3706.0,OCO,21
4430.0,173.5250016,100.0,0.0,4.0,2261.0026704327574,-3842.1127163240626,OCO,21
4450.0,179.12500053333335,100.0,0.0,4.0,2286.9678306985793,-4017.7139561002173,OCO,21
4460.0,182.0,100.0,0.0,4.0,2292.2670091624937,-4199.411303431966,OCO,21
4470.0,183.3937504,100.0,0.0,4.0,2291.521286718207,-4264.424332710699,OCO,21
4490.0,190.42857167735656,100.0,0.0,4.0,2279.086743223109,-4370.282803873672,OCO,21
4500.0,193.85033933046452,100.0,0.0,4.0,2242.0,-4544.0,OCO,21
4510.0,196.0,100.0,0.0,5.0,2211.733242180494,-4649.30190896784,OCO,21
4520.0,197.06249866666667,100.0,0.0,5.0,2170.780340293095,-4761.6450205075125,OCO,21
4530.0,201.0,100.0,0.0,5.0,2142.3209307635025,-4835.692870164487,OCO,21
4540.0,195.51250453333333,0.9125002666666666,1.0,5.0,2110.0776487897815,-4908.550277407885,OCO,21
4550.0,180.0,0.0,1.0,5.0,2058.250831162273,-5009.5434543393885,OCO,21
4560.0,179.1708582955015,0.0,1.0,4.0,2015.7530597454595,-5082.48714892252,OCO,21
4570.0,168.6557800095968,0.0,1.0,4.0,1981.1532851716247,-5136.974622446028,OCO,21
4580.0,158.1656232,0.0,1.0,4.0,1904.0,-5242.0,OCO,21
4590.0,153.05892754285713,0.0,1.0,4.0,1844.526592344194,-5311.718533570411,OCO,21
4600.0,147.0,0.0,1.0,4.0,1788.3978775219282,-5374.556489240809,OCO,21
4610.0,139.22785621333333,1.0371430400000001,0.3333333333333333,4.0,1727.9822427409279,-5425.761894577496,OCO,21
4620.0,132.8083328,3.27666688,0.0,4.0,1624.1655427450617,-5480.548544805172,OCO,21
4630.0,130.0,16.309381600000002,0.0,4.0,1490.6722302619482,-5506.917331417254,OCO,22
4640.0,132.0,53.0,0.0,4.0,1407.8693802297048,-5508.9258761480505,OCO,22
4650.0,135.0958336,60.8354176,0.0,4.0,1328.1163075402892,-5497.127524405302,OCO,22
4660.0,140.44062639999999,64.0,0.0,4.0,1245.3505235555442,-5478.238812623145,OCO,22
4670.0,146.50666751999998,72.75333375999999,0.0,4.0,1138.7521695207208,-5431.458814861876,OCO,22
4680.0,155.4093784,77.593752,0.0,4.0,1068.0,-5390.0,OCO,22
4690.0,168.3833344,85.3833344,0.0,4.0,979.1070965727245,-5320.570863418523,OCO,22
4700.0,175.97222399999998,92.84097386666667,0.0,4.0,901.0083329357034,-5249.148540224676,OCO,22
4710.0,184.0,100.0,0.0,4.0,837.848865975243,-5190.603300335259,OCO,22
4720.0,190.46000128,100.0,0.0,4.0,776.1231461079274,-5134.732336391286,OCO,22
4730.0,197.30250112,100.0,0.0,4.5,696.5414238623667,-5063.909102744843,OCO,22
4750.0,209.43250208,100.0,0.0,5.0,518.4085863254496,-4904.248606399478,OCO,22
4770.0,215.3833344,100.0,0.0,5.0,396.0215281431472,-4795.503282942427,OCO,22
4780.0,222.3833344,100.0,0.0,5.0,300.3629052277287,-4709.203965973571,OCO,22
4820.0,239.89881476403096,100.0,0.0,5.0,-15.0,-4426.0,OCO,22
4830.0,243.0,100.0,0.0,6.0,-68.4725899675719,-4378.193363239239,OCO,22
4840.0,245.0249984,100.0,0.0,6.0,-156.0,-4300.0,OCO,22
4850.0,246.0,100.0,0.0,6.0,-212.59344787144798,-4249.436347234575,OCO,23
4860.0,247.21499904,100.0,0.0,6.0,-341.0,-4135.0,OCO,23
4880.0,249.0,100.0,0.0,6.0,-478.6273451523956,-4014.37286630274,OCO,23
4890.0,252.5166656,100.0,0.0,6.0,-561.6588697462257,-3945.314367786273,OCO,23
4910.0,254.89968645999937,100.0,0.0,6.0,-642.0,-3888.0,OCO,23
4920.0,256.0,100.0,0.0,6.0,-736.4193033980109,-3831.7650304068197,OCO,23
4930.0,256.0,100.0,0.0,6.0,-811.335557080771,-3793.164885882127,OCO,23
4940.0,255.11874986666666,100.0,0.0,6.0,-946.2044345066294,-3745.1529537139013,OCO,23
4960.0,255.0,85.6374976,0.0,6.0,-1101.12035927445,-3719.3970087258986,OCO,23
4970.0,254.0,82.0,0.0,6.0,-1252.2842781781085,-3712.83884703238,OCO,23
4980.0,254.0,79.2124992,0.0,6.0,-1330.6500230731522,-3716.2938921277255,OCO,23
4990.0,253.1107136,75.035712,0.0,6.0,-1421.0,-3726.0,OCO,23
5000.0,251.0,68.0,0.0,6.0,-1554.4447337169427,-3758.210084695514,OCO,23
5010.0,250.6166656,68.1916672,0.0,6.0,-1570.0,-3763.0,OCO,23
5020.0,246.44999893333335,70.27500053333333,0.0,6.0,-1734.0,-3827.0,OCO,23
5030.0,245.0,71.0,0.0,6.0,-1788.4582071332404,-3854.5337835718747,OCO,23
5040.0,247.0,83.0,0.0,6.0,-1956.4845645373662,-3941.415634156435,OCO,23
5050.0,247.21500032,86.65500544,0.0,6.0,-1986.0,-3957.0,OCO,23
5060.0,248.00681832727273,100.0,0.0,6.0,-2091.032812716332,-4012.507277118144,OCO,23
5070.0,248.92272756363636,100.0,0.0,6.0,-2217.0,-4072.0,OCO,24
5090.0,250.05375008,100.0,0.0,6.0,-2381.7509332058435,-4132.381964128721,OCO,24
5110.0,250.65750016,100.0,0.0,6.0,-2588.0,-4179.0,OCO,24
5120.0,251.0,100.0,0.0,6.0,-2686.3861851094653,-4193.795313808665,OCO,24
5130.0,251.0,100.0,0.0,6.0,-2778.244164501252,-4199.495656930656,OCO,24
5140.0,251.0,100.0,0.0,6.0,-2862.3881809310496,-4198.560548095119,OCO,24
5160.0,249.97499946666667,41.7374944,1.0,6.0,-3057.9896614639533,-4180.150942251788,OCO,24
5170.0,246.28333226666666,2.9749887999999984,1.0,6.0,-3205.0,-4153.0,OCO,24
5180.0,246.0,0.0,1.0,6.0,-3215.3107974155246,-4150.798194832168,OCO,24
5190.0,216.14374320000002,0.0,1.0,6.0,-3394.303371769558,-4099.250845172217,OCO,24
5200.0,204.59284937142857,0.0,1.0,6.0,-3522.0,-4050.0,OCO,24
5210.0,195.0,0.0,1.0,5.0,-3578.982106042045,-4022.1804158949058,OCO,24
5220.0,195.0,0.0,1.0,4.0,-3617.045293193716,-3998.5177142274215,OCO,24
5230.0,183.13749760000002,0.0,1.0,4.0,-3696.2039392048414,-3947.3143074904474,OCO,24
5240.0,165.13749760000002,0.0,1.0,3.5,-3787.017089486776,-3873.531730920195,OCO,24
5250.0,149.44389101938384,0.0,1.0,3.0,-3916.6576008072316,-3729.2952982069764,OCO,24
5260.0,136.4227322181818,0.0,1.0,3.0,-3981.0,-3625.0,OCO,24
5270.0,128.0,0.0,1.0,3.0,-4011.047472550932,-3557.6002420622494,OCO,24
5280.0,121.50312679999999,0.0,1.0,2.5,-4032.2090991277364,-3497.536542304283,OCO,24
5290.0,112.33750239999999,0.0,1.0,2.0,-4047.920662909763,-3407.9176919601655,OCO,25
5300.0,104.23849364766016,0.0,0.6666666666666666,2.0,-4039.2932575119335,-3282.75857155045,OCO,25
5310.0,98.08499968000001,0.0,0.0,2.0,-4008.952129305404,-3182.629053778859,OCO,25
5320.0,94.47604159999999,33.673961600000005,0.0,2.0,-3962.5943808675856,-3104.9054659291724,OCO,25
5330.0,95.8843752,48.421876,0.0,2.0,-3902.3222459943927,-3038.7095071326703,OCO,25
5340.0,100.63000064,49.0,0.0,2.0,-3828.909994473615,-2986.372815407427,OCO,25
5350.0,106.54583431111111,55.93888995555556,0.0,2.0,-3749.6505742116756,-2946.94087695813,OCO,25
5360.0,114.35833386666667,60.7944448,0.0,2.6666666666666665,-3645.979932892569,-2912.784984547487,OCO,25
5370.0,121.972224,63.7805568,0.0,3.0,-3529.0,-2883.0,OCO,25
5380.0,131.0375008,69.5187504,0.0,3.0,-3456.778658904174,-2866.7534967445026,OCO,25
5390.0,141.40909381818182,73.96363752727272,0.0,3.0,-3369.0,-2848.0,OCO,25
5400.0,152.25000145454544,78.30000058181818,0.0,3.0,-3270.594147905709,-2827.346056761938,OCO,25
5410.0,162.5375008,85.5375008,0.0,3.0,-3136.167663164425,-2801.8777491370092,OCO,25
5420.0,167.968752,90.18125119999999,0.0,4.0,-3059.411887266916,-2787.9262107567083,OCO,25
5430.0,180.5375024,97.52083466666666,0.0,4.0,-2919.984751407475,-2763.57611872123,OCO,25
5450.0,197.04285805714284,100.0,0.0,5.0,-2695.8212389656655,-2727.1279068151935,OCO,25
5470.0,205.0,100.0,0.0,5.0,-2505.766609132298,-2697.9735901341137,OCO,25
0.0,207.25790585263158,100.0,0.0,4.0,-2627.7119498019906,-2717.624771249179,LIN,1
10.0,214.92894922105262,100.0,0.0,4.5,-2520.1433065972437,-2700.470802014601,LIN,1
30.0,226.36604508946834,100.0,0.0,5.5,-2255.5420451406785,-2658.3514083754944,LIN,1
50.0,238.78273075845212,100.0,0.0,6.0,-2137.0,-2640.0,LIN,1
60.0,242.0,100.0,0.0,6.0,-2094.096089019592,-2633.352006518901,LIN,1
70.0,249.62578030738084,100.0,0.0,6.0,-1937.2702930235455,-2608.512296947478,LIN,1
80.0,253.74428271330086,100.0,0.0,6.0,-1839.0,-2592.0,LIN,1
100.0,261.5738032803114,100.0,0.0,6.5,-1636.768699842164,-2558.213079916663,LIN,1
120.0,269.73332906666667,100.0,0.0,7.0,-1392.0,-2517.0,LIN,1
130.0,275.0,100.0,0.0,7.0,-1300.315039410849,-2502.2226598780844,LIN,1
150.0,279.77499839999996,100.0,0.0,7.0,-1205.1541392586182,-2487.0344350854666,LIN,1
160.0,280.0,100.0,0.0,7.0,-1075.9588575979235,-2465.317772973805,LIN,1
170.0,282.16999552,100.0,0.0,7.0,-1027.0,-2457.0,LIN,1
180.0,287.5812488,100.0,0.0,7.0,-896.2128986058085,-2434.5565410882355,LIN,1
200.0,293.0083328,100.0,0.0,8.0,-614.8323957178676,-2385.142566792306,LIN,1
220.0,295.0,100.0,0.0,8.0,-474.145103484658,-2362.6184679674534,LIN,1
240.0,300.72999808,100.0,0.0,8.0,-309.9723828195851,-2335.076226412227,LIN,2
260.0,303.5821421714286,100.0,0.0,8.0,7.606707417542204,-2278.3861584089227,LIN,2
280.0,306.00999936,100.0,0.0,8.0,118.42239964082842,-2257.1104275793914,LIN,2
300.0,308.0,100.0,0.0,8.0,280.1707095764719,-2226.7569222518723,LIN,2
310.0,308.8499989333333,100.0,0.0,8.0,372.0,-2210.0,LIN,2
320.0,309.8499989333333,100.0,0.0,8.0,473.0,-2192.0,LIN,2
330.0,311.0,100.0,0.0,8.0,589.5752737441094,-2170.9037178986987,LIN,2
340.0,312.7062488,100.0,0.0,8.0,746.0,-2142.0,LIN,2
360.0,314.0,100.0,0.0,8.0,891.3191576563925,-2114.806509768122,LIN,2
380.0,314.00499967999997,100.0,0.0,8.0,1104.8512321863636,-2075.2104072732673,LIN,2
400.0,315.00416640000003,100.0,0.0,8.0,1363.0465682890665,-2028.1732100121126,LIN,2
420.0,316.0,100.0,0.0,8.0,1493.8299851044922,-2004.484670501648,LIN,2
440.0,316.0,100.0,0.0,8.0,1832.1737045050038,-1942.790435444283,LIN,2
450.0,316.5125626653871,100.0,0.0,8.0,1934.0,-1924.0,LIN,3
460.0,317.0,100.0,0.0,8.0,1983.679898777708,-1914.5614911150685,LIN,3
470.0,317.0,100.0,0.0,8.0,2038.0,-1904.0,LIN,3
480.0,317.0,100.0,0.0,8.0,2097.571462303934,-1893.0383524300937,LIN,3
490.0,317.0,100.0,0.0,8.0,2204.0,-1874.0,LIN,3
500.0,317.0,100.0,0.0,8.0,2319.51827406021,-1854.1770211010023,LIN,3
520.0,317.5895834666667,100.0,0.0,8.0,2657.0,-1799.0,LIN,3
540.0,318.0,100.0,0.0,8.0,2768.660019479573,-1781.990692165286,LIN,3
550.0,318.0,100.0,0.0,8.0,2814.0,-1775.0,LIN,3
560.0,318.0,100.0,0.0,8.0,2865.036142967008,-1766.8750815499782,LIN,3
570.0,317.0727261090909,53.63630545454546,0.0,8.0,3058.0,-1736.0,LIN,3
590.0,315.9718744,0.0,0.0,8.0,3387.3804995163237,-1685.2484969224947,LIN,3
610.0,313.0,0.0,1.0,8.0,3501.888374948162,-1667.6691572889458,LIN,3
630.0,306.1932626705575,0.0,1.0,8.0,3583.2585316383047,-1655.0494914475728,LIN,3
640.0,269.82295086781403,0.0,1.0,8.0,3758.0,-1628.0,LIN,3
650.0,244.86500863999999,0.0,1.0,8.0,3871.354498615873,-1611.0967590921107,LIN,3
660.0,218.0,0.0,1.0,8.0,3996.463565158855,-1592.2262069662424,LIN,3
670.0,217.7958464,0.0,1.0,8.0,3998.0,-1592.0,LIN,4
680.0,197.37917973333333,0.0,1.0,8.0,4174.0,-1566.0,LIN,4
690.0,164.0500039111111,0.0,1.0,8.0,4332.491841085789,-1532.9352375176577,LIN,4
700.0,147.0,0.0,1.0,6.0,4411.443498743023,-1514.615452653269,LIN,4
710.0,142.1062512,0.0,1.0,4.5,4511.522405336269,-1483.6382482786507,LIN,4
720.0,136.25556053333332,0.0,1.0,3.0,4593.0,-1452.0,LIN,4
730.0,126.2125024,0.0,1.0,2.0,4638.631875985944,-1424.643992027394,LIN,4
740.0,113.8375024,0.0,1.0,2.0,4711.939242980407,-1352.3656158547824,LIN,4
750.0,102.12291813333333,0.0,1.0,1.3333333333333333,4774.098965782728,-1242.0333305141385,LIN,4
760.0,97.35278008888889,0.0,1.0,1.0,4793.092903745322,-1153.8626831695049,LIN,4
770.0,87.05000079999999,0.0,1.0,1.0,4798.317155669556,-1066.2270358330188,LIN,4
780.0,77.28375104,0.30249984,0.25,1.0,4774.0369959657655,-946.616479892908,LIN,4
790.0,72.83778447272728,1.8795467636363636,0.0,1.0,4725.5936244742425,-855.7325005562219,LIN,4
800.0,76.448864,33.0318208,0.0,1.0,4664.455889046703,-787.191238527564,LIN,4
810.0,86.3272738909091,50.99091083636364,0.0,1.0,4587.876593948501,-742.3592330340276,LIN,4
820.0,94.8718752,61.354688,0.0,1.0,4493.979750938339,-718.3654154434307,LIN,4
830.0,103.16944568888889,67.16944568888889,0.0,1.0,4352.0,-711.0,LIN,4
840.0,107.0,72.26250026666666,0.0,2.0,4292.225806557283,-713.4235448930154,LIN,4
850.0,126.23809092581982,75.74829870368855,0.0,2.0,4157.0,-722.0,LIN,4
860.0,137.2874976,77.1906248,0.0,3.0,4101.576876563127,-727.0827801323975,LIN,4
870.0,148.06249866666667,82.67499413333334,0.0,3.0,3955.2514783608112,-742.2718588641651,LIN,4
880.0,152.0,100.0,0.0,3.0,3880.0576190525226,-750.9633073810774,LIN,4
890.0,162.98124719999998,100.0,0.0,3.5,3793.4782680112403,-761.1533327305242,LIN,5
900.0,172.79999146666665,100.0,0.0,4.0,3709.0,-770.0,LIN,5
910.0,190.0,100.0,0.0,4.0,3536.649220280845,-787.7662482391316,LIN,5
920.0,194.43999744,100.0,0.0,4.5,3484.5124416747276,-792.4953283201505,LIN,5
930.0,207.0,100.0,0.0,5.0,3380.037886035856,-801.0949739348438,LIN,5
940.0,207.0,100.0,0.0,5.0,3328.5827600794137,-805.3989531169448,LIN,5
950.0,219.1333248,100.0,0.0,5.0,3170.0,-819.0,LIN,5
960.0,223.0,100.0,0.0,5.0,3135.2646783076125,-822.033100958314,LIN,5
970.0,230.13749919999998,100.0,0.0,5.0,3015.4309856639566,-832.4567265967037,LIN,5
990.0,233.0,100.0,0.0,6.0,2856.369611810176,-845.6756819449558,LIN,5
1000.0,233.0,100.0,0.0,6.0,2745.1202321682877,-855.555833870379,LIN,5
1010.0,233.0,100.0,0.0,6.0,2605.0952903367456,-867.997519187408,LIN,5
1020.0,257.0,100.0,0.0,6.0,2491.601343426304,-876.9442707172833,LIN,5
1030.0,257.5499968,100.0,0.0,6.0,2479.0,-878.0,LIN,5
1040.0,264.0,100.0,0.0,7.0,2295.5356047346386,-894.5646088684908,LIN,5
1050.0,267.0749952,100.0,0.0,7.0,2233.0,-900.0,LIN,5
1060.0,270.9562488,100.0,0.0,7.0,2136.0612183059975,-907.9343303906213,LIN,5
1080.0,275.4562488,100.0,0.0,7.0,1952.5233895469037,-923.0826930149196,LIN,5
1090.0,284.0,100.0,0.0,7.0,1782.7234689720913,-937.8266738925977,LIN,5
1100.0,284.41999872,100.0,0.0,7.0,1747.0,-941.0,LIN,5
1110.0,286.0,100.0,0.0,7.0,1587.841927135096,-955.1849187932198,LIN,6
1120.0,286.0,100.0,0.0,7.0,1419.3927772132306,-969.197733143267,LIN,6
1130.0,286.0,100.0,0.0,7.0,1312.0,-978.0,LIN,6
1140.0,286.0,100.0,0.0,7.0,1191.0980295659049,-988.3497075422157,LIN,6
1160.0,295.1500032,100.0,0.0,7.0,1120.0,-995.0,LIN,6
1170.0,302.0,100.0,0.0,8.0,1014.9669977038093,-1004.4017600465903,LIN,6
1180.0,306.468752,100.0,0.0,8.0,884.0,-1016.0,LIN,6
1200.0,312.1277781333333,100.0,0.0,8.0,722.2014361378398,-1030.203036153914,LIN,6
1220.0,314.0333340444445,100.0,0.0,8.0,574.0,-1043.0,LIN,6
1230.0,316.04000256,100.0,0.0,8.0,295.8967613372078,-1067.7428315563227,LIN,6
1250.0,320.0,100.0,0.0,8.0,81.30780298456084,-1086.55105931784,LIN,6
1270.0,324.8229173333333,100.0,0.0,8.0,-70.40993277126,-1099.4616283382898,LIN,6
1280.0,327.0,100.0,0.0,8.0,-175.50895192858616,-1108.4497504333312,LIN,6
1310.0,334.0074628386425,100.0,0.0,8.0,-374.7113219920456,-1125.884958404386,LIN,6
1330.0,334.95522360496057,100.0,0.0,8.0,-551.3113275245366,-1141.7449122759688,LIN,7
1340.0,336.2749984,100.0,0.0,8.0,-655.0,-1151.0,LIN,7
1370.0,341.0,100.0,0.0,8.0,-1086.0490918712376,-1188.9163079980854,LIN,7
1390.0,341.0,100.0,0.0,8.0,-1238.8567084373954,-1202.4186470301495,LIN,7
1410.0,342.1374992,100.0,0.0,8.0,-1371.0,-1214.0,LIN,7
1420.0,343.0,100.0,0.0,8.0,-1499.076601573757,-1225.0665605976756,LIN,7
1430.0,343.0,100.0,0.0,8.0,-1579.0,-1232.0,LIN,7
1450.0,343.0,100.0,0.0,8.0,-1776.4003252524467,-1249.3153523641454,LIN,7
1460.0,343.0,100.0,0.0,8.0,-1864.0,-1257.0,LIN,7
1470.0,343.0,100.0,0.0,8.0,-2042.211949470125,-1272.6833886976813,LIN,7
1490.0,343.0,100.0,0.0,8.0,-2282.903403859289,-1293.826445324532,LIN,7
1520.0,343.0,100.0,0.0,8.0,-2535.211290928141,-1315.613333869889,LIN,7
1530.0,342.1285723428571,100.0,0.0,8.0,-2630.0,-1324.0,LIN,7
1550.0,340.8687504,100.0,0.0,8.0,-2800.0605805652176,-1339.2401006170633,LIN,8
1570.0,339.7375008,100.0,0.0,8.0,-2971.0,-1354.0,LIN,8
1580.0,339.0,100.0,0.0,8.0,-3113.9755321960574,-1366.4093689202214,LIN,8
1590.0,338.1187504,76.2062608,0.0,8.0,-3292.32311268871,-1381.9392737200587,LIN,8
1620.0,329.0555591111111,7.705581511111106,0.0,8.0,-3616.0,-1410.0,LIN,8
1630.0,328.0,0.0,1.0,8.0,-3642.117352693781,-1412.2916315028942,LIN,8
1650.0,297.125008,0.0,1.0,8.0,-3795.9029638218713,-1426.147787761477,LIN,8
1660.0,273.250016,0.0,1.0,8.0,-3936.0,-1439.0,LIN,8
1670.0,271.0,0.0,1.0,8.0,-3949.2655395442584,-1440.1542410025324,LIN,8
1680.0,234.5278008888889,0.0,1.0,8.0,-4082.0,-1451.0,LIN,8
1690.0,206.0,0.0,1.0,8.0,-4153.783246684803,-1457.2578996194013,LIN,8
1700.0,206.0,0.0,1.0,8.0,-4282.754857230122,-1469.6016150289843,LIN,8
1710.0,192.23198108006386,0.0,1.0,8.0,-4417.0,-1482.0,LIN,8
1720.0,156.28333226666666,0.0,1.0,4.666666666666667,-4574.589938873024,-1487.5179820154908,LIN,8
1730.0,142.0,0.0,1.0,3.0,-4631.976774060332,-1486.7479153633258,LIN,8
1740.0,134.87562368,0.0,1.0,3.0,-4681.846128080217,-1485.7321042141539,LIN,8
1760.0,104.35062368,0.0,1.0,2.0,-4907.265825148215,-1442.0110738094104,LIN,8
1770.0,96.041879416169,0.0,1.0,1.0,-4996.421896592029,-1382.0456531445257,LIN,9
1780.0,84.99333482666667,0.0,1.0,1.0,-5068.29631467882,-1296.2442638012246,LIN,9
1790.0,77.512000512,0.0,0.0,1.0,-5114.349364392687,-1186.253676849097,LIN,9
1800.0,74.15833386666667,0.0,0.0,1.0,-5127.076266040705,-1087.8915974078518,LIN,9
1810.0,70.53999957333333,12.509997226666668,0.0,1.0,-5113.844876434829,-997.9235839674956,LIN,9
1820.0,73.78518471111111,25.124073244444446,0.0,1.0,-5077.091985192391,-919.9183390225702,LIN,9
1830.0,77.20999936,32.228331875555554,0.0,1.0,-5008.738205966672,-839.0434179491208,LIN,9
1840.0,83.70749929142858,41.72749915428571,0.0,1.0,-4935.841592087713,-799.0156535462572,LIN,9
1850.0,89.59255836190476,46.240177485714284,0.0,1.0,-4814.215324842529,-790.8755344747215,LIN,9
1860.0,99.13749920000001,58.6208336,0.0,1.0,-4708.218583544389,-816.7699778792514,LIN,9
1870.0,97.7375008,26.462507733333336,1.0,1.0,-4600.308769737433,-856.5956017952889,LIN,9
1880.0,94.4477015144715,0.0,1.0,1.0,-4510.1560828067795,-884.4808580973349,LIN,9
1890.0,80.4041664,0.0,1.0,1.0,-4424.601864306033,-902.4950226230035,LIN,9
1900.0,71.56446340571429,0.10285714285714287,0.6,1.0,-4334.036765952142,-908.556131951898,LIN,9
1910.0,67.51312501333334,8.0906256,0.0,1.0,-4223.449203540946,-868.8071918829478,LIN,9
1920.0,70.58125686500124,14.0,0.0,1.0,-4169.940659495016,-803.2943515907388,LIN,9
1930.0,77.3575742060606,37.439387151515156,0.0,1.0,-4149.54150690413,-728.7114390111288,LIN,9
1940.0,86.77812320000001,52.765624,0.0,1.0,-4138.50370044115,-620.3499600255991,LIN,9
1950.0,97.56666595555555,63.277776592592595,0.0,1.0,-4159.988722066341,-494.9088122892249,LIN,9
1960.0,112.6281228,71.05937320000001,0.0,1.5,-4197.119204469574,-418.46374951033914,LIN,9
1970.0,121.4124976,80.83749706666666,0.0,2.0,-4244.155387974361,-354.4913057323473,LIN,9
1980.0,133.656248,89.26249920000001,0.0,2.0,-4338.756020279627,-244.16012682304574,LIN,9
1990.0,138.0,91.0,0.0,3.0,-4365.005829585857,-212.53012895267898,LIN,10
2000.0,152.02499840000002,93.99375040000001,0.0,3.0,-4389.831405439396,-175.2774615431951,LIN,10
2010.0,159.02499840000002,92.24375040000001,0.0,3.0,-4447.599401962559,-68.15303782368473,LIN,10
2020.0,170.5749952,94.6437488,0.0,3.5,-4478.826506483005,7.139906397644676,LIN,10
2030.0,185.055552,96.11296233650795,0.0,4.0,-4524.957354230389,182.92908707692231,LIN,10
2050.0,198.0,100.0,0.0,5.0,-4553.256330913515,349.3166538068066,LIN,10
2060.0,200.34285348571427,100.0,0.0,5.0,-4555.0,383.0,LIN,10
2070.0,208.33749706666669,100.0,0.0,5.0,-4565.463447539563,573.8931601720244,LIN,10
2080.0,217.0,100.0,0.0,5.0,-4566.586202169543,717.1447025497041,LIN,10
2100.0,226.59062319999998,100.0,0.0,5.0,-4557.606691202585,867.1572071767434,LIN,10
2120.0,235.02506106469104,100.0,0.0,6.0,-4550.036841871444,992.4685508898763,LIN,10
2130.0,241.0651626178226,100.0,0.0,6.0,-4537.0,1150.0,LIN,10
2140.0,245.0,100.0,0.0,6.0,-4523.509505485597,1255.2417423027969,LIN,10
2150.0,246.343752,100.0,0.0,6.0,-4519.0,1284.0,LIN,10
2160.0,250.0,100.0,0.0,6.0,-4504.834722451988,1362.7717335844113,LIN,10
2170.0,251.81500032,100.0,0.0,6.0,-4478.016909790288,1485.4675161431283,LIN,10
2180.0,256.025,100.0,0.0,6.0,-4440.0,1622.0,LIN,10
2190.0,258.6062528,100.0,0.0,6.0,-4412.640537502325,1700.1421292112923,LIN,10
2260.0,269.0,100.0,0.0,7.0,-4228.627644119399,2120.7903353900456,LIN,11
2270.0,269.80999936,100.0,0.0,7.0,-3901.0,2313.0,LIN,11
2280.0,270.0,100.0,0.0,7.0,-3804.92160591115,2366.609101499699,LIN,11
2290.0,271.0166656,100.0,0.0,7.0,-3500.0,2532.0,LIN,11
2300.0,272.0,100.0,0.0,7.0,-3353.5025197708947,2604.7480024819492,LIN,11
2310.0,272.7562496,100.0,0.0,7.0,-3294.0,2602.0,LIN,11
2320.0,273.0,100.0,0.0,7.0,-3228.405673090009,2619.897011550189,LIN,11
2330.0,276.81999872,100.0,0.0,7.0,-3022.1832742951674,2685.454579242315,LIN,11
2360.0,278.15499968,100.0,0.0,7.0,-2826.4743705915444,2743.383620044255,LIN,11
2370.0,279.0,100.0,0.0,7.0,-2707.0166414398864,2780.7559159050215,LIN,11
2380.0,279.20999936,100.0,0.0,7.0,-2675.0,2791.0,LIN,11
2390.0,280.0,100.0,0.0,7.0,-2558.024636281497,2829.028135304878,LIN,11
2400.0,280.4357138285714,100.0,0.0,7.0,-2468.0,2858.0,LIN,11
2410.0,280.86071405714284,100.0,0.0,7.0,-2379.0220406406493,2886.6400911061764,LIN,11
2420.0,281.0,100.0,0.0,7.0,-2232.7970922864797,2937.9346751462676,LIN,11
2430.0,281.20999936,100.0,0.0,7.0,-2202.0,2949.0,LIN,12
2440.0,282.0,100.0,0.0,7.0,-2085.787421408239,2990.8854255854844,LIN,12
2450.0,282.0,100.0,0.0,7.0,-1995.0,3024.0,LIN,12
2460.0,282.36428525714285,100.0,0.0,7.0,-1899.6133779531012,3059.353540022473,LIN,12
2480.0,284.0,100.0,0.0,7.0,-1727.8654750678108,3124.410591747358,LIN,12
2500.0,284.0,100.0,0.0,7.0,-1419.009008871311,3244.932923045266,LIN,12
2520.0,284.3416661333333,100.0,0.0,7.0,-1270.272225916317,3305.6466999522163,LIN,12
2540.0,285.0888903111111,88.61112888888889,0.0,7.0,-1124.4759732537827,3367.5388720425995,LIN,12
2560.0,278.0,0.0,0.0,7.0,-848.7692345860505,3487.6583988246985,LIN,12
2580.0,278.0,0.0,1.0,7.0,-743.8295872350994,3534.9138117791445,LIN,12
2590.0,229.531272,0.0,1.0,7.0,-601.0,3600.0,LIN,12
2600.0,216.02500551111112,0.0,1.0,7.0,-533.9813194891588,3629.113251487218,LIN,12
2610.0,191.91572289708154,0.0,1.0,7.0,-386.4751704997096,3693.781835675737,LIN,12
2620.0,186.77449597426704,0.0,1.0,7.0,-358.0,3707.0,LIN,12
2630.0,155.71639852744536,0.0,1.0,6.5,-194.5338326156228,3780.507139173367,LIN,12
2640.0,151.36999936,0.0,1.0,5.0,-119.75359802985305,3811.848704389964,LIN,12
2650.0,137.10792182843448,0.0,1.0,3.3333333333333335,-14.935500636861198,3847.438861634581,LIN,13
2660.0,128.0687488,0.0,1.0,2.0,78.34892026492528,3868.807726932211,LIN,13
2670.0,120.75444788308187,0.0,1.0,2.0,183.08373061716446,3870.260548360083,LIN,13
2680.0,115.0,0.0,1.0,2.0,283.9586582774505,3842.541654058498,LIN,13
2690.0,115.0,0.0,0.5,2.0,364.667088759594,3783.0306815668214,LIN,13
2700.0,105.02500373333334,0.0,0.0,2.0,432.0533103874968,3716.892109561517,LIN,13
2710.0,97.2479168,17.60333072,0.0,2.0,475.11979151270515,3650.832579923708,LIN,13
2720.0,100.68333226666668,44.46999552,0.0,2.0,522.9971645381294,3549.2281501896955,LIN,13
2730.0,105.34107017142857,56.532735238095235,0.0,2.0,548.252081430977,3465.4535196711363,LIN,13
2740.0,110.85937200000001,66.71562320000001,0.0,2.0,565.8816809493462,3376.8866058549315,LIN,13
2750.0,126.15555271111111,74.39444408888889,0.0,2.0,579.6493316319569,3261.2434637996557,LIN,13
2760.0,134.03333120000002,79.1708304,0.0,3.0,586.8030916919959,3176.2709262341414,LIN,13
2770.0,139.0,90.0,0.0,3.0,596.5139502018142,3078.0844154439455,LIN,13
2780.0,147.3785609142857,96.18571154285715,0.0,3.0,605.0,2997.0,LIN,13
2790.0,162.0,100.0,0.0,3.0,610.8231168055477,2943.863027806313,LIN,13
2800.0,170.79856877714283,100.0,0.0,3.6666666666666665,622.1002508168425,2851.1282160420174,LIN,13
2810.0,177.0,100.0,0.0,4.0,637.4955372433968,2732.9791529494837,LIN,13
2820.0,186.79642560000002,100.0,0.0,4.0,653.5290478221866,2617.5030876724477,LIN,13
2830.0,198.65713737142858,100.0,0.0,4.0,671.0,2499.0,LIN,13
2840.0,202.9749970285714,100.0,0.0,5.0,679.1757649799993,2443.1948476064726,LIN,13
2860.0,215.33610915555556,100.0,0.0,5.0,704.8774411026731,2286.4493936777376,LIN,13
2870.0,223.00555164444444,100.0,0.0,5.0,732.0,2137.0,LIN,14
2880.0,226.51249919999998,100.0,0.0,5.0,748.8084394446037,2052.171557826482,LIN,14
2890.0,228.0,100.0,0.0,6.0,764.5740306801758,1978.8571135751936,LIN,14
2900.0,231.41962318281347,100.0,0.0,6.0,792.0,1866.0,LIN,14
2920.0,236.6617976765452,100.0,0.0,6.0,842.6938877683523,1692.680701733002,LIN,14
2930.0,239.87313301670878,100.0,0.0,6.0,888.9317981457235,1561.9956296303858,LIN,14
2940.0,241.0676687242917,92.17042935519407,0.0,6.0,928.0,1469.0,LIN,14
2960.0,242.78571442320094,79.57142756319321,0.0,6.0,1031.7876216746981,1265.4751742422368,LIN,14
2970.0,243.0,67.0,0.0,6.0,1140.684318196617,1110.394183554557,LIN,14
2980.0,241.64730345111096,56.178427608887546,0.0,6.0,1196.0,1043.0,LIN,14
2990.0,241.0,51.0,1.0,6.0,1212.1402578116533,1023.5999696010133,LIN,14
3000.0,237.0187528,49.8625008,1.0,6.0,1251.0,987.0,LIN,14
3010.0,234.0,49.0,0.0,6.0,1323.9787515197092,930.4307726412399,LIN,14
3030.0,230.0,50.00499968,0.0,6.0,1489.4363593299918,814.3442331384199,LIN,14
3040.0,230.0,51.0,0.0,6.0,1579.6149104705862,769.467813675392,LIN,14
3050.0,230.0,51.0,0.0,6.0,1635.933664965433,746.6385295864319,LIN,14
3060.0,225.4500032,50.4312504,0.0,6.0,1762.0,708.0,LIN,14
3070.0,221.7937512,50.6187464,0.0,6.0,1932.4389159337588,675.8577608832951,LIN,14
3080.0,219.0,59.0,0.0,6.0,2017.0971888694398,662.430247491855,LIN,14
3090.0,219.0,63.7749984,0.0,6.0,2056.412365380602,665.1729814786596,LIN,15
3110.0,220.0,72.38749920000001,0.0,6.0,2247.7601270043356,677.3853454409552,LIN,15
3120.0,220.0968748,73.9031252,0.0,6.0,2343.8524119332187,697.2414678246697,LIN,15
3140.0,221.03055537777777,73.2749984,0.0,6.0,2587.6681824949237,788.8759605367118,LIN,15
3160.0,222.26249919999998,82.0,0.0,6.0,2725.1173344200006,864.9367587484178,LIN,15
3170.0,223.88749919999998,82.0,0.0,6.0,2788.481212100906,909.3971595588735,LIN,15
3190.0,224.96785691428573,84.90357074285714,0.0,6.0,2915.976867959434,1028.2626014619616,LIN,15
3200.0,225.0,68.04092101818182,0.0,6.0,3001.0,1122.0,LIN,15
3220.0,224.99500032,43.96000256,0.0,6.0,3119.5695035958984,1233.6336317835733,LIN,15
3230.0,223.83500096,36.52249696,0.0,6.0,3223.470459427628,1306.4295543379867,LIN,15
3240.0,220.97000192,45.59499392,0.0,6.0,3408.0,1393.0,LIN,15
3250.0,218.0,55.0,0.0,6.0,3477.2417175143228,1418.32723269883,LIN,15
3260.0,217.69500032,57.43999744,0.0,6.0,3512.0,1423.0,LIN,15
3270.0,217.19500032,61.43999744,0.0,6.0,3631.0,1443.0,LIN,15
3280.0,217.0,63.0,0.0,6.0,3679.486015724144,1447.7372911409168,LIN,15
3290.0,217.0,70.10356937142856,0.0,6.0,3812.641127733654,1448.5653910667843,LIN,15
3300.0,217.68333226666667,72.0,0.0,6.0,3897.0,1443.0,LIN,15
3310.0,219.13166111999666,72.98745839997497,0.0,6.0,4003.2114033378493,1426.1349762345753,LIN,16
3330.0,221.18,87.78,0.0,6.0,4231.934253191705,1353.7025938229476,LIN,16
3340.0,224.0,100.0,0.0,6.0,4310.991390258642,1318.2568580693746,LIN,16
3350.0,224.3701065086817,100.0,0.0,6.0,4350.0,1295.0,LIN,16
3360.0,225.0,100.0,0.0,6.0,4437.559829301586,1237.1943156459301,LIN,16
3370.0,228.04178221733198,100.0,0.0,6.0,4536.0,1162.0,LIN,16
3380.0,230.85793917750507,100.0,0.0,6.0,4615.611313763236,1088.5226773099548,LIN,16
3390.0,233.2780072805917,100.0,0.0,6.0,4703.0,999.0,LIN,16
3400.0,234.4781244,100.0,0.0,6.0,4785.419852843815,906.7663101154056,LIN,16
3420.0,237.0,100.0,0.0,6.0,4888.807340225032,784.8890175579971,LIN,16
3430.0,237.0,100.0,0.0,6.0,4939.135329100225,719.6682002221613,LIN,16
3440.0,237.69545367272727,100.0,0.0,6.0,5006.0,635.0,LIN,16
3450.0,238.9227264,100.0,0.0,6.0,5080.0,542.0,LIN,16
3460.0,240.0,100.0,0.0,6.0,5199.278725786361,403.0511820056695,LIN,16
3480.0,240.82727214545454,100.0,0.0,6.0,5336.0,247.0,LIN,16
3490.0,242.0,100.0,0.0,6.0,5395.400571164649,179.12134976178518,LIN,16
3500.0,242.28636276363636,100.0,0.0,6.0,5407.0,166.0,LIN,16
3520.0,244.93863592727274,100.0,0.0,6.0,5600.032117267587,-51.54773473512097,LIN,16
3540.0,246.96499904,100.0,0.0,6.0,5705.0,-170.0,LIN,17
3550.0,248.0,100.0,0.0,6.0,5772.87239512735,-246.2635102244945,LIN,17
3560.0,248.0,100.0,0.0,6.0,5841.921747418789,-323.07320300072917,LIN,17
3570.0,248.87142765714285,63.4000384,0.0,6.0,5898.0,-386.0,LIN,17
3580.0,249.9406288,15.950003200000001,1.0,6.0,5970.547548255107,-469.4760976965456,LIN,17
3600.0,232.7218788,1.4500032000000003,1.0,6.0,6096.718724588982,-615.3620392776754,LIN,17
3620.0,212.61071862857142,0.0,1.0,6.0,6218.186112992789,-757.2699017925006,LIN,17
3630.0,202.3291696,0.0,1.0,6.0,6319.912297878242,-896.0237632154397,LIN,17
3650.0,193.22500159999998,0.0,0.5,5.0,6398.272815426845,-1061.7572455350726,LIN,17
3670.0,185.21250240000003,4.874997333333333,0.0,4.0,6427.948689085967,-1255.28025636076,LIN,17
3690.0,176.15833386666668,15.683332266666667,0.0,4.0,6408.729613732104,-1434.062520808058,LIN,17
3700.0,173.8611128888889,19.13888711111111,0.0,4.0,6387.0,-1517.0,LIN,17
3710.0,169.96944462222223,24.099993599999998,0.0,4.0,6338.167030530692,-1646.3136814443606,LIN,17
3720.0,169.55000035555557,39.199987199999995,0.0,4.0,6306.0,-1709.0,LIN,17
3730.0,169.02150584992518,59.03225877488776,0.0,4.0,6255.41472012634,-1788.4185596007615,LIN,17
3740.0,172.1684600442449,63.75269006636736,0.0,4.0,6193.082281873792,-1868.6674299875228,LIN,17
3750.0,173.91875093333334,78.32812533333333,0.0,4.0,6110.522907669318,-1953.67824947582,LIN,18
3760.0,179.50416853333334,80.32291733333334,0.0,4.0,5998.0,-2032.0,LIN,18
3770.0,187.0,83.0,0.0,4.0,5912.768276850735,-2072.8259506869463,LIN,18
3780.0,187.47717937087785,83.19087174835114,0.0,4.0,5904.0,-2076.0,LIN,18
3790.0,192.02499840000002,85.00624959999999,0.0,4.0,5798.4586682028985,-2112.8520757303995,LIN,18
3810.0,201.00749792,88.00749791999999,0.0,5.0,5655.457001399071,-2147.837354444986,LIN,18
3820.0,208.51499584,95.51499584,0.0,5.0,5504.0,-2175.0,LIN,18
3830.0,213.0,100.0,0.0,5.0,5402.408737441022,-2190.759355024725,LIN,18
3850.0,223.36666453333333,100.0,0.0,5.0,5209.040022233706,-2214.8814816224876,LIN,18
3860.0,228.4124976,100.0,0.0,5.0,5117.0,-2220.0,LIN,18
3870.0,231.0,100.0,0.0,6.0,5032.872297499347,-2223.196076836951,LIN,18
3880.0,234.35499648,100.0,0.0,6.0,4950.0,-2226.0,LIN,18
3890.0,238.75499648,100.0,0.0,6.0,4846.0,-2229.0,LIN,18
3900.0,242.0,100.0,0.0,6.0,4766.4350448571195,-2231.6193999476263,LIN,18
3910.0,242.0,100.0,0.0,6.0,4680.859765919762,-2234.6490686110064,LIN,18
3920.0,247.13749919999998,100.0,0.0,6.0,4544.830692442976,-2240.4654288101715,LIN,18
3940.0,249.88749919999998,100.0,0.0,6.0,4317.551223941106,-2254.485894973002,LIN,18
3960.0,262.0124992,100.0,0.0,6.0,4152.642492815288,-2265.9565548515966,LIN,18
3980.0,265.0,100.0,0.0,6.0,3941.975184326635,-2279.748883763288,LIN,19
3990.0,265.0,100.0,0.0,6.0,3845.0,-2286.0,LIN,19
4000.0,265.0,100.0,0.0,7.0,3659.8771227626426,-2297.840664484111,LIN,19
4010.0,267.43999744,100.0,0.0,7.0,3577.0,-2303.0,LIN,19
4020.0,269.0,100.0,0.0,7.0,3533.7277765887684,-2305.603655572717,LIN,19
4030.0,269.61499904,100.0,0.0,7.0,3436.7161447149983,-2311.452983230938,LIN,19
4040.0,272.0,100.0,0.0,7.0,3327.504891949405,-2318.9501625262724,LIN,19
4050.0,272.9562488,100.0,0.0,7.0,3247.0,-2325.0,LIN,19
4070.0,274.9156244,100.0,0.0,7.0,3088.410032507866,-2338.6124855702346,LIN,19
4090.0,277.0,99.64287999999999,0.0,7.0,2866.930954849601,-2360.904310952032,LIN,19
4110.0,276.9812512,0.0,0.0,7.0,2575.9137230130546,-2390.904333780855,LIN,19
4120.0,274.0,0.0,0.0,7.0,2452.6710707521943,-2404.031017543296,LIN,19
4140.0,258.1812544,0.0,0.0,7.0,2335.34351166356,-2417.2103377799826,LIN,19
4150.0,250.0,0.0,1.0,7.0,2263.487728250071,-2425.524100051599,LIN,19
4160.0,220.3173375134213,0.0,1.0,7.0,2095.5347578637275,-2445.702276719012,LIN,19
4170.0,193.25261972547597,0.0,1.0,7.0,1967.0,-2462.0,LIN,19
4180.0,167.9156232,0.0,1.0,5.0,1857.7081424756245,-2475.906871139733,LIN,19
4190.0,158.90135848285524,0.0,1.0,5.0,1785.6516268587143,-2485.9016733289313,LIN,20
4200.0,143.02041091174854,0.0,1.0,5.0,1688.0,-2502.0,LIN,20
4210.0,127.46467154281926,0.0,1.0,3.25,1563.7352612833783,-2523.9130429848155,LIN,20
4220.0,119.7531288,0.0,1.0,2.0,1459.4046462474143,-2546.8385406960006,LIN,20
4230.0,100.7250016,0.0,1.0,1.0,1354.3401038739498,-2585.309689756006,LIN,20
4240.0,93.9916672,0.0,1.0,1.0,1278.3333836379932,-2638.2381035619533,LIN,20
4250.0,85.31666773333333,0.0,0.6666666666666666,1.0,1235.0537936224116,-2698.8291363714543,LIN,20
4260.0,81.3259264,7.154626844444444,0.0,1.0,1225.4907331888933,-2789.3887826015493,LIN,20
4270.0,79.64999954285715,29.249997714285712,0.0,1.0,1254.4477666349387,-2885.3071878605847,LIN,20
4280.0,82.36428525714285,40.7749984,0.0,1.0,1309.9443166171623,-2960.3576005773502,LIN,20
4290.0,89.50749845333333,52.05749792,0.0,1.0,1378.4945904891129,-3017.9079471508635,LIN,20
4300.0,98.0,61.46249973333334,0.0,1.0,1455.8431298495925,-3069.7105262025393,LIN,20
4310.0,113.35346871111112,75.64096897777777,0.0,1.6666666666666667,1646.3437666870666,-3182.1739457965837,LIN,20
4320.0,122.0,84.0,0.0,2.0,1790.0426277410802,-3265.1607952002905,LIN,20
4330.0,128.14666581333333,92.0,0.0,2.3333333333333335,1831.354041716895,-3291.8588790138197,LIN,20
4340.0,137.541664,92.7541664,0.0,3.0,1951.0653829554558,-3372.119600267201,LIN,20
4350.0,148.63055253333334,98.2694432,0.0,3.0,2050.8207716522043,-3460.232547882269,LIN,20
4360.0,156.0,100.0,0.0,3.0,2144.328738307764,-3565.086062320833,LIN,20
4370.0,158.5375008,100.0,0.0,3.0,2186.0,-3634.0,LIN,20
4380.0,160.0,100.0,0.0,3.0,2203.354429314045,-3665.0091964489447,LIN,20
4390.0,164.3458336,100.0,0.0,4.0,2233.893782095304,-3742.500961578162,LIN,20
4400.0,168.41607268571428,100.0,0.0,4.0,2269.2680411500687,-3889.7451610328126,LIN,20
4410.0,177.0,100.0,0.0,4.0,2288.5946309017927,-4023.7437040747045,LIN,21
4420.0,181.26249919999998,100.0,0.0,4.0,2293.7598299542606,-4138.832155751286,LIN,21
4430.0,183.0,100.0,0.0,4.0,2294.4320442141047,-4192.3069446841655,LIN,21
4440.0,186.30999936,100.0,0.0,4.0,2290.184368802941,-4269.216176312579,LIN,21
4450.0,188.0,100.0,0.0,4.0,2281.1974477387867,-4350.761428831349,LIN,21
4460.0,192.52499840000002,100.0,0.0,4.0,2264.502909116374,-4448.178077569292,LIN,21
4470.0,194.76130880000002,100.0,0.0,4.0,2242.4435178874282,-4542.60875586864,LIN,21
4490.0,198.15714194285715,100.0,0.0,4.0,2166.0357390229356,-4775.073492569598,LIN,21
4500.0,202.0,100.0,0.0,4.0,2090.909402716068,-4945.852218953468,LIN,21
4510.0,203.0,100.0,0.0,4.0,2047.4292596394048,-5030.5316445742665,LIN,21
4520.0,201.9000064,93.12504,0.0,4.0,2044.0,-5037.0,LIN,21
4530.0,187.9500032,5.937519999999999,0.5,4.0,2006.8067483449186,-5098.295278976949,LIN,21
4540.0,177.53125599999998,0.0,1.0,4.0,1942.0,-5192.0,LIN,21
4550.0,172.0,0.0,1.0,4.0,1905.4544527415837,-5239.654899920922,LIN,21
4560.0,162.13928822857144,0.0,1.0,3.5,1833.4674707746003,-5325.975718925485,LIN,21
4570.0,157.3458352,0.0,1.0,3.0,1726.5075131660121,-5422.306268405724,LIN,21
4580.0,148.0,0.0,0.0,3.0,1616.4627049738588,-5491.171452081704,LIN,21
4590.0,143.9500032,0.0,0.0,3.0,1581.0,-5495.0,LIN,21
4600.0,137.99285912380952,4.2428537904761905,0.0,3.0,1483.535219758783,-5507.247061376606,LIN,21
4610.0,133.93999957333332,34.219994453333335,0.0,3.0,1359.4774065971003,-5504.1186390071525,LIN,21
4620.0,136.69444266666667,54.43888213333334,0.0,3.0,1275.0,-5488.0,LIN,21
4630.0,140.484374,67.38749920000001,0.0,3.0,1137.2824080892292,-5430.613806274286,LIN,22
4640.0,145.69999786666665,72.0499968,0.0,3.0,1069.048561562414,-5390.861070221491,LIN,22
4660.0,157.0,89.0,0.0,3.0,911.4232567984527,-5258.367962932777,LIN,22
4670.0,160.55832959999998,90.86388693333333,0.0,3.0,829.89915655332,-5184.671655135809,LIN,22
4680.0,178.0,100.0,0.0,4.0,753.8996266830819,-5115.624041402093,LIN,22
4690.0,186.5218696,100.0,0.0,4.0,707.0390197887986,-5073.318244873837,LIN,22
4700.0,196.42462336446073,100.0,0.0,4.0,632.7040786756809,-5006.179631422823,LIN,22
4720.0,206.0285696,100.0,0.0,5.0,480.4912439429349,-4870.438835015055,LIN,22
4730.0,214.0,100.0,0.0,5.0,378.7209829741707,-4778.930739658133,LIN,22
4740.0,217.5499968,100.0,0.0,5.0,342.0,-4746.0,LIN,22
4760.0,223.0,100.0,0.0,5.0,294.39283168719805,-4704.059890307093,LIN,22
4770.0,226.63999744,100.0,0.0,5.0,219.0,-4637.0,LIN,22
4780.0,230.81999872,100.0,0.0,5.5,66.502144728821,-4500.165156775231,LIN,22
4800.0,241.0,100.0,0.0,6.0,-91.82165366779931,-4357.97242984359,LIN,22
4810.0,247.23863563636365,100.0,0.0,6.0,-192.37131582855903,-4267.821407123064,LIN,22
4840.0,251.55681745454547,100.0,0.0,6.0,-311.67794637823835,-4161.022075860137,LIN,22
4850.0,253.906248,100.0,0.0,6.0,-399.0,-4083.0,LIN,23
4860.0,257.0,100.0,0.0,6.0,-542.0620900302808,-3961.7138087518224,LIN,23
4870.0,257.6642843428571,100.0,0.0,6.0,-583.0,-3929.0,LIN,23
4880.0,260.0,100.0,0.0,7.0,-688.8487169019519,-3855.3744674946006,LIN,23
4900.0,260.0,91.208336,0.0,7.0,-794.7250446329384,-3801.585082092871,LIN,23
4910.0,259.31666773333336,83.62223217777778,0.0,7.0,-866.0,-3770.0,LIN,23
4920.0,257.9833344,71.17778773333333,0.0,7.0,-972.0,-3738.0,LIN,23
4930.0,257.0,62.0,0.0,7.0,-1057.4636110307365,-3724.22244631364,LIN,23
4940.0,255.2937512,69.39374480000001,0.0,7.0,-1190.0,-3714.0,LIN,23
4950.0,254.0,75.0,0.0,7.0,-1276.5506004161819,-3710.0041875633815,LIN,23
4960.0,251.73500095999998,93.87499199999999,0.0,7.0,-1414.2624554659872,-3729.0196905850157,LIN,23
4970.0,250.43333404444445,100.0,0.0,7.0,-1589.0,-3770.0,LIN,23
4990.0,249.0,100.0,0.0,7.0,-1778.242450168558,-3840.255591654303,LIN,23
5000.0,249.0,100.0,0.0,7.0,-1848.696296398637,-3881.2168559434244,LIN,23
5010.0,249.34166613333332,100.0,0.0,7.0,-1885.0,-3902.0,LIN,23
5020.0,250.0,100.0,0.0,7.0,-1955.3260559384166,-3941.645384618853,LIN,23
5030.0,250.0,100.0,0.0,7.0,-2082.147564494978,-4008.0468658261225,LIN,23
5040.0,251.0,100.0,0.0,7.0,-2209.258724104665,-4068.822256844941,LIN,23
5050.0,251.41999872,100.0,0.0,7.0,-2239.0,-4082.0,LIN,23
5060.0,253.0,100.0,0.0,7.0,-2334.0921934365324,-4119.068431746073,LIN,23
5070.0,253.0,100.0,0.0,7.0,-2442.761117112739,-4149.383445408326,LIN,24
5080.0,252.0035712,100.0,0.0,7.0,-2559.3024076999795,-4173.875509213572,LIN,24
5100.0,252.86071405714284,100.0,0.0,7.0,-2726.1384166427138,-4195.010074859256,LIN,24
5120.0,250.90392836962886,86.29910462036082,0.0,7.0,-2903.874410813142,-4196.966842466379,LIN,24
5140.0,244.7719290591392,9.64911323923998,0.5,7.0,-3115.2181386709185,-4171.185500219872,LIN,24
5150.0,234.0,0.0,1.0,7.0,-3247.637102500937,-4142.498397789167,LIN,24
5160.0,232.66666850179337,0.0,1.0,7.0,-3286.0,-4133.0,LIN,24
5170.0,227.82297780116932,0.0,1.0,7.0,-3416.969061106123,-4093.4001837876845,LIN,24
5180.0,209.0,0.0,1.0,7.0,-3541.1445840105416,-4038.111825368442,LIN,24
5190.0,197.5375056,0.0,1.0,7.0,-3630.736362680153,-3991.6519506917384,LIN,24
5200.0,180.7593784,0.0,1.0,7.0,-3739.6623281122847,-3915.516670088286,LIN,24
5210.0,167.0,0.0,1.0,4.0,-3809.142480580533,-3854.077810615737,LIN,24
5220.0,158.55000594285715,0.0,1.0,4.0,-3857.0,-3804.0,LIN,24
5230.0,152.56562680000002,0.0,1.0,4.0,-3898.1847548033747,-3753.826074792987,LIN,24
5240.0,144.08125280000002,0.0,1.0,3.0,-3965.002553110382,-3653.905634179192,LIN,24
5250.0,128.3166704,0.0,1.0,2.6666666666666665,-4025.906579041965,-3511.9807639898663,LIN,24
5270.0,119.0,0.0,1.0,2.0,-4048.0034087561544,-3333.5629849174843,LIN,24
5280.0,105.19381113904763,0.0,1.0,2.0,-4031.269190382547,-3248.6944741016446,LIN,24
5290.0,98.57972263111111,0.2749984,0.0,2.0,-3983.7472242370704,-3135.931607114972,LIN,25
5300.0,97.10833351111111,16.0499968,0.0,2.0,-3897.3345827444455,-3033.5484975805784,LIN,25
5310.0,99.6999998060606,40.64999815757576,0.0,2.0,-3836.3975779547222,-2989.5153626751744,LIN,25
5320.0,102.2818176,54.1772672,0.0,2.0,-3738.5,-2943.5,LIN,25
5330.0,103.0,61.0,0.0,2.0,-3679.3092182065557,-2920.5712265928346,LIN,25
5340.0,120.0249984,73.017856,0.0,2.0,-3611.395542817303,-2903.0956965840132,LIN,25
5350.0,128.84999893333335,78.65476114285714,0.0,2.3333333333333335,-3450.5138134952754,-2864.813645850469,LIN,25
5360.0,147.02499840000002,86.0,0.0,3.0,-3298.1963591426775,-2833.0403670771843,LIN,25
5370.0,152.937496,87.80832960000001,0.0,3.0,-3270.0715963653856,-2827.2066901728294,LIN,25
5380.0,166.0,100.0,0.0,4.0,-3201.5877907612758,-2814.1111084155027,LIN,25
5390.0,173.1499904,100.0,0.0,4.0,-3136.0,-2802.0,LIN,25
5400.0,180.0,100.0,0.0,4.0,-3020.0312779427436,-2780.7277015760446,LIN,25
5410.0,180.0,100.0,0.0,4.0,-2882.755605196806,-2756.1525318270997,LIN,25
5420.0,193.10862812548135,100.0,0.0,4.0,-2744.0,-2734.0,LIN,25
5430.0,206.0,100.0,0.0,5.0,-2642.8515937331185,-2718.250396164088,LIN,25
5440.0,210.08035885714287,100.0,0.0,5.0,-2581.5336935455625,-2709.160136313155,LIN,25
0.0,211.7593712,100.0,0.0,5.0,-2557.5391046318127,-2706.192842365383,COL,1
10.0,225.87500160000002,100.0,0.0,5.0,-2440.613625950301,-2687.631832173294,COL,1
20.0,231.0,100.0,0.0,5.0,-2334.2386365781176,-2670.8107175209752,COL,1
30.0,233.4062544,100.0,0.0,5.0,-2272.0,-2661.0,COL,1
40.0,238.9062544,100.0,0.0,5.0,-2075.0,-2630.0,COL,1
50.0,242.0,100.0,0.0,6.0,-1998.779021789652,-2618.0659184156575,COL,1
70.0,251.1875024,100.0,0.0,6.0,-1887.7418551617884,-2600.454270285477,COL,1
80.0,257.30000128,100.0,0.0,6.0,-1769.9932143876995,-2580.828978936253,COL,1
90.0,260.90000127999997,100.0,0.0,6.0,-1641.4201190418214,-2559.390451905044,COL,1
110.0,267.3750016,100.0,0.0,7.0,-1481.8038716685323,-2531.806880310278,COL,1
130.0,273.2500032,100.0,0.0,7.0,-1308.0,-2504.0,COL,1
140.0,276.0,100.0,0.0,7.0,-1208.9134439107693,-2487.8276671634812,COL,1
150.0,279.50000213333334,100.0,0.0,7.0,-1020.0,-2456.0,COL,1
160.0,280.0,100.0,0.0,7.0,-999.4693958295692,-2452.4212122440613,COL,1
170.0,283.93750239999997,100.0,0.0,7.0,-880.0,-2431.0,COL,1
180.0,286.0,100.0,0.0,7.0,-798.2529304938369,-2416.8023629672775,COL,1
190.0,288.25000192,100.0,0.0,7.0,-677.0,-2396.0,COL,1
210.0,292.0,100.0,0.0,7.0,-487.91156413886984,-2363.647085407381,COL,1
220.0,292.31000064,100.0,0.0,7.0,-454.0,-2358.0,COL,1
230.0,294.2833336888889,100.0,0.0,7.0,-192.43763582696087,-2314.894687843569,COL,2
260.0,298.0,100.0,0.0,7.0,-11.947516337322703,-2282.1126372981553,COL,2
270.0,298.75800797335415,100.0,0.0,7.0,34.0,-2273.0,COL,2
280.0,300.7330967078939,100.0,0.0,7.0,206.47689523677482,-2239.7985987353477,COL,2
300.0,302.05357165714287,100.0,0.0,8.0,369.96241687791303,-2210.1698616388485,COL,2
320.0,303.03750016000004,100.0,0.0,8.0,600.5417327858117,-2168.2554282206584,COL,2
340.0,303.57500032,100.0,0.0,8.0,779.0,-2136.0,COL,2
350.0,304.0,100.0,0.0,8.0,920.7272853142399,-2109.5625672202405,COL,2
360.0,304.0,100.0,0.0,8.0,945.0,-2105.0,COL,2
370.0,304.0,100.0,0.0,8.0,1107.3938142710927,-2074.601720693672,COL,2
380.0,304.0,100.0,0.0,8.0,1212.401305468855,-2055.6955270009335,COL,2
390.0,304.2875008,100.0,0.0,8.0,1277.0,-2044.0,COL,2
400.0,305.0,100.0,0.0,8.0,1483.7147279509247,-2005.7124187517536,COL,2
410.0,305.0,100.0,0.0,8.0,1493.0,-2004.0,COL,2
420.0,305.0,100.0,0.0,8.0,1615.503648749487,-1982.0041672029502,COL,2
440.0,305.0,100.0,0.0,8.0,1783.264752208398,-1951.6468729567123,COL,2
460.0,305.0,100.0,0.0,8.0,2073.568081555385,-1897.3145624003887,COL,3
480.0,305.0,100.0,0.0,8.0,2176.0,-1879.0,COL,3
490.0,305.0,100.0,0.0,8.0,2209.514200441076,-1873.0240558651858,COL,3
510.0,305.0,100.0,0.0,8.0,2463.8048770384403,-1829.0535601072015,COL,3
520.0,305.2812504,100.0,0.0,8.0,2574.0,-1812.0,COL,3
540.0,306.0,100.0,0.0,8.0,2790.2613280142496,-1778.2623693019086,COL,3
560.0,306.0,100.0,0.0,8.0,3008.8766670787313,-1743.9053107092527,COL,3
570.0,306.0,100.0,0.0,8.0,3140.2603100954993,-1723.8585883214814,COL,3
580.0,306.2916672,92.70832,0.0,8.0,3198.0,-1715.0,COL,3
590.0,307.0,75.0,0.0,8.0,3332.588052341962,-1693.4708871448186,COL,3
600.0,305.59999744,48.749952,0.0,8.0,3399.0,-1683.0,COL,3
610.0,303.0,0.0,1.0,8.0,3551.764182438512,-1659.57722361408,COL,3
620.0,295.84999296,0.0,1.0,8.0,3694.0,-1638.0,COL,3
630.0,292.0,0.0,1.0,8.0,3746.0205319338866,-1630.0518208452422,COL,3
640.0,254.4999808,0.0,1.0,8.0,3857.0,-1613.0,COL,3
650.0,244.0,0.0,1.0,8.0,3900.3373770893713,-1606.5181677479295,COL,3
660.0,223.4374944,0.0,1.0,7.5,4070.1105889632126,-1581.5499301768527,COL,3
680.0,200.7777720888889,0.0,1.0,6.0,4191.017542197276,-1563.3134210418284,COL,4
690.0,170.12499626666667,0.0,1.0,5.0,4383.821315930343,-1520.7516921819433,COL,4
700.0,157.0,0.0,1.0,4.0,4472.156439043338,-1498.0569990425956,COL,4
710.0,149.2812424,0.0,1.0,4.0,4516.0,-1484.0,COL,4
720.0,132.34166542222223,0.0,1.0,2.0,4607.528564727539,-1443.4057733037273,COL,4
730.0,117.86444288,0.0,1.0,2.0,4698.863060014427,-1368.2830939306489,COL,4
740.0,103.4374992,0.0,1.0,1.0,4765.601096493781,-1270.6708784638333,COL,4
750.0,95.65624853333334,0.0,1.0,1.0,4786.109005436083,-1194.956766928435,COL,4
760.0,87.765624,0.0,1.0,1.0,4797.950322842315,-1070.0248828958568,COL,4
770.0,81.76492968888888,0.6456607555555556,0.0,1.0,4784.000940609454,-977.7165022368652,COL,4
780.0,78.528499328,5.8187536,0.0,1.0,4763.1016441626225,-918.1198078155281,COL,4
790.0,78.95416746666666,27.14583466666667,0.0,1.0,4723.197337994224,-849.7435264712836,COL,4
800.0,82.5177096,35.48437653333333,0.0,1.0,4671.513877121983,-793.4190513483095,COL,4
810.0,89.24218859999999,44.6796894,0.0,1.0,4583.181395529931,-740.0337902135725,COL,4
820.0,98.94791893333333,56.1250024,0.0,1.0,4481.9747224997345,-715.3157742818512,COL,4
830.0,107.406252,64.703126,0.0,1.0,4410.535781009356,-711.0252574753572,COL,4
840.0,116.40972426666667,69.74652933333333,0.0,1.6666666666666667,4306.015066491121,-713.5322268622957,COL,4
850.0,131.09722524444445,79.22222364444444,0.0,2.0,4181.893249640262,-720.014879026934,COL,4
860.0,145.0,88.0,0.0,2.0,4047.0745568744564,-732.7462097653594,COL,4
870.0,152.187504,91.593752,0.0,2.5,3999.5798811099494,-737.801143900886,COL,4
880.0,167.85714651428572,98.62500159999999,0.0,3.0,3904.586918552218,-748.6610900759656,COL,4
900.0,180.37500266666666,100.0,0.0,3.0,3768.484376849732,-763.8155687802443,COL,5
930.0,206.98235557647058,100.0,0.0,3.0,3423.0,-798.0,COL,5
940.0,209.0,100.0,0.0,4.0,3390.194987807804,-800.8732035588949,COL,5
950.0,213.9437504,100.0,0.0,5.0,3224.548316107159,-814.820571330042,COL,5
970.0,217.0,100.0,0.0,5.0,3043.1390605855504,-829.5815003729463,COL,5
980.0,218.83333546666665,100.0,0.0,5.0,2945.0,-838.0,COL,5
990.0,221.21428662857141,100.0,0.0,5.0,2856.3122959861685,-846.1820131158493,COL,5
1000.0,224.00000182857144,100.0,0.0,5.0,2735.0,-856.0,COL,5
1010.0,225.0,100.0,0.0,5.0,2688.955062789071,-859.8962630215042,COL,5
1020.0,252.6041696,100.0,0.0,5.0,2554.197216253687,-871.8934298701727,COL,5
1030.0,258.7458421333333,100.0,0.0,5.0,2459.0,-880.0,COL,5
1040.0,262.0,100.0,0.0,6.0,2395.184214779058,-885.4171029244015,COL,5
1050.0,265.49000192,100.0,0.0,6.0,2192.9780637824615,-902.7582846916757,COL,5
1060.0,269.0,100.0,0.0,7.0,2020.117025216153,-917.776709256132,COL,5
1070.0,272.0,100.0,0.0,7.0,1881.6612872405397,-929.9146790556215,COL,5
1080.0,274.11944817777777,100.0,0.0,7.0,1788.0,-938.0,COL,5
1100.0,279.0,100.0,0.0,7.0,1572.785527137235,-956.1527168671093,COL,5
1110.0,284.5875072,100.0,0.0,7.0,1468.0,-965.0,COL,6
1120.0,288.0,100.0,0.0,7.0,1418.198256910243,-969.2833498992928,COL,6
1140.0,292.2937536,100.0,0.0,7.0,1307.0,-979.0,COL,6
1150.0,294.0,100.0,0.0,7.0,1246.1082785856447,-984.2348658534507,COL,6
1160.0,295.91398218460625,100.0,0.0,7.0,1179.0,-990.0,COL,6
1170.0,300.0,100.0,0.0,7.0,1020.9685833854281,-1003.686936574239,COL,6
1180.0,301.6250016,100.0,0.0,7.0,915.0,-1013.0,COL,6
1200.0,304.10000128,100.0,0.0,8.0,752.6471501533958,-1027.4984086753987,COL,6
1220.0,308.15000064000003,100.0,0.0,8.0,459.27632343783364,-1053.3934263591877,COL,6
1230.0,310.0,100.0,0.0,8.0,307.42871014404574,-1066.661003995715,COL,6
1250.0,313.0,100.0,0.0,8.0,215.08944558181327,-1074.6670337185362,COL,6
1260.0,313.0,100.0,0.0,8.0,116.54233188777702,-1083.4281986400147,COL,6
1270.0,314.3750016,100.0,0.0,8.0,9.0,-1093.0,COL,6
1280.0,316.0,100.0,0.0,8.0,-149.01449799127965,-1106.9837547888274,COL,6
1290.0,316.90000128,100.0,0.0,8.0,-252.0,-1116.0,COL,6
1300.0,318.0,100.0,0.0,8.0,-349.0564697796872,-1124.3141854314476,COL,6
1320.0,320.0,100.0,0.0,8.0,-496.9212240021702,-1136.6419919187763,COL,6
1330.0,320.2777784888889,100.0,0.0,8.0,-535.0,-1140.0,COL,7
1350.0,321.3888896,100.0,0.0,8.0,-712.0,-1156.0,COL,7
1360.0,322.1458336,100.0,0.0,8.0,-836.2461200516794,-1166.8870093673895,COL,7
1380.0,323.0,100.0,0.0,8.0,-1138.9209496487028,-1193.3291732207458,COL,7
1400.0,323.0,100.0,0.0,8.0,-1322.968458440119,-1209.5438309622666,COL,7
1420.0,322.12499968,100.0,0.0,8.0,-1427.9329208797026,-1218.7353927730005,COL,7
1430.0,322.0,100.0,0.0,8.0,-1582.304366927187,-1232.1588701670994,COL,7
1460.0,322.0,100.0,0.0,8.0,-1814.1176486725076,-1252.5610030730559,COL,7
1470.0,322.0,100.0,0.0,8.0,-1929.8341112939017,-1262.8810373115973,COL,7
1480.0,322.0,100.0,0.0,8.0,-2050.0,-1273.0,COL,7
1490.0,322.0,100.0,0.0,8.0,-2127.14073782705,-1279.6752697488485,COL,7
1510.0,322.0,100.0,0.0,8.0,-2304.5244026071014,-1295.3963273751588,COL,7
1530.0,322.0,100.0,0.0,8.0,-2646.0,-1325.0,COL,7
1540.0,322.0,100.0,0.0,8.0,-2655.6768790115766,-1325.8474375983083,COL,7
1560.0,322.0,100.0,0.0,8.0,-2922.448921734549,-1349.6362717702234,COL,8
1570.0,322.0,100.0,0.0,8.0,-2949.0,-1352.0,COL,8
1590.0,322.0,100.0,0.0,8.0,-3174.555317564418,-1371.9344489365021,COL,8
1600.0,322.0,100.0,0.0,8.0,-3328.94712904985,-1385.5195047907719,COL,8
1620.0,314.36666026666666,36.38883555555556,0.0,8.0,-3518.0,-1402.0,COL,8
1630.0,310.0,0.0,1.0,8.0,-3632.166092544865,-1411.8360039140491,COL,8
1640.0,305.8312224,0.0,1.0,8.0,-3657.0,-1414.0,COL,8
1650.0,284.9874921142857,0.0,1.0,8.0,-3784.4989641250318,-1425.2851006075957,COL,8
1670.0,265.2732064,0.0,1.0,8.0,-3967.1483704079246,-1440.948497237698,COL,8
1680.0,244.68569234285715,0.0,1.0,8.0,-4094.0,-1452.0,COL,8
1690.0,221.62499200000002,0.0,1.0,7.0,-4211.675917267463,-1463.4383420685156,COL,8
1710.0,194.71110257777778,0.0,1.0,6.333333333333333,-4374.0754386065455,-1478.095973689231,COL,8
1720.0,175.21128991831569,0.0,1.0,4.0,-4513.444293903884,-1486.2499783967887,COL,8
1730.0,159.0,0.0,1.0,3.0,-4596.224905023515,-1487.5869107845072,COL,8
1740.0,146.14285348571428,0.0,1.0,3.0,-4695.459336953079,-1484.6320505159852,COL,8
1750.0,143.0,0.0,1.0,2.5,-4783.242266086554,-1476.1903813608596,COL,8
1760.0,124.62499626666667,0.0,1.0,2.0,-4916.844326334993,-1437.7876801106352,COL,8
1770.0,112.62499840000001,0.0,1.0,2.0,-4986.8357005815105,-1392.0860714495639,COL,9
1780.0,98.49999706666667,0.0,1.0,1.0,-5065.20155862976,-1304.089655926964,COL,9
1790.0,89.52777718518519,0.0,1.0,1.0,-5102.066711628821,-1224.5027770777297,COL,9
1800.0,84.18055466666667,0.0,1.0,1.0,-5128.060481481774,-1115.9691265621632,COL,9
1810.0,76.80118997333334,0.0,0.16666666666666666,1.0,-5121.262113383218,-1036.9080819278754,COL,9
1820.0,72.0,1.0,0.0,1.0,-5082.825344837715,-925.354671354174,COL,9
1830.0,76.95534294116979,29.294606152924455,0.0,1.0,-5028.769523202989,-857.5269239966199,COL,9
1840.0,81.59523900952381,36.80952502857143,0.0,1.0,-4954.622844000417,-806.4919519498862,COL,9
1850.0,86.95238156190476,41.0,0.0,1.0,-4829.032588374829,-790.3490030838296,COL,9
1860.0,95.75926281481482,54.701855762962964,0.0,1.0,-4668.5700575935925,-828.9823559171291,COL,9
1870.0,105.85463087407408,61.412027259259254,0.0,1.0,-4579.416966920365,-864.0344340200057,COL,9
1880.0,102.28333226666666,4.391650133333332,0.5,1.0,-4487.583537781758,-890.6099718095791,COL,9
1890.0,95.47272378181817,0.0,1.0,1.0,-4394.99043435897,-906.2762002575081,COL,9
1900.0,84.21249920000001,0.0,0.6666666666666666,1.0,-4280.460174595412,-902.7478302241449,COL,9
1920.0,75.21762728408254,16.537542021324604,0.0,1.0,-4153.405132417584,-751.8994728794623,COL,9
1930.0,76.17187559999999,24.398439,0.0,1.0,-4139.930346167696,-664.6181642464746,COL,9
1940.0,80.56250080000001,35.0156268,0.0,1.0,-4147.080866024214,-539.892859490864,COL,9
1950.0,87.56250112000001,43.50000128,0.0,1.0,-4179.228476446512,-453.6598067218274,COL,9
1960.0,96.88750144,52.88750144,0.0,1.0,-4222.646149354479,-382.11724461288986,COL,9
1970.0,106.17121338181818,60.97575796363636,0.0,1.0,-4272.830296806517,-321.5056564919451,COL,9
1980.0,116.0,64.0,0.0,1.0,-4336.1981367338085,-251.28949027025965,COL,9
1990.0,128.29507079544467,77.32508011166694,0.0,1.6666666666666667,-4408.855575631834,-140.52120451325789,COL,10
2000.0,138.0,82.0,0.0,2.0,-4453.144652275604,-62.828242270977896,COL,10
2010.0,145.47500416,84.8750016,0.0,2.0,-4474.0,-4.0,COL,10
2020.0,153.9218784,87.1718752,0.0,3.0,-4515.097819684344,139.48846875549066,COL,10
2030.0,168.0,88.0,0.0,3.0,-4535.066830626349,225.57762472648756,COL,10
2040.0,173.4500096,92.6714368,0.0,3.0,-4539.0,257.0,COL,10
2050.0,182.2437552,100.0,0.0,4.0,-4550.7064388644885,343.6368834735915,COL,10
2060.0,195.11250239999998,100.0,0.0,4.0,-4562.840951560462,468.57690894976855,COL,10
2070.0,199.36250239999998,100.0,0.0,4.0,-4566.85023959066,562.1634767106091,COL,10
2080.0,203.61625408,100.0,0.0,4.0,-4566.270005445969,650.4955583325202,COL,10
2100.0,218.91625408,100.0,0.0,4.5,-4552.18401118404,950.9766623562941,COL,10
2120.0,227.97083626666665,100.0,0.0,5.0,-4543.7790755093265,1081.4133480425144,COL,10
2140.0,236.52639182222222,100.0,0.0,5.0,-4524.684861869699,1247.6137381121061,COL,10
2150.0,240.7250048,100.0,0.0,5.0,-4506.0,1356.0,COL,10
2160.0,244.0,100.0,0.0,6.0,-4472.89990368451,1493.0885102505704,COL,10
2170.0,245.07799584124865,100.0,0.0,6.0,-4440.0,1619.0,COL,10
2180.0,247.0,100.0,0.0,6.0,-4415.373277514937,1696.0978715446895,COL,10
2190.0,252.75000319999998,100.0,0.0,6.0,-4388.663128039211,1749.1443760413879,COL,10
2210.0,258.46875120000004,100.0,0.0,6.0,-4268.857230530497,1960.1743884389398,COL,11
2220.0,261.0,100.0,0.0,6.0,-4188.363882736713,2061.450856889028,COL,11
2230.0,263.22500096,100.0,0.0,6.0,-4084.333062461589,2166.854285893058,COL,11
2250.0,266.0,100.0,0.0,7.0,-4016.315480634623,2229.588872929332,COL,11
2260.0,268.71428754285716,100.0,0.0,7.0,-3950.0,2278.0,COL,11
2270.0,270.0,100.0,0.0,7.0,-3901.35838763605,2311.1215289011343,COL,11
2290.0,272.02500096,100.0,0.0,7.0,-3693.0,2437.0,COL,11
2300.0,273.0,100.0,0.0,7.0,-3563.477604449321,2499.3878774908426,COL,11
2310.0,274.55000064,100.0,0.0,7.0,-3425.8196819743644,2557.032365145515,COL,11
2320.0,275.8125008,100.0,0.0,7.0,-3300.0,2600.0,COL,11
2330.0,276.0,100.0,0.0,7.0,-3275.885848677968,2607.5753283107,COL,11
2350.0,279.9375008,100.0,0.0,7.0,-2999.5427758266815,2691.0416877360567,COL,11
2370.0,282.0,100.0,0.0,7.0,-2867.911565047238,2731.269730014486,COL,11
2380.0,282.0,100.0,0.0,7.0,-2758.39353355302,2765.4459888108463,COL,11
2400.0,284.5687504,100.0,0.0,7.0,-2497.7392994384054,2847.342949117444,COL,11
2420.0,286.0,100.0,0.0,7.0,-2397.735615885438,2880.3991482720558,COL,11
2430.0,286.39501811132084,100.0,0.0,7.0,-2328.0,2905.0,COL,12
2440.0,287.0,100.0,0.0,7.0,-2142.959621473218,2970.3445403093283,COL,12
2450.0,287.4062504,100.0,0.0,7.0,-2012.0,3017.0,COL,12
2460.0,288.0,100.0,0.0,7.0,-1925.3981222997797,3049.290554529961,COL,12
2470.0,288.0,100.0,0.0,7.0,-1877.0,3068.0,COL,12
2490.0,288.1562504,100.0,0.0,7.0,-1701.3230391720517,3134.7023339238417,COL,12
2500.0,288.9687504,100.0,0.0,7.0,-1604.2016486664352,3171.45862228834,COL,12
2520.0,289.7156256,100.0,0.0,7.0,-1416.0,3246.0,COL,12
2530.0,290.0,100.0,0.0,7.0,-1346.0075661032822,3274.4197720995935,COL,12
2540.0,289.6593744,100.0,0.0,7.0,-1267.0,3307.0,COL,12
2550.0,289.0,100.0,0.0,7.0,-1126.8848641885309,3366.4634489118753,COL,12
2560.0,288.79285577142855,89.64278857142857,0.0,7.0,-1107.0,3375.0,COL,12
2580.0,283.89499136,0.0,1.0,7.0,-897.0936610044466,3465.9626908881532,COL,12
2590.0,269.0,0.0,1.0,7.0,-780.5074248513906,3517.850081444374,COL,12
2600.0,261.11426377142857,0.0,1.0,7.0,-734.0,3539.0,COL,12
2610.0,239.91427474285715,0.0,1.0,7.0,-617.6270726136462,3592.440543423155,COL,12
2620.0,213.86069302857143,0.0,1.0,7.0,-481.0,3652.0,COL,12
2630.0,201.77249088,0.0,1.0,7.0,-382.8230394835248,3695.602744203708,COL,12
2640.0,187.0,0.0,1.0,7.0,-296.82869724007145,3733.7100764820707,COL,12
2650.0,187.0,0.0,1.0,6.0,-254.35848796775844,3752.5645728310074,COL,13
2660.0,187.0,0.0,1.0,4.0,-148.251548506446,3800.0580053482354,COL,13
2670.0,187.0,0.0,1.0,4.0,-50.0,3837.0,COL,13
2680.0,187.0,0.0,1.0,4.0,38.283145647634,3861.4357473082855,COL,13
2690.0,187.0,0.0,1.0,4.0,116.99205018146456,3872.896654103822,COL,13
2700.0,187.0,10.1111296,1.0,4.0,250.62124260041205,3858.340996889823,COL,13
2710.0,187.0,104.0,1.0,4.0,348.40337774855743,3808.3061662465875,COL,13
2720.0,187.0,73.6666112,1.0,4.0,379.0,3780.0,COL,13
2730.0,187.0,0.0,0.6666666666666666,3.6666666666666665,478.1161721817193,3656.92065456005,COL,13
2740.0,107.72499968,3.3000038399999996,0.0,2.0,516.0009899533608,3575.3002307937477,COL,13
2750.0,107.0,16.500002133333336,0.0,2.0,534.9311676727569,3514.835641717502,COL,13
2760.0,102.1111096888889,27.333335466666668,0.0,2.0,559.1516404829795,3413.743766277299,COL,13
2770.0,107.10770922666666,46.813127040000005,0.0,2.0,573.7930519167418,3314.003435268323,COL,13
2780.0,112.43458042309392,56.53115385044812,0.0,2.0,581.5221535538353,3237.698080990858,COL,13
2790.0,120.2990670752034,66.14330420302639,0.0,2.0,591.7686764572976,3112.2759221816573,COL,13
2800.0,132.37500224000001,77.56250208,0.0,2.0,599.4071247202595,3037.2677763077727,COL,13
2810.0,143.25000319999998,88.30000384,0.0,2.0,613.4015780373394,2920.6495464454974,COL,13
2820.0,150.75000319999998,97.30000384,0.0,2.5,628.9003844321076,2801.673821169752,COL,13
2830.0,163.00000142222223,100.0,0.0,3.0,615.3263954379106,2908.44412930201,COL,13
2840.0,169.31111537777778,100.0,0.0,3.0,637.0,2740.0,COL,13
2850.0,170.0,100.0,0.0,4.0,639.5309832530355,2720.563309914076,COL,13
2860.0,186.6468768,100.0,0.0,4.0,653.3130145328306,2620.0099004669173,COL,13
2870.0,189.0,100.0,0.0,4.0,660.607414188823,2567.8241490950777,COL,14
2880.0,198.2250048,100.0,0.0,4.0,676.6514658369715,2458.3781456187326,COL,14
2890.0,204.86250239999998,100.0,0.0,4.0,706.6061998620173,2275.4356365514623,COL,14
2920.0,215.06428708571428,100.0,0.0,5.0,744.5361276330731,2072.229984148049,COL,14
2930.0,218.63571565714284,100.0,0.0,5.0,774.5624105291555,1937.1982077455607,COL,14
2950.0,225.2562528,100.0,0.0,5.0,812.4123165762428,1792.531140958477,COL,14
2960.0,227.0482153142857,99.72677988571428,0.0,5.0,847.1418395325393,1678.6301457814973,COL,14
2980.0,230.03225874528832,82.74193003769346,0.0,5.0,908.6966226344972,1513.0160618536152,COL,14
2990.0,231.96415817309634,67.28673461522934,0.0,5.0,999.5170708459294,1323.0797859251425,COL,14
3010.0,227.69444266666667,40.30554453333333,0.0,5.0,1083.0,1185.0,COL,14
3020.0,227.0,36.0,0.0,5.0,1099.7793434361083,1161.2379801917232,COL,14
3030.0,224.968748,35.5937496,0.0,5.0,1149.0,1096.0,COL,14
3040.0,222.078124,35.0156248,0.0,5.0,1225.1627833672817,1011.8313315118717,COL,14
3050.0,220.49999908571428,37.75000137142857,0.0,5.0,1316.3566078116473,929.4889791571803,COL,14
3060.0,217.2142848,42.6785728,0.0,5.0,1428.1022259494684,849.4189418162462,COL,14
3080.0,213.99999857777777,42.24999964444444,0.0,5.0,1581.0,770.0,COL,14
3090.0,212.7291664,40.9166656,0.0,5.0,1709.7695451902152,724.7160501159879,COL,15
3100.0,212.0,38.0,0.0,5.0,1778.1289695307842,702.3871400679734,COL,15
3110.0,209.5624992,33.124998399999996,0.0,5.0,1786.3947549944537,704.0588214883173,COL,15
3130.0,207.24642834285714,49.53571657142857,0.0,5.0,1968.621965465106,672.3300108506792,COL,15
3140.0,206.02249984,52.977500160000005,0.0,5.0,2146.6142518183838,664.0017334647288,COL,15
3150.0,206.0,59.0,0.0,5.0,2212.5107941854176,668.0202285219959,COL,15
3160.0,206.0,62.886793303429116,0.0,5.0,2269.1740747042086,680.5050577688276,COL,15
3170.0,208.6887973945354,70.17012638542775,0.0,5.0,2394.24923780469,711.6602753500476,COL,15
3190.0,209.9107145142857,68.26785645714286,0.0,5.0,2554.2825870353918,774.2230019772362,COL,15
3200.0,212.5625008,70.56250080000001,0.0,5.0,2741.2181504704267,874.3821807410515,COL,15
3220.0,215.24166826666666,74.06041706666667,0.0,5.0,2844.233496031463,955.8305502921107,COL,15
3240.0,218.74166826666666,74.93541706666667,0.0,5.0,2989.218380014904,1108.667579063278,COL,15
3260.0,219.69374879999998,53.856241600000004,0.0,5.0,3113.9653051335954,1228.6162161684692,COL,15
3270.0,217.0,35.0,0.0,5.0,3208.1800424671487,1297.256322580011,COL,15
3280.0,216.47499794285713,32.72499108571429,0.0,5.0,3241.0,1316.0,COL,15
3290.0,214.1660704,22.7196384,0.0,5.0,3423.9292589067054,1399.5814232921048,COL,15
3310.0,208.18249856,28.54250624,0.0,5.0,3614.132604187811,1441.7663822509126,COL,16
3320.0,206.0,38.0,0.0,5.0,3676.2669857219726,1446.69134389242,COL,16
3330.0,205.0,52.6843816,0.0,5.0,3786.8260693937623,1449.1360857185596,COL,16
3340.0,205.0,62.0,0.0,5.0,3851.8839611146313,1447.3826205368337,COL,16
3350.0,205.72708373333333,68.5437536,0.0,5.0,3985.305718474622,1427.0393132260788,COL,16
3360.0,206.43500288,71.43500288,0.0,5.0,4070.0,1410.0,COL,16
3370.0,209.0,74.0,0.0,5.0,4147.213101450124,1389.8947344557894,COL,16
3380.0,210.74500096,79.23500288,0.0,5.0,4201.76754859866,1366.1901597812155,COL,16
3390.0,212.96415817309634,97.677423557867,0.0,5.0,4362.655814905116,1287.4511474396124,COL,16
3400.0,215.0,100.0,0.0,5.0,4445.422198629565,1233.1537265967593,COL,16
3410.0,215.4375008,100.0,0.0,5.0,4479.0,1208.0,COL,16
3420.0,216.7187504,100.0,0.0,5.0,4571.538199343374,1130.5138605966108,COL,16
3430.0,219.71875119999999,100.0,0.0,5.0,4660.199464917252,1044.3552710601236,COL,16
3440.0,220.0714294857143,100.0,0.0,5.0,4782.180924662518,912.1190053382668,COL,16
3460.0,224.0,100.0,0.0,5.0,4862.727803562547,817.7892827993694,COL,16
3470.0,225.2187512,100.0,0.0,5.0,4896.0,775.0,COL,16
3480.0,226.9531256,100.0,0.0,5.0,4968.007597114665,683.4282563415104,COL,16
3500.0,229.59875427509414,100.0,0.0,5.0,5068.0,556.0,COL,16
3510.0,231.84407548860878,100.0,0.0,5.5,5157.411909870871,451.5650791010417,COL,16
3520.0,233.85427172525934,100.0,0.0,6.0,5257.6750793090105,336.0177888980594,COL,16
3530.0,235.0090914909091,100.0,0.0,6.0,5347.0,235.0,COL,17
3550.0,237.68636392727274,100.0,0.0,6.0,5471.337542852829,91.99156502053086,COL,17
3570.0,239.7534634465974,100.0,0.0,6.0,5581.0,-31.0,COL,17
3580.0,241.1785718857143,100.0,0.0,6.0,5717.16327900955,-184.2063085845759,COL,17
3600.0,243.17500031999998,100.0,0.0,6.0,5793.184011000025,-268.73843887816935,COL,17
3610.0,244.0,100.0,0.0,6.0,5888.484907622855,-376.40241594777865,COL,17
3620.0,244.5416672,94.583328,0.0,6.0,5985.0,-486.0,COL,17
3630.0,245.0,90.0,0.0,6.0,6046.81479413156,-556.6329114207551,COL,17
3640.0,240.0,0.0,1.0,6.0,6116.286968867904,-637.2552426255849,COL,17
3650.0,228.53212982857144,0.0,1.0,6.0,6164.0,-693.0,COL,17
3660.0,221.0,0.0,1.0,6.0,6195.121932046154,-729.2801185945641,COL,17
3670.0,209.3785673142857,0.10357211428571429,1.0,6.0,6257.487611942592,-805.9860970409213,COL,17
3680.0,199.9499958857143,1.6750006857142856,1.0,5.0,6325.77857976483,-905.8587908622897,COL,17
3690.0,194.13749760000002,1.22749952,1.0,4.0,6374.3840033750475,-998.7498524626965,COL,17
3700.0,188.7749952,1.0,1.0,4.0,6410.0,-1104.0,COL,17
3710.0,186.10999808,4.78000384,1.0,4.0,6419.730634372787,-1167.247442366076,COL,17
3730.0,177.88333173333334,26.6156328,0.0,4.0,6419.7560270293325,-1366.341377149676,COL,17
3740.0,174.2124992,45.7250048,0.0,4.0,6390.929869753554,-1503.2310071907011,COL,17
3750.0,174.74642925714286,51.47857554285714,0.0,4.0,6353.0,-1611.0,COL,18
3760.0,175.0,53.0,0.0,4.0,6329.729814844964,-1657.5826057054624,COL,18
3770.0,176.70416746666666,63.2250048,0.0,4.0,6255.30527360185,-1790.2145086191813,COL,18
3780.0,181.0,70.0,0.0,4.0,6207.574070522236,-1854.5051378890878,COL,18
3790.0,182.406252,70.2812504,0.0,4.0,6186.0,-1877.0,COL,18
3800.0,185.921876,70.9843752,0.0,4.0,6105.015622846306,-1957.725453944446,COL,18
3810.0,186.60000191999998,71.26666752,0.0,4.0,6008.391932132654,-2026.1000129300526,COL,18
3830.0,194.66250144,74.85000063999999,0.0,4.0,5791.1896925136825,-2115.990652690476,COL,18
3840.0,198.0,80.0,0.0,4.0,5750.552072669891,-2125.674755564181,COL,18
3850.0,201.37500160000002,80.67500032000001,0.0,4.0,5705.949430045286,-2135.1086084534536,COL,18
3860.0,205.50000213333334,82.8750016,0.0,4.0,5579.0,-2162.0,COL,18
3870.0,207.0,84.0,0.0,5.0,5498.188495704927,-2176.1108727648134,COL,18
3880.0,211.82142994285715,89.62500159999999,0.0,5.0,5324.311988222531,-2203.517007456041,COL,18
3900.0,219.38006357733354,98.17757152450025,0.0,5.0,5215.725894200861,-2213.6901249684565,COL,18
3910.0,223.25941683429843,100.0,0.0,5.0,5119.0,-2220.0,COL,18
3920.0,227.0,100.0,0.0,5.0,5024.746076816308,-2223.706229342675,COL,18
3930.0,228.4035721142857,100.0,0.0,5.0,4943.0,-2226.0,COL,18
3940.0,230.4537373275416,100.0,0.0,5.0,4831.527150502497,-2229.46021087818,COL,18
3950.0,235.0,100.0,0.0,6.0,4662.519157265194,-2235.5239392104545,COL,18
3960.0,238.125008,100.0,0.0,6.0,4629.0,-2237.0,COL,18
3970.0,245.93750133333333,100.0,0.0,6.0,4524.517843738935,-2242.3406372773184,COL,19
3980.0,250.0,100.0,0.0,6.0,4390.769025035136,-2249.9160240643923,COL,19
3990.0,251.04166933333335,100.0,0.0,6.0,4356.0,-2252.0,COL,19
4000.0,255.0833344,100.0,0.0,6.0,4218.576772379713,-2260.757779503914,COL,19
4010.0,257.81666986666664,100.0,0.0,6.0,4102.0,-2269.0,COL,19
4020.0,259.0,100.0,0.0,6.0,4055.6818955276085,-2272.3657034287576,COL,19
4030.0,261.6812512,100.0,0.0,6.0,3886.9125139000926,-2283.72733224466,COL,19
4040.0,264.0694471111111,100.0,0.0,6.0,3681.0,-2296.0,COL,19
4060.0,267.0,100.0,0.0,6.0,3559.1775180890127,-2303.3962058284474,COL,19
4070.0,267.94500096,100.0,0.0,6.0,3474.0,-2309.0,COL,19
4080.0,268.54500096000004,100.0,0.0,7.0,3425.32719135593,-2312.2416458941184,COL,19
4090.0,270.0,100.0,0.0,7.0,3314.7398904296383,-2319.975790115556,COL,19
4100.0,271.4083349333333,100.0,0.0,7.0,3190.0,-2330.0,COL,19
4110.0,272.0,100.0,0.0,7.0,3138.3299266502772,-2334.612894216438,COL,19
4120.0,273.9593768,100.0,0.0,7.0,2979.0,-2350.0,COL,19
4130.0,275.0,100.0,0.0,7.0,2879.6775607595346,-2359.708120518262,COL,19
4140.0,275.9214299428571,95.85356525714286,0.0,7.0,2765.0,-2371.0,COL,19
4150.0,277.0,91.0,0.0,7.0,2654.693787873638,-2382.07975454591,COL,19
4170.0,277.9770837333333,91.0,0.0,7.0,2501.022312634533,-2398.44103925292,COL,19
4180.0,261.0999808,48.280507022222224,0.0,7.0,2372.0,-2413.0,COL,19
4200.0,242.5499904,1.390253511111112,0.5,7.0,2245.248685658613,-2427.5655767205053,COL,20
4210.0,222.62748032,0.0,1.0,7.0,2053.0,-2451.0,COL,20
4220.0,201.0,0.0,1.0,7.0,1949.0095331166503,-2464.2418428262026,COL,20
4230.0,190.5624896,0.0,1.0,7.0,1897.7205811721244,-2471.2321831213058,COL,20
4240.0,165.99999857777777,0.0,1.0,7.0,1810.6359078536052,-2482.97767612753,COL,20
4250.0,155.72915851851852,0.0,1.0,4.333333333333333,1677.3275427159322,-2503.25025119784,COL,20
4260.0,127.83333119999999,0.0,1.0,3.0,1576.7213804509208,-2520.706830418276,COL,20
4270.0,116.0,0.0,1.0,2.0,1448.6475789651488,-2551.240386563889,COL,20
4280.0,104.90277688888888,0.0,1.0,1.3333333333333333,1371.6515651876696,-2576.291489974409,COL,20
4290.0,89.45540794531102,0.0,1.0,1.0,1303.6748685176315,-2614.592885285052,COL,20
4300.0,82.65870305717016,0.0,1.0,1.0,1244.265161084406,-2682.8914308351164,COL,20
4310.0,74.54180411931736,15.431226114184444,0.25,1.0,1223.6788695962696,-2783.3470200650927,COL,20
4320.0,74.0651048,27.5390648,0.0,1.0,1255.2016805711874,-2886.4338015197027,COL,20
4330.0,79.9343776,46.14294459259259,0.0,1.0,1311.2838691848249,-2959.0941645454827,COL,20
4340.0,89.7517888,56.583929600000005,0.0,1.0,1378.4805718569673,-3018.2898964880214,COL,20
4350.0,98.88214491428572,60.627381638095244,0.0,1.0,1481.1963398285477,-3085.064011552791,COL,20
4360.0,110.94028124444445,69.84901064126984,0.0,1.6666666666666667,1650.896470758226,-3185.236957283476,COL,20
4370.0,118.59250624,75.73500288,0.0,2.0,1734.349790587382,-3233.465911169933,COL,20
4380.0,132.42361244444444,81.0,0.0,2.0,1841.9140430153968,-3298.746862626465,COL,20
4400.0,154.0,79.97499946666667,0.0,3.0,1997.9821229561069,-3410.2219331703986,COL,20
4410.0,154.0,78.53055502222222,0.0,3.0,2107.217218898967,-3518.208991558403,COL,21
4420.0,166.0,76.0,0.0,3.0,2168.6423160045656,-3601.4755775498998,COL,21
4430.0,168.90833493333332,77.45416746666666,0.0,3.5,2199.2550408539255,-3660.0689395999407,COL,21
4440.0,174.80645670389524,79.0681014897545,0.0,4.0,2234.0,-3743.0,COL,21
4450.0,181.5,81.0,0.0,4.0,2260.3971969133227,-3844.912272980177,COL,21
4460.0,185.17857279999998,84.3571456,0.0,4.0,2278.0,-3941.0,COL,21
4470.0,187.0,88.0,0.0,4.0,2288.7948736842945,-4048.730331816822,COL,21
4480.0,189.83333546666665,93.66667093333334,0.0,4.0,2294.0,-4182.0,COL,21
4490.0,193.75000087272727,100.0,0.0,4.0,2291.8233114511495,-4261.499174225843,COL,21
4510.0,198.93181905454546,100.0,0.0,4.0,2263.4189598447424,-4453.813370574745,COL,21
4520.0,201.08409192727274,100.0,0.0,4.0,2246.0,-4528.0,COL,21
4540.0,205.76931869090907,100.0,0.0,4.5,2197.855179329725,-4687.961936658756,COL,21
4550.0,208.3875008,100.0,0.0,5.0,2148.0,-4820.0,COL,21
4560.0,210.0,100.0,0.0,5.0,2119.6152090751543,-4887.7161693240305,COL,21
4570.0,201.62447923637623,0.0,1.0,5.0,2072.066032971069,-4984.670958186498,COL,21
4580.0,189.17499648,0.0,1.0,5.0,2011.1395870478786,-5090.326295869847,COL,21
4590.0,178.78571154285714,0.0,1.0,4.0,1958.4127227449417,-5170.002309868214,COL,21
4600.0,168.92856868571428,0.0,1.0,3.5,1891.7309585211415,-5257.165021338744,COL,21
4640.0,144.9015604,3.0,0.0,3.0,1574.7298668698688,-5496.600530403961,COL,22
4650.0,137.9718744,3.0281256,0.0,3.0,1448.688646329511,-5508.966609522344,COL,22
4660.0,136.68214217142855,11.310730057142857,0.0,3.0,1374.1940309005251,-5506.165403192683,COL,22
4670.0,135.24500096,50.857503359999995,0.0,3.0,1250.718770803402,-5479.110078270089,COL,22
4680.0,138.0,59.0,0.0,3.0,1171.3426568318641,-5448.509570722777,COL,22
4690.0,143.41428845714287,66.1500032,0.0,3.0,1086.338698443769,-5400.4629625448515,COL,22
4700.0,151.43500288,76.58000384,0.0,3.0,952.305824833272,-5296.544788112791,COL,22
4710.0,157.0,84.0,0.0,3.0,918.0506677399434,-5265.316826779579,COL,22
4720.0,162.78000384,89.05750336,0.0,3.0,881.5143287376093,-5231.066003711892,COL,22
4730.0,165.28125599999998,100.0,0.0,3.0,769.6590944038225,-5129.496085924257,COL,22
4750.0,189.03125599999998,100.0,0.0,3.5,644.3356143100307,-5017.220758268017,COL,22
4760.0,196.82412291083483,100.0,0.0,4.0,512.5213859218204,-4898.77477805641,COL,22
4770.0,204.0,100.0,0.0,5.0,459.0825537033044,-4850.919076255153,COL,22
4780.0,209.1562544,100.0,0.0,5.0,430.0,-4825.0,COL,22
4790.0,215.0,100.0,0.0,5.0,389.78223540831584,-4789.07598428892,COL,22
4800.0,222.1666688,100.0,0.0,5.0,316.3297712589471,-4723.47814530211,COL,22
4820.0,227.2500032,100.0,0.0,5.0,225.0,-4642.0,COL,22
4830.0,231.70000127999998,100.0,0.0,5.0,139.2798457371424,-4565.336341959541,COL,22
4840.0,235.54642925714285,100.0,0.0,5.0,11.70789225911485,-4450.102655416277,COL,22
4860.0,241.0,100.0,0.0,6.0,-99.53697471655823,-4350.096086659527,COL,23
4870.0,243.56500096,100.0,0.0,6.0,-164.0,-4293.0,COL,23
4880.0,246.18250048,100.0,0.0,6.0,-251.4283371124033,-4215.359997260843,COL,23
4890.0,247.37916693333332,100.0,0.0,6.0,-327.0,-4148.0,COL,23
4900.0,248.0,100.0,0.0,6.0,-431.73923266874976,-4056.3288040679467,COL,23
4910.0,248.95261892510626,79.51869311021537,0.0,6.0,-566.0,-3941.0,COL,23
4930.0,250.0,57.0,0.0,6.0,-643.0648609508257,-3878.8954525644767,COL,23
4940.0,249.3437496,54.3749984,0.0,6.0,-738.0,-3830.0,COL,23
4950.0,249.0,53.0,0.0,6.0,-831.7913876223099,-3787.6170543996823,COL,23
4960.0,247.8214272,54.1785728,0.0,6.0,-934.0,-3748.0,COL,23
4970.0,246.0,56.0,0.0,6.0,-1065.4840723873938,-3720.3338515008218,COL,23
4980.0,243.6374976,48.9124928,0.0,6.0,-1180.0,-3715.0,COL,23
4990.0,242.0,44.0,0.0,6.0,-1243.9488728636584,-3711.74091347561,COL,23
5010.0,239.2390616,51.3625024,0.0,6.0,-1398.4335848836536,-3723.5459804472343,COL,23
5030.0,239.0,66.7136477090909,0.0,6.0,-1624.0,-3782.0,COL,23
5040.0,239.0,78.0,0.0,6.0,-1749.3962885568678,-3832.252921625468,COL,23
5060.0,240.04500096,89.49501056,0.0,6.0,-1871.0,-3895.0,COL,23
5070.0,241.0,100.0,0.0,6.0,-1994.7609970705757,-3961.232591721465,COL,24
5080.0,242.05000106666665,100.0,0.0,6.0,-2110.0,-4022.0,COL,24
5090.0,243.0,100.0,0.0,6.0,-2191.8287190712977,-4061.7510662729146,COL,24
5110.0,246.35000137142856,100.0,0.0,6.0,-2311.9604004625035,-4108.798808301589,COL,24
5120.0,247.54500096,100.0,0.0,6.0,-2413.0,-4141.0,COL,24
5130.0,248.12361137777776,100.0,0.0,6.0,-2504.6885434375613,-4162.678624852325,COL,24
5150.0,249.01607177142859,99.67856457142858,0.0,6.0,-2720.3269202656174,-4194.817580479567,COL,24
5160.0,249.60357211428573,87.92855771428572,0.0,6.0,-2919.0,-4196.0,COL,24
5170.0,250.0,80.0,0.0,6.0,-3016.466762206226,-4192.010389727384,COL,24
5190.0,245.4696384,11.2749952,1.0,6.0,-3130.5867371311588,-4168.678075823302,COL,24
5210.0,233.66735915183688,0.0,1.0,6.0,-3270.7139076045482,-4138.0086134375715,COL,24
5220.0,223.9037616994111,0.0,1.0,6.0,-3476.8810656594615,-4071.2575085917633,COL,24
5230.0,203.59090036363637,0.6136366545454546,1.0,6.0,-3554.0,-4034.0,COL,24
5240.0,192.0,1.0,1.0,6.0,-3645.9627162528923,-3974.7381341202345,COL,24
5250.0,185.6818141090909,0.0,1.0,6.0,-3746.6269441827417,-3908.65745405009,COL,24
5270.0,159.55908887272727,0.0,1.0,4.5,-3852.3043806586306,-3809.7329652606195,COL,24
5280.0,154.3624992,0.0,1.0,3.0,-3900.166841566034,-3751.392027287919,COL,24
5290.0,141.7437297838476,0.0,1.0,3.0,-3969.5776210205295,-3644.0621480621726,COL,25
5300.0,126.2256250962674,0.0,1.0,2.5,-4010.4914244991005,-3561.7510327043738,COL,25
5310.0,118.3214272,0.0,1.0,2.0,-4040.5610610047697,-3455.870951655538,COL,25
5320.0,108.87499840000001,0.0,1.0,2.0,-4047.00104971615,-3331.850075463896,COL,25
5330.0,101.91666474666665,0.0,1.0,2.0,-4029.8698646097896,-3242.3395354695517,COL,25
5340.0,95.56874880000001,2.9953224,0.25,2.0,-3993.7028115636563,-3154.9358215545676,COL,25
5350.0,95.09062560000001,36.2718768,0.0,2.0,-3955.3616374739468,-3094.9743112353117,COL,25
5360.0,100.6125024,45.1609396,0.0,2.0,-3862.09771801235,-3009.0711829269358,COL,25
5370.0,105.0,55.7593792,0.0,2.0,-3785.6730542479245,-2962.403942068499,COL,25
5380.0,113.48333653333333,61.83167018666666,0.0,2.0,-3682.4608724876903,-2923.2799334213873,COL,25
5390.0,120.6343792,69.6343792,0.0,2.0,-3632.0,-2908.0,COL,25
5400.0,131.18000384,78.09000192,0.0,2.0,-3484.227533715093,-2872.5205227935326,COL,25
5410.0,144.8093816,87.8093816,0.0,2.0,-3393.0,-2853.0,COL,25
5420.0,154.77083733333333,96.33958613333334,0.0,3.0,-3268.5484854160004,-2827.002950654672,COL,25
5440.0,178.0277831111111,100.0,0.0,3.0,-3124.383030754345,-2799.7930204236272,COL,25
5450.0,184.25714834285714,100.0,0.0,3.0,-3033.0,-2783.0,COL,25
5460.0,188.0,100.0,0.0,4.0,-2966.7103636567826,-2771.4664903324997,COL,25
5470.0,201.2187528,100.0,0.0,5.0,-2812.7668505679935,-2745.4412178348784,COL,25
5480.0,208.0,100.0,0.0,5.0,-2726.23026039646,-2732.1392066080703,COL,25
5490.0,212.8750048,100.0,0.0,5.0,-2650.5,-2720.5,COL,25
5500.0,217.1875072,100.0,0.0,5.0,-2582.0823916257227,-2709.9192904937913,COL,25
0.0,210.62500266666666,99.0,0.0,5.0,-2678.567465872379,-2724.732458196896,HAM,1
10.0,220.0,99.0,0.0,5.0,-2556.127998195441,-2706.2254025078228,HAM,1
30.0,227.09545658181818,99.0,0.0,5.0,-2444.0,-2689.0,HAM,1
40.0,234.37375104,99.0,0.0,6.0,-2208.113056857491,-2651.4545630322123,HAM,1
60.0,244.49750208,99.0,0.0,6.0,-2092.0,-2633.0,HAM,1
70.0,247.0,99.0,0.0,6.0,-2051.9867030241376,-2626.7396559509943,HAM,1
80.0,253.1125024,99.0,0.0,6.0,-1928.0,-2607.0,HAM,1
90.0,256.0,99.0,0.0,6.0,-1852.374201418012,-2594.5508922035856,HAM,1
100.0,260.7875008,99.0,0.0,6.0,-1654.3198079731985,-2561.2844716677882,HAM,1
110.0,265.0,99.0,0.0,6.0,-1563.1232780824162,-2545.6981779501484,HAM,1
120.0,269.734376,99.0,0.0,6.5,-1507.8962263141261,-2536.3186609767586,HAM,1
140.0,274.0,99.0,0.0,7.0,-1403.9004843608486,-2519.2991824712367,HAM,1
150.0,278.0375008,99.0,0.0,7.0,-1239.7192374548897,-2492.1098905705803,HAM,1
160.0,281.6906264,99.0,0.0,7.0,-1042.0,-2459.0,HAM,1
180.0,286.0,99.0,0.0,7.0,-928.8202825031375,-2439.9739436037894,HAM,1
190.0,288.37708426666666,99.0,0.0,7.0,-854.0,-2427.0,HAM,1
200.0,290.7104176,99.0,0.0,7.0,-728.0,-2405.0,HAM,1
220.0,293.0,99.0,0.0,7.0,-598.6446674574453,-2382.858203046966,HAM,1
230.0,296.0107145142857,99.0,0.0,7.0,-440.1236774855774,-2356.1885879447295,HAM,2
250.0,297.16428617142856,99.0,0.0,7.0,-309.0,-2334.0,HAM,2
260.0,299.03000064,99.0,0.0,7.0,-92.51665053347837,-2296.0607393587197,HAM,2
270.0,302.0,99.0,0.0,8.0,33.51258533689828,-2273.4767292356028,HAM,2
290.0,303.5125008,99.0,0.0,8.0,112.0,-2258.0,HAM,2
300.0,304.0,99.0,0.0,8.0,188.49196898881155,-2243.8568035366898,HAM,2
310.0,304.81000064,99.0,0.0,8.0,390.0,-2207.0,HAM,2
320.0,305.0,99.0,0.0,8.0,430.17228707117135,-2199.6772794552753,HAM,2
330.0,306.0,99.0,0.0,8.0,563.6569389827714,-2175.4570901431516,HAM,2
350.0,307.00625,99.0,0.0,8.0,756.3179692049225,-2140.311192590426,HAM,2
380.0,308.0,99.0,0.0,8.0,1060.780079981424,-2083.520874990834,HAM,2
390.0,308.0,99.0,0.0,8.0,1112.0,-2074.0,HAM,2
400.0,308.0,99.0,0.0,8.0,1197.7607832390377,-2058.1922227005107,HAM,2
420.0,309.7259788130343,99.0,0.0,8.0,1343.796578536416,-2031.5462939134695,HAM,2
430.0,310.2861112888889,99.0,0.0,8.0,1467.0,-2009.0,HAM,2
450.0,311.0,99.0,0.0,8.0,1756.2114697269742,-1956.1722961718308,HAM,3
460.0,310.8208330666667,99.0,0.0,8.0,1806.0,-1947.0,HAM,3
470.0,310.0,99.0,0.0,8.0,2027.4656122725455,-1905.742157349104,HAM,3
500.0,310.05750016,99.0,0.0,8.0,2284.2607499733203,-1858.8619726068641,HAM,3
510.0,311.0,99.0,0.0,8.0,2448.083549200045,-1831.7816220318648,HAM,3
520.0,311.0,99.0,0.0,8.0,2548.0,-1816.0,HAM,3
530.0,311.0,99.0,0.0,8.0,2577.784999949173,-1811.306932790906,HAM,3
560.0,311.0,99.0,0.0,8.0,2876.4010245690974,-1764.5008203671537,HAM,3
580.0,311.0,99.0,0.0,8.0,3109.046132784938,-1728.164187756316,HAM,3
600.0,310.8703124,96.79531080000001,0.0,8.0,3267.367166822747,-1703.465518257687,HAM,3
620.0,310.0,82.0,1.0,8.0,3428.8764196090337,-1678.3234447697723,HAM,3
630.0,301.9593688,62.546859999999995,1.0,8.0,3483.0,-1670.0,HAM,3
650.0,279.8234344,8.992179999999998,1.0,8.0,3666.6738670297223,-1641.983138492983,HAM,3
660.0,251.124992,4.2124992,1.0,8.0,3831.0,-1617.0,HAM,3
680.0,221.312496,1.2312496,1.0,8.0,3988.3430876740913,-1593.5894789595482,HAM,4
690.0,199.1156208,0.05312480000000003,1.0,8.0,4147.416336776778,-1570.0313234294715,HAM,4
700.0,181.0,0.0,1.0,8.0,4235.686666591254,-1555.7923947415425,HAM,4
710.0,162.08166393904762,0.0,1.0,8.0,4320.526050433507,-1535.7587980288863,HAM,4
720.0,148.517856,0.0,1.0,7.0,4423.744763223456,-1510.1272498034311,HAM,4
730.0,136.20156079999998,0.0,1.0,4.0,4532.4592491763615,-1478.5127803963985,HAM,4
740.0,122.8083328,0.0,1.0,2.0,4649.8165732759535,-1415.546465306014,HAM,4
750.0,116.9281224,0.0,1.0,2.0,4689.785586692247,-1383.4047864144177,HAM,4
760.0,102.4187488,0.0,1.0,1.6666666666666667,4755.720872531111,-1282.2813614238887,HAM,4
770.0,91.097423506356,0.0,1.0,1.0,4786.955194957116,-1189.3219366684755,HAM,4
780.0,82.03538732460736,0.056451657301411946,1.0,1.0,4798.1401799770765,-1083.3429383943626,HAM,4
790.0,75.8107475759746,2.5856698987005404,0.0,1.0,4784.324294177251,-980.318059103099,HAM,4
800.0,74.01758353066666,23.244918869333333,0.0,1.0,4746.044965445124,-888.4608590698266,HAM,4
810.0,79.91500032,37.63833344,0.0,1.0,4689.4549661328465,-808.684610731681,HAM,4
820.0,85.96574164656084,49.95092730582011,0.0,1.0,4622.035443735928,-758.4142677360205,HAM,4
830.0,96.91071542857142,60.45535771428571,0.0,1.0,4472.882345390536,-716.3345841226237,HAM,4
840.0,108.38333440000001,68.21458346666667,0.0,1.0,4348.403345240847,-709.6924269757042,HAM,4
850.0,116.0,71.0,0.0,2.0,4300.502603419376,-712.9478763171594,HAM,4
860.0,127.86000128,73.75250112,0.0,2.0,4222.727228627666,-717.5888850957892,HAM,4
870.0,141.47402947555557,85.49680679111111,0.0,2.6666666666666665,4097.538015160139,-727.5091082214445,HAM,4
880.0,151.82708586666666,92.11041813333333,0.0,3.0,3937.0,-745.0,HAM,4
890.0,162.0,98.0,0.0,3.0,3864.6387209261534,-752.9543541807359,HAM,5
900.0,164.62500266666666,98.0,0.0,3.0,3846.0,-755.0,HAM,5
910.0,175.2902798222222,98.0,0.0,4.0,3737.1538699880994,-766.9920802675858,HAM,5
920.0,188.80278186666666,98.0,0.0,4.0,3628.0,-779.0,HAM,5
930.0,195.0,98.0,0.0,4.0,3576.9596764759362,-784.0552182069523,HAM,5
940.0,202.71666773333334,98.96458346666667,0.0,4.5,3449.149702650011,-795.4248230451028,HAM,5
950.0,206.4857155047619,99.0,0.0,5.0,3339.0,-805.0,HAM,5
990.0,218.82857264761904,99.0,0.0,5.0,2951.165911471513,-837.6745097226761,HAM,5
1000.0,219.0,99.0,0.0,5.0,2752.63918434763,-854.8745554578691,HAM,5
1010.0,219.0,99.0,0.0,5.0,2693.0,-860.0,HAM,5
1020.0,219.0,99.0,0.0,5.0,2615.9053712558375,-866.2915300002883,HAM,5
1030.0,219.0,103.10377350895921,0.5,5.0,2553.9196269081904,-871.5641681102335,HAM,5
1050.0,261.36,99.0,0.0,5.0,2328.897534557591,-891.3046912408444,HAM,5
1060.0,267.0,99.0,0.0,6.0,2235.43887659461,-899.5206360151459,HAM,5
1070.0,267.7,99.0,0.0,6.0,2172.0,-905.0,HAM,5
1080.0,269.0,99.0,0.0,7.0,1969.5169028031828,-922.3562520799537,HAM,5
1090.0,276.1526494011513,99.0,0.0,7.0,1752.0,-941.0,HAM,5
1110.0,283.0,99.0,0.0,7.0,1654.2127869703718,-949.487697491799,HAM,6
1120.0,286.62222364444443,99.0,0.0,7.0,1577.0,-956.0,HAM,6
1130.0,290.1777792,99.0,0.0,7.0,1443.0,-967.0,HAM,6
1140.0,291.0,99.0,0.0,7.0,1411.6627248367622,-969.6482028738935,HAM,6
1150.0,229.9781112,99.0,0.0,7.0,1191.0,-989.0,HAM,6
1160.0,222.0,99.0,0.0,7.0,1163.0847474847042,-991.3723132312386,HAM,6
1170.0,264.2781416,99.0,0.0,7.0,1026.0,-1003.0,HAM,6
1180.0,305.0,99.0,0.0,8.0,825.3542129162041,-1021.0305048492216,HAM,6
1190.0,308.0750016,99.0,0.0,8.0,671.0,-1035.0,HAM,6
1200.0,310.0,99.0,0.0,8.0,595.2378262328448,-1041.7593524720583,HAM,6
1220.0,312.0,99.0,0.0,8.0,419.1365335149049,-1056.8671488566067,HAM,6
1230.0,313.0750016,99.0,0.0,8.0,394.0,-1059.0,HAM,6
1240.0,317.0,99.0,0.0,8.0,298.2268127974576,-1067.150040713515,HAM,6
1250.0,318.14444515555556,99.0,0.0,8.0,219.0,-1074.0,HAM,6
1270.0,321.0,99.0,0.0,8.0,-56.35959176451675,-1098.2641407950016,HAM,6
1280.0,321.73571474285717,99.0,0.0,8.0,-154.0,-1107.0,HAM,6
1300.0,323.0,99.0,0.0,8.0,-273.7545046743564,-1117.9098254108474,HAM,6
1310.0,323.2964288,99.0,0.0,8.0,-332.0,-1123.0,HAM,6
1320.0,324.0,99.0,0.0,8.0,-507.1432779099534,-1137.588664682159,HAM,6
1330.0,325.93500288,99.0,0.0,8.0,-547.0,-1141.0,HAM,7
1340.0,333.02083377777774,99.0,0.0,8.0,-691.6242049195516,-1153.8761628743466,HAM,7
1370.0,337.2083342222222,99.0,0.0,8.0,-971.0,-1179.0,HAM,7
1380.0,338.33750034285714,99.0,0.0,8.0,-1053.218992492311,-1186.2843774024516,HAM,7
1400.0,341.0,99.0,0.0,8.0,-1378.5040618756047,-1214.6804003463676,HAM,7
1420.0,342.53214354285717,99.0,0.0,8.0,-1556.0,-1230.0,HAM,7
1430.0,344.0,99.0,0.0,8.0,-1666.1994316027249,-1239.3549036905652,HAM,7
1450.0,345.0,99.0,0.0,8.0,-1763.8335211158076,-1247.61484357171,HAM,7
1460.0,345.0,99.0,0.0,8.0,-1856.8423945240472,-1256.1534033908918,HAM,7
1480.0,345.0,99.0,0.0,8.0,-2063.55688491551,-1274.4247677791398,HAM,7
1500.0,345.0,99.0,0.0,8.0,-2282.0,-1294.0,HAM,7
1510.0,345.0,99.0,0.0,8.0,-2393.20058947569,-1303.682109506291,HAM,7
1530.0,344.99642834285714,99.0,0.0,8.0,-2642.7942443470115,-1324.8971551774664,HAM,7
1550.0,344.0,99.0,0.0,8.0,-2815.1342630199983,-1339.9202925641011,HAM,8
1560.0,343.48999936,99.0,0.0,8.0,-2873.0,-1345.0,HAM,8
1570.0,343.0,99.0,0.0,8.0,-2949.843869971548,-1351.6636880936853,HAM,8
1590.0,343.0,99.0,0.0,8.0,-3111.9433438016677,-1365.7117121984727,HAM,8
1600.0,341.28333226666666,99.0,0.0,8.0,-3215.0,-1375.0,HAM,8
1610.0,338.06367184117954,96.74320905309942,1.0,8.0,-3355.197802691751,-1388.0294194669284,HAM,8
1630.0,319.2150287478876,51.31314621285729,1.0,8.0,-3569.0,-1406.0,HAM,8
1650.0,299.6875,4.9625,1.0,8.0,-3772.6902885553727,-1423.7972001733115,HAM,8
1660.0,273.5850338082589,1.945578223394572,1.0,8.0,-3991.1470624672156,-1442.9516720689398,HAM,8
1680.0,241.51246679546003,0.7120179536715399,1.0,8.0,-4098.0,-1453.0,HAM,8
1690.0,223.0,0.0,1.0,7.0,-4200.74765037663,-1462.6191716195335,HAM,8
1700.0,210.35832675555557,0.0,1.0,7.0,-4292.0,-1471.0,HAM,8
1710.0,183.16499712,0.0,1.0,7.0,-4436.78857344095,-1483.067509368203,HAM,8
1720.0,166.656248,0.0,1.0,5.0,-4527.025737635433,-1486.7655155173038,HAM,8
1730.0,149.156248,0.0,1.0,4.5,-4650.674471927944,-1486.7466171318151,HAM,8
1740.0,132.3277752888889,0.0,1.0,3.6666666666666665,-4762.875384187709,-1478.1224549391625,HAM,8
1750.0,118.69374880000001,0.0,1.0,3.0,-4902.953482818608,-1444.0782327846737,HAM,8
1760.0,104.99749888,0.0,1.0,2.5,-4964.207706515619,-1408.9546102846596,HAM,8
1770.0,96.60499904,0.0,1.0,1.6666666666666667,-5035.907270602599,-1342.804502616327,HAM,9
1780.0,86.52936418201058,0.8361111703703704,1.0,1.0,-5086.914060098005,-1263.0148151801652,HAM,9
1790.0,78.86807982857142,1.7546876,0.75,1.0,-5119.5959945539125,-1163.4470284734246,HAM,9
1800.0,72.8113634909091,9.85257662060606,0.0,1.0,-5123.874878436017,-1048.1349675869824,HAM,9
1810.0,72.58348240000001,22.3151792,0.0,1.0,-5101.3909248172895,-963.1336291302323,HAM,9
1820.0,75.64024656969697,29.86714092121212,0.0,1.0,-5049.524558843601,-881.230774887281,HAM,9
1830.0,80.66948166926407,38.91969861818182,0.0,1.0,-4966.455127135443,-811.5738693838697,HAM,9
1840.0,85.94333354666666,46.41500032,0.0,1.0,-4867.923147649165,-787.6391786593813,HAM,9
1850.0,93.85833386666667,51.929166933333335,0.0,1.0,-4666.91994635655,-830.630607456228,HAM,9
1860.0,99.21576769215407,45.0,1.0,1.0,-4587.633249264967,-861.9063010368423,HAM,9
1870.0,97.2486104888889,29.277774222222224,1.0,1.0,-4485.20110016362,-891.1569078983717,HAM,9
1880.0,89.888998912,4.08499968,1.0,1.0,-4429.0,-903.0,HAM,9
1890.0,76.314499456,0.09249983999999989,1.0,1.0,-4252.499425719363,-892.4253522530353,HAM,9
1900.0,72.88214262857143,6.707144228571428,0.0,1.0,-4195.52889220005,-844.6135738441938,HAM,9
1910.0,73.34444468148148,28.80555851851852,0.0,1.0,-4161.343045632625,-775.7918867381651,HAM,9
1920.0,79.67000042666666,39.755625386666665,0.0,1.0,-4138.17140032748,-657.3010565505697,HAM,9
1930.0,83.0,45.905555911111115,0.0,1.0,-4139.5057526735645,-589.3505399606829,HAM,9
1940.0,83.0,48.0,0.0,1.0,-4163.255697809623,-490.69019130556234,HAM,9
1950.0,83.0,48.0,0.0,1.0,-4220.616295935526,-386.614839093532,HAM,9
1960.0,86.0,48.0,0.0,1.0,-4284.6217798671005,-309.5448763676655,HAM,9
1970.0,97.50625546666667,53.765628,0.0,1.0,-4341.186145680484,-243.00751180810767,HAM,9
1980.0,169.0,93.0,0.0,1.0,-4427.206948342483,-101.93167987979633,HAM,9
1990.0,169.0,98.73000192,0.0,1.0,-4475.449258556446,-3.8457851188762096,HAM,10
2010.0,184.5500032,99.86388906666667,0.0,2.5,-4502.254426220187,80.23868532736066,HAM,10
2020.0,197.87500342857143,100.0,0.0,4.0,-4534.0,219.0,HAM,10
2030.0,202.0,100.0,0.0,4.0,-4541.885769036838,269.7373516149968,HAM,10
2040.0,206.06000128,100.0,0.0,4.0,-4557.0,402.0,HAM,10
2050.0,210.0,100.0,0.0,5.0,-4565.913387596389,491.02971658447046,HAM,10
2060.0,221.49000192,100.0,0.0,5.0,-4566.822963955584,613.7161507063554,HAM,10
2070.0,227.8821449142857,100.0,0.0,5.0,-4560.0,809.0,HAM,10
2080.0,231.0,100.0,0.0,5.0,-4557.693917564987,876.5339213659995,HAM,10
2100.0,234.0750016,100.0,0.0,6.0,-4551.501694797943,990.8721854403498,HAM,10
2110.0,241.0,100.0,0.0,6.0,-4540.896960073306,1102.3489046579764,HAM,10
2120.0,245.109376,100.0,0.0,6.0,-4527.226009584882,1226.0888537738792,HAM,10
2140.0,249.38392914285714,100.0,0.0,6.0,-4502.674058836641,1371.5549258055426,HAM,10
2160.0,254.7875008,100.0,0.0,6.0,-4462.49683354103,1549.7311787141637,HAM,10
2170.0,258.11500032000004,100.0,0.0,6.0,-4393.7379912536835,1742.613788846389,HAM,10
2180.0,260.0,100.0,0.0,6.0,-4332.944793396876,1898.1539737630696,HAM,10
2190.0,260.0,100.0,0.0,6.0,-4315.812514992428,1914.7067497297173,HAM,10
2200.0,261.02142902857145,100.0,0.0,6.0,-4265.0,1968.0,HAM,10
2210.0,262.0,100.0,0.0,7.0,-4179.45618760866,2064.8221027856334,HAM,11
2220.0,262.9656256,100.0,0.0,7.0,-4119.0,2134.0,HAM,11
2240.0,265.0,100.0,0.0,7.0,-4016.6414238195925,2229.6604909605257,HAM,11
2260.0,265.61500032000004,100.0,0.0,7.0,-3677.0799405672005,2440.923224785006,HAM,11
2280.0,268.83000064,100.0,0.0,7.0,-3283.0,2605.0,HAM,11
2290.0,269.0,100.0,0.0,7.0,-3270.084899595419,2609.0800967170853,HAM,11
2300.0,268.0,99.0,0.0,7.0,-3172.756812411517,2639.6939172709394,HAM,11
2310.0,269.43000064,99.0,0.0,7.0,-3082.0,2667.0,HAM,11
2320.0,270.0,99.0,0.0,7.0,-3024.9242735230673,2684.067438990083,HAM,11
2330.0,270.5093752,99.0,0.0,7.0,-2838.0,2740.0,HAM,11
2340.0,271.0,99.0,0.0,7.0,-2730.986659762949,2772.707054271683,HAM,11
2360.0,271.9696429714286,99.0,0.0,7.0,-2616.6228638081734,2809.7256002600943,HAM,11
2370.0,272.71500032,99.0,0.0,7.0,-2507.0,2845.0,HAM,11
2380.0,273.0,99.0,0.0,7.0,-2465.047476444887,2858.800065247451,HAM,11
2390.0,273.5107145142857,99.0,0.0,7.0,-2363.0,2893.0,HAM,11
2400.0,274.0895834666667,99.0,0.0,7.0,-2251.027313335322,2931.0750900870203,HAM,11
2420.0,275.0,99.0,0.0,7.0,-2024.2356155221207,3012.5766711760425,HAM,11
2440.0,275.0,99.0,0.0,7.0,-1814.7753621061163,3091.1885049833754,HAM,12
2450.0,275.4590912,99.0,0.0,7.0,-1675.0,3145.0,HAM,12
2470.0,276.0,99.0,0.0,7.0,-1510.5680314680044,3208.2668029669894,HAM,12
2480.0,276.8937504,99.0,0.0,7.0,-1401.0,3252.0,HAM,12
2500.0,278.0,99.0,0.0,7.0,-1218.0055658774013,3328.019108785637,HAM,12
2510.0,278.0,99.0,0.0,7.0,-1140.2304943933814,3360.561760691333,HAM,12
2530.0,279.0479168,98.8083328,0.0,7.0,-1004.1796376794546,3418.9381084097686,HAM,12
2550.0,279.05970143550906,84.97014864543016,1.0,7.0,-741.6755658598522,3536.5767892205486,HAM,12
2560.0,274.0,31.0,1.0,7.0,-633.8595917951745,3584.7766176451805,HAM,12
2580.0,237.18817022268345,5.860213810613088,1.0,7.0,-541.7246618729471,3625.296153953921,HAM,12
2590.0,208.75277013333334,1.3083328,1.0,7.0,-409.0,3684.0,HAM,12
2600.0,188.656248,0.0,1.0,7.0,-318.38025914223243,3724.3720436564836,HAM,12
2610.0,180.531248,0.0,1.0,7.0,-257.13282799113693,3751.746813903669,HAM,12
2620.0,171.2536734117647,0.2691177411764706,1.0,7.0,-174.0,3789.0,HAM,12
2650.0,114.09999908571429,2.112500114285714,1.0,2.0,267.58444992145314,3848.415916082928,HAM,13
2660.0,106.32083306666667,5.716667733333333,0.0,2.0,333.9227003586343,3810.522679198727,HAM,13
2670.0,104.04047603809524,22.514287542857144,0.0,2.0,395.9656075819566,3755.2013341575475,HAM,13
2680.0,104.60833386666667,40.89722417777778,0.0,2.0,458.0,3678.5,HAM,13
2690.0,106.0,46.0,0.0,2.0,484.4354624437483,3636.772674682559,HAM,13
2720.0,125.81521808695652,70.76902260869565,0.0,2.0,572.3231166943672,3332.8354987310786,HAM,13
2730.0,136.7769063009524,79.32166783999999,0.0,2.6666666666666665,581.3284418385745,3239.1729634288236,HAM,13
2740.0,143.0,84.0,0.0,3.0,586.3275369583122,3176.7039812614767,HAM,13
2750.0,156.97500297142858,99.0,0.0,3.0,599.0872025519454,3049.751923697007,HAM,13
2760.0,167.6535744,99.0,0.0,3.5,609.4747963080872,2953.21377393274,HAM,13
2770.0,173.7750016,99.0,0.0,4.0,622.642447401088,2845.9632074559927,HAM,13
2780.0,185.04431912727273,99.0,0.0,4.0,638.8918408776315,2721.8000936596,HAM,13
2800.0,193.36136552727274,99.0,0.0,4.0,657.0,2594.0,HAM,13
2810.0,198.0,99.0,0.0,5.0,668.6257324600397,2512.6827073369577,HAM,13
2820.0,202.0498746494366,99.0,0.0,5.0,686.0,2397.0,HAM,13
2830.0,205.8204476869677,99.0,0.0,5.0,703.8492718501163,2291.1857293848448,HAM,13
2840.0,212.32258040837075,99.0,0.0,5.0,732.1471228946518,2141.248042983155,HAM,13
2850.0,215.84500096,99.0,0.0,5.0,764.0,1982.0,HAM,13
2860.0,217.0,99.0,0.0,5.0,773.6060255199217,1936.635032943867,HAM,13
2870.0,218.7687504,99.0,0.0,5.0,799.0,1841.0,HAM,14
2880.0,219.6833336888889,99.0,0.0,5.0,815.2820512754865,1784.234246961156,HAM,14
2900.0,223.0,99.0,0.0,5.0,866.010635302818,1619.5990031885576,HAM,14
2910.0,223.6437504,99.0,0.0,5.0,894.0,1549.0,HAM,14
2920.0,224.8843752,99.0,0.0,5.0,963.9354488025094,1391.1157064604777,HAM,14
2930.0,226.35000035555555,99.0,0.0,5.0,1017.0,1291.0,HAM,14
2940.0,227.0,99.0,0.0,5.0,1067.3955314352702,1215.788179921664,HAM,14
2950.0,227.0,99.0,0.0,5.0,1164.2550646720756,1079.877117372198,HAM,14
2960.0,227.0,99.0,0.0,5.0,1228.6278647439924,1002.9111235553414,HAM,14
2970.0,228.0,99.0,0.0,5.0,1270.256297620874,968.0299674591778,HAM,14
2980.0,228.0,99.0,0.0,5.0,1299.0,944.0,HAM,14
2990.0,228.0,99.0,0.0,5.0,1364.894007620135,891.6972314274265,HAM,14
3000.0,228.0,99.0,0.0,5.0,1579.9726579343032,768.6840106107223,HAM,14
3020.0,230.0,99.0,0.0,5.0,1676.3780138409252,724.4884190882883,HAM,14
3030.0,229.0671876,99.0,0.0,5.0,1740.0594867784357,713.1817643267776,HAM,14
3050.0,229.9109376,99.0,0.0,5.0,1905.3692963356464,678.24446492895,HAM,14
3060.0,229.6027776,99.0,0.0,5.0,2014.0,667.0,HAM,14
3070.0,229.00750016,99.0,0.0,5.0,2151.0633222389215,663.9482214174142,HAM,14
3090.0,229.99624992,99.0,0.0,5.0,2276.050748599203,680.8087459756966,HAM,15
3100.0,229.59249984,99.0,0.0,5.0,2378.0,706.0,HAM,15
3110.0,229.12124992,99.0,0.0,5.0,2498.4654780766987,750.5191163118816,HAM,15
3130.0,229.00833351111112,99.0,0.0,5.0,2714.2192386719344,858.5646755835317,HAM,15
3150.0,230.7833336888889,99.0,0.0,5.0,2823.5970243585416,938.8816758875519,HAM,15
3160.0,230.57499946666667,99.42500053333333,0.0,5.0,2891.0,1002.0,HAM,15
3170.0,230.0,100.0,0.0,5.0,2964.918771375248,1078.8348400374946,HAM,15
3180.0,231.92916693333333,100.0,0.0,5.0,3085.8840900807654,1205.6500155862082,HAM,15
3190.0,231.0,100.0,0.0,5.0,3154.4499493293015,1262.6858025578354,HAM,15
3200.0,231.0,92.0,0.0,5.0,3224.252553273339,1306.568399028265,HAM,15
3210.0,231.0,92.0,0.0,5.0,3312.65167032384,1353.9034022020853,HAM,15
3220.0,231.0,92.26250026666666,0.0,5.0,3350.0,1371.0,HAM,15
3230.0,231.0,92.96458346666667,0.0,5.0,3451.2038457591925,1407.5491686034838,HAM,15
3250.0,230.1471322587297,83.61845484602661,0.0,5.0,3672.6732967221906,1446.5704044978245,HAM,15
3260.0,229.3062504,77.8375024,0.0,5.0,3781.379934965901,1449.5578206136322,HAM,15
3270.0,230.0251253307742,80.10050132309675,0.0,5.0,3878.0,1445.0,HAM,15
3280.0,231.0,84.0,0.0,5.0,3939.780861096221,1437.789528828041,HAM,15
3290.0,230.54249984,91.32000256,0.0,5.0,4055.0,1415.0,HAM,15
3300.0,230.08731482074074,99.24000085333334,0.0,5.0,4183.981575675417,1373.5617696766928,HAM,15
3320.0,231.0,100.0,0.0,5.0,4390.169031738007,1272.141059086954,HAM,16
3330.0,231.0,100.0,0.0,5.0,4405.0,1262.0,HAM,16
3340.0,231.0984376,100.0,0.0,6.0,4548.032143031979,1150.8074174407561,HAM,16
3360.0,232.21458346666668,100.0,0.0,6.0,4678.451636443468,1025.9667396403245,HAM,16
3370.0,233.0,100.0,0.0,6.0,4753.723490272153,944.3441743010235,HAM,16
3380.0,234.05000106666665,100.0,0.0,6.0,4784.0,910.0,HAM,16
3390.0,237.3937504,100.0,0.0,6.0,4893.664805412886,777.0990601723049,HAM,16
3410.0,240.0,100.0,0.0,6.0,4976.901852954804,670.9641721511501,HAM,16
3420.0,243.73571474285714,99.06607131428572,0.0,6.0,5065.61799281502,558.9122921490331,HAM,16
3430.0,245.7875008,99.0,0.0,6.0,5137.0,475.0,HAM,16
3440.0,246.7687504,99.0,0.0,6.0,5172.662086359236,432.8632511753583,HAM,16
3450.0,247.0,99.0,0.0,6.0,5283.9504905605245,306.437913426418,HAM,16
3460.0,247.6437504,99.0,0.0,6.0,5335.0,249.0,HAM,16
3470.0,248.6437504,99.0,0.0,6.0,5408.0,166.0,HAM,16
3480.0,249.0,99.0,0.0,6.0,5433.542537500129,136.3571590878658,HAM,16
3490.0,249.0,99.0,0.0,6.0,5507.0,51.0,HAM,16
3500.0,249.0,99.0,0.0,6.0,5598.792439971019,-50.75351848884197,HAM,16
3520.0,249.1437504,99.0,0.0,6.0,5695.678538001174,-159.0384080933958,HAM,16
3530.0,251.0984376,99.0,0.0,6.0,5779.317047929815,-252.63336987402153,HAM,17
3550.0,252.0,98.75454021818182,0.0,6.0,5914.311966179895,-403.20986352157274,HAM,17
3560.0,252.0,69.05453498181818,0.0,6.0,5997.0,-500.0,HAM,17
3570.0,252.0,55.96362589090909,0.0,6.0,6034.0,-543.0,HAM,17
3580.0,252.0,27.0,1.0,6.0,6115.847870010657,-637.2172778695581,HAM,17
3590.0,244.374992,21.408327466666666,1.0,6.0,6170.0,-700.0,HAM,17
3600.0,236.0666638222222,16.116667022222224,1.0,6.0,6227.662877134054,-768.7020203071123,HAM,17
3620.0,221.8222208,17.8972224,1.0,6.0,6338.199848620481,-926.1163556058311,HAM,17
3630.0,203.75749696,20.72250048,1.0,6.0,6385.53843652583,-1025.2668417988361,HAM,17
3640.0,196.91666488888887,29.133336177777778,1.0,6.0,6415.0,-1128.0,HAM,17
3650.0,191.9041664,36.6645824,0.0,4.0,6426.69759277391,-1228.821604686539,HAM,17
3660.0,190.1541664,30.5395824,0.0,4.0,6424.009347864019,-1340.728747237164,HAM,17
3670.0,184.98750080000002,29.062496,0.0,4.0,6399.120987364795,-1474.5025130206554,HAM,17
3680.0,182.86250080000002,39.687495999999996,0.0,4.0,6367.157908467454,-1571.4053145280375,HAM,17
3690.0,182.5083328,56.199987199999995,0.0,4.0,6314.0,-1694.0,HAM,17
3700.0,183.0,68.0,0.0,4.0,6287.362442556096,-1745.630391061508,HAM,17
3710.0,186.92757691948404,72.71309230338085,0.0,4.0,6230.0,-1824.0,HAM,17
3720.0,188.92250048,75.5375008,0.0,4.0,6184.707307594956,-1878.0268831598094,HAM,17
3730.0,191.0,79.0,0.0,4.0,6134.235210185881,-1931.9136453068154,HAM,17
3740.0,195.09375066666666,79.81875013333332,0.0,4.0,6024.3010510604545,-2015.643844180128,HAM,17
3750.0,198.7805568,82.7805568,0.0,4.0,5927.0,-2067.0,HAM,18
3760.0,203.0,87.0,0.0,5.0,5788.255721156492,-2114.487885457103,HAM,18
3770.0,207.55625120000002,87.0,0.0,5.0,5704.300726434967,-2136.402876553557,HAM,18
3800.0,216.11500031999998,94.05750015999999,0.0,5.0,5443.337511652657,-2185.0950681000977,HAM,18
3810.0,218.0,95.0,0.0,5.0,5375.1384124890665,-2196.8217721823476,HAM,18
3820.0,229.45625173333332,98.52500053333333,0.0,5.0,5286.4072904481,-2207.6250155341045,HAM,18
3830.0,234.0750016,99.0,0.0,5.0,5188.0,-2216.0,HAM,18
3840.0,237.15875072,99.0,0.0,5.0,5104.349414526547,-2220.5182468790013,HAM,18
3860.0,245.0375008,99.0,0.0,6.0,4871.032530054783,-2227.968580567185,HAM,18
3880.0,249.5750016,99.0,0.0,6.0,4747.0,-2232.0,HAM,18
3890.0,253.90781320000002,99.0,0.0,6.0,4627.918098366047,-2236.3427507383412,HAM,18
3900.0,258.3156264,99.0,0.0,6.0,4408.0,-2249.0,HAM,18
3910.0,260.0,99.0,0.0,6.0,4342.278377739774,-2253.0411371906707,HAM,18
3930.0,265.16428617142856,99.0,0.0,6.0,4210.746316374154,-2261.547340598466,HAM,18
3950.0,268.8785718857143,99.0,0.0,6.5,4021.106084337664,-2274.403621084036,HAM,18
3970.0,272.3458336,99.0,0.0,7.0,3844.1174495710734,-2286.3096972582907,HAM,19
3980.0,274.0,99.0,0.0,7.0,3584.8961409831654,-2302.409665844877,HAM,19
3990.0,274.1916672,99.0,0.0,7.0,3559.0,-2304.0,HAM,19
4000.0,276.0,99.0,0.0,7.0,3453.7396517767284,-2310.507249785336,HAM,19
4010.0,277.01666773333335,99.0,0.0,7.0,3405.0,-2314.0,HAM,19
4030.0,279.0,99.0,0.0,7.0,3200.882665385503,-2329.1236573625592,HAM,19
4040.0,279.2964288,99.0,0.0,7.0,3128.0,-2335.0,HAM,19
4050.0,280.0,99.0,0.0,7.0,2989.375918960995,-2347.8632351359784,HAM,19
4070.0,280.0,99.0,0.0,7.0,2823.9857252996676,-2365.3598008825024,HAM,19
4090.0,281.80886383572897,96.67451000136865,0.0,7.0,2624.9518464362527,-2386.1025536868174,HAM,19
4100.0,278.6260395119125,57.950147394935456,0.0,7.0,2475.0,-2401.0,HAM,19
4120.0,272.2218828,23.57813,1.0,7.0,2329.5483323952867,-2417.355276682476,HAM,19
4140.0,233.6687552,0.7437504,1.0,7.0,2120.5390073234366,-2442.929931060498,HAM,19
4150.0,225.5437552,0.11875040000000003,1.0,7.0,2061.031222121357,-2450.3663282415623,HAM,19
4160.0,186.07168371958164,0.0,1.0,6.5,1910.603965382641,-2469.5239387272054,HAM,19
4170.0,166.52499748571427,0.0,1.0,6.0,1750.4020995661222,-2491.641178143246,HAM,19
4180.0,144.54772538181817,0.0,1.0,4.0,1678.5380302000879,-2503.4332938530624,HAM,19
4190.0,125.54999621818182,0.0,1.0,4.0,1568.0,-2523.0,HAM,20
4200.0,116.28781144,0.0,1.0,2.0,1496.3609425224852,-2538.724128583076,HAM,20
4210.0,104.10333269333334,0.0,1.0,2.0,1378.4612196324579,-2575.279444616807,HAM,20
4220.0,91.16562453333334,0.0239584,1.0,1.0,1306.3560267849505,-2610.6278963691225,HAM,20
4230.0,81.22812453333334,2.2531250666666667,0.6666666666666666,1.0,1234.6772562306378,-2695.4589049518722,HAM,20
4240.0,73.48843712,16.813595839999998,0.0,1.0,1223.8536129050458,-2780.8760623985854,HAM,20
4250.0,75.367188,43.46919748571428,0.0,1.0,1252.1724395505792,-2880.2273138068376,HAM,20
4260.0,84.28750079999999,53.76250026666667,0.0,1.0,1311.7938886402017,-2961.016727929285,HAM,20
4270.0,93.6390628,57.1968752,0.0,1.0,1384.2148154813651,-3022.23842704627,HAM,20
4280.0,103.43500544,65.21500416,0.0,1.0,1466.5,-3076.5,HAM,20
4290.0,114.69091025454546,74.46022836363636,0.0,2.0,1603.0231070158375,-3157.1793530104937,HAM,20
4300.0,125.60000116363636,84.6875010909091,0.0,2.0,1728.8917315085262,-3230.690103793807,HAM,20
4310.0,134.6125024,92.59750208,0.0,2.0,1807.0,-3277.0,HAM,20
4320.0,142.04500095999998,99.0,0.0,3.0,1915.284117519328,-3346.5248148555097,HAM,20
4330.0,148.0,99.0,0.0,3.0,1982.0703800588399,-3393.690985760636,HAM,20
4340.0,154.92931262696874,99.0,0.0,3.0,2051.5,-3458.0,HAM,20
4350.0,159.79722097777778,99.11388871111112,0.0,3.0,2114.6551992796853,-3526.4739264182663,HAM,20
4360.0,166.0,100.0,0.0,3.0,2203.79623631213,-3670.2736734106466,HAM,20
4370.0,167.18495007996995,98.55172768003672,0.0,3.0,2213.0,-3689.0,HAM,20
4380.0,175.0,89.0,0.0,4.0,2249.987388868497,-3794.4519817929986,HAM,20
4390.0,181.4928585142857,94.77142979047619,0.0,4.0,2269.577951271438,-3887.726162323053,HAM,20
4400.0,185.83928685714287,92.95356891428571,0.0,4.0,2284.0,-3980.0,HAM,20
4410.0,189.4828128,82.4593728,0.0,4.0,2292.9545320299644,-4099.725201353833,HAM,21
4430.0,191.9203128,64.5843728,0.0,4.5,2292.8033331231095,-4237.377210371604,HAM,21
4440.0,194.0208337777778,74.07083484444445,0.0,5.0,2282.1459108712193,-4350.045954207569,HAM,21
4450.0,197.65277866666668,86.41944746666667,0.0,5.0,2242.0,-4544.0,HAM,21
4460.0,199.0,91.0,0.0,5.0,2223.4908376040116,-4610.51346546585,HAM,21
4470.0,201.741072,99.0,0.0,5.0,2170.176766139103,-4762.065786846142,HAM,21
4490.0,206.3843752,92.46562159999999,0.0,5.0,2132.0146697877135,-4859.472600892914,HAM,21
4500.0,207.0,82.0,1.0,5.0,2109.0761070687818,-4906.623052308793,HAM,21
4510.0,195.36428434285716,22.851778742857142,1.0,5.0,2009.9846980316204,-5092.619600535798,HAM,21
4520.0,182.656248,19.1343752,1.0,5.0,1977.8664099499701,-5142.713701802946,HAM,21
4530.0,172.65468679999998,20.1921876,1.0,4.0,1923.5986937889274,-5216.067188327609,HAM,21
4540.0,166.94374879999998,21.0093752,1.0,4.0,1845.421763148188,-5312.50889486965,HAM,21
4560.0,155.69374879999998,22.8843752,1.0,3.5,1752.053827534362,-5406.066133647371,HAM,21
4570.0,150.98392822857141,24.01607177142857,0.0,3.0,1646.6263845943517,-5474.654313759028,HAM,21
4580.0,148.0,29.86000128,0.0,3.0,1542.6625370623558,-5504.264266510656,HAM,21
4590.0,147.78214262857142,38.48571794285714,0.0,3.0,1470.651405745589,-5508.782689925857,HAM,21
4600.0,147.34166720000002,52.3666688,0.0,3.0,1362.5104729370541,-5505.057218412573,HAM,21
4610.0,149.31500032,60.26000128,0.0,3.0,1269.549042829467,-5486.583711473255,HAM,21
4620.0,151.5375008,67.0,0.0,3.0,1195.314935043667,-5459.59611312624,HAM,21
4630.0,158.03471161300544,71.06571567206964,0.0,3.0,1073.551286223675,-5392.866107385658,HAM,22
4640.0,165.63945521366122,83.71428496793035,0.0,3.0,974.0,-5316.0,HAM,22
4650.0,174.34693441584716,95.14285142079939,0.0,3.0,890.0,-5239.0,HAM,22
4660.0,177.83999744,97.06499904,0.0,4.0,857.3541218776072,-5209.102578855449,HAM,22
4670.0,183.0,99.0,0.0,4.0,804.361050671919,-5160.895326256794,HAM,22
4680.0,189.77499840000002,99.0,0.0,4.0,674.6733139494734,-5044.491599702116,HAM,22
4690.0,191.50627361173446,99.0,0.0,4.0,600.5232456120966,-4978.161678278109,HAM,22
4710.0,202.5270848,99.0,0.0,5.0,504.61927762518144,-4892.02871353724,HAM,22
4720.0,213.71666773333334,99.0,0.0,5.0,370.0856450629876,-4772.012581362565,HAM,22
4740.0,225.0,99.0,0.0,5.0,266.9709436894629,-4679.084065178701,HAM,22
4750.0,227.5750016,99.0,0.0,5.0,231.0,-4647.0,HAM,22
4760.0,232.17916693333333,99.0,0.0,5.0,136.6331449283672,-4563.448944575695,HAM,22
4770.0,233.6916672,99.0,0.0,5.0,49.0,-4485.0,HAM,22
4780.0,234.0,99.0,0.0,6.0,31.32621739496065,-4469.023115902837,HAM,22
4790.0,234.96458346666668,99.0,0.0,6.0,-80.18054232797553,-4368.29504482692,HAM,22
4800.0,236.81111182222222,99.0,0.0,6.0,-165.0,-4293.0,HAM,22
4810.0,237.4777784888889,99.0,0.0,6.0,-194.0,-4266.0,HAM,22
4820.0,239.25750016,99.0,0.0,6.0,-287.3353581092485,-4182.663780043925,HAM,22
4840.0,240.95750016,99.0,0.0,6.0,-456.3178019683203,-4032.276199414712,HAM,22
4860.0,242.0,99.0,0.0,6.0,-569.2090606381562,-3939.427512378085,HAM,23
4870.0,242.0,99.0,0.0,6.0,-690.1616865566731,-3858.4850090245654,HAM,23
4890.0,242.0,99.0,0.0,6.0,-848.0,-3777.0,HAM,23
4900.0,242.0,99.0,0.0,6.0,-957.4438453711485,-3737.5313964640472,HAM,23
4910.0,243.0,99.0,0.0,6.0,-1037.078250409783,-3727.0992844913076,HAM,23
4920.0,243.0,99.0,0.0,6.0,-1148.935365630879,-3717.0728372606754,HAM,23
4930.0,243.0,99.0,0.0,6.0,-1273.0,-3713.0,HAM,23
4940.0,243.0,99.0,0.0,6.0,-1337.3092421693248,-3716.092193074283,HAM,23
4950.0,243.0,99.0,0.0,6.0,-1430.1233779683653,-3728.187642943888,HAM,23
4960.0,243.0,99.0,0.0,6.0,-1549.0,-3757.0,HAM,23
4980.0,243.0,99.0,0.0,6.0,-1740.5496127137799,-3830.193698847763,HAM,23
5000.0,243.55750016,99.0,0.0,6.0,-1888.0,-3904.0,HAM,23
5010.0,244.01500032,99.00750016,0.0,6.0,-2022.7156078448384,-3977.337188409796,HAM,23
5020.0,246.0,100.0,0.0,6.0,-2209.1023480076774,-4066.8092417669254,HAM,23
5030.0,246.3937504,100.0,0.0,6.0,-2258.0,-4089.0,HAM,23
5040.0,247.0,100.0,0.0,6.0,-2313.9028191184393,-4113.37963410081,HAM,23
5050.0,248.0,100.0,0.0,6.0,-2399.4614087791833,-4139.070471666334,HAM,23
5060.0,248.0,100.0,0.0,6.0,-2440.0,-4148.0,HAM,23
5070.0,248.0,100.0,0.0,6.0,-2643.0,-4187.0,HAM,24
5080.0,248.0,100.0,0.0,6.0,-2779.6747931507934,-4198.93355296196,HAM,24
5090.0,248.0,100.0,0.0,6.0,-2896.508920109734,-4196.459232764422,HAM,24
5100.0,248.0,100.0,0.0,6.0,-2958.0,-4193.0,HAM,24
5110.0,248.0,100.0,0.0,6.0,-3024.906257043217,-4186.640147408526,HAM,24
5120.0,248.0,74.0,1.0,6.0,-3112.2847589424446,-4171.674610409217,HAM,24
5130.0,245.9000064,64.37502933333333,1.0,6.0,-3136.0,-4167.0,HAM,24
5140.0,235.95625280000002,18.9437536,1.0,6.0,-3268.3429162048833,-4138.16355443917,HAM,24
5150.0,228.22613440913472,9.557791090934117,1.0,6.0,-3373.5055803806126,-4108.1095911059065,HAM,24
5160.0,218.41206134229034,3.949749338451623,1.0,6.0,-3452.0174060043714,-4080.0465110362834,HAM,24
5170.0,199.0531208,1.2406248,1.0,6.0,-3603.0,-4008.0,HAM,24
5180.0,194.0,1.0,1.0,6.0,-3647.6908764664004,-3979.4853909170433,HAM,24
5190.0,179.11785508571427,1.0,1.0,5.5,-3764.7151932518514,-3894.8835498807784,HAM,24
5200.0,164.053568,1.0,1.0,5.0,-3831.0,-3833.0,HAM,24
5210.0,156.6166656,1.43833344,1.0,3.6666666666666665,-3872.4421538486363,-3786.826617478933,HAM,24
5220.0,144.29749888,1.04249984,1.0,3.0,-3948.250338823462,-3682.1478556157444,HAM,24
5230.0,133.9624992,2.0,1.0,2.0,-4011.320264577446,-3561.828076228953,HAM,24
5240.0,124.8083328,1.9041664,1.0,2.0,-4038.454198118578,-3474.3366259671375,HAM,24
5250.0,120.4624992,0.1343752,0.0,2.0,-4049.53603969046,-3386.5088535222453,HAM,24
5260.0,115.35166634666666,1.8400008533333334,0.0,2.0,-4044.521059835171,-3304.6504180836346,HAM,24
5270.0,111.7406248,9.648437999999999,0.0,2.0,-4025.152927039033,-3223.3357847183756,HAM,24
5280.0,110.4229168,27.5333376,0.0,2.0,-3972.509793913565,-3119.1666931204877,HAM,24
5290.0,113.80375061333332,49.191667200000005,0.0,2.0,-3911.8921716136556,-3047.1426724787475,HAM,25
5300.0,117.51500032,51.010000213333335,0.0,2.0,-3835.7076766453865,-2990.3236818759337,HAM,25
5310.0,125.0500032,59.86500416,0.0,2.0,-3714.0,-2933.0,HAM,25
5320.0,131.5,67.5,0.0,2.0,-3638.1863600023416,-2909.3092341437978,HAM,25
5330.0,135.9416672,71.2944448,0.0,2.3333333333333335,-3552.5071746468216,-2888.2147274513077,HAM,25
5360.0,166.57292583705419,94.81339993144181,0.0,3.0,-3259.0,-2825.0,HAM,25
5370.0,172.0,99.0,0.0,3.0,-3214.270289562616,-2816.4129401008304,HAM,25
5380.0,179.5374976,99.0,0.0,3.5,-3108.5246194870647,-2797.0257474660807,HAM,25
5390.0,188.28999424,99.0,0.0,4.0,-2952.0,-2769.0,HAM,25
5400.0,199.0,99.0,0.0,4.0,-2810.887984201839,-2744.95737269441,HAM,25
5420.0,207.66249706666667,99.0,0.0,4.0,-2727.1643188873295,-2731.5567453639596,HAM,25
0.0,216.08888035555555,99.86944497777777,0.0,5.0,-2405.371857268914,-2682.5627828500383,BOR,1
10.0,223.28888604444444,99.41944462222222,0.0,5.0,-2346.0,-2673.0,BOR,1
20.0,230.0,99.0,0.0,5.0,-2242.9496772993907,-2656.5790257351982,BOR,1
30.0,230.0,99.0,0.0,5.0,-2130.826542680027,-2638.8483096473683,BOR,1
40.0,240.54,99.62,0.0,5.0,-1918.0,-2605.0,BOR,1
50.0,247.0,100.0,0.0,6.0,-1790.248907440533,-2584.0920856280272,BOR,1
60.0,251.2,100.0,0.0,6.0,-1670.0,-2564.0,BOR,1
70.0,252.0,100.0,0.0,6.0,-1651.9040483491724,-2560.930299124184,BOR,1
80.0,255.0,100.0,0.0,6.0,-1584.358149774262,-2549.195375902573,BOR,1
90.0,260.6,100.0,0.0,6.0,-1513.0,-2537.0,BOR,1
100.0,263.0,100.0,0.0,6.0,-1472.8665784480131,-2530.373665974129,BOR,1
110.0,267.42857142857144,100.0,0.0,6.0,-1280.0,-2499.0,BOR,1
120.0,268.0,100.0,0.0,7.0,-1246.8142568946948,-2493.566375910133,BOR,1
130.0,272.04166666666663,100.0,0.0,7.0,-1045.6734699867936,-2460.548407910819,BOR,1
160.0,280.46796682409365,100.0,0.0,7.0,-810.8976074491443,-2420.2085886772766,BOR,1
170.0,282.10585070842154,100.0,0.0,7.0,-747.0,-2408.0,BOR,1
190.0,287.51750144,100.0,0.0,7.0,-453.3944609089397,-2358.0488874483326,BOR,1
200.0,290.0,100.0,0.0,7.0,-286.3849994057242,-2330.0920945894186,BOR,1
230.0,294.10875072,100.0,0.0,7.0,-41.6668470479398,-2287.746102257088,BOR,2
260.0,296.95875072,100.0,0.0,7.5,170.80500257978014,-2247.287391025797,BOR,2
280.0,298.5726152450534,100.0,0.0,8.0,366.8179627035285,-2211.3143731884984,BOR,2
300.0,301.9087132345521,100.0,0.0,8.0,532.4900639821127,-2181.1831972568766,BOR,2
310.0,302.0,100.0,0.0,8.0,667.2533927559284,-2156.621169957379,BOR,2
320.0,302.7187504,100.0,0.0,8.0,762.3282521539626,-2139.074614759157,BOR,2
330.0,302.44999936,100.0,0.0,8.0,891.0,-2115.0,BOR,2
340.0,302.0,100.0,0.0,8.0,965.2996484535295,-2100.866972360617,BOR,2
350.0,302.2916672,100.0,0.0,8.0,1023.0,-2090.0,BOR,2
360.0,303.0,100.0,0.0,8.0,1163.4438702668592,-2064.4928920525967,BOR,2
370.0,303.0,100.0,0.0,8.0,1251.3516376953626,-2048.599299849802,BOR,2
380.0,303.0,100.0,0.0,8.0,1354.0,-2030.0,BOR,2
400.0,303.0,100.0,0.0,8.0,1558.6030107537247,-1992.9734508312445,BOR,2
420.0,303.7156248,100.0,0.0,8.0,1818.0,-1945.0,BOR,2
430.0,304.0,100.0,0.0,8.0,1886.037294472976,-1932.3117558821657,BOR,2
450.0,304.0,100.0,0.0,8.0,2028.328515226561,-1906.0546658233657,BOR,3
460.0,303.1937504,100.0,0.0,8.0,2167.0,-1881.0,BOR,3
470.0,303.0,100.0,0.0,8.0,2192.6625164828924,-1876.318396972072,BOR,3
480.0,305.0,100.0,0.0,8.0,2349.9986508382067,-1847.724713271189,BOR,3
490.0,304.3875008,100.0,0.0,8.0,2390.0,-1841.0,BOR,3
500.0,303.03749973333333,98.12501333333333,0.0,8.0,2487.27946070955,-1825.580750536115,BOR,3
520.0,305.0,0.0,0.0,8.0,2670.2000640784167,-1797.207642919418,BOR,3
530.0,304.46250026666667,0.0,0.0,8.0,2794.0,-1778.0,BOR,3
540.0,301.8,0.0,0.0,8.0,2976.0588510087077,-1749.638853117343,BOR,3
550.0,296.0,0.0,0.0,8.0,3086.500533761605,-1732.3642876138947,BOR,3
570.0,291.8125,0.0,0.0,8.0,3234.0,-1709.0,BOR,3
580.0,291.0,0.0,0.0,8.0,3269.306807947025,-1703.4124832218515,BOR,3
590.0,274.46666666666664,0.0,0.0,8.0,3469.0,-1672.0,BOR,3
650.0,207.48000000000002,0.0,1.0,7.0,4129.903071508064,-1572.281123265756,BOR,3
660.0,188.07,0.0,1.0,5.0,4245.509959459063,-1552.1142661025692,BOR,3
670.0,164.97,0.0,1.0,4.5,4443.332558153511,-1505.6246063592803,BOR,4
690.0,137.39582933333332,0.0,1.0,3.0,4536.550908929115,-1476.4477484224221,BOR,4
700.0,124.84124607999999,0.0,1.0,2.25,4623.0820845388025,-1432.636139782871,BOR,4
710.0,108.93610737777777,0.0,1.0,2.0,4713.705673193896,-1351.836205583149,BOR,4
720.0,100.9074976,0.0,1.0,1.6666666666666667,4757.622886574232,-1273.759980043985,BOR,4
730.0,95.64999936000001,0.0,1.0,1.0,4791.282697900537,-1179.769261301828,BOR,4
740.0,87.5624996,0.0,0.0,1.0,4798.908600719025,-1088.6557401398336,BOR,4
750.0,82.50076728682934,14.652351709195825,0.0,1.0,4785.701332037341,-987.5072924310616,BOR,4
760.0,79.08611128888889,33.44027662222222,0.0,1.0,4767.980318410378,-926.8504509389527,BOR,4
770.0,82.550499712,35.59083328,0.0,1.0,4721.630225917595,-848.2668867962981,BOR,4
780.0,88.3624992,38.908332800000004,0.0,1.0,4631.758409190791,-766.1147240265345,BOR,4
790.0,93.23333333333333,42.26111111111111,0.0,1.0,4562.21000581567,-730.6944113027171,BOR,4
800.0,100.77916666666667,50.90833333333333,0.0,1.75,4448.478967387973,-713.0045459864039,BOR,4
810.0,115.31875,68.4625,0.0,2.0,4299.596612631724,-712.7482609902804,BOR,4
820.0,120.4888888888889,74.06666666666666,0.0,2.0,4205.0,-718.0,BOR,4
830.0,128.46666666666667,78.66666666666666,0.0,2.0,4133.906594381828,-723.4406199322391,BOR,4
840.0,141.14285714285714,88.2,0.0,3.0,4058.258283705455,-731.1026068374092,BOR,4
850.0,158.4375,100.0,0.0,3.0,3954.0399912499934,-742.3294967969522,BOR,4
860.0,164.0,100.0,0.0,3.0,3878.62015632749,-750.8023872915334,BOR,4
870.0,174.53,100.0,0.0,4.0,3763.5351074180444,-763.7798680969245,BOR,4
880.0,183.36,100.0,0.0,4.0,3625.2566666624007,-779.4519022838736,BOR,4
890.0,190.0,100.0,0.0,5.0,3533.060903473315,-788.738046213518,BOR,5
900.0,197.55555800239117,100.0,0.0,5.0,3431.973716623982,-796.6053754120459,BOR,5
910.0,202.2250048,100.0,0.0,5.0,3326.0,-806.0,BOR,5
920.0,206.765628,100.0,0.0,5.0,3158.750414711347,-820.251060826437,BOR,5
940.0,216.0,100.0,0.0,5.0,3030.8394939340633,-830.8214944874388,BOR,5
950.0,216.0,100.0,0.0,5.0,2950.3868612588335,-838.0858433043575,BOR,5
960.0,218.62500160000002,100.0,0.0,5.0,2839.8575936058023,-847.9018829561617,BOR,5
970.0,220.0,100.0,0.0,5.0,2704.0,-859.0,BOR,5
980.0,220.0,100.0,0.0,5.0,2634.5968461439015,-864.6380188922641,BOR,5
990.0,220.0,100.0,0.0,5.0,2481.563977668457,-877.9652836004856,BOR,5
1000.0,220.0,100.0,0.0,5.0,2381.0,-887.0,BOR,5
1010.0,220.0,100.0,0.0,5.0,2342.122472001579,-890.4631925541215,BOR,5
1020.0,220.0,100.0,0.0,5.0,2229.0,-900.0,BOR,5
1030.0,220.0,100.0,0.0,6.0,2162.1298105870446,-905.4027189118897,BOR,5
1040.0,268.3020826666667,100.0,0.0,6.0,1981.0517101390792,-920.4361277455675,BOR,5
1050.0,271.10416533333336,100.0,0.0,6.0,1805.0,-936.0,BOR,5
1060.0,273.0,100.0,0.0,7.0,1721.1990596042021,-943.4016760026951,BOR,5
1070.0,276.1928557714286,100.0,0.0,7.0,1622.0,-952.0,BOR,5
1080.0,279.0,100.0,0.0,7.0,1504.2119052685407,-962.1545449085957,BOR,5
1090.0,280.8624992,100.0,0.0,7.0,1366.0,-974.0,BOR,5
1110.0,283.0,100.0,0.0,7.0,1250.9510683014416,-983.6997435932983,BOR,6
1120.0,285.8624992,100.0,0.0,7.0,1120.0,-995.0,BOR,6
1130.0,287.0,100.0,0.0,7.0,1055.1935696752398,-1000.9031680003363,BOR,6
1140.0,289.14999893333334,100.0,0.0,7.0,944.0,-1011.0,BOR,6
1150.0,291.0,100.0,0.0,7.0,822.1744128877206,-1021.6968916836311,BOR,6
1160.0,291.6812496,100.0,0.0,7.0,703.0,-1032.0,BOR,6
1180.0,293.0,100.0,0.0,7.0,540.352292157583,-1045.8017883122407,BOR,6
1190.0,295.0111111111111,100.0,0.0,7.0,412.7551216587621,-1056.756775855438,BOR,6
1220.0,295.9555555555555,100.0,0.0,7.0,152.3604202605611,-1080.1066841221686,BOR,6
1240.0,296.0,100.0,0.0,7.5,-45.58894015328084,-1097.2920222750797,BOR,6
1260.0,296.57,100.0,0.0,8.0,-276.0,-1118.0,BOR,6
1270.0,297.0,100.0,0.0,8.0,-401.7525768334599,-1129.0748318910287,BOR,6
1290.0,297.0,100.0,0.0,8.0,-506.0,-1138.0,BOR,6
1300.0,297.0,100.0,0.0,8.0,-671.0,-1152.0,BOR,6
1310.0,297.0,100.0,0.0,8.0,-714.3121457341285,-1155.765943618794,BOR,6
1330.0,298.15555555555557,100.0,0.0,8.0,-886.0,-1171.0,BOR,7
1340.0,299.05833333333334,100.0,0.0,8.0,-1023.0003165433752,-1183.0369819755545,BOR,7
1360.0,299.8666666666667,100.0,0.0,8.0,-1183.0,-1197.0,BOR,7
1370.0,300.78333333333336,100.0,0.0,8.0,-1482.0,-1223.0,BOR,7
1380.0,301.0,100.0,0.0,8.0,-1533.2965855151733,-1227.4770956710606,BOR,7
1390.0,300.0,100.0,0.0,8.0,-1624.8161629588114,-1235.5748707338576,BOR,7
1410.0,300.0,100.0,0.0,8.0,-1701.7729321663385,-1242.3286355090306,BOR,7
1420.0,300.70416746666666,100.0,0.0,8.0,-1847.0,-1255.0,BOR,7
1430.0,301.0,100.0,0.0,8.0,-1907.157021601457,-1260.3671006620143,BOR,7
1440.0,301.0,100.0,0.0,8.0,-2014.0,-1270.0,BOR,7
1450.0,301.0,100.0,0.0,8.0,-2106.3418576216063,-1278.2260627576627,BOR,7
1470.0,301.57500032,100.0,0.0,8.0,-2298.0,-1295.0,BOR,7
1480.0,302.0,100.0,0.0,8.0,-2447.661371351046,-1307.9860774094936,BOR,7
1490.0,302.0,100.0,0.0,8.0,-2503.0,-1313.0,BOR,7
1500.0,302.0,100.0,0.0,8.0,-2591.3862892093775,-1320.762600727882,BOR,7
1510.0,302.4687504,100.0,0.0,8.0,-2721.0,-1332.0,BOR,7
1520.0,302.9687504,100.0,0.0,8.0,-2855.0,-1344.0,BOR,7
1530.0,303.0,100.0,0.0,8.0,-2863.337853414349,-1344.722131371242,BOR,7
1540.0,302.02499968,100.0,0.0,8.0,-3026.1866563896906,-1358.3593045652324,BOR,7
1570.0,303.0,77.296892,0.0,8.0,-3311.8943152037555,-1383.9546913341487,BOR,8
1580.0,303.0,0.0,0.0,8.0,-3432.916314647929,-1394.0883628240297,BOR,8
1590.0,299.79643154285714,0.0,0.0,8.0,-3490.0,-1399.0,BOR,8
1600.0,292.3678601142857,0.0,0.0,8.0,-3621.0,-1411.0,BOR,8
1610.0,290.0,0.0,1.0,8.0,-3661.6734009502634,-1414.6246532379355,BOR,8
1620.0,283.0,0.0,1.0,8.0,-3796.125603224893,-1426.0822544106663,BOR,8
1630.0,280.7645882666667,0.0,1.0,8.0,-3912.7978640803894,-1436.0732466462173,BOR,8
1640.0,260.0291765333333,0.0,1.0,8.0,-4006.0,-1445.0,BOR,8
1660.0,208.8312512,0.0,1.0,6.0,-4248.661213702486,-1466.7888935026945,BOR,8
1670.0,198.28500223999998,0.0,1.0,5.0,-4340.817518570217,-1475.2346157330762,BOR,8
1690.0,173.82,0.0,1.0,4.5,-4509.380986344114,-1486.4117278379313,BOR,8
1700.0,158.11666666666667,0.0,1.0,4.0,-4651.5,-1485.0,BOR,8
1710.0,146.5,0.0,1.0,3.0,-4773.415737718398,-1477.929785761037,BOR,8
1720.0,126.9125,0.0,1.0,2.5,-4878.565634528474,-1453.5797454128399,BOR,8
1730.0,121.0,0.0,1.0,2.0,-4955.243155072491,-1415.414680061095,BOR,8
1740.0,109.18444444444445,0.0,1.0,2.0,-5000.162926639768,-1380.081518107558,BOR,8
1750.0,96.60000000000001,0.0,1.0,2.0,-5058.525654537595,-1313.0708282239339,BOR,8
1760.0,88.525,0.0,1.0,1.0,-5106.420301764218,-1216.2527868993075,BOR,8
1770.0,78.575,0.0,0.6666666666666666,1.0,-5126.636529999924,-1105.890728131258,BOR,9
1780.0,73.29863747970855,1.4109395999999998,0.0,1.0,-5118.307520886388,-1016.382113906268,BOR,9
1790.0,68.05416666666667,16.695837573333336,0.0,1.0,-5088.655458842606,-936.5423168482235,BOR,9
1810.0,78.54375005714286,47.040625840000004,0.0,1.0,-4938.848600455533,-802.2604397385996,BOR,9
1820.0,88.12857051428571,52.66071314285715,0.0,1.0,-4810.717539564474,-787.8971984744022,BOR,9
1830.0,97.64479093333334,55.21094,0.0,1.0,-4675.071287707711,-826.3290470897846,BOR,9
1840.0,102.4031248,19.1625024,0.0,2.0,-4577.757038551965,-864.7397511624667,BOR,9
1850.0,102.16354213333334,0.7750016000000007,0.6666666666666666,2.0,-4492.877025453809,-888.3750432162819,BOR,9
1860.0,91.15711875555556,0.0,1.0,1.0,-4387.848779494452,-907.0252988611494,BOR,9
1870.0,82.36,0.0,0.0,1.0,-4275.08293273718,-900.6393742023453,BOR,9
1880.0,76.71041666666666,0.15625,0.0,1.0,-4202.855944729701,-850.5252160973928,BOR,9
1890.0,73.57222222222222,27.566666666666666,0.0,1.0,-4151.086550983781,-740.7327077254246,BOR,9
1900.0,77.27012987012988,32.72207792207792,0.0,1.0,-4140.2611095984985,-671.5190552447189,BOR,9
1910.0,81.88977272727273,44.205113636363635,0.0,1.0,-4144.503003181255,-556.7404265218622,BOR,9
1920.0,92.1,53.46,0.0,1.0,-4174.838382381825,-462.50303167857817,BOR,9
1930.0,101.88721943445147,59.88721943445146,0.0,1.0,-4218.8438227286715,-388.6109066343822,BOR,9
1940.0,115.09000191999999,73.02250047999999,0.0,2.0,-4283.019935826347,-310.10877099265315,BOR,9
1950.0,120.75000320000001,75.458336,0.0,2.0,-4334.571173121343,-250.8934739879132,BOR,9
1960.0,136.187504,87.3993072,0.0,2.0,-4409.96288621338,-139.18496990707004,BOR,9
1970.0,151.0,88.0,0.0,3.0,-4464.920720774996,-31.320565484227412,BOR,9
1980.0,156.8125024,92.5208352,0.0,3.0,-4483.931913607081,24.216585200627563,BOR,9
1990.0,161.3879053292604,95.0,0.0,3.0,-4500.0,73.0,BOR,10
2000.0,172.74555029485532,95.0,0.0,3.5,-4527.512231245372,186.63902606667222,BOR,10
2010.0,183.8109364,99.914062,0.0,4.0,-4551.344381756615,347.87880903480726,BOR,10
2020.0,192.93999616,100.0,0.0,4.0,-4560.0,430.0,BOR,10
2030.0,196.0,100.0,0.0,4.0,-4562.07048624596,457.61821251082404,BOR,10
2040.0,202.8166656,100.0,0.0,4.0,-4566.2514078419845,571.0843504193396,BOR,10
2050.0,207.406248,100.0,0.0,4.0,-4566.0,654.0,BOR,10
2060.0,214.0843744,100.0,0.0,5.0,-4561.125632344601,782.2867985107682,BOR,10
2070.0,217.72386269090907,100.0,0.0,5.0,-4555.766682451621,891.2432005159574,BOR,10
2130.0,243.0,100.0,0.0,6.0,-4498.293752890162,1417.2167910863939,BOR,10
2140.0,245.11428571428573,100.0,0.0,6.0,-4465.0,1537.0,BOR,10
2150.0,247.64166666666665,100.0,0.0,6.0,-4415.649395673522,1687.0305606751222,BOR,10
2170.0,251.49166666666667,100.0,0.0,6.0,-4358.0,1820.0,BOR,10
2180.0,254.0,100.0,0.0,6.0,-4297.853101592359,1917.6485990888243,BOR,10
2190.0,255.5857142857143,100.0,0.0,6.0,-4233.0,2008.0,BOR,10
2200.0,257.05,100.0,0.0,6.0,-4168.966974686795,2082.8679359943353,BOR,10
2210.0,259.0,100.0,0.0,6.0,-4088.139754928297,2163.724624504703,BOR,11
2220.0,260.06666666666666,100.0,0.0,6.0,-4020.0,2224.0,BOR,11
2230.0,261.2833333333333,100.0,0.0,7.0,-3938.0752199922754,2286.970527284134,BOR,11
2250.0,263.73333333333335,100.0,0.0,7.0,-3643.0,2461.0,BOR,11
2260.0,264.0,100.0,0.0,7.0,-3608.352599036015,2478.1498691396137,BOR,11
2270.0,264.0,100.0,0.0,7.0,-3443.015268112193,2548.544762992207,BOR,11
2280.0,265.98333333333335,100.0,0.0,7.0,-3272.6773821656616,2608.0934753281927,BOR,11
2300.0,265.0,100.0,0.0,7.0,-3159.131389874854,2644.0706331370043,BOR,11
2310.0,266.34285714285716,100.0,0.0,7.0,-3057.0,2674.0,BOR,11
2320.0,267.0,100.0,0.0,7.0,-2982.378419972585,2696.357620511626,BOR,11
2330.0,268.34285714285716,100.0,0.0,7.0,-2815.0,2747.0,BOR,11
2340.0,269.0,100.0,0.0,7.0,-2753.0204736084106,2765.917144350658,BOR,11
2360.0,269.71473397250446,100.0,0.0,7.0,-2629.0,2805.0,BOR,11
2370.0,270.3928576,100.0,0.0,7.0,-2528.29822386627,2838.2582574551966,BOR,11
2390.0,272.1607145142857,100.0,0.0,7.0,-2296.188666040142,2916.032033694032,BOR,11
2410.0,273.0,100.0,0.0,7.0,-2131.6864498529785,2973.3344507130196,BOR,11
2420.0,273.0,100.0,0.0,7.0,-2007.1199378535307,3019.5786031715793,BOR,11
2430.0,273.3125008,100.0,0.0,7.0,-1966.0,3035.0,BOR,12
2440.0,274.0,100.0,0.0,7.0,-1861.0178591191018,3074.525079112336,BOR,12
2450.0,274.0,100.0,0.0,7.0,-1659.0,3151.0,BOR,12
2460.0,274.0,100.0,0.0,7.0,-1614.4208412194441,3168.0089952371945,BOR,12
2470.0,275.0,100.0,0.0,7.0,-1555.1036844062176,3191.064774787684,BOR,12
2480.0,275.0,100.0,0.0,7.0,-1464.5172612723522,3227.191504989024,BOR,12
2500.0,275.94499968,100.0,0.0,7.0,-1284.0,3300.0,BOR,12
2510.0,276.97249984,100.0,0.0,7.0,-1156.8079763367823,3353.7885649205555,BOR,12
2530.0,277.33250048,0.0,0.0,7.0,-963.5075380181681,3436.4168791359934,BOR,12
2540.0,275.0,0.0,0.0,7.0,-854.0129901146126,3484.163375159321,BOR,12
2560.0,272.2781288,0.0,1.0,7.0,-744.6374743899281,3534.495200761793,BOR,12
2570.0,255.0,0.0,1.0,7.0,-656.6950399323025,3574.667481101733,BOR,12
2580.0,245.19000576,0.0,1.0,7.0,-587.0,3606.0,BOR,12
2590.0,230.08928914285713,0.0,1.0,7.0,-497.2438709087029,3645.2545235516486,BOR,12
2600.0,207.0,0.0,1.0,5.0,-374.3121902730536,3699.260339393632,BOR,12
2610.0,207.0,0.0,1.0,5.0,-318.28170991318115,3724.306968408252,BOR,12
2620.0,177.09166666666667,0.0,1.0,4.5,-220.15358154192594,3768.3729278096416,BOR,12
2630.0,157.4375,0.0,1.0,4.0,-146.64154780936622,3800.3718185330313,BOR,12
2640.0,138.4,0.0,1.0,3.25,-26.591782171956332,3843.928862811921,BOR,12
2650.0,128.65,0.0,1.0,3.0,97.97179055984901,3870.180153888521,BOR,13
2660.0,124.62222222222222,0.0,1.0,2.0,157.0674783705836,3872.4363260002474,BOR,13
2670.0,120.78518518518518,0.3148148148148148,1.0,2.0,252.82451012158944,3853.6532281738378,BOR,13
2680.0,111.16666666666666,4.916666666666666,0.5,2.0,351.45648185578705,3796.834375909458,BOR,13
2690.0,105.45833333333333,9.933333333333332,0.0,2.0,408.7932059233396,3742.690309714617,BOR,13
2700.0,103.38571428571429,38.73571428571429,0.0,2.0,483.4761646488298,3636.9764068128934,BOR,13
2710.0,105.86666666666667,49.03333333333333,0.0,2.0,510.3887523803655,3582.827591449624,BOR,13
2720.0,109.98119241501236,56.97492322001648,0.0,2.0,544.4325598276915,3480.224113382506,BOR,13
2730.0,118.62500159999999,69.2656276,0.0,2.0,565.4174372191192,3379.6665723710603,BOR,13
2740.0,124.98214537142857,78.44642971428571,0.0,3.0,576.0098631887156,3299.4901640527933,BOR,13
2750.0,135.16014428915406,83.30249476840214,0.0,3.0,588.7923630217973,3147.4689345746906,BOR,13
2760.0,146.59583146666665,100.0,0.0,3.0,596.8409286245986,3065.2156412528993,BOR,13
2770.0,159.6124992,100.0,0.0,3.0,607.7315600607074,2970.7154959879563,BOR,13
2780.0,164.7249984,100.0,0.0,4.0,620.4314432935081,2867.4015350313684,BOR,13
2790.0,178.0,100.0,0.0,4.0,639.8188263900819,2718.1236188542252,BOR,13
2800.0,182.0,100.0,0.0,4.0,646.0181023731967,2675.6145841997277,BOR,13
2810.0,187.0437488,100.0,0.0,4.0,653.6593817015788,2619.627737934002,BOR,13
2820.0,194.26666544761906,100.0,0.0,4.333333333333333,672.5093335437028,2488.0723294700506,BOR,13
2830.0,198.30357028571427,100.0,0.0,5.0,688.0,2385.0,BOR,13
2840.0,201.0,100.0,0.0,5.0,702.044926013763,2301.2522027898635,BOR,13
2850.0,203.47727127272728,100.0,0.0,5.0,713.0,2240.0,BOR,13
2860.0,210.1931810909091,100.0,0.0,5.0,745.2486804318748,2071.5716785838335,BOR,13
2880.0,214.30666666666664,100.0,0.0,5.0,779.2204670779062,1920.3270793996105,BOR,14
2890.0,216.0,100.0,0.0,5.0,797.7289403870129,1844.8618203121068,BOR,14
2900.0,218.14166666666665,100.0,0.0,5.0,835.7547441519042,1712.7752299200217,BOR,14
2910.0,218.975,100.0,0.0,5.0,895.7485867932689,1545.4080544646986,BOR,14
2940.0,222.98000000000002,60.8,0.0,5.0,991.0639431205489,1339.7782542105545,BOR,14
2950.0,221.98000000000002,50.9,0.0,5.0,1050.3081356953617,1234.6139689239,BOR,14
2960.0,221.03,46.15,0.0,5.0,1146.745128492741,1099.3979672459104,BOR,14
2970.0,222.0,44.0,0.0,5.0,1205.8451865846412,1027.9596632024545,BOR,14
2990.0,218.96666666666667,43.0,0.0,5.0,1267.467077651388,972.3141970803347,BOR,14
3000.0,216.6,43.0,0.0,5.0,1401.0,867.0,BOR,14
3010.0,216.26666666666668,43.0,0.0,5.0,1421.0,854.0,BOR,14
3020.0,214.82999999999998,43.17,0.0,5.0,1518.58668562705,799.2307783319402,BOR,14
3030.0,214.0,44.0,0.0,5.0,1610.6223482127457,757.5855669606924,BOR,14
3040.0,214.92000000000002,52.28,0.0,5.0,1712.5321801002174,721.376101072144,BOR,14
3050.0,213.87272727272727,52.43636363636364,0.0,5.0,1851.0,688.0,BOR,14
3060.0,213.4181818181818,52.20909090909091,0.0,5.0,1910.0,678.0,BOR,14
3070.0,213.0,52.0,0.0,5.0,1979.1552061416876,670.2987333423606,BOR,14
3080.0,212.4735375011677,54.105849995329244,0.0,5.0,2144.0,664.0,BOR,14
3090.0,212.0,56.0,0.0,5.0,2268.4089905733144,677.947113070768,BOR,15
3100.0,211.07500032000002,67.30000128,0.0,5.0,2403.1168416717546,714.3626386278379,BOR,15
3110.0,212.0,71.0,0.0,5.0,2457.339873183595,729.4241252398583,BOR,15
3120.0,213.0,73.0,0.0,5.0,2505.573459438658,749.4255768932443,BOR,15
3130.0,213.3878121372301,74.55124854892044,0.0,5.0,2547.0,770.0,BOR,15
3140.0,214.7479223944568,79.99168957782715,0.0,5.0,2738.2430981606904,872.9499417787385,BOR,15
3160.0,218.53214262857142,83.0,0.0,5.0,2847.632147413652,958.2743933786509,BOR,15
3170.0,220.0,83.0,0.0,5.0,2927.810455030924,1041.3734626744647,BOR,15
3180.0,220.4928566857143,81.2750016,0.0,5.0,2958.0,1074.0,BOR,15
3190.0,222.03374976,75.97750016,0.0,5.0,3051.381525003022,1173.6232434493222,BOR,15
3200.0,223.41749952,75.05500032,0.0,5.0,3177.0,1276.0,BOR,15
3210.0,225.0,74.0,0.0,5.0,3258.371284992216,1333.695632653786,BOR,15
3230.0,224.19821439999998,74.0,0.0,5.0,3385.0919766818274,1381.7295632500425,BOR,15
3240.0,224.4031248,71.984376,0.0,5.0,3552.0,1432.0,BOR,15
3250.0,225.0,69.0,0.0,5.0,3700.4614529742084,1451.5100695996048,BOR,15
3270.0,224.0285714285714,76.12857142857143,0.0,6.0,3825.669402862901,1448.0109652336773,BOR,15
3280.0,225.81428571428572,84.16428571428571,0.0,6.0,3904.824691267069,1441.0395481821552,BOR,15
3300.0,225.0,100.0,0.0,6.0,4162.446312305465,1378.4122405758296,BOR,15
3310.0,225.2,100.0,0.0,6.0,4193.0,1370.0,BOR,16
3320.0,226.0,100.0,0.0,6.0,4258.740122415613,1347.4996072959111,BOR,16
3330.0,226.32,100.0,0.0,6.0,4307.0,1319.0,BOR,16
3340.0,227.01999999999998,100.0,0.0,6.0,4494.783931394497,1196.5827381904642,BOR,16
3360.0,227.73000000000002,100.0,0.0,6.0,4584.749975281309,1119.2299267823278,BOR,16
3370.0,227.0,100.0,0.0,6.0,4638.3471183635265,1065.382373056026,BOR,16
3380.0,229.23125,100.0,0.0,6.0,4748.5,950.0,BOR,16
3390.0,230.0,100.0,0.0,6.0,4784.428965491201,909.3851441286115,BOR,16
3400.0,230.92000000000002,100.0,0.0,6.0,4859.315357921328,820.2770184099768,BOR,16
3410.0,231.6,100.0,0.0,6.0,4934.0,727.0,BOR,16
3420.0,232.0,100.0,0.0,6.0,4989.293291594291,657.0449507747113,BOR,16
3430.0,234.07,100.0,0.0,6.0,5097.370788857626,520.9394578125159,BOR,16
3450.0,235.0,100.0,0.0,6.0,5153.455629214739,454.2109424812632,BOR,16
3460.0,235.4625,100.0,0.0,6.0,5206.0,395.0,BOR,16
3470.0,236.4714285714286,100.0,0.0,6.0,5336.283565819989,247.25797550391806,BOR,16
3480.0,239.0,100.0,0.0,6.0,5445.639101556732,121.90180260634395,BOR,16
3490.0,239.06694566047517,100.0,0.0,6.0,5449.0,118.0,BOR,16
3500.0,240.70711327098638,100.0,0.0,6.0,5534.145946373732,20.234986496362694,BOR,16
3510.0,241.83333404444446,100.0,0.0,6.0,5618.0,-71.0,BOR,16
3530.0,243.0,100.0,0.0,6.0,5758.978765472097,-230.3127943915197,BOR,17
3540.0,243.0,100.0,0.0,6.0,5868.155453818379,-353.0776204460818,BOR,17
3550.0,244.88999936,92.44000256,0.0,6.0,5950.0,-445.0,BOR,17
3560.0,245.0,92.0,0.0,6.0,5954.138836068138,-449.71326006025174,BOR,17
3580.0,228.04318312727273,5.331824872727275,0.5,6.0,6089.03625295036,-606.5262380392581,BOR,17
3590.0,220.953128,0.0,1.0,6.0,6153.0,-680.0,BOR,17
3600.0,212.257814,0.0,1.0,5.5,6224.022450132619,-764.4882102261117,BOR,17
3610.0,204.9125024,0.0,1.0,5.0,6292.0,-853.0,BOR,17
3620.0,203.0,0.0,1.0,5.0,6307.878128117083,-876.3849920416352,BOR,17
3630.0,199.07708426666667,0.0,1.0,5.0,6376.0,-1002.0,BOR,17
3640.0,195.27777896296297,1.2999978666666667,0.0,5.0,6412.602709702466,-1118.506890108965,BOR,17
3660.0,186.986112,16.2249984,0.0,4.5,6426.487920361627,-1277.7124701617422,BOR,17
3670.0,180.6,22.1,0.0,4.0,6393.633958513385,-1492.394016693354,BOR,17
3680.0,177.0,59.0,0.0,4.0,6374.9123263359,-1559.4146823630058,BOR,17
3690.0,177.45714285714286,59.91428571428571,0.0,4.0,6362.0,-1589.0,BOR,17
3700.0,178.0,61.0,0.0,4.0,6339.286041493634,-1643.8642265200913,BOR,17
3710.0,179.61666666666667,65.85000000000001,0.0,4.0,6247.476439785522,-1796.4548675001233,BOR,17
3720.0,180.0,67.0,0.0,4.0,6149.190601342922,-1917.3847437625618,BOR,17
3730.0,183.74375,75.85,0.0,4.0,6078.521215303437,-1978.3471035254192,BOR,17
3750.0,191.125,82.775,0.0,4.0,5989.332945183429,-2037.8540479405524,BOR,18
3760.0,195.0,82.0,0.0,4.0,5900.776264289734,-2075.3444911550673,BOR,18
3770.0,197.68571428571428,84.01428571428572,0.0,4.0,5788.0,-2116.0,BOR,18
3780.0,199.0,85.0,0.0,4.0,5742.237580558526,-2129.776356773979,BOR,18
3790.0,203.18125,89.0,0.0,5.0,5634.769403761535,-2152.4190557840298,BOR,18
3800.0,208.65,89.0,0.0,5.0,5494.807949634439,-2177.020055820629,BOR,18
3810.0,211.87777777777777,93.52222222222223,0.0,5.0,5354.0,-2199.0,BOR,18
3830.0,216.0,100.0,0.0,5.0,5198.887955425726,-2215.3701927351203,BOR,18
3840.0,220.275,100.0,0.0,5.0,5072.0,-2222.0,BOR,18
3850.0,222.0,100.0,0.0,5.0,5029.966049982667,-2223.707454885289,BOR,18
3860.0,225.0,100.0,0.0,6.0,4947.109945839052,-2226.0517604672223,BOR,18
3870.0,229.8444416,100.0,0.0,6.0,4881.0,-2228.0,BOR,18
3880.0,241.0,100.0,0.0,6.0,4672.30997554736,-2234.879312348301,BOR,18
3900.0,241.0,100.0,0.0,6.0,4556.482181086265,-2239.6538521675548,BOR,18
3910.0,241.0,100.0,0.0,6.0,4464.0,-2245.0,BOR,18
3920.0,242.14999893333334,100.0,0.0,6.0,4368.754466061579,-2251.466430779827,BOR,18
3940.0,252.48333226666665,100.0,0.0,6.0,4138.059421249318,-2266.232655332948,BOR,18
3950.0,256.2249984,100.0,0.0,6.0,3956.0,-2279.0,BOR,18
3960.0,261.0,100.0,0.0,6.0,3822.441919309563,-2288.0131209146666,BOR,18
3980.0,262.9083328,100.0,0.0,6.0,3738.0,-2293.0,BOR,19
4000.0,264.95416639999996,100.0,0.0,6.5,3556.0923841514996,-2304.37162245391,BOR,19
4010.0,266.1812496,100.0,0.0,7.0,3326.0,-2319.0,BOR,19
4020.0,267.0,100.0,0.0,7.0,3244.1626998808333,-2324.7501413366253,BOR,19
4040.0,268.8173070769231,100.0,0.0,7.0,3177.0,-2331.0,BOR,19
4060.0,271.6586535384615,100.0,0.0,7.0,2955.6190360870687,-2351.7720299706266,BOR,19
4080.0,272.9354165333333,100.0,0.0,7.0,2760.184427709465,-2372.180105781082,BOR,19
4090.0,272.36428617142855,68.21430857142857,0.0,7.0,2681.0,-2380.0,BOR,19
4100.0,270.1,0.0,0.0,7.0,2523.181707146579,-2396.6781984854774,BOR,19
4110.0,265.0,0.0,1.0,7.0,2382.4558792891376,-2412.2892383882595,BOR,19
4120.0,256.3666666666667,0.0,1.0,7.0,2234.0,-2429.0,BOR,19
4140.0,241.525,0.0,1.0,7.0,2144.5403499978675,-2439.7417357239924,BOR,19
4160.0,220.68333333333334,0.0,1.0,6.0,1914.1859272427546,-2469.2697911176,BOR,19
4170.0,197.0,0.0,1.0,5.0,1833.7806903173637,-2479.496087226339,BOR,19
4180.0,169.0,0.0,1.0,4.5,1759.8616161492089,-2490.767932109893,BOR,19
4190.0,158.55,0.0,1.0,3.0,1619.4772623699055,-2513.4158416150444,BOR,20
4200.0,136.3,0.0,1.0,3.0,1581.4173462908543,-2520.4274197980058,BOR,20
4210.0,120.55,0.0,1.0,2.0,1482.9029728411451,-2541.464234888595,BOR,20
4220.0,105.89333333333333,0.0,1.0,2.0,1381.7303888309527,-2574.2074386618515,BOR,20
4230.0,94.79333333333334,0.0,1.0,1.3333333333333333,1308.338795846018,-2612.6995532223204,BOR,20
4240.0,92.0,0.0,1.0,1.0,1242.0517323666281,-2684.0440112521405,BOR,20
4250.0,81.85421952,0.0,0.75,1.0,1223.5965761058592,-2787.7393310062084,BOR,20
4260.0,75.63463864183689,28.851055367347527,0.0,1.0,1257.2347992453206,-2890.4967998493858,BOR,20
4270.0,78.08999936000001,38.63499904,0.0,1.0,1299.7253630172395,-2948.4496719485087,BOR,20
4280.0,86.8656244,50.8656244,0.0,1.0,1379.2229185110812,-3017.7189230835593,BOR,20
4290.0,96.13452251428572,61.47928393142857,0.0,1.0,1464.4739996387627,-3075.0912966527358,BOR,20
4300.0,106.25374944,76.39874911999999,0.0,2.0,1655.6103739911123,-3187.9013506686424,BOR,20
4310.0,114.39999817142856,88.13749851428571,0.0,2.0,1771.4173715267736,-3255.2663496395817,BOR,20
4320.0,129.0,100.0,0.0,3.0,1836.8123396166236,-3295.113284833783,BOR,20
4330.0,135.7124992,100.0,0.0,3.0,1931.5,-3359.0,BOR,20
4340.0,143.29333333333332,100.0,0.0,3.0,2015.1860012808702,-3425.3942217799777,BOR,20
4350.0,150.02857142857144,100.0,0.0,3.0,2119.0,-3532.0,BOR,20
4360.0,152.0,100.0,0.0,3.0,2149.4537180465472,-3571.142300739106,BOR,20
4370.0,154.9,100.0,0.0,3.0,2209.521431186139,-3681.2665681753497,BOR,20
4380.0,163.0,100.0,0.0,4.0,2234.8814521606905,-3745.2599925279474,BOR,20
4390.0,164.925,100.0,0.0,4.0,2249.577800971374,-3794.1058991165046,BOR,20
4400.0,172.85,100.0,0.0,4.0,2280.2568946624665,-3959.782155739523,BOR,20
4410.0,174.73333333333332,100.0,0.0,4.0,2291.0,-4069.0,BOR,21
4420.0,176.0,100.0,0.0,4.0,2295.2262250352305,-4166.848961306154,BOR,21
4430.0,181.175,100.0,0.0,4.0,2289.401024859589,-4273.9370942764,BOR,21
4440.0,185.0,100.0,0.0,4.0,2277.9124329565807,-4373.6019242619595,BOR,21
4450.0,185.97142857142856,100.0,0.0,4.0,2273.0,-4402.0,BOR,21
4460.0,188.9142857142857,100.0,0.0,4.0,2251.251843101696,-4508.136361681078,BOR,21
4470.0,192.03333333333333,94.8,0.0,4.0,2221.0,-4617.0,BOR,21
4480.0,195.76666666666665,88.4,0.0,4.0,2175.818248885488,-4748.285706317258,BOR,21
4490.0,195.09,81.84,0.0,4.0,2167.0,-4771.0,BOR,21
4500.0,185.45375104,16.61000704,0.5,4.0,2105.2065867860506,-4915.392397073051,BOR,21
4510.0,178.968752,0.0,1.0,4.0,2058.0,-5009.0,BOR,21
4520.0,172.89687573333333,0.0,1.0,4.0,2010.098385547214,-5092.2075284962175,BOR,21
4530.0,167.29375146666666,0.0,1.0,4.0,1949.0,-5183.0,BOR,21
4540.0,162.81354240000002,0.0,1.0,4.0,1891.8580500736875,-5255.4664636873085,BOR,21
4550.0,153.91964342857142,0.0,1.0,4.0,1836.2579554020754,-5321.572496407023,BOR,21
4560.0,149.27678628571428,0.0,1.0,3.5,1761.3800054271344,-5399.138415403966,BOR,21
4570.0,144.99250112,0.0,1.0,3.0,1685.0,-5454.0,BOR,21
4580.0,142.0,13.4499968,0.0,3.0,1587.3642078302253,-5491.108382741347,BOR,21
4590.0,136.8875008,38.520832,0.0,3.0,1417.9205841009239,-5509.535399829732,BOR,21
4600.0,136.0,45.0,0.0,3.0,1337.0913874852934,-5502.694161759352,BOR,21
4610.0,137.46071405714287,53.03392731428571,0.0,3.0,1279.7481120035955,-5488.346370492685,BOR,21
4620.0,140.30124928,65.04562325333333,0.0,3.0,1169.7672921479268,-5445.679655502919,BOR,21
4630.0,146.4,74.3,0.0,3.0,1073.0,-5393.0,BOR,22
4640.0,150.85,80.13333333333334,0.0,3.0,1027.9216164802967,-5359.723504380395,BOR,22
4650.0,156.0,100.0,0.0,4.0,913.991889626209,-5260.788138413951,BOR,22
4660.0,160.71428571428572,100.0,0.0,4.0,884.0,-5233.0,BOR,22
4670.0,170.14285714285714,100.0,0.0,4.0,821.0819187827528,-5175.625353636777,BOR,22
4680.0,180.5,100.0,0.0,4.0,731.0,-5094.0,BOR,22
4690.0,187.21428571428572,100.0,0.0,4.0,670.574804159491,-5039.664807943407,BOR,22
4700.0,195.07142857142856,100.0,0.0,4.0,515.1543755690085,-4901.7901459641325,BOR,22
4720.0,208.1,100.0,0.0,5.0,440.62003895171085,-4833.4818193407145,BOR,22
4740.0,215.0,100.0,0.0,5.0,305.6320258018057,-4713.5782791251495,BOR,22
4750.0,219.6,100.0,0.0,5.0,222.49479812114788,-4640.00276671774,BOR,22
4760.0,226.68571428571428,100.0,0.0,5.0,180.0,-4602.0,BOR,22
4770.0,229.0,100.0,0.0,5.0,154.12801997227916,-4578.804259739334,BOR,22
4780.0,233.23333333333335,100.0,0.0,5.0,43.17227079486727,-4479.417779071378,BOR,22
4800.0,236.46666666666667,100.0,0.0,5.0,-51.0,-4395.0,BOR,22
4810.0,240.23333333333335,100.0,0.0,5.5,-166.76658121261806,-4290.102352723432,BOR,22
4830.0,244.63571382857143,100.0,0.0,6.0,-353.4041872418855,-4123.912778743506,BOR,22
4850.0,246.1390624,100.0,0.0,6.0,-455.4626191248627,-4033.09352118693,BOR,23
4870.0,246.9828124,100.0,0.0,6.0,-587.2257405875155,-3926.672861022653,BOR,23
4890.0,247.0,78.85416888888889,0.0,6.0,-781.0672053780793,-3807.816975288082,BOR,23
4900.0,246.3964288,62.3250048,0.0,6.0,-907.0,-3756.0,BOR,23
4910.0,246.0,54.0,0.0,6.0,-973.8815749564968,-3737.966355758207,BOR,23
4920.0,245.18250048,56.7249984,0.0,6.0,-1052.0,-3725.0,BOR,23
4940.0,243.0,64.0,0.0,6.0,-1323.6978689750817,-3714.9415955071495,BOR,23
4950.0,243.0,64.0,0.0,6.0,-1410.1758897812147,-3720.245525883249,BOR,23
4960.0,243.0,97.4593744,0.0,6.0,-1484.4942424612002,-3738.414089309479,BOR,23
4970.0,243.0,100.0,0.0,6.0,-1565.00138162477,-3762.9977301894533,BOR,23
4980.0,243.74499968,100.0,0.0,6.0,-1667.0,-3799.0,BOR,23
4990.0,244.0,100.0,0.0,6.0,-1700.0649895489412,-3812.5325670711045,BOR,23
5000.0,244.4138887111111,100.0,0.0,6.0,-1792.0,-3855.0,BOR,23
5010.0,244.98472213333332,100.0,0.0,6.0,-1918.818748207304,-3921.0530374865093,BOR,23
5020.0,246.24166613333333,100.0,0.0,6.0,-2032.0,-3982.0,BOR,23
5030.0,247.0,100.0,0.0,6.0,-2116.4796742611024,-4025.24270944404,BOR,23
5040.0,247.0,100.0,0.0,6.0,-2180.6648244694134,-4056.9311183806185,BOR,23
5050.0,247.975,100.0,0.0,6.0,-2338.284871399748,-4117.9180860152865,BOR,23
5060.0,248.35555555555555,100.0,0.0,6.0,-2491.0,-4161.0,BOR,23
5080.0,249.18333333333334,100.0,0.0,6.0,-2622.034669350345,-4184.522725179739,BOR,24
5100.0,250.0,100.0,0.0,6.0,-2773.698358701279,-4196.351635533778,BOR,24
5110.0,250.0,100.0,0.0,6.0,-2939.729635779005,-4194.176243670944,BOR,24
5120.0,247.25714285714287,54.285714285714285,0.0,6.0,-3027.0,-4185.0,BOR,24
5130.0,244.55714285714285,9.285714285714285,0.5,6.0,-3111.937288961547,-4172.0604641022255,BOR,24
5140.0,237.6,0.0,1.0,6.0,-3213.0,-4151.0,BOR,24
5150.0,230.0,0.0,1.0,6.0,-3333.479104031415,-4116.766121552464,BOR,24
5160.0,222.95,0.0,1.0,6.0,-3474.0,-4071.0,BOR,24
5180.0,215.0,0.0,1.0,6.0,-3555.300143530193,-4040.7938627684807,BOR,24
5190.0,201.89,0.0,1.0,6.0,-3644.0,-3983.0,BOR,24
5200.0,192.345,0.0,1.0,5.0,-3757.336424092544,-3901.569647135223,BOR,24
5210.0,175.0,0.0,1.0,4.0,-3821.002843741898,-3851.834402385332,BOR,24
5220.0,161.4777777777778,0.0,1.0,4.0,-3911.3898479269046,-3731.912285488938,BOR,24
5230.0,149.0,0.0,1.0,3.0,-3990.0064090611486,-3622.881568425761,BOR,24
5240.0,134.28541760000002,0.0,1.0,3.0,-4006.1658556223383,-3575.476371417285,BOR,24
5250.0,128.16041760000002,0.0,1.0,3.0,-4035.615100825805,-3485.9612690363847,BOR,24
5260.0,116.79285759999999,0.0,1.0,2.0,-4047.903076390957,-3411.292819043748,BOR,24
5270.0,112.8187504,0.6041653333333333,0.0,2.0,-4044.59995312594,-3303.4939169717113,BOR,24
5280.0,108.56309546666667,24.839285333333333,0.0,2.0,-4013.892912505729,-3194.7868448102913,BOR,24
5290.0,105.10208320000001,37.6124992,0.0,2.0,-3973.5343479785433,-3119.1664115743743,BOR,25
5300.0,106.51979137777778,44.993749155555555,0.0,2.0,-3913.9545061006884,-3050.3129125637124,BOR,25
5310.0,111.22916622222222,55.458332444444444,0.0,2.0,-3809.7801231900357,-2975.6530894136185,BOR,25
5320.0,117.8624992,62.8624992,0.0,2.0,-3706.505885610845,-2929.663669593573,BOR,25
5330.0,123.5843744,73.9328112,0.0,2.0,-3634.673945320009,-2908.8130458700666,BOR,25
5340.0,135.0285714285714,79.50714285714287,0.0,2.5,-3520.706572189759,-2880.8541173632025,BOR,25
5350.0,144.51666666666665,86.83333333333334,0.0,3.0,-3439.8241123713124,-2862.5656903949275,BOR,25
5360.0,148.65333333333334,97.46666666666665,0.0,3.0,-3343.358149587569,-2842.1612278252396,BOR,25
5370.0,161.57999999999998,100.0,0.0,3.0,-3240.253383683164,-2821.4741689707953,BOR,25
5390.0,177.07999999999998,100.0,0.0,4.0,-3092.4609196122565,-2794.105996928911,BOR,25
5410.0,193.28,100.0,0.0,4.0,-2917.433822826457,-2762.557253138052,BOR,25
5420.0,201.36,100.0,0.0,4.5,-2807.542841198858,-2744.636636859899,BOR,25
5430.0,212.05714285714288,100.0,0.0,5.0,-2705.8696960238876,-2728.447865262756,BOR,25
5440.0,215.9142857142857,100.0,0.0,5.0,-2470.646771265143,-2692.33527117383,BOR,25
5450.0,216.92272523636365,100.0,0.0,5.0,-2446.5458520175366,-2688.6561642101447,BOR,25
0.0,210.1886336,100.0,0.0,5.0,-2597.678500272012,-2712.2933033430445,SAI,1
20.0,224.8272727272727,100.0,0.0,5.0,-2426.971192771965,-2685.683565878599,SAI,1
30.0,232.0,100.0,0.0,5.0,-2301.6088009279533,-2666.0932743936964,SAI,1
40.0,233.77057544468036,100.0,0.0,5.0,-2263.0,-2660.0,SAI,1
60.0,241.8877813287232,100.0,0.0,5.5,-2045.8735788811641,-2625.341193509093,SAI,1
70.0,249.44846913453475,100.0,0.0,6.0,-1856.0,-2595.0,SAI,1
80.0,256.0,100.0,0.0,6.0,-1771.103205153152,-2581.127058104855,SAI,1
90.0,258.3,100.0,0.0,6.0,-1729.0,-2574.0,SAI,1
110.0,265.0,100.0,0.0,6.0,-1538.5613502410724,-2541.419098919559,SAI,1
120.0,267.7900362226417,100.0,0.0,6.0,-1452.0,-2527.0,SAI,1
130.0,271.1405699964288,100.0,0.0,6.5,-1353.0494413076967,-2510.9928930892784,SAI,1
140.0,277.0,100.0,0.0,7.0,-1207.8771286748467,-2487.506889529296,SAI,1
150.0,277.64583466666664,100.0,0.0,7.0,-1181.0,-2483.0,SAI,1
160.0,282.0,100.0,0.0,7.0,-976.5496691199896,-2447.740039975543,SAI,1
170.0,282.7750016,100.0,0.0,7.0,-949.0,-2443.0,SAI,1
180.0,286.0,100.0,0.0,7.0,-850.9889096612085,-2426.37510171654,SAI,1
200.0,290.1805564444444,100.0,0.0,7.0,-657.0,-2392.5,SAI,1
210.0,291.0,100.0,0.0,7.0,-609.5886098506747,-2383.8135989254947,SAI,1
220.0,294.0,100.0,0.0,7.0,-480.2919636304316,-2362.4504213730706,SAI,1
230.0,296.1375008,100.0,0.0,7.0,-341.0,-2340.0,SAI,2
240.0,297.0,100.0,0.0,7.0,-284.45660405880244,-2330.484116741525,SAI,2
250.0,299.1833344,100.0,0.0,7.0,-178.0,-2312.0,SAI,2
270.0,303.03055573333336,100.0,0.0,7.0,13.825168764891071,-2276.9725682050794,SAI,2
280.0,303.9500003555556,100.0,0.0,7.0,177.0,-2246.0,SAI,2
300.0,304.9750001777778,100.0,0.0,7.5,333.72130367986813,-2216.961879943841,SAI,2
310.0,307.1375008,100.0,0.0,8.0,605.0,-2168.0,SAI,2
320.0,308.0,100.0,0.0,8.0,671.0126390263961,-2155.9624121344777,SAI,2
330.0,309.0,100.0,0.0,8.0,715.6668532883195,-2147.28363008534,SAI,2
340.0,309.0,100.0,0.0,8.0,749.0,-2141.0,SAI,2
350.0,309.0,100.0,0.0,8.0,788.7689956235649,-2133.705557773196,SAI,2
370.0,311.0,100.0,0.0,8.0,1038.677931093114,-2088.074953909103,SAI,2
380.0,311.0,100.0,0.0,8.0,1139.0,-2069.0,SAI,2
400.0,311.0,100.0,0.0,8.0,1321.0842250754101,-2035.8869271252834,SAI,2
420.0,311.0,100.0,0.0,8.0,1539.7822692960835,-1996.124397987271,SAI,2
440.0,311.98333333333335,100.0,0.0,8.0,1856.807804929465,-1938.299257785889,SAI,2
480.0,312.96818181818185,100.0,0.0,8.0,2122.2817658171434,-1888.5603877349595,SAI,3
500.0,312.57,100.0,0.0,8.0,2331.0,-1851.0,SAI,3
520.0,312.10833333333335,100.0,0.0,8.0,2588.103155709282,-1809.5563369416243,SAI,3
540.0,313.0,100.0,0.0,8.0,2752.8308243070665,-1784.1912684934293,SAI,3
550.0,313.0,100.0,0.0,8.0,2851.0,-1769.0,SAI,3
570.0,313.0,97.66,0.0,8.0,3138.0968502537416,-1723.9340073345516,SAI,3
590.0,313.0,22.0,0.0,8.0,3285.400973546109,-1700.3988701607273,SAI,3
610.0,296.76,9.24,0.0,8.0,3429.0,-1678.0,SAI,3
620.0,285.28,0.21999999999999886,0.5,8.0,3566.1515321038196,-1657.5191215996153,SAI,3
630.0,265.4,0.0,1.0,8.0,3706.739867100299,-1635.5848304728897,SAI,3
650.0,246.86666666666667,0.0,1.0,8.0,3858.279909903791,-1613.558643102501,SAI,3
660.0,231.28333333333333,0.0,1.0,8.0,3999.484520446921,-1592.6296689716355,SAI,3
670.0,211.73028533916292,0.0,1.0,8.0,4104.0,-1577.0,SAI,4
680.0,204.0,0.0,1.0,8.0,4179.944822152063,-1564.4428002820987,SAI,4
690.0,201.36499456,0.0,1.0,8.0,4241.0,-1553.0,SAI,4
700.0,184.35892525714286,0.0,1.0,7.0,4392.100668583704,-1517.824789732043,SAI,4
710.0,152.2249984,0.0,1.0,3.6666666666666665,4478.626711142141,-1494.5674474313025,SAI,4
720.0,139.0437488,0.0,1.0,3.0,4570.538072526568,-1462.5174233233877,SAI,4
730.0,128.55999744,0.0,1.0,3.0,4646.0,-1419.0,SAI,4
740.0,117.6124992,0.0,1.0,2.0,4710.481997001884,-1356.7588613688024,SAI,4
750.0,109.92083226666666,0.0,1.0,2.0,4769.547241060876,-1254.569355886404,SAI,4
760.0,97.24166613333334,0.0,1.0,1.0,4795.441789695837,-1140.3961364276604,SAI,4
770.0,92.74058530796043,0.0,1.0,1.0,4798.732910586486,-1054.489696946449,SAI,4
780.0,84.85044642857143,0.0,0.75,1.0,4781.755034835207,-971.4397819469559,SAI,4
790.0,78.85499999999999,16.7425,0.0,1.0,4757.592606808265,-905.2638366446738,SAI,4
800.0,79.38333333333334,34.22777777777778,0.0,1.0,4721.578254275694,-848.5281088759707,SAI,4
810.0,84.40142857142857,43.01142857142857,0.0,1.0,4663.20682747384,-788.4458845594125,SAI,4
820.0,93.03333333333335,54.73333333333333,0.0,1.0,4558.371958489789,-730.8908295446017,SAI,4
830.0,98.63333333333333,57.0,0.0,1.0,4481.678913819978,-714.5704415671273,SAI,4
840.0,109.8234384,63.218750400000005,0.0,1.75,4391.43251066752,-710.2029001666999,SAI,4
850.0,118.08888888888889,70.81111111111112,0.0,2.0,4307.0,-712.0,SAI,4
860.0,131.62222222222223,81.83888888888889,0.0,2.0,4163.470833764535,-721.3135064024078,SAI,4
870.0,143.85892377996316,87.09543597555147,0.0,2.0,4068.0,-730.0,SAI,4
880.0,155.56250133333333,92.2750016,0.0,3.0,3985.3381658175826,-738.8061129248398,SAI,4
890.0,165.91875146666666,100.0,0.0,3.0,3875.160789831731,-751.307850153787,SAI,5
900.0,175.04750144000002,100.0,0.0,3.0,3779.3748971418054,-762.4342900139128,SAI,5
910.0,183.14750143999998,100.0,0.0,4.0,3688.365026807919,-772.5639796832062,SAI,5
920.0,192.18393005714285,100.0,0.0,4.0,3580.462356387721,-783.6771838672548,SAI,5
930.0,204.0,100.0,0.0,4.0,3447.327327762827,-795.8053189530516,SAI,5
940.0,206.12500266666666,100.0,0.0,4.0,3410.0,-799.0,SAI,5
950.0,214.85000106666666,100.0,0.0,5.0,3214.6008884666717,-815.4535635628926,SAI,5
960.0,222.0,100.0,0.0,5.0,3130.838950644913,-822.2101223684273,SAI,5
970.0,223.9968768,100.0,0.0,5.0,3109.0,-824.0,SAI,5
980.0,231.0,100.0,0.0,5.0,2973.431012350083,-835.7143692767904,SAI,5
990.0,235.3607168,100.0,0.0,5.0,2877.0,-844.0,SAI,5
1000.0,242.1546884,100.0,0.0,6.0,2693.922611389042,-859.5804121719541,SAI,5
1020.0,251.0,100.0,0.0,6.0,2533.0317260612105,-873.5375923880574,SAI,5
1030.0,252.9968768,100.0,0.0,6.0,2494.0,-877.0,SAI,5
1040.0,257.4968768,100.0,0.0,6.0,2380.0,-887.0,SAI,5
1050.0,260.0,100.0,0.0,6.0,2314.8381625452917,-892.3722136626172,SAI,5
1060.0,262.1643462659661,100.0,0.0,6.0,2234.0,-899.0,SAI,5
1070.0,266.5320335096096,100.0,0.0,6.0,2068.166649114123,-913.5189176288764,SAI,5
1090.0,275.82,100.0,0.0,6.0,1891.1610875672577,-928.329542402357,SAI,5
1110.0,282.24,100.0,0.0,7.0,1568.1685916516099,-956.765952568757,SAI,6
1130.0,285.0,100.0,0.0,7.0,1445.569834306916,-967.1320107116719,SAI,6
1140.0,290.58000000000004,100.0,0.0,7.0,1354.4162641804992,-974.6448489665773,SAI,6
1160.0,291.1714285714286,100.0,0.0,7.0,1239.874649742816,-984.5747249648222,SAI,6
1180.0,299.1071428571429,100.0,0.0,7.0,944.6121406698817,-1010.4178634643322,SAI,6
1200.0,304.0,100.0,0.0,7.0,662.3793908250418,-1035.450802306333,SAI,6
1210.0,304.66,100.0,0.0,7.0,566.0,-1044.0,SAI,6
1220.0,305.0,100.0,0.0,7.0,530.8272077868595,-1047.095776664899,SAI,6
1240.0,309.1222222222222,100.0,0.0,7.0,429.0,-1056.0,SAI,6
1250.0,312.0,100.0,0.0,8.0,274.36380364927635,-1069.666037879701,SAI,6
1270.0,313.9875,100.0,0.0,8.0,31.0,-1091.0,SAI,6
1280.0,315.0,100.0,0.0,8.0,-35.65263669736997,-1096.5520623919672,SAI,6
1290.0,316.22857142857146,100.0,0.0,8.0,-126.0,-1104.0,SAI,6
1300.0,317.0,100.0,0.0,8.0,-231.561068295361,-1113.3087440710842,SAI,6
1320.0,319.04488778771275,100.0,0.0,8.0,-489.0026784319697,-1136.3759635447068,SAI,6
1360.0,322.0,100.0,0.0,8.0,-882.5569765497858,-1171.0346659088907,SAI,7
1380.0,322.0,100.0,0.0,8.0,-968.4435355292067,-1178.564309498449,SAI,7
1390.0,322.46250026666667,100.0,0.0,8.0,-1030.0,-1184.0,SAI,7
1400.0,323.0,100.0,0.0,8.0,-1135.7230273896866,-1193.384106875455,SAI,7
1410.0,322.24499968,100.0,0.0,8.0,-1280.0,-1206.0,SAI,7
1420.0,322.0,100.0,0.0,8.0,-1324.6113715181173,-1209.7913431251047,SAI,7
1430.0,322.87750016,100.0,0.0,8.0,-1479.8002100028402,-1222.8767007807605,SAI,7
1440.0,323.0,100.0,0.0,8.0,-1619.0,-1235.0,SAI,7
1470.0,323.0,100.0,0.0,8.0,-1900.1042048307563,-1259.5527851112722,SAI,7
1490.0,323.0,100.0,0.0,8.0,-2101.0,-1278.0,SAI,7
1500.0,323.0,100.0,0.0,8.0,-2141.0268502588306,-1281.3383458343728,SAI,7
1520.0,323.0,100.0,0.0,8.0,-2352.0,-1300.0,SAI,7
1530.0,323.0,100.0,0.0,8.0,-2441.3379708227785,-1307.6827857302642,SAI,7
1550.0,323.0,100.0,0.0,8.0,-2731.295549754209,-1332.3865280385687,SAI,8
1570.0,323.0,100.0,0.0,8.0,-2923.0,-1350.0,SAI,8
1580.0,323.0,100.0,0.0,8.0,-3067.0,-1362.0,SAI,8
1590.0,323.0,100.0,0.0,8.0,-3093.0645750464505,-1364.211846540279,SAI,8
1600.0,323.0,100.0,0.0,8.0,-3228.0,-1376.0,SAI,8
1610.0,323.0,100.0,0.0,8.0,-3271.753551880358,-1379.8360252809825,SAI,8
1620.0,320.2718744,9.062479999999994,0.5,8.0,-3400.6675483262907,-1391.1039985147802,SAI,8
1630.0,307.8368187884669,0.0,1.0,8.0,-3559.0,-1405.0,SAI,8
1640.0,303.0,0.0,1.0,8.0,-3614.6577099923807,-1410.0802131402775,SAI,8
1650.0,286.28,0.0,1.0,8.0,-3734.0,-1421.0,SAI,8
1660.0,268.68,0.0,1.0,8.0,-3852.0,-1431.0,SAI,8
1670.0,259.0,0.0,1.0,8.0,-3914.5444937922884,-1436.572707034301,SAI,8
1680.0,250.2,0.0,1.0,8.0,-4032.059765246082,-1447.3467389404677,SAI,8
1690.0,235.32857142857142,0.0,1.0,8.0,-4130.0,-1456.0,SAI,8
1700.0,220.0,0.0,1.0,8.0,-4240.738166311717,-1465.9942537905242,SAI,8
1710.0,206.8,0.0,1.0,8.0,-4329.0,-1474.0,SAI,8
1720.0,183.325,0.0,1.0,7.0,-4419.1066210827785,-1481.5563705747245,SAI,8
1730.0,168.8642857142857,0.0,1.0,5.0,-4509.149698169962,-1486.2842272748032,SAI,8
1740.0,155.4125,0.0,1.0,3.0,-4683.275582418448,-1484.8417403818667,SAI,8
1750.0,145.0,0.0,1.0,3.0,-4764.0524679117425,-1480.6763101111223,SAI,8
1760.0,131.96666453333333,0.0,1.0,3.0,-4840.0,-1465.0,SAI,8
1770.0,124.48367439281196,0.0,1.0,2.0,-4911.036671926361,-1438.800913174574,SAI,9
1780.0,113.60416533333333,0.0,1.0,2.0,-4986.452380595818,-1393.1780582190506,SAI,9
1790.0,106.83809523809525,0.0,1.0,1.6666666666666667,-5050.378902256881,-1324.1291111361752,SAI,9
1800.0,97.11064939037992,0.0,1.0,1.0,-5104.243930846231,-1220.1366406903562,SAI,9
1810.0,89.04499968,0.0,1.0,1.0,-5127.933897525337,-1095.6311401278601,SAI,9
1820.0,81.32786406666666,0.0,0.5,1.0,-5114.141036918679,-1005.961705596357,SAI,9
1830.0,74.70416639999999,0.6902784000000001,0.0,1.0,-5066.338032142625,-898.8787130906446,SAI,9
1840.0,72.08611128888889,18.634722844444443,0.0,1.0,-5004.732658528195,-835.841436197491,SAI,9
1850.0,75.87916693333332,37.57708426666667,0.0,1.0,-4920.245327673617,-792.2710416585812,SAI,9
1860.0,81.42500053333333,40.712500266666666,0.0,1.0,-4862.514424693932,-785.7436421138395,SAI,9
1870.0,86.2503081295098,46.28388828578213,0.0,1.0,-4673.697927651426,-826.0195449575499,SAI,9
1880.0,93.76666666666667,46.07142857142858,0.0,1.0,-4588.428178569478,-860.424936929258,SAI,9
1890.0,96.31111111111112,7.605555555555555,0.6666666666666666,1.0,-4496.6605981379,-888.0878710545286,SAI,9
1900.0,87.48928571428571,0.0,1.0,1.0,-4391.373311039855,-907.5385198972238,SAI,9
1910.0,81.18,0.0,0.6666666666666666,1.0,-4298.69738828038,-906.0138711361182,SAI,9
1920.0,77.77428571428571,0.0,0.0,1.0,-4200.373812358363,-848.8993906393629,SAI,9
1930.0,74.935,10.470714285714287,0.0,1.0,-4155.0776572672385,-754.7775741153619,SAI,9
1940.0,75.3728532162399,25.432133040599762,0.0,1.0,-4138.967011947595,-660.2449531067278,SAI,9
1950.0,82.26038821236799,38.150970530919984,0.0,1.0,-4148.008606918531,-532.1697874038916,SAI,9
1960.0,90.7625008,49.2625008,0.0,1.0,-4171.824795526246,-467.1229193134936,SAI,9
1970.0,99.359376,57.179688,0.0,1.0,-4209.536276831957,-401.10300913980143,SAI,9
1980.0,109.92833408,63.510000639999994,0.0,2.0,-4285.920972987519,-306.60854166450247,SAI,9
1990.0,120.49250112,73.49250112,0.0,2.0,-4336.535560261184,-248.94420525807692,SAI,10
2000.0,130.6781264,78.5328136,0.0,2.0,-4384.226607264545,-184.1390562577323,SAI,10
2010.0,143.8031264,88.8453136,0.0,2.0,-4458.708587547722,-43.584636982464644,SAI,10
2020.0,155.6781264,95.242188,0.0,3.0,-4478.425070677811,4.515900734176501,SAI,10
2030.0,169.0,100.0,0.0,3.0,-4527.827442532434,201.95959083008748,SAI,10
2040.0,172.6375008,100.0,0.0,3.0,-4542.488027575762,270.6346215220071,SAI,10
2050.0,186.27857554285714,100.0,0.0,3.0,-4550.0,335.0,SAI,10
2060.0,192.0,100.0,0.0,4.0,-4553.818892855605,373.31443796554333,SAI,10
2070.0,203.3785728,100.0,0.0,4.0,-4566.270035332243,529.5517422652877,SAI,10
2080.0,207.4011155608039,100.0,0.0,4.0,-4567.0,602.0,SAI,10
2090.0,214.7548746955098,100.0,0.0,4.0,-4563.0,745.0,SAI,10
2100.0,215.0,100.0,0.0,5.0,-4562.728234012046,751.373814505517,SAI,10
2110.0,221.575,100.0,0.0,5.0,-4553.740916028177,936.0485195176118,SAI,10
2120.0,227.0,100.0,0.0,5.0,-4548.005210702407,1031.901411345514,SAI,10
2130.0,234.3,100.0,0.0,5.0,-4534.0,1174.0,SAI,10
2140.0,235.0,100.0,0.0,5.0,-4532.204322191576,1187.8485445238293,SAI,10
2160.0,242.5625,100.0,0.0,6.0,-4499.544816922631,1387.986309410698,SAI,10
2180.0,246.9375,100.0,0.0,6.0,-4450.946405742376,1587.199697774077,SAI,10
2200.0,254.0,100.0,0.0,6.0,-4363.567285272217,1799.7952664027412,SAI,10
2210.0,257.875,100.0,0.0,6.0,-4286.854968521525,1939.4031030722008,SAI,11
2230.0,264.0,100.0,0.0,6.0,-4141.191546105925,2115.122408089552,SAI,11
2240.0,265.08,100.0,0.0,6.0,-4101.0,2152.0,SAI,11
2250.0,267.0,100.0,0.0,6.0,-4019.45643227833,2221.046526442945,SAI,11
2260.0,268.43333333333334,100.0,0.0,6.0,-3915.0,2304.0,SAI,11
2280.0,270.0,100.0,0.0,7.0,-3850.1291954253606,2353.583533363876,SAI,11
2300.0,273.8167293939896,100.0,0.0,7.0,-3657.9675783454063,2453.348868367188,SAI,11
2320.0,276.0,100.0,0.0,7.0,-3411.694708680914,2558.3429256003387,SAI,11
2330.0,276.4437504,100.0,0.0,7.0,-3195.8600870844903,2631.3315311081064,SAI,11
2340.0,278.0,100.0,0.0,7.0,-3077.3744718767666,2668.92465959134,SAI,11
2350.0,279.0,100.0,0.0,7.0,-2949.8493915393256,2706.6306613881666,SAI,11
2360.0,280.26388977777776,100.0,0.0,7.0,-2891.0,2724.0,SAI,11
2380.0,284.0,100.0,0.0,7.0,-2768.832389720839,2761.438782463536,SAI,11
2390.0,285.11000064,100.0,0.0,7.0,-2710.0,2780.0,SAI,11
2400.0,286.0,100.0,0.0,7.0,-2651.3465254374973,2798.5422780496206,SAI,11
2410.0,287.1937504,100.0,0.0,7.0,-2497.0,2848.0,SAI,11
2420.0,288.0,100.0,0.0,7.0,-2378.611886485828,2887.0982382995917,SAI,11
2430.0,288.45500032,100.0,0.0,7.0,-2299.0,2914.0,SAI,12
2440.0,289.0,100.0,0.0,7.0,-2216.5194875516277,2942.702821223883,SAI,12
2460.0,291.0,100.0,0.0,7.0,-2051.74039608857,3003.0370717147207,SAI,12
2470.0,291.0,100.0,0.0,7.0,-1945.9363192815376,3042.118026990412,SAI,12
2480.0,291.0,100.0,0.0,7.0,-1874.0,3069.0,SAI,12
2490.0,291.0,100.0,0.0,7.0,-1734.8326586063827,3121.871813933096,SAI,12
2510.0,291.9500003555556,100.0,0.0,7.0,-1602.0,3173.0,SAI,12
2520.0,293.0,100.0,0.0,7.0,-1354.5205080233407,3271.107106002976,SAI,12
2530.0,293.25357165714286,100.0,0.0,7.0,-1280.0,3301.0,SAI,12
2550.0,293.8374998857143,83.74998857142857,0.0,7.0,-1185.6224450301513,3341.1169747638487,SAI,12
2570.0,292.6016690626551,0.0,1.0,7.0,-1042.9281259024688,3402.3181103300803,SAI,12
2590.0,274.8217256250963,0.0,1.0,7.0,-871.0,3477.0,SAI,12
2600.0,258.58500000000004,0.0,1.0,7.0,-756.9178665112299,3528.8299333571013,SAI,12
2610.0,227.22,0.0,1.0,7.0,-610.0,3595.0,SAI,12
2620.0,216.0,0.0,1.0,7.0,-560.9091022309552,3616.8290421367515,SAI,12
2630.0,208.53333333333333,0.0,1.0,7.0,-502.0,3643.0,SAI,12
2640.0,189.12,0.0,1.0,5.0,-366.15818516457455,3703.541303880457,SAI,12
2650.0,173.38181818181818,0.0,1.0,4.0,-231.1721963377047,3764.022135567951,SAI,13
2670.0,144.19393939393942,0.0,1.0,3.3333333333333335,-77.2815212021486,3826.704281342838,SAI,13
2680.0,144.0,0.0,1.0,3.0,65.41397251229584,3868.480575015716,SAI,13
2690.0,125.5625,0.0,1.0,2.5,132.45578631701892,3872.5508623674705,SAI,13
2700.0,114.21999999999998,0.0,1.0,2.0,220.11184158980942,3862.9194816790464,SAI,13
2710.0,109.0095356482265,0.0,0.3333333333333333,2.0,294.2780656502485,3835.23371273171,SAI,13
2720.0,105.03742177628897,0.0,0.0,2.0,401.1363301521975,3750.7275608479777,SAI,13
2730.0,103.24642834285714,3.507143314285714,0.0,2.0,460.59303438804193,3677.6395473142275,SAI,13
2740.0,101.43680551111112,31.354863822222224,0.0,2.0,508.2422434955409,3582.8646299925203,SAI,13
2750.0,102.0,41.0,0.0,2.0,539.143971360743,3505.824315838231,SAI,13
2780.0,126.88620844137931,69.44138107586207,0.0,2.0,582.0,3232.0,SAI,13
2790.0,132.99250112,74.71000064,0.0,2.0,588.1807892358852,3154.4721077472927,SAI,13
2800.0,138.87916693333332,78.87916693333334,0.0,2.3333333333333335,600.1132888611038,3039.204584356421,SAI,13
2810.0,146.5500032,85.82222506666666,0.0,3.0,616.0,2902.0,SAI,13
2820.0,160.04750144000002,96.91000063999999,0.0,3.0,626.2701647994562,2816.4969612575337,SAI,13
2830.0,167.0,100.0,0.0,3.0,634.0210494375415,2757.168589721434,SAI,13
2840.0,174.12500266666666,100.0,0.0,3.0,646.0,2669.0,SAI,13
2850.0,180.97916800000002,100.0,0.0,3.5,657.7046490727206,2587.014066099309,SAI,13
2860.0,189.46666666666667,100.0,0.0,4.0,672.5306058281028,2484.58378510706,SAI,13
2870.0,197.35,100.0,0.0,4.0,702.037899620781,2303.5054442067985,SAI,14
2880.0,202.0,100.0,0.0,4.0,714.4032177850056,2231.1138897437486,SAI,14
2890.0,207.0,100.0,0.0,5.0,732.8658975125032,2131.63949995077,SAI,14
2900.0,209.3625,100.0,0.0,5.0,745.9398735767454,2068.3167901139836,SAI,14
2910.0,213.85,100.0,0.0,5.0,767.0,1971.0,SAI,14
2920.0,217.54166666666669,100.0,0.0,5.0,785.2360343648563,1892.2537584395122,SAI,14
2930.0,222.2,97.3,0.0,5.0,823.151985029094,1756.4911049869506,SAI,14
2940.0,224.10833333333335,71.80833333333334,0.0,5.0,854.789882492447,1655.445797336678,SAI,14
2960.0,225.0,61.7375,0.0,5.0,903.6104985932302,1526.390416863758,SAI,14
2970.0,224.65,53.95,0.0,5.0,957.2747066779991,1406.70757876816,SAI,14
2990.0,222.9625,48.8125,0.0,5.0,1073.299024295465,1199.2940639513617,SAI,14
3000.0,222.0,44.0,0.0,5.0,1136.418031247908,1108.5067193680447,SAI,14
3010.0,218.0,48.12448136085812,0.0,5.0,1226.361762016925,1011.7271979400966,SAI,14
3030.0,217.7156248,53.0,0.0,5.0,1312.752989965306,931.0372409996949,SAI,14
3050.0,216.0,53.06458346666666,0.0,5.0,1528.939448927305,794.7975467757217,SAI,14
3060.0,216.0,54.0,0.0,5.0,1612.585692406577,753.2223378106605,SAI,14
3070.0,215.1812496,53.1812496,0.0,5.0,1650.0,742.0,SAI,14
3080.0,214.0,52.0,0.0,5.0,1736.81541671297,715.5310019713226,SAI,14
3090.0,212.99444408888888,52.0,0.0,5.0,1835.5,692.0,SAI,15
3100.0,212.0,52.0,0.0,5.0,1976.4583218611006,672.1750686247055,SAI,15
3110.0,211.6916664888889,52.30833351111111,0.0,5.0,2087.0,664.0,SAI,15
3120.0,211.0,53.0,0.0,5.0,2249.646038441476,673.5563223144989,SAI,15
3140.0,210.0874998857143,56.65000045714286,0.0,5.0,2347.2074979015433,698.0139307653435,SAI,15
3150.0,210.6972224,66.0638912,0.0,5.0,2451.0,731.0,SAI,15
3160.0,211.0,70.0,0.0,5.0,2524.597016857565,764.5736434691485,SAI,15
3170.0,212.0,72.0,0.0,5.0,2687.490826245044,846.1309182836495,SAI,15
3180.0,212.25357165714286,72.76071497142857,0.0,5.0,2727.0,867.0,SAI,15
3190.0,213.75833386666665,74.24166613333333,0.0,5.0,2791.0599179261167,910.5375764889666,SAI,15
3200.0,217.0,71.0,0.0,5.0,2867.3224736494426,978.8289942930222,SAI,15
3210.0,218.0071433142857,66.97142674285715,0.0,5.0,2929.5,1043.5,SAI,15
3220.0,219.0,63.0,0.0,5.0,2988.1692735060715,1107.9666222602439,SAI,15
3230.0,219.0,42.32916373333333,0.0,5.0,3087.637342864184,1206.7537969668883,SAI,15
3250.0,215.63571382857143,35.95357074285714,0.0,5.0,3202.894603147144,1293.3768133835006,SAI,15
3260.0,210.96666666666667,38.03333333333333,0.0,5.0,3332.6381996825944,1363.2459158134543,SAI,15
3270.0,209.82222222222222,39.17777777777778,0.0,5.0,3501.0,1421.0,SAI,15
3280.0,209.0,40.0,0.0,5.0,3564.6222825679115,1436.9145417155844,SAI,15
3290.0,206.46666666666667,41.9,0.0,5.0,3614.0,1441.0,SAI,15
3300.0,205.0,43.0,0.0,5.0,3699.3682366284456,1447.3993030467113,SAI,15
3310.0,205.0,43.0,0.0,5.0,3754.7751481734444,1450.514327607257,SAI,16
3320.0,201.34285714285716,48.48571428571429,0.0,5.0,3901.7499953412994,1441.5551543601293,SAI,16
3330.0,201.0,64.14285714285714,0.0,5.0,4072.0,1409.0,SAI,16
3340.0,201.0,69.0,0.0,5.0,4104.084333720451,1401.2052967631623,SAI,16
3350.0,204.13333333333333,69.53333333333333,0.0,5.0,4162.5466294834805,1381.4732321463466,SAI,16
3360.0,206.26666666666668,78.06666666666666,0.0,5.0,4295.0,1325.0,SAI,16
3370.0,207.825,81.825,0.0,5.0,4372.705177620463,1280.9326078759927,SAI,16
3380.0,209.0,83.0,0.0,5.0,4418.467254030563,1251.9225925566875,SAI,16
3390.0,210.6,92.06666666666666,0.0,5.0,4508.0,1185.0,SAI,16
3400.0,212.44720514671508,100.0,0.0,5.0,4598.005784674584,1106.2120707143017,SAI,16
3410.0,214.0,100.0,0.0,5.0,4661.367027357435,1043.0069926580597,SAI,16
3420.0,215.75500032,100.0,0.0,5.0,4750.608113930439,947.3568061564349,SAI,16
3440.0,219.5071433142857,100.0,0.0,5.0,4875.793423506595,799.424342679866,SAI,16
3450.0,222.8714294857143,100.0,0.0,5.0,4974.0,676.0,SAI,16
3460.0,223.0,100.0,0.0,5.0,4977.428386436018,671.6205355228972,SAI,16
3470.0,223.9839286857143,100.0,0.0,5.0,5076.226628839287,546.3214325750108,SAI,16
3490.0,228.70178605714284,100.0,0.0,5.0,5243.680335208509,351.6889557741748,SAI,16
3500.0,231.0,100.0,0.0,5.0,5331.307213135172,252.6154765250409,SAI,16
3510.0,232.0,100.0,0.0,5.0,5369.77401967098,209.75752346383845,SAI,16
3520.0,232.33214354285715,100.0,0.0,5.0,5380.0,198.0,SAI,16
3530.0,234.8446432,100.0,0.0,5.0,5479.382155528376,82.76510072013785,SAI,17
3540.0,235.71250026666667,100.0,0.0,5.0,5560.0,-7.0,SAI,17
3550.0,236.0,100.0,0.0,5.0,5590.060121414862,-40.56299660054091,SAI,17
3560.0,238.04642925714285,100.0,0.0,5.0,5674.0,-135.0,SAI,17
3570.0,239.37916693333335,100.0,0.0,6.0,5733.754246017709,-202.2691490489304,SAI,17
3580.0,241.15500032,100.0,0.0,6.0,5827.095540595785,-306.29566357352087,SAI,17
3600.0,241.93499903999998,91.12499199999999,0.0,6.0,5925.281697222214,-417.08179104489795,SAI,17
3610.0,235.83124853333334,44.687493333333336,1.0,6.0,6008.100186276744,-512.3387934354414,SAI,17
3620.0,226.66458186666665,3.020826666666668,1.0,6.0,6090.621000884616,-608.439157195203,SAI,17
3640.0,208.9321408,0.0,1.0,6.0,6200.940046403762,-736.7297684859705,SAI,17
3650.0,199.5437488,0.0,1.0,5.5,6318.230490474802,-892.3426479402568,SAI,17
3670.0,188.82142857142856,0.0,1.0,4.0,6372.3935884605835,-990.0947477384487,SAI,17
3680.0,184.1,0.0,1.0,4.0,6407.264175582283,-1096.8142921286317,SAI,17
3690.0,178.35,0.0,1.0,4.0,6425.325583904638,-1210.3138113557252,SAI,17
3700.0,175.20999999999998,0.0,1.0,4.0,6421.149934214405,-1364.6559955590346,SAI,17
3720.0,164.385,35.705,0.5,4.0,6379.761569984523,-1540.11722540176,SAI,17
3730.0,165.0,48.0,0.0,4.0,6361.396517832317,-1602.7077529701687,SAI,17
3740.0,165.88,48.0,0.0,4.0,6322.227400730915,-1677.3398500180665,SAI,17
3750.0,167.39,62.260000000000005,0.0,4.0,6244.435186041863,-1803.3779758629646,SAI,18
3760.0,170.68656738278764,64.22885579426254,0.0,4.0,6208.794063005786,-1852.0786430456956,SAI,18
3770.0,173.0,65.0,0.0,4.0,6166.02767499625,-1894.4322249098614,SAI,18
3780.0,175.7888896,68.486112,0.0,4.0,6054.0,-1997.0,SAI,18
3790.0,178.8875008,71.34821485714286,0.0,4.0,5993.306747007122,-2034.6725924670213,SAI,18
3800.0,184.4437504,75.8875008,0.0,4.0,5893.670721771489,-2079.5813355493347,SAI,18
3810.0,186.0,79.0,0.0,4.0,5813.946892061334,-2106.111462374004,SAI,18
3820.0,190.1937504,82.3875008,0.0,4.0,5654.896498728067,-2147.8471451435807,SAI,18
3830.0,192.0,86.0,0.0,4.0,5591.596834726022,-2161.906862744718,SAI,18
3840.0,199.89107245714285,86.87678582857143,0.0,4.0,5509.894194764027,-2174.574574543038,SAI,18
3850.0,204.0,100.0,0.0,4.0,5400.355319638169,-2192.177810797207,SAI,18
3860.0,206.92500205714285,100.0,0.0,4.0,5346.0,-2200.0,SAI,18
3870.0,212.5339296,100.0,0.0,4.5,5244.475282405896,-2211.8008374580804,SAI,18
3880.0,218.0,100.0,0.0,5.0,5139.8625827156575,-2219.322665579886,SAI,18
3890.0,218.0,100.0,0.0,5.0,5062.566351541072,-2222.7929743157247,SAI,18
3900.0,222.2468768,100.0,0.0,5.0,4948.0,-2226.0,SAI,18
3910.0,226.5921884,100.0,0.0,5.0,4848.470309223141,-2228.3614677802716,SAI,18
3920.0,233.82500189090908,100.0,0.0,5.0,4626.0,-2237.0,SAI,18
3940.0,240.25500032,100.0,0.0,6.0,4531.5670247286125,-2241.357679357521,SAI,18
3950.0,242.0,100.0,0.0,6.0,4422.471794291014,-2247.7676341030597,SAI,18
3960.0,244.8875008,100.0,0.0,6.0,4339.564639855589,-2253.080597209863,SAI,18
3980.0,251.09250112,100.0,0.0,6.0,4108.0,-2269.0,SAI,19
3990.0,253.0,100.0,0.0,6.0,4030.0947390761717,-2273.8452086931607,SAI,19
4000.0,254.01428662857143,100.0,0.0,6.0,3981.0,-2277.0,SAI,19
4010.0,256.93571474285716,100.0,0.0,6.0,3833.6168444974437,-2287.2857577049517,SAI,19
4030.0,258.75833386666665,100.0,0.0,6.0,3594.0,-2302.0,SAI,19
4040.0,260.0,100.0,0.0,6.0,3526.561541051429,-2305.8969464479133,SAI,19
4050.0,261.46443528985833,100.0,0.0,6.0,3458.2004664062856,-2310.236343533979,SAI,19
4070.0,264.0375,100.0,0.0,6.0,3250.316137748821,-2325.4852978890326,SAI,19
4080.0,265.23636363636365,100.0,0.0,6.0,3047.348904710087,-2342.8375627267405,SAI,19
4100.0,267.8363636363636,100.0,0.0,6.0,2904.0,-2357.0,SAI,19
4110.0,269.0,100.0,0.0,6.0,2817.227130973019,-2365.8050351535226,SAI,19
4130.0,271.0,79.4,0.0,6.0,2669.4341236108867,-2380.719300748524,SAI,19
4140.0,271.0,16.15,0.5,6.0,2512.1472699036644,-2397.3023796761036,SAI,19
4160.0,271.0,1.0125024000000007,1.0,6.0,2374.5540699486505,-2412.052555938289,SAI,19
4170.0,238.3858887663771,0.0,1.0,6.0,2234.0499102962553,-2428.5352306236373,SAI,19
4180.0,220.02505976540394,0.0,1.0,6.0,2110.0,-2444.0,SAI,19
4190.0,208.3959889490143,0.0,1.0,6.0,2015.0,-2456.0,SAI,20
4200.0,195.42738414669122,0.0,1.0,6.0,1933.474791639595,-2466.639122698321,SAI,20
4210.0,175.5593728,0.0,1.0,6.0,1829.9918818443284,-2479.6528265851975,SAI,20
4220.0,156.0,0.0,1.0,3.0,1665.997912811776,-2504.832701240355,SAI,20
4230.0,143.6895808,0.0,1.0,3.0,1615.0195466923537,-2513.515755028583,SAI,20
4240.0,128.95624853333334,0.0,1.0,2.5,1542.141725546001,-2529.10738422147,SAI,20
4250.0,113.23611022222222,0.0,1.0,2.0,1404.991802152969,-2563.813155428695,SAI,20
4260.0,99.42222079999999,0.0,1.0,1.3333333333333333,1337.2327480558577,-2594.648492445646,SAI,20
4270.0,88.56098366060606,0.0,1.0,1.0,1276.269800851768,-2637.16554248088,SAI,20
4280.0,79.59949420606061,0.0,1.0,1.0,1227.748509467385,-2726.075651154156,SAI,20
4290.0,73.0562496,4.2468768,0.0,1.0,1226.8419747356675,-2809.9002914975017,SAI,20
4320.0,89.41167404021165,56.71567583492064,0.0,1.0,1417.1051620694768,-3044.3424045330853,SAI,20
4330.0,103.27619047619048,68.41904761904762,0.0,1.0,1489.9420596443651,-3089.8519342489635,SAI,20
4340.0,116.05714285714285,72.91428571428571,0.0,1.5,1674.9962705625644,-3199.0214614250904,SAI,20
4350.0,127.34444444444443,82.60555555555555,0.0,2.0,1775.2016034777157,-3257.796610802925,SAI,20
4360.0,131.55714285714285,85.91428571428571,0.0,2.0,1829.0,-3290.0,SAI,20
4370.0,146.26666666666668,85.7,0.0,2.3333333333333335,1927.3944284656934,-3355.7043388297275,SAI,20
4380.0,150.1972209777778,83.23333546666666,0.0,3.0,1986.0,-3400.0,SAI,20
4390.0,157.51999999999998,75.0,0.0,3.0,2098.8036510870297,-3509.173401106392,SAI,20
4400.0,165.4142857142857,74.05714285714285,0.0,3.0,2147.262672042455,-3570.1189949462587,SAI,20
4410.0,170.0,71.0,0.0,4.0,2189.830918576678,-3643.31477834224,SAI,21
4420.0,173.65124592768592,71.0,0.0,4.0,2240.667477151971,-3762.7006523832656,SAI,21
4430.0,176.33250048,74.8875008,0.0,4.0,2262.488569522411,-3846.969228629803,SAI,21
4440.0,180.2750016,79.2750016,0.0,4.0,2278.0,-3937.0,SAI,21
4450.0,186.6375008,85.6375008,0.0,4.0,2294.58459327159,-4136.380905625666,SAI,21
4460.0,188.0,86.0,0.0,4.0,2298.0928954528354,-4196.036695440269,SAI,21
4470.0,191.1833344,97.1416704,0.0,4.0,2291.0,-4261.0,SAI,21
4480.0,192.0,100.0,0.0,4.0,2286.908416866519,-4292.622043692718,SAI,21
4490.0,195.085938,100.0,0.0,4.0,2264.5178184096035,-4450.844047603164,SAI,21
4500.0,199.617188,100.0,0.0,4.0,2240.1526821932985,-4550.887956893242,SAI,21
4520.0,202.1937504,95.640616,0.0,4.0,2200.511562210308,-4680.882777357881,SAI,21
4530.0,205.8187504,14.078116000000001,0.5,4.0,2122.597605678019,-4880.1146554535735,SAI,21
4550.0,194.0,0.0,1.0,4.0,2063.163994976357,-5004.314170243004,SAI,21
4560.0,184.6843728,0.0,1.0,4.0,2026.0257540419984,-5065.900280668026,SAI,21
4570.0,174.4979152,0.0,1.0,4.0,1956.6274718225573,-5173.343354101884,SAI,21
4580.0,159.5890612,0.0,1.0,3.5,1873.1694087047827,-5278.5694859055575,SAI,21
4590.0,157.1812496,0.0,1.0,3.0,1827.783559618918,-5331.712988545258,SAI,21
4600.0,153.75340858181818,0.0,1.0,3.0,1771.68935765536,-5389.619847498507,SAI,21
4610.0,150.96136261818182,0.0,1.0,3.0,1717.0,-5435.0,SAI,21
4620.0,146.8062496,0.0,0.0,3.0,1625.759425175091,-5481.953898463795,SAI,21
4630.0,142.64249952,0.0,0.0,3.0,1498.8446030464647,-5506.045519180905,SAI,22
4640.0,141.0,0.0,0.0,3.0,1326.4973370693547,-5500.479169993552,SAI,22
4650.0,137.0,27.0,0.0,3.0,1266.3821274164436,-5486.288194802893,SAI,22
4660.0,137.9,33.75,0.0,3.0,1248.0,-5479.0,SAI,22
4670.0,141.3714285714286,57.61904761904762,0.0,3.0,1147.107352159108,-5436.0097535819,SAI,22
4680.0,145.9124992,63.274999466666664,0.0,3.0,1037.9453351677569,-5367.737975760567,SAI,22
4690.0,152.9,67.93333333333334,0.0,3.0,949.7231119437699,-5293.837313503482,SAI,22
4700.0,162.53333333333333,87.86666666666667,0.0,3.0,890.3792450715273,-5238.96298668238,SAI,22
4710.0,170.25622781636505,100.0,0.0,3.0,811.1562029753576,-5166.935228573695,SAI,22
4720.0,180.09964506184087,100.0,0.0,3.0,727.5818171537471,-5092.015773548381,SAI,22
4730.0,183.85000106666666,100.0,0.0,3.0,667.0,-5037.0,SAI,22
4740.0,188.2750016,100.0,0.0,4.0,565.2338297348373,-4945.606441856154,SAI,22
4760.0,204.1937504,100.0,0.0,5.0,459.7053723872018,-4851.306436854844,SAI,22
4770.0,207.0,100.0,0.0,5.0,398.9694813142107,-4797.032697155604,SAI,22
4780.0,213.29166933333335,100.0,0.0,5.0,344.0,-4748.0,SAI,22
4790.0,220.97916800000002,100.0,0.0,5.0,259.5015609473432,-4672.741216260512,SAI,22
4810.0,229.01428662857143,100.0,0.0,5.0,132.76481881056753,-4559.515292679481,SAI,22
4820.0,231.982144,100.0,0.0,5.0,64.0,-4498.0,SAI,22
4830.0,235.0,100.0,0.0,5.0,-17.29988442525966,-4424.132601772668,SAI,22
4840.0,238.7750016,100.0,0.0,5.0,-92.0,-4357.5,SAI,22
4850.0,241.98250048,100.0,0.0,6.0,-169.2955110054637,-4288.489790639578,SAI,23
4860.0,244.0,100.0,0.0,6.0,-235.07919691501309,-4229.318419717297,SAI,23
4870.0,245.8187504,100.0,0.0,6.0,-313.37292411337006,-4159.701831097282,SAI,23
4890.0,248.62500072727272,80.04999447272728,0.0,6.0,-491.0,-4003.0,SAI,23
4900.0,251.0,62.0,0.0,6.0,-575.6122403688066,-3928.4727276743874,SAI,23
4920.0,250.01874986666667,53.1687488,0.0,6.0,-680.2219139685108,-3863.2391711090004,SAI,23
4930.0,248.04499968,49.08999936,0.0,6.0,-848.476866993816,-3777.3866180513514,SAI,23
4940.0,245.0,35.0,0.0,6.0,-973.5398241070595,-3729.2742443383895,SAI,23
4960.0,239.91117590465785,37.36196946191322,0.0,6.0,-1082.981786135055,-3719.747322528774,SAI,23
5040.0,237.13333333333333,83.2,0.0,6.0,-1916.4818593468567,-3920.1937106079367,SAI,23
5050.0,239.0,100.0,0.0,6.0,-1987.0337017827917,-3957.011924314433,SAI,23
5060.0,239.85,100.0,0.0,6.0,-2044.594361057212,-3988.6811786773483,SAI,23
5070.0,242.28,100.0,0.0,6.0,-2152.0,-4043.0,SAI,24
5080.0,243.0,100.0,0.0,6.0,-2182.0112578196913,-4056.830626156734,SAI,24
5090.0,243.89795931398956,100.0,0.0,6.0,-2263.0,-4091.0,SAI,24
5110.0,246.0,100.0,0.0,6.0,-2485.8132374733286,-4159.469605277661,SAI,24
5120.0,246.0,100.0,0.0,6.0,-2629.6649919174333,-4184.6377163492925,SAI,24
5130.0,246.0,100.0,0.0,6.0,-2685.0,-4191.0,SAI,24
5140.0,246.0,100.0,0.0,6.0,-2776.4993660936802,-4199.168811738461,SAI,24
5150.0,243.70954296021057,61.82571600350964,0.0,6.0,-2848.0,-4199.0,SAI,24
5160.0,237.7249984,0.0,1.0,6.0,-3042.7787824861734,-4181.005167327933,SAI,24
5170.0,226.0,0.0,1.0,6.0,-3186.3724361785635,-4159.794614807315,SAI,24
5190.0,212.2249984,0.0,1.0,6.0,-3289.216123025883,-4131.7011637191445,SAI,24
5200.0,205.6687488,0.0,1.0,6.0,-3377.8368747667637,-4106.180160127315,SAI,24
5210.0,197.4499968,0.0,1.0,6.0,-3467.0,-4073.0,SAI,24
5220.0,187.2249984,0.0,1.0,5.0,-3562.197444835967,-4028.758407711145,SAI,24
5230.0,176.25475992380953,0.0,1.0,4.0,-3657.6456184244767,-3973.3825465441514,SAI,24
5240.0,167.0,0.0,1.0,3.0,-3748.395156269097,-3906.0873494349175,SAI,24
5250.0,155.93749866666667,0.0,1.0,3.0,-3849.348818542126,-3814.021196281272,SAI,24
5260.0,146.00624906666667,0.0,1.0,3.0,-3899.6573715740687,-3750.473958316894,SAI,24
5270.0,138.95249855999998,0.0,1.0,3.0,-3953.425389345867,-3671.182407286558,SAI,24
5280.0,132.13499904,0.0,1.0,2.3333333333333335,-3991.342960753605,-3601.058156259192,SAI,24
5290.0,127.46999808,0.0,1.0,2.0,-4031.0,-3502.0,SAI,25
5300.0,119.7093744,0.0,1.0,2.0,-4045.4925271557186,-3435.8499324458094,SAI,25
5310.0,111.28354101333333,0.0,0.5,2.0,-4039.08950289063,-3288.559592959854,SAI,25
5320.0,105.0,0.0,0.0,2.0,-4014.81295358652,-3191.1490512007977,SAI,25
5330.0,103.2270832,23.009377599999997,0.0,2.0,-3980.023028889999,-3130.8263824585215,SAI,25
5340.0,103.95500032,39.955000319999996,0.0,2.0,-3903.453731530669,-3040.4707434725024,SAI,25
5350.0,107.64411065357623,43.644110653576234,0.0,2.0,-3808.0,-2973.0,SAI,25
5360.0,111.56,48.080000000000005,0.0,2.0,-3745.618093886269,-2944.9881175142123,SAI,25
5370.0,117.4,53.66666666666667,0.0,2.0,-3664.7419896869123,-2917.7362659233104,SAI,25
5380.0,126.15512432667023,71.6952900955639,0.0,2.0,-3548.2589740007843,-2886.9753130194476,SAI,25
5390.0,134.93366874897086,80.39547767783633,0.0,2.0,-3456.283573735303,-2866.4029145635595,SAI,25
5400.0,147.225,84.2,0.0,3.0,-3298.0091329343104,-2832.827304243746,SAI,25
5410.0,156.0,92.0,0.0,3.0,-3192.0927695092364,-2811.5863676666204,SAI,25
5420.0,166.6781264,100.0,0.0,3.0,-3139.0767900014807,-2801.907797376688,SAI,25
5430.0,180.0,100.0,0.0,4.0,-3024.783285875199,-2782.0216582497123,SAI,25
5440.0,188.5500032,100.0,0.0,4.0,-2945.0,-2768.0,SAI,25
5450.0,194.72857234285715,100.0,0.0,4.0,-2873.8284645471726,-2755.3788920421257,SAI,25
5460.0,200.02857325714285,100.0,0.0,4.0,-2772.0,-2739.0,SAI,25
5470.0,203.24250112,100.0,0.0,4.0,-2713.1660637002456,-2730.059029681579,SAI,25
5480.0,209.73408814545456,100.0,0.0,5.0,-2608.0927203963647,-2713.826123238166,SAI,25
-10.0,96.86666666666666,2.733333333333334,0.0,2.0,-384.6436923898301,-2347.0866224693427,HAD,1
0.0,95.65555531851851,27.56111597037037,0.0,2.0,-330.2680425344184,-2337.9687900501644,HAD,1
10.0,97.2363648,29.5386304,0.0,2.0,-264.0,-2327.0,HAD,1
20.0,100.06383874285714,3.7145093142857144,0.5,2.0,-130.80665729455282,-2303.211563241534,HAD,1
30.0,98.85416711111111,15.545841422222223,0.0,2.0,-42.64211487707186,-2287.3690461106507,HAD,1
40.0,103.5270848,88.79582719999999,0.0,2.0,43.67234045090139,-2270.6571007867697,HAD,1
50.0,117.83708474666666,59.84833098666667,0.0,2.0,145.02739499991986,-2251.3057815829716,HAD,1
60.0,131.47750272,83.03500288000001,0.0,2.0,272.0,-2228.0,HAD,1
70.0,141.53125066666666,95.5562512,0.0,3.0,356.53356751087836,-2212.883759481936,HAD,1
90.0,158.94318545454544,100.0,0.0,3.0,499.0,-2187.0,HAD,1
100.0,170.31250133333333,100.0,0.0,3.0,591.5373162475299,-2170.338494379351,HAD,1
110.0,179.512536153754,100.0,0.0,4.0,751.2924861975509,-2141.238057138301,HAD,1
120.0,190.7214492307166,100.0,0.0,4.0,831.0,-2126.0,HAD,1
130.0,195.0,100.0,0.0,4.0,877.3116756170485,-2117.3246752916843,HAD,1
140.0,202.77142857142857,100.0,0.0,4.5,1068.5358424259343,-2081.973673960244,HAD,1
160.0,219.4125,100.0,0.0,5.0,1288.132914364683,-2041.1839149669368,HAD,1
170.0,222.0,100.0,0.0,5.0,1357.1902795656515,-2028.5678745027435,HAD,1
180.0,229.0,100.0,0.0,5.0,1447.457431861297,-2012.3764284706551,HAD,1
190.0,232.58750186666666,100.0,0.0,5.0,1527.0,-1998.0,HAD,1
200.0,236.0,100.0,0.0,6.0,1624.6397588248192,-1980.2552400897562,HAD,1
210.0,240.9968776,100.0,0.0,6.0,1725.0,-1962.0,HAD,1
220.0,249.0,100.0,0.0,6.0,1829.9162440684759,-1942.951489431542,HAD,1
230.0,250.5750016,100.0,0.0,6.0,1862.0,-1937.0,HAD,2
240.0,254.0,100.0,0.0,6.0,1941.3348912799072,-1921.980247075752,HAD,2
250.0,257.9214299428571,100.0,0.0,6.0,2085.0,-1895.0,HAD,2
260.0,260.8069450666667,100.0,0.0,6.0,2230.308378389473,-1868.530789070261,HAD,2
280.0,267.0,100.0,0.0,6.0,2413.035623880411,-1836.8742677913733,HAD,2
290.0,268.85714285714283,100.0,0.0,6.0,2463.0,-1829.0,HAD,2
300.0,272.0,100.0,0.0,6.0,2580.4438350207306,-1810.6072211799346,HAD,2
310.0,273.05,100.0,0.0,6.0,2643.0,-1801.0,HAD,2
320.0,275.0,100.0,0.0,7.0,2761.420456526716,-1783.1738022249656,HAD,2
330.0,276.7625,100.0,0.0,7.0,2833.0,-1772.0,HAD,2
350.0,281.398340354746,100.0,0.0,7.0,3028.969095162832,-1741.237512539205,HAD,2
370.0,284.0,100.0,0.0,7.0,3234.8668803373557,-1708.8102405506852,HAD,2
380.0,284.5107145142857,100.0,0.0,7.0,3367.0,-1688.0,HAD,2
390.0,285.0,100.0,0.0,7.0,3452.5099748263515,-1674.6527998316221,HAD,2
400.0,285.65357165714283,100.0,0.0,7.0,3555.0,-1659.0,HAD,2
410.0,286.0,100.0,0.0,7.0,3633.7676846477166,-1647.0908349133233,HAD,2
430.0,263.14249344,44.249984000000005,0.0,7.0,3834.0,-1617.0,HAD,2
440.0,241.3687472,0.0,1.0,7.0,3959.7893072996185,-1598.3035404710413,HAD,2
450.0,231.0,0.0,1.0,7.0,4025.883111171044,-1588.4388468707598,HAD,3
460.0,204.33499648,0.0,1.0,7.0,4152.047503813907,-1568.8240572430925,HAD,3
470.0,185.09499776,0.0,1.0,7.0,4250.119477589731,-1550.9869359116828,HAD,3
480.0,171.2333312,0.0,1.0,6.0,4343.321664480958,-1530.4837549541521,HAD,3
490.0,157.49687360000001,0.0,1.0,4.0,4433.3486910507145,-1507.2511127272464,HAD,3
500.0,144.11499818666667,0.0,1.0,3.0,4517.687842755725,-1482.5845491582065,HAD,3
510.0,125.35277582222221,0.0,1.0,3.0,4616.368825603498,-1437.0271430145528,HAD,3
520.0,108.69833258666667,0.0,1.0,2.0,4699.561594879046,-1369.0673235415486,HAD,3
530.0,100.02749951999999,0.0,1.0,1.25,4749.674459015299,-1294.6733820527165,HAD,3
540.0,99.0,0.0,1.0,1.0,4783.583217407952,-1204.7185440160222,HAD,3
550.0,84.61,0.0,0.3333333333333333,1.0,4797.70524762812,-1098.8142661022628,HAD,3
560.0,74.4229159111111,5.856250933333333,0.0,1.0,4788.848725051704,-1001.786776661137,HAD,3
570.0,74.06250044444444,15.637500266666665,0.0,1.0,4761.196467828994,-912.8520027369627,HAD,3
580.0,79.1718752,19.0359376,0.0,1.0,4737.548526286507,-872.3514842327717,HAD,3
590.0,84.45875000000001,23.74875,0.0,1.0,4670.245944118597,-798.3854089646873,HAD,3
600.0,94.64,34.24666666666667,0.0,1.0,4565.057376000692,-732.6339599488069,HAD,3
620.0,109.53900087590215,47.59806176025206,0.0,1.0,4382.079284012613,-709.9806704770726,HAD,3
630.0,118.0,61.0,0.0,2.0,4245.2289735491195,-715.3302420622376,HAD,3
640.0,128.66607268571428,62.93928594285714,0.0,2.0,4181.7329391741205,-720.1694953722906,HAD,3
650.0,140.20714422857142,73.27321554285714,0.0,2.5,4101.062554931178,-726.5468146423282,HAD,3
660.0,151.7078136,91.5218768,0.0,3.0,3962.485697369842,-741.6376324732411,HAD,3
670.0,156.69000192,97.08625024,0.0,3.0,3803.48324988723,-760.2364366765538,HAD,4
690.0,178.89000192,99.86125024,0.0,3.5,3690.633511077483,-772.8207496963469,HAD,4
700.0,183.3718776,100.0,0.0,4.0,3637.0,-778.0,HAD,4
710.0,193.0,100.0,0.0,4.0,3472.961716811774,-793.1437324038496,HAD,4
720.0,202.0750016,100.0,0.0,4.5,3369.847669050124,-802.4134567478336,HAD,4
730.0,208.05000106666665,100.0,0.0,5.0,3270.0,-811.0,HAD,4
740.0,209.0,100.0,0.0,5.0,3242.551715192191,-813.2455550062137,HAD,4
750.0,221.44750208,100.0,0.0,5.0,3117.542876034097,-823.6457409715256,HAD,4
760.0,229.2500022857143,100.0,0.0,5.0,2909.0,-842.0,HAD,4
770.0,232.0,100.0,0.0,6.0,2856.381491147429,-846.4793654930456,HAD,4
780.0,236.0,100.0,0.0,6.0,2786.0587925673567,-851.8621066981254,HAD,4
790.0,240.04444444444445,100.0,0.0,6.0,2737.0,-856.0,HAD,4
800.0,247.04444444444445,100.0,0.0,6.0,2614.0,-867.0,HAD,4
810.0,251.43,100.0,0.0,6.0,2524.2988649768977,-874.8528896011659,HAD,4
830.0,260.49125088,100.0,0.0,6.0,2287.401989140858,-895.175648591329,HAD,4
850.0,266.2875008,100.0,0.0,6.5,2118.32957561825,-909.7333019011501,HAD,4
870.0,276.09464411428576,100.0,0.0,7.0,1913.5377618134935,-926.7601068092514,HAD,4
880.0,278.5928576,100.0,0.0,7.0,1794.0,-937.0,HAD,4
890.0,279.73571474285717,100.0,0.0,7.0,1670.0,-948.0,HAD,5
900.0,280.0,100.0,0.0,7.0,1642.002089063036,-950.4278184013676,HAD,5
910.0,286.53571657142857,100.0,0.0,7.0,1505.0,-962.0,HAD,5
920.0,290.0,100.0,0.0,7.0,1437.9533106310719,-967.7255609569911,HAD,5
930.0,290.68333333333334,100.0,0.0,7.0,1297.0,-980.0,HAD,5
940.0,291.0,100.0,0.0,7.0,1196.797632953729,-988.8020184821332,HAD,5
950.0,293.275,100.0,0.0,7.0,1058.0,-1001.0,HAD,5
960.0,298.0,100.0,0.0,8.0,931.5306986570679,-1011.9313689714827,HAD,5
980.0,301.4428279009168,100.0,0.0,8.0,826.0,-1021.0,HAD,5
1000.0,306.84095691854725,100.0,0.0,8.0,461.5991169939221,-1052.8204945982775,HAD,5
1030.0,312.14500096,100.0,0.0,8.0,195.0,-1076.0,HAD,5
1040.0,313.0,100.0,0.0,8.0,158.74197057025233,-1079.1445085785135,HAD,5
1060.0,316.0,100.0,0.0,8.0,5.793754429609045,-1092.4455590024882,HAD,5
1070.0,317.5888896,100.0,0.0,8.0,-101.0,-1102.0,HAD,5
1090.0,320.0958336,100.0,0.0,8.0,-301.6612645269504,-1120.1065975121414,HAD,5
1110.0,321.7625002666667,100.0,0.0,8.0,-480.35596308229174,-1135.2358074086874,HAD,6
1130.0,323.1916672,100.0,0.0,8.0,-633.0,-1149.0,HAD,6
1150.0,325.00535725714286,100.0,0.0,8.0,-829.648686755263,-1165.8806364516877,HAD,6
1170.0,325.89821440000003,100.0,0.0,8.0,-1054.671056514873,-1186.2405482037254,HAD,6
1180.0,326.8785718857143,100.0,0.0,8.0,-1192.0,-1198.0,HAD,6
1200.0,327.93928594285717,100.0,0.0,8.0,-1326.0809755042455,-1209.6160594292337,HAD,6
1220.0,327.0,100.0,0.0,8.0,-1518.6629590221391,-1226.460044223924,HAD,6
1230.0,327.2593752,100.0,0.0,8.0,-1627.0,-1236.0,HAD,6
1240.0,327.7593752,100.0,0.0,8.0,-1899.0,-1260.0,HAD,6
1250.0,328.0,100.0,0.0,8.0,-1984.784315391441,-1267.6014836738764,HAD,6
1270.0,327.0,100.0,0.0,8.0,-2095.535160906131,-1277.5909767621283,HAD,6
1280.0,327.0,100.0,0.0,8.0,-2134.0,-1281.0,HAD,6
1300.0,327.0,100.0,0.0,8.0,-2521.0,-1315.0,HAD,6
1310.0,327.0,100.0,0.0,8.0,-2557.865418811646,-1318.1793656276254,HAD,6
1320.0,327.0,100.0,0.0,8.0,-2669.3555232040085,-1327.4285451568644,HAD,6
1330.0,326.7418545175973,100.0,0.0,8.0,-2757.0,-1335.0,HAD,7
1360.0,326.04511277471875,100.0,0.0,8.0,-3136.033191198976,-1368.5844066106304,HAD,7
1380.0,326.0,1.0,0.0,8.0,-3265.3573413581744,-1379.533301658203,HAD,7
1390.0,323.5888888888889,0.6555555555555556,0.0,8.0,-3352.0,-1387.0,HAD,7
1410.0,319.0,0.0,0.0,8.0,-3652.847117012117,-1413.5588743478386,HAD,7
1420.0,316.5812464,0.0,0.0,8.0,-3703.0,-1418.0,HAD,7
1430.0,310.0,0.0,1.0,8.0,-3813.6889944394848,-1427.8025475042941,HAD,7
1440.0,310.0,0.0,1.0,8.0,-3914.5426495735987,-1436.7168991163226,HAD,7
1450.0,292.7107035428571,0.0,1.0,8.0,-3975.0,-1442.0,HAD,7
1460.0,263.0,0.0,1.0,8.0,-4079.428588902871,-1451.0003013307346,HAD,7
1480.0,249.75249472000002,0.0,1.0,7.0,-4180.403712037433,-1459.9439093009573,HAD,7
1490.0,214.84,0.0,1.0,7.0,-4257.187146742237,-1467.7099183073,HAD,7
1500.0,197.82999999999998,0.0,1.0,7.0,-4391.0,-1480.0,HAD,7
1510.0,187.4,0.0,1.0,5.0,-4467.524828772124,-1484.30644644109,HAD,7
1520.0,174.06,0.0,1.0,4.0,-4547.34002806506,-1486.7690013524655,HAD,7
1530.0,161.08298704278494,0.0,1.0,4.0,-4679.324636138462,-1484.9082088866062,HAD,7
1540.0,152.0,0.0,1.0,3.0,-4780.605976400931,-1479.0703217229063,HAD,7
1550.0,136.09999908571427,0.0,1.0,3.0,-4840.663489120881,-1465.096905313831,HAD,8
1560.0,128.4249984,0.0,1.0,2.0,-4907.881442210104,-1442.4277787341416,HAD,8
1570.0,110.3374992,0.0,1.0,1.75,-5013.347504450592,-1366.4701907688998,HAD,8
1580.0,97.63749937777777,0.0,1.0,1.0,-5089.334236690942,-1260.8531747081604,HAD,8
1590.0,86.43666602666667,0.0,1.0,1.0,-5113.383765277579,-1185.422723369148,HAD,8
1600.0,80.14166613333333,0.0,1.0,1.0,-5128.741342863336,-1090.820992492314,HAD,8
1620.0,67.0,16.0,0.0,1.0,-5059.5455214665735,-890.6474695636338,HAD,8
1630.0,68.93933122963514,20.466523381070573,0.0,1.0,-5000.254382780932,-833.2821527207202,HAD,8
1640.0,87.2625,25.2625,0.0,1.0,-4881.389212038736,-786.4882679538919,HAD,8
1650.0,93.42250048,25.42250048,0.0,1.0,-4791.04668758201,-793.6290975581338,HAD,8
1660.0,99.6916672,34.3833344,0.0,1.0,-4654.354668702853,-834.8716211656089,HAD,8
1670.0,104.41964342857142,20.585711542857144,0.0,1.0,-4575.908036140294,-865.470659640076,HAD,8
1680.0,102.96547596190476,1.5011894857142856,0.6666666666666666,1.0,-4455.9533937095175,-896.7385049592255,HAD,8
1690.0,95.25714285714287,0.0,0.0,1.0,-4356.7144388104325,-910.6217022819945,HAD,8
1700.0,85.2877571341792,0.0,0.0,1.0,-4253.228485399443,-891.6212080633418,HAD,8
1710.0,79.69259235555556,0.0,0.0,1.0,-4183.382678111573,-826.8358506156327,HAD,8
1720.0,73.29702303492063,2.3648816253968254,0.0,1.0,-4152.86690476614,-747.1466867907819,HAD,8
1730.0,71.01500032,14.03000064,0.0,1.0,-4139.102162048088,-648.603165919201,HAD,8
1740.0,76.657750592,22.233500288,0.0,1.0,-4148.9942417966595,-536.6885093430916,HAD,8
1750.0,86.0666672,32.7583344,0.0,1.0,-4181.439347871828,-449.90980149777664,HAD,8
1760.0,92.28889031111112,44.143055644444445,0.0,1.0,-4249.478405136754,-350.05200314303454,HAD,8
1770.0,109.92142994285715,49.5750016,0.0,1.0,-4314.300130587969,-274.5799745151654,HAD,9
1780.0,119.85833386666667,61.32291733333333,0.0,2.0,-4362.9920071501265,-213.68756871983206,HAD,9
1790.0,131.1500032,70.10000213333333,0.0,2.0,-4414.5,-132.0,HAD,9
1800.0,145.18833450666668,76.0,0.0,3.0,-4461.368006926232,-35.80042603833315,HAD,9
1810.0,158.71750144,94.86500352,0.0,3.0,-4500.443126247628,75.49899749289484,HAD,9
1820.0,168.34673452165322,99.51758809484605,0.0,3.5,-4522.158490835347,167.23831322901805,HAD,9
1830.0,181.01,100.0,0.0,4.0,-4549.586956451635,333.8262700931662,HAD,9
1850.0,194.0,100.0,0.0,5.0,-4563.073710274969,464.12421910840146,HAD,9
1860.0,202.11833514666668,100.0,0.0,5.0,-4566.257492269561,551.3969909094471,HAD,9
1870.0,211.0,100.0,0.0,5.0,-4563.2230541190165,721.5349227892342,HAD,9
1880.0,215.59643062857143,100.0,0.0,5.0,-4558.0,840.0,HAD,9
1890.0,220.0,100.0,0.0,5.0,-4555.10326152846,909.5276884931295,HAD,9
1910.0,229.0,100.0,0.0,5.5,-4548.670457326838,1006.3116169513767,HAD,9
1920.0,235.2,100.0,0.0,6.0,-4533.5,1177.5,HAD,9
1930.0,238.0,100.0,0.0,6.0,-4523.605548521831,1260.1698632792388,HAD,9
1940.0,239.44,100.0,0.0,6.0,-4506.0,1356.0,HAD,9
1950.0,240.0,100.0,0.0,6.0,-4498.455047587552,1393.3273407325148,HAD,9
1960.0,248.14937763302976,100.0,0.0,6.0,-4458.266398851932,1561.067804689535,HAD,9
1980.0,251.03125066666666,100.0,0.0,6.0,-4407.387108217516,1712.0292993884827,HAD,9
1990.0,254.39583466666667,100.0,0.0,6.0,-4361.0,1815.0,HAD,10
2000.0,256.31500031999997,100.0,0.0,6.0,-4323.650153307316,1881.0489436581347,HAD,10
2010.0,258.0,100.0,0.0,6.0,-4253.07070678841,1981.558092444053,HAD,10
2020.0,258.73571474285717,100.0,0.0,6.0,-4208.0,2038.0,HAD,10
2030.0,260.0,100.0,0.0,7.0,-4136.92057516103,2120.639687303465,HAD,10
2040.0,260.73571474285717,100.0,0.0,7.0,-4066.0,2184.0,HAD,10
2050.0,261.93928594285717,100.0,0.0,7.0,-3898.3677399968037,2314.9993782393285,HAD,10
2070.0,263.2250002285714,100.0,0.0,7.0,-3794.2149739734136,2381.9145601999876,HAD,10
2090.0,264.7964288,100.0,0.0,7.0,-3654.990505860525,2455.8807537590174,HAD,10
2110.0,265.9696429714286,100.0,0.0,7.0,-3393.0491887669114,2567.8882831115147,HAD,10
2120.0,267.0,100.0,0.0,7.0,-3195.8351594721407,2632.356927880317,HAD,10
2130.0,267.64500096,100.0,0.0,7.0,-3158.0,2644.0,HAD,10
2140.0,270.0,100.0,0.0,7.0,-3033.186536059051,2681.6271318677645,HAD,10
2160.0,273.2687504,100.0,0.0,7.0,-2862.3626597942066,2732.4922030767884,HAD,10
2180.0,278.0,100.0,0.0,7.0,-2715.970295225754,2777.8001821199764,HAD,10
2190.0,278.2964288,100.0,0.0,7.0,-2662.0,2795.0,HAD,10
2200.0,278.9696429714286,100.0,0.0,7.0,-2522.5362448051137,2840.1068425115113,HAD,10
2210.0,281.5931828363636,100.0,0.0,7.0,-2395.0,2882.0,HAD,11
2240.0,286.0,100.0,0.0,7.0,-2183.0390168358235,2955.3088118782,HAD,11
2250.0,286.0,100.0,0.0,7.0,-1961.0,3036.0,HAD,11
2260.0,286.0,100.0,0.0,7.0,-1890.1790263255239,3061.901987748428,HAD,11
2280.0,286.6591479243472,100.0,0.0,7.0,-1782.0,3104.0,HAD,11
2290.0,287.0,100.0,0.0,7.0,-1574.000541925072,3184.576698126028,HAD,11
2300.0,287.2888888888889,100.0,0.0,7.0,-1421.0,3244.0,HAD,11
2320.0,288.0,100.0,0.0,7.0,-1296.3147673624883,3294.3137164775717,HAD,11
2330.0,288.0,100.0,0.0,7.0,-1258.0,3311.0,HAD,11
2350.0,288.15357165714283,100.0,0.0,7.0,-1026.893696793779,3409.6382173536185,HAD,11
2370.0,289.93928594285717,100.0,0.0,7.0,-839.306984840374,3491.838870062586,HAD,11
2380.0,282.312496,61.562479999999994,0.0,7.0,-650.0,3578.0,HAD,11
2400.0,270.0,0.0,1.0,7.0,-513.3021329313726,3639.214816535797,HAD,11
2410.0,227.05,0.0,1.0,7.0,-477.5668132339714,3653.6829278589566,HAD,11
2420.0,215.75625,0.0,1.0,6.0,-354.1063500233984,3708.50470172515,HAD,11
2440.0,178.26312301320831,0.0,1.0,6.0,-202.58266089569352,3776.4194369734046,HAD,12
2460.0,164.3499968,0.0,1.0,4.0,-41.380107333499126,3839.1951639314266,HAD,12
2470.0,141.92499840000002,0.0,1.0,3.0,95.81410970376454,3869.0917149784946,HAD,12
2480.0,125.0,0.0,1.0,3.0,205.83309113382793,3868.898313766456,HAD,12
2490.0,122.97499946666666,0.0,1.0,3.0,262.0635469586961,3850.8306788205614,HAD,12
2500.0,114.14166613333333,0.0,1.0,3.0,334.15593902304727,3808.720840331706,HAD,12
2510.0,104.50749909333332,1.0500010666666666,0.3333333333333333,3.0,427.1944135804144,3718.0601385461437,HAD,12
2520.0,99.36166656,16.46833408,0.0,3.0,484.18451183829666,3637.562770931559,HAD,12
2530.0,102.03000063999998,26.030000639999997,0.0,3.0,524.152167692804,3547.4431629707033,HAD,12
2540.0,105.30343784,33.21375136,0.0,3.0,547.5057332672502,3468.264336404411,HAD,12
2550.0,111.62954627878787,46.36591010909091,0.0,3.0,570.0483228357049,3341.531760581005,HAD,12
2570.0,130.05795578181818,68.05795578181818,0.0,3.0,588.966433528552,3143.3720538597263,HAD,12
2580.0,140.93409338181817,78.93409338181819,0.0,3.0,595.0,3089.0,HAD,12
2590.0,149.02500053333333,92.593752,0.0,3.0,604.0450299254662,3002.2713113441696,HAD,12
2600.0,165.45,100.0,0.0,3.0,619.3135041622565,2874.385362127792,HAD,12
2610.0,172.93125120000002,100.0,0.0,3.5,632.3856470011929,2775.3169684779473,HAD,12
2620.0,181.6656272,100.0,0.0,4.0,656.0,2603.0,HAD,12
2630.0,185.0,100.0,0.0,4.0,662.1121009972966,2559.8678511859193,HAD,12
2640.0,193.3833344,100.0,0.0,4.0,672.2592390024095,2491.9601400374904,HAD,12
2650.0,200.3833344,100.0,0.0,4.5,689.8697976655413,2376.32293379425,HAD,13
2670.0,204.70714285714286,100.0,0.0,5.0,726.6585466376414,2163.5870658312315,HAD,13
2690.0,213.64,100.0,0.0,5.0,754.5743360326546,2026.5758693954044,HAD,13
2700.0,217.275,100.0,0.0,5.0,779.2637804525252,1919.7221007576954,HAD,13
2720.0,221.44839867863885,100.0,0.0,5.0,858.5829725230401,1648.5521621293092,HAD,13
2740.0,224.41500032,100.0,0.0,6.0,896.3522615314203,1542.691601693743,HAD,13
2750.0,226.0,100.0,0.0,6.0,924.0822294789986,1475.7200200932084,HAD,13
2760.0,227.35833386666667,100.0,0.0,6.0,975.0,1370.0,HAD,13
2770.0,229.0,100.0,0.0,6.0,1091.311257366902,1175.7276845550225,HAD,13
2790.0,229.0,100.0,0.0,6.0,1146.7415136385414,1093.3574132480487,HAD,13
2800.0,230.0093752,100.0,0.0,6.0,1183.482951836616,1055.5285814961467,HAD,13
2810.0,231.1343752,100.0,0.0,6.0,1264.4706422730387,974.8027520277028,HAD,13
2820.0,232.08750008888887,100.0,0.0,6.0,1348.0784309697149,904.9435846533245,HAD,13
2830.0,232.67500017777778,100.0,0.0,6.0,1461.0,830.0,HAD,13
2840.0,233.0,100.0,0.0,6.0,1525.817787630358,794.407912221044,HAD,13
2850.0,231.4624992,72.01748544,0.0,6.0,1600.0,761.0,HAD,13
2860.0,228.4624992,17.417485440000007,0.0,6.0,1768.0,707.0,HAD,13
2870.0,228.0,9.0,0.0,6.0,1792.0424048340485,700.7593565289476,HAD,14
2880.0,226.0,44.0,0.0,6.0,1905.9651558442056,677.9113682434602,HAD,14
2890.0,225.9624992,44.093751999999995,0.0,6.0,2023.292944704242,666.046298636476,HAD,14
2900.0,222.0,54.0,0.0,6.0,2096.499503250101,663.0535832690443,HAD,14
2920.0,222.0,51.351389866666665,0.0,6.0,2221.4185991025406,671.9658978944594,HAD,14
2930.0,222.0,58.42500195555556,0.0,6.0,2362.0,702.0,HAD,14
2940.0,222.0,62.0,0.0,6.0,2422.1867543188096,719.0974619354361,HAD,14
2950.0,222.70750016,62.0,0.0,6.0,2541.4994685554184,770.6430941237181,HAD,14
2960.0,224.05000106666665,65.67500373333333,0.0,6.0,2662.0,828.0,HAD,14
2970.0,227.0,76.0,0.0,6.0,2734.032774930039,865.9788666859619,HAD,14
2980.0,228.71500032,83.71750144,0.0,6.0,2765.4556281379514,895.1927266360807,HAD,14
3030.0,241.15750015999998,60.65998848,0.0,6.0,3166.84011990295,1268.561396733156,HAD,14
3040.0,242.0,0.0,1.0,6.0,3255.652442400198,1326.5468625828826,HAD,14
3050.0,238.0,0.0,0.0,6.0,3336.6145451309094,1366.5339712424698,HAD,14
3060.0,234.9249984,0.0,0.0,6.0,3405.0,1393.0,HAD,14
3070.0,230.94999893333335,0.5250005333333333,0.0,6.0,3495.4577581355506,1420.1545786403854,HAD,14
3080.0,224.93333333333334,3.533333333333333,0.0,6.0,3607.386216964049,1440.1528150419772,HAD,14
3090.0,221.4,18.560000000000002,0.0,6.0,3688.0,1448.0,HAD,15
3100.0,219.0,32.0,0.0,6.0,3742.174472900652,1451.0065647540184,HAD,15
3110.0,215.54285714285714,55.33571428571429,0.0,5.5,3903.291411750804,1440.273190703347,HAD,15
3120.0,215.81,60.620000000000005,0.0,5.0,4071.8791015314773,1410.74528144052,HAD,15
3130.0,217.0,75.0,0.0,5.0,4157.373180699222,1386.9151758679861,HAD,15
3140.0,220.01500032,77.1125024,0.0,5.0,4219.298777029078,1359.323613390745,HAD,15
3160.0,222.35833386666667,92.71666773333334,0.0,5.0,4340.920075164633,1299.6463600972224,HAD,15
3170.0,225.85833386666667,99.71666773333334,0.0,5.0,4452.343247388692,1228.857592871564,HAD,15
3180.0,228.72250048,100.0,0.0,5.0,4546.911610904648,1153.196584865175,HAD,15
3190.0,229.0,100.0,0.0,5.0,4632.0,1073.0,HAD,15
3200.0,230.55625120000002,100.0,0.0,6.0,4686.172288379598,1016.9436839264529,HAD,15
3210.0,238.0,100.0,0.0,6.0,4774.7627777109055,920.0292686226186,HAD,15
3220.0,238.43928594285714,100.0,0.0,6.0,4828.0,858.0,HAD,15
3230.0,239.0,100.0,0.0,6.0,4894.131473443608,776.4685286959138,HAD,15
3240.0,239.4777784888889,100.0,0.0,6.0,4912.0,754.0,HAD,15
3250.0,241.7000007111111,100.0,0.0,6.0,4995.0,649.0,HAD,15
3260.0,243.0,100.0,0.0,6.0,5045.6819079171055,585.6150033169815,HAD,15
3270.0,244.01666702222224,100.0,0.0,6.0,5123.0,491.0,HAD,15
3280.0,245.00416675555556,100.0,0.0,6.0,5201.989729252644,399.15361543276595,HAD,15
3300.0,245.67500017777778,100.0,0.0,6.0,5417.0,155.0,HAD,15
3310.0,246.0,100.0,0.0,6.0,5469.514005591803,94.64400495624137,HAD,16
3320.0,246.15357165714286,100.0,0.0,6.0,5500.937985432463,57.84329201978978,HAD,16
3340.0,248.0,100.0,0.0,6.0,5624.866959029632,-79.7026991942017,HAD,16
3350.0,248.08958346666668,100.0,0.0,6.0,5697.445659284018,-161.16425065702998,HAD,16
3360.0,249.0,100.0,0.0,6.0,5828.745493363456,-307.2638731246845,HAD,16
3370.0,249.0,100.0,0.0,6.0,5884.0,-369.0,HAD,16
3380.0,249.0,100.0,0.0,6.0,5907.624137361306,-395.6949786570751,HAD,16
3390.0,250.46111146666667,100.0,0.0,6.0,5993.0,-495.0,HAD,16
3400.0,251.0,100.0,0.0,6.0,6046.967590449646,-557.6066753247451,HAD,16
3410.0,245.0,0.0,1.0,6.0,6176.317825477375,-707.324420682306,HAD,16
3420.0,234.21562160000002,0.0,1.0,6.0,6210.285991507757,-746.8259322698842,HAD,16
3430.0,220.2541632,0.0,1.0,6.0,6249.0,-795.0,HAD,16
3440.0,215.0,0.0,1.0,6.0,6275.749262645937,-831.950991373401,HAD,16
3450.0,206.3426149361355,0.0,1.0,6.0,6350.0,-946.0,HAD,16
3460.0,200.4093744,1.5750016,0.0,5.0,6387.281941987385,-1028.548935396242,HAD,16
3470.0,196.8187488,11.150003199999999,0.0,5.0,6415.0,-1125.0,HAD,16
3480.0,193.2124992,18.0854176,0.0,4.0,6425.511746223675,-1213.9421890474407,HAD,16
3490.0,188.73858887663772,20.255183204695953,0.0,4.0,6426.133123204352,-1319.5675182100974,HAD,16
3500.0,187.0,2.0,0.0,4.0,6410.9483055319815,-1427.0218276871192,HAD,16
3510.0,183.86206819068224,1.103448054480641,0.0,4.0,6393.0,-1498.0,HAD,16
3520.0,179.0770323694146,6.7934378198327465,0.0,4.0,6359.811020772137,-1594.7076267910404,HAD,16
3530.0,174.36,40.08,0.0,4.0,6284.807207101424,-1739.1242924997455,HAD,17
3540.0,175.0,42.0,0.0,4.0,6233.961179715391,-1820.6619347134633,HAD,17
3550.0,176.0,49.0,0.0,4.0,6158.249165250787,-1910.2400606526814,HAD,17
3560.0,178.03000064,61.18000384,0.0,4.0,6106.0,-1957.0,HAD,17
3570.0,181.0375008,74.0375008,0.0,4.0,6046.983990141729,-2001.6225463923815,HAD,17
3580.0,187.0,80.0,0.0,4.0,5947.120155910097,-2057.6360383232845,HAD,17
3590.0,191.08571611428573,79.48928548571428,0.0,4.0,5874.0,-2087.0,HAD,17
3600.0,195.6437504,84.1500032,0.0,4.0,5793.493852391165,-2114.8085552123766,HAD,17
3610.0,197.0,95.0,0.0,5.0,5761.755061533335,-2124.7232170654183,HAD,17
3630.0,209.26000127999998,100.0,0.0,5.0,5564.427552224566,-2164.47444063653,HAD,17
3640.0,214.0,100.0,0.0,5.0,5383.170265851279,-2194.826039661307,HAD,17
3650.0,217.0,100.0,0.0,5.0,5289.881323747729,-2207.7525954686994,HAD,17
3660.0,222.08333511111113,100.0,0.0,5.0,5218.0,-2214.0,HAD,17
3670.0,227.0,100.0,0.0,5.0,5143.120948183127,-2218.4231630245204,HAD,17
3690.0,233.0375008,100.0,0.0,6.0,4975.951530571665,-2224.962647055689,HAD,17
3700.0,236.0375008,100.0,0.0,6.0,4899.7160222328985,-2227.7296030034404,HAD,17
3710.0,237.0,100.0,0.0,6.0,4779.343623623008,-2230.8798023127033,HAD,17
3720.0,238.968752,100.0,0.0,6.0,4723.0,-2233.0,HAD,17
3730.0,245.484376,100.0,0.0,6.0,4506.805635799654,-2242.835511689408,HAD,17
3750.0,251.6437504,100.0,0.0,6.0,4363.661050639825,-2251.0845620043783,HAD,18
3760.0,253.7687504,100.0,0.0,6.0,4251.575972909468,-2258.916875516393,HAD,18
3780.0,255.93928594285714,100.0,0.0,6.0,4046.03291956665,-2272.4104931940183,HAD,18
3800.0,258.53125066666666,100.0,0.0,6.0,3866.0,-2285.0,HAD,18
3820.0,261.05750016,100.0,0.0,7.0,3671.4451381593217,-2296.504773062019,HAD,18
3830.0,262.0,100.0,0.0,7.0,3543.822755053428,-2304.2552521886473,HAD,18
3840.0,262.4236910179585,100.0,0.0,7.0,3502.0,-2307.0,HAD,18
3860.0,264.33713037454135,100.0,0.0,7.0,3296.0,-2322.0,HAD,18
3870.0,265.0,100.0,0.0,7.0,3219.2417427751357,-2328.102076159632,HAD,18
3880.0,268.2687504,100.0,0.0,7.0,3074.4626971351754,-2340.49226785312,HAD,18
3900.0,272.0,100.0,0.0,7.0,2862.1962254058594,-2362.1246694177767,HAD,18
3910.0,272.4428571428571,100.0,0.0,7.0,2773.0,-2371.0,HAD,18
3920.0,272.97142857142853,100.0,0.0,7.0,2660.907888180791,-2381.6241382257126,HAD,18
3940.0,274.01666666666665,99.16666666666666,0.0,7.0,2531.527221092924,-2395.836843363869,HAD,18
3950.0,275.76666666666665,11.666666666666664,0.5,7.0,2372.340938438915,-2412.230178227967,HAD,18
3970.0,254.86832668887155,0.0,1.0,7.0,2193.5763337434846,-2433.0998064346936,HAD,19
3980.0,218.0,0.0,1.0,7.0,2016.7732274459233,-2455.744648630214,HAD,19
3990.0,215.5249952,0.0,1.0,7.0,1998.0,-2458.5,HAD,19
4000.0,192.2015588,0.0,1.0,7.0,1841.0134202963895,-2478.339799504517,HAD,19
4010.0,160.9828088,0.0,1.0,6.5,1717.4672075005274,-2496.5871889285936,HAD,19
4020.0,151.4781232,0.0,1.0,5.5,1653.712306159753,-2507.574813502638,HAD,19
4030.0,130.281248,0.0,1.0,3.0,1559.648528233664,-2524.3212951344804,HAD,19
4040.0,119.15499904,0.0,1.0,3.0,1472.4202894826067,-2544.811172468166,HAD,19
4050.0,103.18749866666667,0.0,1.0,1.6666666666666667,1349.7403303888752,-2585.601033938088,HAD,19
4060.0,89.46590836363637,0.0,1.0,1.0,1269.592746029521,-2647.708245836549,HAD,19
4070.0,83.90416640000001,0.0,0.25,1.0,1231.4880679323016,-2711.1662579129793,HAD,19
4080.0,75.81249919999999,5.430000639999999,0.0,1.0,1228.2537995540586,-2807.641251022468,HAD,19
4090.0,74.19545483636364,17.18030429090909,0.0,1.0,1265.6710354034874,-2903.476217726602,HAD,19
4100.0,79.6916672,26.845833600000002,0.0,1.0,1338.372892136986,-2983.948993216842,HAD,19
4110.0,88.34531319999999,35.537500800000004,0.0,1.0,1407.1414847790986,-3037.987932737749,HAD,19
4120.0,98.30714422857143,43.91428632380953,0.0,1.0,1490.2148614273044,-3090.279778015618,HAD,19
4130.0,113.31514949019298,58.627235205700146,0.0,1.6666666666666667,1676.7824108584628,-3199.901075853224,HAD,19
4140.0,129.4859392,72.7531264,0.0,2.0,1768.6553414304483,-3253.9884017139575,HAD,19
4150.0,131.525,81.075,0.0,2.0,1861.0158734393171,-3309.8841519599637,HAD,19
4170.0,150.775,83.825,0.0,2.5,1987.1020047142247,-3400.4905585730576,HAD,19
4180.0,161.0857142857143,80.97142857142856,0.0,3.5,2077.9240261515392,-3489.007446638114,HAD,19
4190.0,166.69039207183306,79.10320264272231,0.0,4.0,2147.0,-3570.0,HAD,20
4200.0,173.0,77.0,0.0,4.0,2188.952566802505,-3630.970011186317,HAD,20
4210.0,179.61428662857145,87.74821577142856,0.0,4.0,2216.9729819039258,-3698.135336743493,HAD,20
4220.0,181.0,90.0,0.0,4.0,2250.0561581729576,-3795.358134119874,HAD,20
4230.0,190.01071451428572,100.0,0.0,4.0,2284.8671931269055,-3991.0877586239067,HAD,20
4250.0,192.8541671111111,100.0,0.0,5.0,2295.0852092561886,-4119.359123214256,HAD,20
4260.0,196.7638897777778,100.0,0.0,5.0,2291.0,-4263.0,HAD,20
4270.0,198.5,100.0,0.0,5.0,2285.5193622373495,-4316.411137750239,HAD,20
4280.0,201.0375008,100.0,0.0,5.0,2273.0,-4406.0,HAD,20
4300.0,205.23888924444447,100.0,0.0,5.0,2230.306741803588,-4588.24569338079,HAD,20
4310.0,207.7000007111111,100.0,0.0,5.0,2160.0,-4792.0,HAD,20
4320.0,209.0,100.0,0.0,5.0,2138.486276544473,-4851.354883257933,HAD,20
4330.0,213.0093752,99.06248,0.0,5.0,2109.371400131531,-4910.285058473608,HAD,20
4340.0,214.0,0.0,1.0,5.0,2056.1185207126005,-5012.365119759086,HAD,20
4350.0,209.0718712,0.0,1.0,5.0,2028.0,-5064.0,HAD,20
4360.0,192.45340712727273,0.0,1.0,5.0,1961.9905573490448,-5164.612240979557,HAD,20
4380.0,168.34499805090908,0.0,1.0,4.333333333333333,1839.7243978936378,-5317.260603930002,HAD,20
4390.0,160.10999808,0.0,1.0,4.0,1764.0,-5397.0,HAD,20
4400.0,156.0,0.0,0.0,4.0,1704.0797359601302,-5438.793632822024,HAD,20
4410.0,151.6874994285714,0.0,0.0,4.0,1598.1413770396114,-5492.542876832552,HAD,21
4420.0,146.757812,0.0,0.0,4.0,1511.8594167843705,-5505.438413936002,HAD,21
4430.0,142.4513870222222,20.277788444444447,0.0,4.0,1416.5,-5508.0,HAD,21
4440.0,140.44285805714287,42.885716114285714,0.0,4.0,1308.6070752835126,-5494.308453728174,HAD,21
4450.0,144.33542413333186,49.335424133331834,0.0,4.0,1213.0886929772137,-5466.418550864388,HAD,21
4460.0,148.84012602580543,53.84012602580543,0.0,4.0,1122.921251718837,-5424.26844607921,HAD,21
4470.0,154.64,58.24,0.0,4.0,1037.9278648191785,-5368.135656050326,HAD,21
4480.0,159.85053422930315,73.14590818981539,0.0,4.0,950.547878423121,-5294.277361560682,HAD,21
4490.0,168.0,87.0,0.0,4.0,869.4380920647175,-5221.245157755444,HAD,21
4500.0,177.62880915302986,88.51246564209917,0.0,4.0,806.7976839256703,-5163.666935870598,HAD,21
4510.0,187.0138523681068,97.22714862752774,0.0,4.0,716.0,-5081.0,HAD,21
4520.0,192.4984388,100.0,0.0,4.0,638.5382629099896,-5012.391411165416,HAD,21
4540.0,203.0,100.0,0.0,4.0,524.9070970215939,-4910.871183724565,HAD,21
4550.0,211.05000106666665,100.0,0.0,5.0,467.4390853531911,-4858.398756983035,HAD,21
4560.0,218.71666773333334,100.0,0.0,5.0,392.57215654515414,-4790.9370442872905,HAD,21
4580.0,230.7875008,100.0,0.0,5.0,238.47640733328294,-4653.99741939009,HAD,21
4600.0,236.0,100.0,0.0,6.0,166.92258855998847,-4589.968169590061,HAD,21
4610.0,236.25555626666667,100.0,0.0,6.0,103.62452818158809,-4533.046225794937,HAD,21
4630.0,244.03000064,100.0,0.0,6.0,-112.26404304927996,-4339.659951252157,HAD,22
4640.0,248.0,100.0,0.0,6.0,-181.40101089470778,-4277.524015618264,HAD,22
4650.0,250.14500096,100.0,0.0,6.0,-248.0,-4218.0,HAD,22
4670.0,254.0093752,100.0,0.0,6.0,-447.1598295437917,-4040.748009890904,HAD,22
4680.0,255.0,100.0,0.0,6.0,-499.19833883070186,-3994.3913706911726,HAD,22
4690.0,256.31785782857145,100.0,0.0,6.0,-534.0,-3967.0,HAD,22
4700.0,258.0,100.0,0.0,6.0,-618.2002006343107,-3905.1025019588014,HAD,22
4710.0,258.0,68.76874240000001,0.0,6.0,-700.7412808087593,-3851.3714694053406,HAD,22
4730.0,257.24464274285714,55.95714194285714,0.0,6.0,-849.9140618777421,-3777.5613127747365,HAD,22
4740.0,256.4812496,53.4812496,0.0,6.0,-947.0,-3744.0,HAD,22
4750.0,255.58499968,54.66000128,0.0,6.0,-1028.741714431922,-3728.3966472017905,HAD,22
4760.0,254.0,61.0,0.0,6.0,-1143.0452156379802,-3715.9654687778975,HAD,22
4770.0,253.48749973333332,71.25000533333333,0.0,6.0,-1233.0,-3713.0,HAD,22
4780.0,252.9015624,82.8703144,0.0,6.0,-1337.0967940888804,-3716.6534839486726,HAD,22
4800.0,252.0,100.0,0.0,6.0,-1512.3111981706697,-3743.075011315626,HAD,22
4810.0,251.7035712,100.0,0.0,6.0,-1589.0,-3770.0,HAD,22
4820.0,251.03035702857142,100.0,0.0,6.0,-1806.4245672098532,-3861.2882745916113,HAD,22
4830.0,251.0,100.0,0.0,6.0,-1885.4836879882469,-3899.488148135971,HAD,22
4840.0,251.0,100.0,0.0,6.0,-1937.0,-3931.0,HAD,22
4850.0,251.0,100.0,0.0,6.0,-1971.6641747707245,-3949.8562462344244,HAD,23
4860.0,251.85500032,100.0,0.0,6.5,-2096.992966486003,-4015.033889999532,HAD,23
4880.0,253.8551539422567,100.0,0.0,7.0,-2255.0,-4088.0,HAD,23
4890.0,255.0,100.0,0.0,7.0,-2377.037365226648,-4131.013554722346,HAD,23
4900.0,255.0,100.0,0.0,7.0,-2494.5939599343164,-4160.9961927004,HAD,23
4910.0,255.0,100.0,0.0,7.0,-2610.9297079861517,-4183.111833549041,HAD,23
4930.0,254.95,100.0,0.0,7.0,-2739.740091738812,-4195.777435021408,HAD,23
4940.0,254.0,100.0,0.0,7.0,-2935.1125900948637,-4192.616269706087,HAD,23
4950.0,253.56666666666666,100.0,0.0,7.0,-3029.0,-4185.0,HAD,23
4960.0,253.0,100.0,0.0,7.0,-3142.173942144918,-4168.375037078881,HAD,23
4970.0,253.0,100.0,0.0,7.0,-3261.8418096454793,-4140.422675827842,HAD,23
4980.0,248.55833102222223,65.83331555555556,0.0,7.0,-3342.0,-4118.0,HAD,23
5000.0,240.0,0.0,1.0,7.0,-3468.697802593317,-4074.166839063779,HAD,23
5010.0,223.61249782857143,0.0,1.0,7.0,-3580.7293267017185,-4020.196934769075,HAD,23
5030.0,196.4249984,0.0,1.0,7.0,-3717.526745466575,-3932.2236122222657,HAD,23
5040.0,184.0,0.0,1.0,5.0,-3804.4037559052167,-3859.821208424207,HAD,23
5050.0,162.87499733333334,0.0,1.0,3.6666666666666665,-3886.3724505047667,-3769.3936657796608,HAD,23
5060.0,150.0,0.0,1.0,3.0,-3959.111145576554,-3663.2961328206106,HAD,23
5070.0,146.515624,0.0,1.0,3.0,-3984.1051814803523,-3620.6976031982203,HAD,24
5080.0,129.95499904000002,0.0,0.75,2.75,-4026.8124332128996,-3514.1737181107555,HAD,24
5090.0,120.78437439999999,0.0,1.0,2.0,-4049.6057270466563,-3368.0815018069147,HAD,24
5100.0,116.0,0.0,0.0,2.0,-4047.2339739749345,-3302.491278374425,HAD,24
5110.0,108.85499904,0.0,0.0,2.0,-4026.140291239021,-3233.2233612239493,HAD,24
5120.0,103.48928548571428,7.050001066666667,0.0,2.0,-3979.5933396457863,-3133.806210984243,HAD,24
5130.0,99.2124992,16.0906256,0.0,2.0,-3921.520571376237,-3054.9305663670843,HAD,24
5140.0,101.7664066,28.2921884,0.0,2.0,-3858.5998559588397,-3005.5503189917335,HAD,24
5150.0,107.0281256,40.06875146666667,0.0,2.0,-3769.9195054503,-2955.1873020361136,HAD,24
5160.0,114.62562821217196,57.892894757612346,0.0,2.0,-3654.7859322936633,-2914.688067163631,HAD,24
5200.0,154.65565567771574,86.75175176765555,0.0,2.5,-3309.6212087188414,-2835.2891373893426,HAD,24
5210.0,162.1357142857143,89.37857142857143,0.0,3.5,-3208.5833039177846,-2815.2184205057547,HAD,24
5220.0,170.1,96.1,0.0,4.0,-3132.662016871861,-2801.314754077742,HAD,24
5230.0,179.02180785481528,100.0,0.0,4.0,-3051.0,-2786.0,HAD,24
5240.0,188.2093768,100.0,0.0,4.0,-2938.3061431554684,-2765.940304364056,HAD,24
5250.0,200.6687536,100.0,0.0,4.0,-2817.0,-2746.0,HAD,24
5260.0,205.0,100.0,0.0,5.0,-2760.5800467490767,-2737.0288858813533,HAD,24
5270.0,209.7666688,100.0,0.0,5.0,-2646.0,-2719.0,HAD,24
5280.0,217.36666666666667,100.0,0.0,5.0,-2505.6464716427754,-2697.3653170174844,HAD,24
0.0,218.53000576,100.0,0.0,5.0,-2581.7522745907804,-2709.6806333543714,RUS,1
10.0,224.2321462857143,100.0,0.0,5.0,-2470.4395928309546,-2692.2866983397435,RUS,1
20.0,232.08928914285713,100.0,0.0,5.5,-2333.173074103058,-2671.7231723633736,RUS,1
40.0,236.49285851428573,100.0,0.0,6.0,-2140.0258409776798,-2640.724230980785,RUS,1
50.0,240.56000768,100.0,0.0,6.0,-2005.0,-2619.0,RUS,1
60.0,245.0,100.0,0.0,6.0,-1938.4465626771557,-2608.2808995367077,RUS,1
70.0,250.53500287999998,100.0,0.0,6.0,-1873.5973625774286,-2597.6052246061477,RUS,1
80.0,256.1253508411631,100.0,0.0,6.0,-1717.3228062249934,-2571.5558657077563,RUS,1
100.0,261.82173132983064,100.0,0.0,6.0,-1571.0,-2547.0,RUS,1
110.0,266.0,100.0,0.0,6.0,-1461.6307063779623,-2528.6107785841104,RUS,1
120.0,267.40000256,100.0,0.0,6.0,-1410.0,-2520.0,RUS,1
130.0,270.0,100.0,0.0,7.0,-1313.710478887668,-2504.1375954554396,RUS,1
140.0,274.9285741714286,100.0,0.0,7.0,-1141.0,-2476.0,RUS,1
150.0,276.4375008,100.0,0.0,7.0,-1076.3972761432924,-2465.3757753732243,RUS,1
170.0,279.5833344,100.0,0.0,7.0,-897.7764752162145,-2434.3692038955996,RUS,1
180.0,283.0,100.0,0.0,7.0,-680.1175235658718,-2397.1120519453407,RUS,1
190.0,283.3750016,100.0,0.0,7.0,-650.0,-2392.0,RUS,1
200.0,285.0,100.0,0.0,7.0,-543.9664787704653,-2374.0179008872947,RUS,1
210.0,288.0,100.0,0.0,7.0,-437.0948974889671,-2355.9641012069774,RUS,1
220.0,289.65000192,100.0,0.0,7.0,-366.0,-2344.0,RUS,1
230.0,291.0,100.0,0.0,7.0,-297.1709019290509,-2332.4335957865906,RUS,2
240.0,291.0,100.0,0.0,7.0,-186.91518628230034,-2313.44568360185,RUS,2
260.0,292.4166677333333,100.0,0.0,7.0,-31.0,-2285.0,RUS,2
270.0,293.95833386666664,100.0,0.0,7.0,123.05981913496888,-2256.2366621471774,RUS,2
280.0,294.9437504,100.0,0.0,7.0,247.0,-2233.0,RUS,2
300.0,296.0,100.0,0.0,7.0,404.8651152883627,-2204.6352047849455,RUS,2
310.0,296.0,100.0,0.0,7.0,541.5778203470734,-2179.46518559976,RUS,2
320.0,296.0,100.0,0.0,7.0,571.0,-2174.0,RUS,2
340.0,296.0,100.0,0.0,7.0,866.8020117764871,-2119.1428492318837,RUS,2
360.0,296.0,100.0,0.0,7.0,1008.0,-2093.0,RUS,2
370.0,296.0,100.0,0.0,7.0,1078.2768050731984,-2080.1072099501857,RUS,2
390.0,296.0,100.0,0.0,7.0,1290.2506672857016,-2041.5866430785159,RUS,2
400.0,296.0,100.0,0.0,7.0,1492.0,-2005.0,RUS,2
410.0,296.0,100.0,0.0,7.0,1600.640055366879,-1985.2025570311725,RUS,2
420.0,295.0,100.0,0.0,7.0,1633.523363030927,-1978.7261480121547,RUS,2
430.0,295.0,100.0,0.0,7.0,1686.0,-1969.0,RUS,2
450.0,295.0,100.0,0.0,7.0,1991.0764075824413,-1913.2401588813386,RUS,3
480.0,295.0,100.0,0.0,7.0,2176.8579631780985,-1879.0438794942872,RUS,3
490.0,295.0,100.0,0.0,7.0,2273.4796018146653,-1861.464653054934,RUS,3
500.0,295.0,100.0,0.0,7.0,2465.2716591504704,-1828.1785318079633,RUS,3
520.0,295.0,100.0,0.0,7.0,2743.2143026699073,-1785.2040936734265,RUS,3
560.0,295.0,100.0,0.0,7.0,3025.9584653800493,-1741.4732924277594,RUS,3
580.0,295.0,100.0,0.0,7.0,3210.035080010736,-1712.9086701056722,RUS,3
600.0,294.1062496,100.0,0.0,7.0,3404.8061569638094,-1682.7179997051899,RUS,3
610.0,291.5821339428571,98.39282285714286,0.0,7.0,3557.507348979279,-1658.5428311960538,RUS,3
630.0,265.4516013300986,0.0,1.0,7.0,3770.330579514723,-1626.548027359683,RUS,3
650.0,232.60931105736233,0.0,1.0,6.5,3991.2709809504813,-1593.5183552140525,RUS,3
670.0,203.15277226666666,0.0,1.0,5.5,4150.429099183793,-1570.0036131161594,RUS,4
680.0,190.4374896,0.0,1.0,5.0,4231.0,-1556.0,RUS,4
690.0,175.27082986666665,0.0,1.0,4.333333333333333,4341.432928133851,-1530.807861481124,RUS,4
700.0,156.14284205714284,0.0,1.0,4.0,4453.5,-1502.0,RUS,4
710.0,142.0,0.0,1.0,3.0,4498.3763477858465,-1488.9103800135747,RUS,4
720.0,129.9305522962963,0.0,1.0,2.3333333333333335,4627.557911282201,-1428.4314238974355,RUS,4
730.0,117.83333262222222,0.0,1.0,2.0,4706.534831073096,-1362.4043480490393,RUS,4
740.0,108.98571337142857,0.0,1.0,2.0,4762.294785350781,-1270.9226710829726,RUS,4
750.0,104.02999978666666,0.0,1.0,1.3333333333333333,4792.521583468958,-1171.5736877203738,RUS,4
760.0,95.78763717869654,0.0,0.75,1.0,4798.451684974529,-1092.9282467202997,RUS,4
770.0,93.0,0.0,0.0,1.0,4787.366870639415,-990.8552196555955,RUS,4
780.0,85.08333226666667,10.492710133333333,0.0,1.0,4758.000594683612,-904.7276047147134,RUS,4
790.0,84.0,24.547919466666666,0.0,1.0,4712.140977661383,-832.8208839862154,RUS,4
800.0,87.40138915555555,34.80972408888889,0.0,1.0,4651.575444055675,-777.3366440973106,RUS,4
810.0,91.44047847619048,43.12857417142857,0.0,1.0,4556.920046914366,-732.3127525431913,RUS,4
820.0,99.5750016,55.060001279999994,0.0,1.0,4425.185676316706,-711.0702980005786,RUS,4
830.0,109.0,57.5406232,0.0,1.0,4364.3235282973965,-710.8622041292751,RUS,4
840.0,113.3625024,55.0,0.0,1.3333333333333333,4275.93637459141,-714.7104765993645,RUS,4
850.0,122.58000384,64.16000768,0.0,2.0,4170.996369344142,-720.8250697886882,RUS,4
860.0,135.59750528,77.98000384,0.0,2.0,4105.994361983341,-726.8001831330442,RUS,4
870.0,151.7311862982225,99.6236608175115,0.0,2.5,3981.793311812382,-739.2339940146028,RUS,4
880.0,164.640628,100.0,0.0,3.0,3893.0543586941462,-749.1367731409725,RUS,4
890.0,175.890628,100.0,0.0,3.5,3781.2434163148446,-762.2222706527696,RUS,5
900.0,181.62500160000002,100.0,0.0,4.0,3679.6395514851165,-773.210401396499,RUS,5
910.0,191.21428845714286,100.0,0.0,4.0,3523.6757301722987,-789.6264710939386,RUS,5
930.0,205.23437719999998,100.0,0.0,4.0,3387.4821242323824,-801.085614081985,RUS,5
950.0,213.82812719999998,100.0,0.0,4.5,3251.901292456132,-812.2707870351232,RUS,5
960.0,223.35551539033884,100.0,0.0,5.0,3096.0,-826.0,RUS,5
970.0,230.87734351798332,100.0,0.0,5.0,2969.0,-836.0,RUS,5
980.0,232.0,100.0,0.0,6.0,2949.594648607956,-837.6844834684564,RUS,5
990.0,237.56281517577804,100.0,0.0,6.0,2828.4421441070167,-848.8464723070101,RUS,5
1000.0,241.02727447272727,100.0,0.0,6.0,2745.0,-856.0,RUS,5
1020.0,249.05909178181818,100.0,0.0,6.0,2545.960146591817,-872.80836123923,RUS,5
1040.0,255.84487815532466,100.0,0.0,6.0,2370.0,-888.0,RUS,5
1050.0,260.6250016,100.0,0.0,6.0,2147.8208673644676,-906.817798774045,RUS,5
1070.0,267.8750016,100.0,0.0,7.0,2024.345746606677,-917.2681462415428,RUS,5
1080.0,272.0,100.0,0.0,7.0,1858.4026678716693,-931.3966319799555,RUS,5
1090.0,274.1666688,100.0,0.0,7.0,1687.0,-946.0,RUS,5
1100.0,276.0,100.0,0.0,7.0,1572.7613895114353,-955.7480374857812,RUS,5
1120.0,281.0,100.0,0.0,7.0,1432.2000755108013,-967.7801268979276,RUS,6
1130.0,284.01786057142857,100.0,0.0,7.0,1336.0,-976.0,RUS,6
1140.0,286.0,100.0,0.0,7.0,1276.7140596858205,-981.0460528418782,RUS,6
1150.0,288.0,100.0,0.0,7.0,1161.755625018406,-991.1018762456706,RUS,6
1160.0,288.7250048,100.0,0.0,7.0,1141.0,-993.0,RUS,6
1170.0,292.7250048,100.0,0.0,7.0,1011.0,-1005.0,RUS,6
1180.0,295.0,100.0,0.0,7.0,936.5078291242844,-1011.4770376325334,RUS,6
1190.0,295.77250047999996,100.0,0.0,7.0,810.6473745959943,-1022.2671093696051,RUS,6
1210.0,300.61250240000004,100.0,0.0,7.0,620.0682573787324,-1039.1363992310994,RUS,6
1230.0,301.94500096,100.0,0.0,7.0,449.0,-1054.0,RUS,6
1240.0,303.0,100.0,0.0,8.0,272.584044226901,-1069.3141708047444,RUS,6
1250.0,303.1687536,100.0,0.0,8.0,265.0,-1070.0,RUS,6
1260.0,306.12083413333335,100.0,0.0,8.0,124.38802062034368,-1082.918521839449,RUS,6
1270.0,307.5750016,100.0,0.0,8.0,-23.0,-1095.0,RUS,6
1280.0,308.0,100.0,0.0,8.0,-63.04492180624294,-1098.4549234072074,RUS,6
1300.0,308.8732146285714,100.0,0.0,8.0,-290.05910002497916,-1118.9992390382183,RUS,6
1320.0,310.70416746666666,100.0,0.0,8.0,-604.1898520939606,-1145.8611024269512,RUS,6
1340.0,311.0,100.0,0.0,8.0,-742.5839219415483,-1158.2619472719182,RUS,7
1350.0,311.2812504,100.0,0.0,8.0,-795.0,-1163.0,RUS,7
1370.0,311.9843752,100.0,0.0,8.0,-988.4654739410153,-1180.4142633145063,RUS,7
1390.0,310.93333312,100.0,0.0,8.0,-1188.232607414365,-1197.7856955123762,RUS,7
1420.0,310.03749984,100.0,0.0,8.0,-1598.2680159657657,-1233.1394247699504,RUS,7
1440.0,310.0,100.0,0.0,8.0,-1704.3033471459687,-1242.8423317883212,RUS,7
1450.0,310.0,100.0,0.0,8.0,-1740.0,-1246.0,RUS,7
1460.0,310.0,100.0,0.0,8.0,-1829.7366925876029,-1253.8654718471705,RUS,7
1470.0,310.0,100.0,0.0,8.0,-1980.0,-1267.0,RUS,7
1480.0,310.0,100.0,0.0,8.0,-2099.3607307240973,-1277.4512231349909,RUS,7
1490.0,310.0,100.0,0.0,8.0,-2323.0,-1297.0,RUS,7
1500.0,310.0,100.0,0.0,8.0,-2400.8366313248644,-1303.7059487003212,RUS,7
1520.0,309.4049841056666,100.0,0.0,8.0,-2485.0,-1311.0,RUS,7
1530.0,309.0,100.0,0.0,8.0,-2591.004870468992,-1320.6116538336148,RUS,7
1540.0,309.0,100.0,0.0,8.0,-2673.0,-1328.0,RUS,7
1550.0,309.0,100.0,0.0,8.0,-2802.2449819449444,-1339.3506884125422,RUS,8
1560.0,308.5321426285714,100.0,0.0,8.0,-2913.0,-1349.0,RUS,8
1570.0,308.0,100.0,0.0,8.0,-3039.559915116526,-1360.168872887163,RUS,8
1580.0,308.0,100.0,0.0,8.0,-3083.0,-1364.0,RUS,8
1600.0,308.0,100.0,0.0,8.0,-3300.6972827454147,-1383.1145276116786,RUS,8
1610.0,308.0,100.0,0.0,8.0,-3415.491365209747,-1393.3498061600017,RUS,8
1620.0,307.6249994666667,100.0,0.0,8.0,-3492.0,-1400.0,RUS,8
1630.0,307.0,100.0,0.0,8.0,-3619.7906128529444,-1410.4344661455102,RUS,8
1640.0,305.5416629333333,82.08328746666666,0.0,8.0,-3662.0,-1414.0,RUS,8
1650.0,299.2499904,13.708329599999999,1.0,8.0,-3822.978599950491,-1428.6337198784463,RUS,8
1670.0,269.3249856,2.070827733333333,1.0,8.0,-3974.8166397488308,-1442.1938730770826,RUS,8
1680.0,244.31248,0.0,1.0,8.0,-4131.0,-1456.0,RUS,8
1690.0,230.1013774222222,0.0,1.0,8.0,-4235.740287322753,-1465.39905460609,RUS,8
1710.0,196.0,0.0,1.0,8.0,-4385.972758747615,-1478.992337996929,RUS,8
1720.0,177.56832341333333,0.0,1.0,8.0,-4465.940655239887,-1484.093359200301,RUS,8
1730.0,163.59166506666668,0.0,1.0,6.0,-4583.02693841257,-1487.078058164233,RUS,8
1740.0,154.7953068,0.0,1.0,4.0,-4691.67568768024,-1484.2643776501432,RUS,8
1750.0,139.00535268571429,0.0,1.0,3.0,-4808.598563288049,-1470.8446256481602,RUS,8
1760.0,129.0,0.0,1.0,2.0,-4882.283337402841,-1453.4093025315692,RUS,8
1770.0,115.77499519999999,0.0,1.0,2.0,-4953.920510815031,-1416.1051491979713,RUS,9
1780.0,106.35916330666667,0.0,1.0,2.0,-5040.560409082881,-1336.2939750344533,RUS,9
1790.0,92.74999893333334,0.0,1.0,1.0,-5102.372798213083,-1232.6940237390916,RUS,9
1800.0,82.99999857777777,0.0,1.0,1.0,-5122.029783930324,-1150.3809291077214,RUS,9
1810.0,74.68749887999999,0.0,0.4,1.0,-5122.706823627424,-1047.3091434761964,RUS,9
1820.0,68.97187488,11.221875520000001,0.0,1.0,-5089.319326865543,-936.4095009709063,RUS,9
1830.0,72.35285140512228,24.98443070084085,0.0,1.0,-5046.419740438841,-874.4622358621363,RUS,9
1840.0,77.13659864410019,33.78647157720587,0.0,1.0,-4980.306944692487,-820.4844615736375,RUS,9
1850.0,86.47655708854612,43.569917976409585,0.0,1.0,-4874.775495847371,-786.861226433513,RUS,9
1860.0,94.37500159999999,53.1666688,0.0,1.0,-4690.986234280291,-816.8202061041729,RUS,9
1870.0,103.158336,44.049984,0.0,1.0,-4622.217884740178,-847.4000504094274,RUS,9
1880.0,106.41805262222222,6.8874976,0.0,1.0,-4533.100990305898,-878.4092613018327,RUS,9
1890.0,93.29999725714286,0.0,1.0,1.0,-4406.560624369165,-905.0961045900559,RUS,9
1900.0,84.12916586666667,0.0,0.6666666666666666,1.0,-4301.320152760486,-907.8892926585848,RUS,9
1910.0,76.83992707657143,0.0,0.4,1.0,-4219.143004156035,-865.795387950387,RUS,9
1920.0,72.9916664888889,6.791669333333334,0.0,1.0,-4159.211497998821,-770.5878212655938,RUS,9
1930.0,73.84351834074074,25.68055822222222,0.0,1.0,-4139.820630576686,-664.9465782944407,RUS,9
1940.0,78.9581860645499,38.878302786339326,0.0,1.0,-4140.064287632013,-588.037867473102,RUS,9
1950.0,90.32142994285714,49.4047622095238,0.0,1.0,-4159.134353916076,-501.659294155321,RUS,9
1960.0,101.08201349417989,54.20238232380952,0.0,1.0,-4210.076806408146,-404.02053594203426,RUS,9
1970.0,114.75000203636364,63.00000116363636,0.0,1.0,-4276.616408775666,-316.7169294002186,RUS,9
1980.0,126.68182225454545,69.81818414545455,0.0,1.0,-4356.0,-224.0,RUS,9
1990.0,130.1261378909091,70.89318225454545,0.0,2.0,-4371.591105109867,-201.52452511986792,RUS,10
2000.0,147.30795607272728,75.80227316363636,0.0,2.0,-4441.8576935473775,-79.81574555023536,RUS,10
2010.0,155.7593776,86.1468784,0.0,2.0,-4481.0,15.0,RUS,10
2020.0,161.0,93.0,0.0,3.0,-4498.988953768785,68.10834416965193,RUS,10
2030.0,171.9522836055857,100.0,0.0,3.0,-4520.669305620575,155.8902348325649,RUS,10
2040.0,180.67500288,100.0,0.0,4.0,-4540.828723403898,267.3345361667431,RUS,10
2050.0,189.23214582857145,100.0,0.0,4.0,-4553.705742831646,366.3368268146328,RUS,10
2060.0,197.82143451428573,100.0,0.0,4.0,-4563.0,467.0,RUS,10
2070.0,202.0,100.0,0.0,4.0,-4566.0699041840035,517.3255249774048,RUS,10
2120.0,225.18281639999998,100.0,0.0,5.0,-4544.2989075351925,1080.0861351479061,RUS,10
2140.0,238.140628,100.0,0.0,6.0,-4518.436805271298,1288.1554718111565,RUS,10
2150.0,243.0,100.0,0.0,6.0,-4501.743017486315,1385.0974350936087,RUS,10
2160.0,244.90714697142857,100.0,0.0,6.0,-4487.0,1450.0,RUS,10
2170.0,249.0,100.0,0.0,6.0,-4438.481465993602,1622.7330020152247,RUS,10
2180.0,249.98000384,100.0,0.0,6.0,-4426.0,1662.0,RUS,10
2190.0,253.0,100.0,0.0,6.0,-4392.463467645757,1753.1339369652092,RUS,10
2200.0,255.61607314285715,100.0,0.0,6.0,-4349.318937256308,1836.4192133762954,RUS,10
2220.0,259.9017874285714,100.0,0.0,6.0,-4257.605028417689,1977.214356878143,RUS,11
2230.0,263.0,100.0,0.0,6.0,-4099.863434946772,2151.4822795816303,RUS,11
2240.0,263.29000192,100.0,0.0,6.0,-4083.0,2169.0,RUS,11
2250.0,265.0,100.0,0.0,7.0,-4032.7513381409804,2215.9363118648703,RUS,11
2260.0,266.44500096,100.0,0.0,7.0,-3970.9391686766517,2259.62810406039,RUS,11
2280.0,269.03375072,100.0,0.0,7.0,-3771.7391628494124,2393.731120253803,RUS,11
2310.0,271.88375071999997,100.0,0.0,7.0,-3426.4218375745245,2557.313697589175,RUS,11
2320.0,273.94974940309567,100.0,0.0,7.0,-3190.8229681377798,2634.3093547716344,RUS,11
2340.0,273.0,100.0,0.0,7.0,-3105.4244343992477,2660.3623491427143,RUS,11
2350.0,274.8750016,100.0,0.0,7.0,-3048.0,2677.0,RUS,11
2360.0,277.0,100.0,0.0,7.0,-2935.4509475979758,2710.4488154831315,RUS,11
2380.0,277.8958336,100.0,0.0,7.0,-2763.807343178306,2763.0381452762576,RUS,11
2390.0,280.1250016,100.0,0.0,7.0,-2620.0,2809.0,RUS,11
2400.0,282.0,100.0,0.0,7.0,-2516.216794575357,2842.241922745621,RUS,11
2410.0,282.0,100.0,0.0,7.0,-2456.0,2862.0,RUS,11
2420.0,282.0,100.0,0.0,7.0,-2288.646549127232,2918.259151926716,RUS,11
2440.0,282.0,100.0,0.0,7.0,-2121.590358841639,2977.5901388214756,RUS,12
2460.0,282.0,100.0,0.0,7.0,-2028.0,3012.0,RUS,12
2470.0,282.0,100.0,0.0,7.0,-1901.1116875166608,3058.367759260522,RUS,12
2480.0,282.0,100.0,0.0,7.0,-1793.0,3100.0,RUS,12
2490.0,282.0,100.0,0.0,7.0,-1641.9331058085231,3158.213711719538,RUS,12
2510.0,282.4763094625531,100.0,0.0,7.0,-1448.0,3233.0,RUS,12
2520.0,283.0,100.0,0.0,7.0,-1338.826847348333,3276.256069612753,RUS,12
2540.0,283.0,100.0,0.0,7.0,-1228.0,3323.0,RUS,12
2550.0,283.0,100.0,0.0,7.0,-1124.6767615077067,3366.7298645925357,RUS,12
2560.0,283.3928576,100.0,0.0,7.0,-1014.0,3414.0,RUS,12
2570.0,284.0,100.0,0.0,7.0,-875.2464191695188,3474.955850066952,RUS,12
2590.0,278.093744,41.5280656,0.0,7.0,-758.0,3528.0,RUS,12
2600.0,274.0,1.0,1.0,7.0,-693.4610975016219,3557.385823477048,RUS,12
2610.0,243.7374784,0.15937440000000003,1.0,7.0,-566.0,3615.0,RUS,12
2620.0,238.0,0.0,1.0,7.0,-533.7611663270395,3629.296948581606,RUS,12
2630.0,206.874976,0.0,1.0,7.0,-360.0,3706.0,RUS,12
2640.0,183.0,0.0,1.0,6.0,-264.07383404169786,3749.34675134839,RUS,12
2650.0,175.1624928,0.0,1.0,6.0,-181.0,3786.0,RUS,13
2660.0,168.0,0.0,1.0,3.0,-101.80638513595248,3817.625853295921,RUS,13
2670.0,148.93749333333335,0.0,1.0,3.0,-6.736178441859494,3850.170196725099,RUS,13
2680.0,132.9499958857143,0.0,1.0,2.5,84.0682296011203,3868.8510211097873,RUS,13
2690.0,125.00351464296295,0.0,1.0,2.0,166.43871504870881,3871.27858798936,RUS,13
2700.0,113.95178468571429,0.0,1.0,2.0,277.1818015619496,3844.9898503663717,RUS,13
2710.0,111.59464182857143,0.0,1.0,2.0,368.10969864650485,3785.243033124182,RUS,13
2720.0,103.07380906666667,11.188100266666666,0.0,2.0,427.82476639291343,3721.4811367044713,RUS,13
2730.0,102.6373784178847,28.736405760962473,0.0,2.0,489.52174305109173,3625.3309832498016,RUS,13
2740.0,106.22727330909092,44.90909323636364,0.0,2.0,529.5475854409449,3528.0169217110997,RUS,13
2750.0,111.13636538181818,52.125001600000004,0.0,2.0,556.5733373885199,3430.6905008792846,RUS,13
2760.0,122.33181905454546,62.3875008,0.0,2.0,572.747694627623,3329.5750679758958,RUS,13
2770.0,128.4562512,70.2750016,0.0,2.0,578.5559302254829,3269.0052366022487,RUS,13
2780.0,138.00557352546878,78.13370863354498,0.0,2.0,589.3364264396689,3149.548887465742,RUS,13
2790.0,151.79944435887342,99.68663181073973,0.0,2.5,599.191990342342,3045.1932519709912,RUS,13
2800.0,162.37500160000002,100.0,0.0,3.0,611.1440087620101,2939.222366447324,RUS,13
2810.0,167.87500160000002,100.0,0.0,3.0,623.6349904445887,2837.9286587392544,RUS,13
2820.0,176.968756,100.0,0.0,3.0,637.0,2734.0,RUS,13
2830.0,184.0,100.0,0.0,4.0,647.6710328643103,2658.85957065278,RUS,13
2840.0,190.12500224000001,100.0,0.0,4.0,660.9071247913433,2569.011863593604,RUS,13
2850.0,194.03571657142857,100.0,0.0,4.0,676.0,2466.0,RUS,13
2860.0,195.90178742857142,100.0,0.0,4.0,684.4633956220528,2408.9842106966253,RUS,13
2870.0,199.7250048,100.0,0.0,4.0,704.5991500375428,2287.1712359254834,RUS,14
2880.0,207.2718768,100.0,0.0,5.0,720.5154229914577,2196.1753747023286,RUS,14
2900.0,213.070314,100.0,0.0,5.0,756.3441308233201,2018.936645943873,RUS,14
2910.0,216.890628,100.0,0.0,5.0,796.0,1852.0,RUS,14
2920.0,218.93125120000002,100.0,0.0,5.0,815.9303699237257,1780.9002443586028,RUS,14
2930.0,220.0,100.0,0.0,5.0,827.7485358402149,1741.4208722253804,RUS,14
2940.0,223.02250048000002,99.50498944,0.0,5.0,884.0340231138018,1575.5841139987972,RUS,14
2960.0,224.0453128,76.3234264,0.0,5.0,933.7025000886224,1456.1476135468338,RUS,14
2980.0,224.93249856,40.79749568,0.0,5.0,1046.613889673154,1241.4697044912095,RUS,14
2990.0,222.0,32.0,0.0,5.0,1091.335838833469,1166.096039252273,RUS,14
3000.0,219.8874976,37.8093816,0.0,5.0,1145.0,1101.0,RUS,14
3010.0,217.7843744,44.078128,0.0,5.0,1250.0573645912277,989.2264102582731,RUS,14
3020.0,217.0,48.0,0.0,5.0,1309.7368835224372,931.4776435487429,RUS,14
3030.0,216.1972216888889,50.408334933333336,0.0,5.0,1411.0,861.0,RUS,14
3040.0,216.0,51.24642925714286,0.0,5.0,1464.6432931038157,828.6891291796097,RUS,14
3050.0,216.0,52.817857828571434,0.0,5.0,1583.4344293746421,768.8858484095615,RUS,14
3070.0,214.9687496,49.0,0.0,5.0,1752.019727576772,710.5694249172618,RUS,14
3080.0,214.0,49.0,0.0,5.0,1800.329624495529,698.6937631771017,RUS,14
3090.0,213.1874992,50.2187512,0.0,5.0,1864.0,686.5,RUS,15
3100.0,212.0,52.0,0.0,5.0,1976.0077266272324,669.9663869794906,RUS,15
3110.0,212.0,54.7187512,0.0,5.0,2059.6302648775363,664.7411484580864,RUS,15
3120.0,212.52500032,58.15000192,0.0,5.0,2188.0,668.0,RUS,15
3130.0,212.91375008,60.48250048,0.0,5.0,2284.750445263331,684.0560575316729,RUS,15
3150.0,213.9590912,64.8363648,0.0,5.0,2489.0,745.0,RUS,15
3160.0,215.0,69.0,0.0,5.0,2596.7378094618543,788.8735684952571,RUS,15
3170.0,215.0,69.0,0.0,5.0,2667.653968724691,830.3073359536475,RUS,15
3180.0,215.0,69.1925470579069,0.0,5.0,2744.8455154525946,878.2663363714935,RUS,15
3190.0,215.0,71.0,0.0,5.0,2848.562530180003,966.6627139284169,RUS,15
3200.0,220.4375024,80.9687544,0.0,5.0,2940.523077987462,1054.4506578962419,RUS,15
3210.0,229.0,44.0,0.0,5.0,2985.20190595761,1104.327705301891,RUS,15
3220.0,227.906248,37.8749888,0.0,5.0,3005.0,1126.0,RUS,15
3230.0,224.859374,20.8124944,0.0,5.0,3093.7334974285786,1212.844647626519,RUS,15
3250.0,221.0,11.750001066666668,0.0,5.0,3258.776543760209,1325.3006031765117,RUS,15
3260.0,215.5812464,18.515628,0.0,5.0,3404.438394653539,1392.2246584357783,RUS,15
3280.0,209.8531232,31.867192,0.0,5.0,3543.976767984712,1429.2194046792854,RUS,15
3300.0,208.0,45.6312608,0.0,5.0,3718.463039432802,1448.6517890468476,RUS,15
3310.0,208.2875008,63.2937536,0.0,5.0,3823.039191975394,1447.9964126843074,RUS,16
3320.0,210.30625120000002,71.2296884,0.0,5.0,3956.08696668407,1434.1977811436302,RUS,16
3330.0,212.6125024,72.9593768,0.0,5.0,4062.0,1412.0,RUS,16
3340.0,214.0,74.0,0.0,5.0,4139.55401609478,1387.8838414856766,RUS,16
3350.0,216.12857417142857,87.83573211428572,0.0,5.0,4242.0,1350.0,RUS,16
3360.0,218.0,100.0,0.0,5.0,4302.797415209425,1322.5126343765191,RUS,16
3370.0,221.24166826666666,100.0,0.0,5.0,4384.485785975603,1273.6506864352878,RUS,16
3380.0,225.61250239999998,100.0,0.0,5.0,4482.720701182906,1206.1162788204047,RUS,16
3390.0,228.24166826666666,100.0,0.0,5.0,4574.594675248834,1127.9138608452804,RUS,16
3410.0,233.90833493333332,100.0,0.0,5.0,4756.337995210209,941.4639515843585,RUS,16
3430.0,237.0,100.0,0.0,5.0,4846.211930529991,837.2674298914524,RUS,16
3440.0,238.3625024,100.0,0.0,5.0,4898.0,772.0,RUS,16
3450.0,240.0,100.0,0.0,6.0,4987.652166136061,657.8010788553411,RUS,16
3460.0,241.0218768,100.0,0.0,6.0,5055.0,572.0,RUS,16
3470.0,243.0,100.0,0.0,6.0,5104.619164338109,510.44854436530176,RUS,16
3480.0,245.71698245354165,100.0,0.0,6.0,5149.007251003165,460.0183407789292,RUS,16
3490.0,246.38636392727273,100.0,0.0,6.0,5263.0,330.0,RUS,16
3510.0,247.02777813333333,100.0,0.0,6.0,5445.078567159266,122.31927817321491,RUS,16
3540.0,249.14791680000002,100.0,0.0,6.0,5618.424710310589,-72.89816436015565,RUS,17
3550.0,250.0,100.0,0.0,6.0,5688.949787325421,-151.9967870263953,RUS,17
3560.0,250.42500053333333,100.0,0.0,6.0,5714.0,-180.0,RUS,17
3570.0,252.0,100.0,0.0,6.0,5850.474483256506,-332.24072532248863,RUS,17
3580.0,252.0,78.8952436341536,0.0,6.0,5910.0,-399.0,RUS,17
3600.0,248.17499456000002,5.42499776,1.0,6.0,6015.677632437015,-521.6001180190901,RUS,17
3610.0,235.0,0.0,1.0,6.0,6066.552448696277,-580.4478164054838,RUS,17
3620.0,230.92856868571428,0.0,1.0,6.0,6154.0,-682.0,RUS,17
3630.0,229.0,0.0,1.0,5.0,6204.007092728585,-741.5847528792549,RUS,17
3640.0,220.7499904,0.0,1.0,5.0,6261.0,-811.0,RUS,17
3650.0,203.37499839999998,0.0,1.0,4.0,6328.764602846264,-908.1232262171193,RUS,17
3660.0,198.0,0.0,1.0,4.0,6375.691207132666,-1000.0829930791963,RUS,17
3670.0,196.33332906666666,0.0,1.0,4.0,6386.0,-1025.0,RUS,17
3680.0,189.13749760000002,0.6160731428571428,1.0,4.0,6415.938972465101,-1136.621152190427,RUS,17
3690.0,183.63749760000002,4.544644571428572,0.5,4.0,6427.280068920633,-1248.9852131435339,RUS,17
3700.0,181.06874879999998,13.6906304,0.0,4.0,6423.737669463864,-1339.749263726063,RUS,17
3710.0,177.0458325333333,39.06262305185185,0.0,4.0,6391.464047225444,-1502.0774296346679,RUS,17
3730.0,177.0,50.35694791111111,0.0,4.0,6340.291795397077,-1643.30419420437,RUS,17
3740.0,178.1553581714286,54.466074514285715,0.0,4.0,6278.9106650738795,-1754.5283163657173,RUS,17
3750.0,180.51250102857142,61.537503085714285,0.0,4.0,6181.597575780528,-1884.5934285688913,RUS,18
3770.0,183.80625120000002,63.935417066666666,0.0,4.0,6118.27770799067,-1944.5042153592342,RUS,18
3780.0,189.0,74.0,0.0,4.0,5907.219270605057,-2073.416735155828,RUS,18
3790.0,189.84583893333334,74.60417066666666,0.0,4.0,5895.0,-2080.0,RUS,18
3800.0,196.21750144,79.29000192000001,0.0,4.0,5845.487834376583,-2098.0210289660245,RUS,18
3810.0,199.30208533333334,84.02709013333333,0.0,4.0,5775.450596196063,-2119.1930127007945,RUS,18
3820.0,204.0,100.0,0.0,4.0,5654.955302838009,-2148.317123830254,RUS,18
3830.0,209.27125311999998,100.0,0.0,4.0,5549.994062969495,-2168.0590180054787,RUS,18
3850.0,215.1468768,100.0,0.0,4.5,5374.67728239835,-2195.9344444549592,RUS,18
3860.0,222.03572114285714,100.0,0.0,5.0,5244.0,-2212.0,RUS,18
3870.0,226.4622657761949,100.0,0.0,5.0,5158.3045896013155,-2218.1101515162363,RUS,18
3880.0,229.0,100.0,0.0,5.0,5076.796417259946,-2222.0656396266536,RUS,18
3890.0,232.6562536,100.0,0.0,5.0,4989.0,-2225.0,RUS,18
3900.0,238.0,100.0,0.0,5.0,4811.060379094769,-2230.128364189805,RUS,18
3910.0,239.25000106666667,100.0,0.0,5.0,4682.0,-2234.0,RUS,18
3920.0,240.0,100.0,0.0,6.0,4627.846511316473,-2235.939269308185,RUS,18
3930.0,245.0,100.0,0.0,6.0,4567.933064972231,-2238.945539078723,RUS,18
3940.0,248.2750016,100.0,0.0,6.0,4503.0,-2243.0,RUS,18
3950.0,252.8875008,100.0,0.0,6.0,4373.920798410574,-2251.182854773917,RUS,18
3960.0,255.27045585454545,100.0,0.0,6.0,4292.0,-2256.0,RUS,18
3980.0,261.29431883636363,100.0,0.0,6.0,3976.0356383081917,-2277.939020252073,RUS,19
4010.0,265.85037467936155,100.0,0.0,6.0,3774.241394996915,-2290.5822939220934,RUS,19
4020.0,266.5357147428571,100.0,0.0,6.0,3651.0,-2298.0,RUS,19
4030.0,267.0,100.0,0.0,7.0,3554.2238603623996,-2303.977605816523,RUS,19
4040.0,268.50000128,100.0,0.0,7.0,3444.0,-2311.0,RUS,19
4050.0,269.18229199999996,100.0,0.0,7.0,3380.2492536352343,-2315.222397611047,RUS,19
4070.0,270.51041733333335,100.0,0.0,7.0,3190.0,-2330.0,RUS,19
4120.0,274.0,100.0,0.0,7.0,2581.0189438876655,-2390.2213277356605,RUS,19
4130.0,275.5562512,100.0,0.0,7.0,2506.3696483696153,-2397.9242394602397,RUS,19
4150.0,271.276784,10.258896,0.5,7.0,2365.68578002237,-2413.0659254656243,RUS,19
4170.0,243.93391725714287,0.0,1.0,7.0,2192.41916075351,-2433.4433859111195,RUS,19
4180.0,215.6482029714286,0.0,1.0,6.0,2071.1924969439788,-2448.3706547374463,RUS,19
4190.0,204.94248704,0.0,1.0,5.0,1985.0,-2460.0,RUS,20
4210.0,188.37124352,0.0,1.0,5.0,1842.1518378395306,-2478.3783866571107,RUS,20
4220.0,146.6624928,0.0,1.0,3.0,1670.9224675322375,-2504.659289734455,RUS,20
4230.0,129.0,0.0,1.0,2.0,1561.716501464676,-2525.1387017881634,RUS,20
4240.0,117.5812464,0.0,1.0,2.0,1474.5051883444496,-2542.894759964,RUS,20
4250.0,104.414058,0.0,1.0,2.0,1408.6431593520183,-2565.3828243251446,RUS,20
4260.0,93.55062368,0.0,1.0,1.25,1314.2150573907877,-2607.379824095546,RUS,20
4270.0,84.33948730681121,0.0,0.0,1.0,1247.2747773600881,-2679.718541548611,RUS,20
4280.0,76.7499984,0.0,0.0,1.0,1221.1178007416047,-2766.036072169416,RUS,20
4290.0,75.00095244190476,15.11643068952381,0.0,1.0,1237.286032878219,-2844.0766679170442,RUS,20
4300.0,79.67924995448443,39.44593764310554,0.0,1.0,1300.0214645613778,-2946.6059312813395,RUS,20
4310.0,89.75000192,51.87500224,0.0,1.0,1373.0541306825592,-3013.4086274708393,RUS,20
4320.0,100.35714514285715,64.42857417142858,0.0,1.0,1448.6299010547507,-3064.646884811878,RUS,20
4330.0,110.85000192,88.52500608,0.0,1.0,1670.3114330690628,-3196.940602849136,RUS,20
4340.0,122.81666986666666,100.0,0.0,2.0,1741.761946108469,-3237.856721890517,RUS,20
4350.0,128.9406304,100.0,0.0,2.0,1786.0,-3264.0,RUS,20
4360.0,139.26672124,100.0,0.0,2.0,1916.2869021603676,-3347.9732200899625,RUS,20
4370.0,147.8843792,100.0,0.0,2.0,2038.0,-3445.0,RUS,20
4380.0,150.90125216,100.0,0.0,3.0,2077.469084954416,-3485.254034617205,RUS,20
4390.0,157.42625216,100.0,0.0,3.0,2156.167614147789,-3583.929916085001,RUS,20
4410.0,163.67875168,100.0,0.0,3.0,2237.8945860961385,-3752.9056880304033,RUS,21
4420.0,168.29000192,100.0,0.0,3.0,2257.2024495052733,-3826.927473128996,RUS,21
4430.0,170.8812528,100.0,0.0,3.0,2273.0,-3906.0,RUS,21
4440.0,175.48229306666667,100.0,0.0,3.5,2290.2540189860338,-4059.424117112399,RUS,21
4450.0,179.86250239999998,100.0,0.0,4.0,2294.158653366754,-4153.926225317004,RUS,21
4460.0,182.33500288,100.0,0.0,4.0,2293.0,-4222.0,RUS,21
4470.0,184.0,100.0,0.0,4.0,2289.0163498761285,-4278.368032560368,RUS,21
4480.0,187.7870388148148,100.0,0.0,4.0,2270.596193581737,-4418.234377449025,RUS,21
4490.0,190.81666986666667,100.0,0.0,4.0,2248.0,-4520.0,RUS,21
4500.0,193.0,100.0,0.0,4.0,2221.4756316860967,-4609.130210221188,RUS,21
4510.0,196.05642752472926,100.0,0.0,4.0,2176.730892591624,-4745.857303266036,RUS,21
4520.0,199.37304248315135,100.0,0.0,4.0,2144.0,-4830.0,RUS,21
4530.0,200.0,100.0,0.0,4.0,2134.814957192494,-4850.667313457248,RUS,21
4540.0,197.843748,0.0,1.0,4.0,2075.182215637295,-4978.612487250392,RUS,21
4550.0,191.1315769319139,0.0,1.0,4.0,2028.3317564035628,-5063.945348901216,RUS,21
4560.0,174.789470455751,0.0,1.0,3.5,1899.2772698854544,-5247.15374072311,RUS,21
4570.0,174.0,0.0,1.0,3.0,1880.7828267167804,-5272.3374716579265,RUS,21
4580.0,171.6333312,0.0,1.0,3.0,1868.0,-5286.0,RUS,21
4590.0,161.32608529732585,0.0,1.0,3.0,1738.9280708476042,-5417.42223906168,RUS,21
4600.0,155.0,0.0,1.0,3.0,1694.569770775609,-5455.462856197344,RUS,21
4610.0,149.46874880000001,0.0,0.5,3.0,1627.9106326641188,-5481.365735000501,RUS,21
4620.0,143.82954501818182,9.102278109090909,0.0,3.0,1529.4102068915936,-5504.568626183005,RUS,21
4630.0,141.68181760000002,35.59091626666667,0.0,3.0,1401.3876785609755,-5507.589853094632,RUS,22
4640.0,144.2156256,54.4312512,0.0,3.0,1286.7434815327638,-5491.114855697782,RUS,22
4650.0,145.54500095999998,56.81750144,0.0,3.0,1204.5860607862799,-5462.7112450998475,RUS,22
4660.0,148.55208533333334,61.48333653333333,0.0,3.0,1126.7882628281768,-5426.341716873052,RUS,22
4670.0,154.35673427692308,71.09327532307692,0.0,3.0,1049.7465049316725,-5376.898793160748,RUS,22
4680.0,164.02116086153845,87.87885833846154,0.0,3.0,957.0,-5301.0,RUS,22
4690.0,171.21750144,100.0,0.0,3.0,885.0816909720063,-5233.705089600144,RUS,22
4700.0,175.85417066666668,100.0,0.0,3.0,801.9218484882504,-5158.973657886167,RUS,22
4720.0,189.60417066666668,100.0,0.0,4.0,648.8825959893536,-5021.306669833218,RUS,22
4730.0,199.0,100.0,0.0,4.0,576.6419178870541,-4956.234020279812,RUS,22
4740.0,201.86072045714286,100.0,0.0,4.0,544.0,-4927.0,RUS,22
4750.0,208.55125216,100.0,0.0,5.0,448.14506847782184,-4841.3951853845465,RUS,22
4760.0,214.05250432,100.0,0.0,5.0,420.0,-4816.0,RUS,22
4770.0,217.0,100.0,0.0,5.0,363.51891639244803,-4765.850417311577,RUS,22
4780.0,220.11250239999998,100.0,0.0,5.0,303.7643269984567,-4712.333726930349,RUS,22
4790.0,223.93500288,100.0,0.0,5.0,210.0,-4628.0,RUS,22
4800.0,226.33500288,100.0,0.0,5.0,135.0,-4561.0,RUS,22
4810.0,228.34500096,100.0,0.0,5.0,66.30896495308195,-4499.577513675813,RUS,22
4830.0,231.89000192,100.0,0.0,5.0,-102.0,-4349.0,RUS,22
4840.0,232.48375072,100.0,0.0,6.0,-138.12563826919674,-4316.11910758177,RUS,22
4860.0,234.95875072,100.0,0.0,6.0,-297.70513432364316,-4172.627743441813,RUS,23
4870.0,235.46708514766945,100.0,0.0,6.0,-374.0,-4106.0,RUS,23
4880.0,235.9843262225803,100.0,0.0,6.0,-454.4544626464093,-4033.8420267667407,RUS,23
4900.0,236.06269671469408,99.3416844957122,0.0,6.0,-560.4008099886694,-3945.9752012035683,RUS,23
4920.0,239.81818225591326,59.90908631291059,0.0,6.0,-724.2579087899059,-3838.3209316651937,RUS,23
4930.0,239.07249984,54.289999359999996,0.0,6.0,-840.5795748516828,-3780.4654393175515,RUS,23
4940.0,238.47381521776603,55.57855434670194,0.0,6.0,-978.0,-3738.0,RUS,23
4950.0,238.07481266031922,56.77556201904232,0.0,6.0,-1084.0,-3722.0,RUS,23
4960.0,238.0,57.0,0.0,6.0,-1104.4380637827765,-3719.940553281689,RUS,23
4970.0,238.07500032000002,65.72500736,0.0,6.0,-1224.8586381581713,-3713.1980877460965,RUS,23
4980.0,239.0,87.69643154285714,0.0,6.0,-1356.3056021074162,-3717.0843140606075,RUS,23
5000.0,239.0,99.76786011428572,0.0,6.0,-1523.2163818217475,-3748.9125670115463,RUS,23
5010.0,239.0,100.0,0.0,6.0,-1626.1992802870668,-3783.189324813693,RUS,23
5020.0,240.06250026666666,100.0,0.0,6.0,-1739.7543997950754,-3829.8407018265652,RUS,23
5040.0,241.2781256,100.0,0.0,6.0,-1902.8345890115538,-3912.0159337600007,RUS,23
5050.0,242.30277831111113,100.0,0.0,6.0,-2014.2972534249798,-3971.7438027589214,RUS,23
5070.0,243.96944497777778,100.0,0.0,6.0,-2201.02624195567,-4064.9884334790986,RUS,24
5080.0,246.0,100.0,0.0,6.0,-2384.5569510313826,-4130.977593597674,RUS,24
5090.0,247.30625120000002,100.0,0.0,6.0,-2450.2076285966214,-4152.537369919943,RUS,24
5100.0,247.25499904,100.0,0.0,6.0,-2506.0,-4164.0,RUS,24
5110.0,247.0,100.0,0.0,6.0,-2529.912924030574,-4167.740074713017,RUS,24
5120.0,247.8892864,100.0,0.0,6.0,-2711.0,-4194.0,RUS,24
5130.0,248.0,100.0,0.0,6.0,-2733.452972614094,-4195.910133815667,RUS,24
5140.0,248.0,100.0,0.0,6.0,-2842.7765164882017,-4199.067280333303,RUS,24
5150.0,246.4428544,73.1392384,0.0,6.0,-2916.0,-4196.0,RUS,24
5160.0,244.07857005714285,32.35533348571428,0.0,6.0,-3028.7255962437894,-4184.499114972399,RUS,24
5170.0,235.7107081142857,0.0,1.0,6.0,-3168.1127909267807,-4160.58841006414,RUS,24
5180.0,222.56427337142856,0.0,1.0,6.0,-3294.0,-4131.0,RUS,24
5190.0,214.7749952,0.0,1.0,5.0,-3371.072541436107,-4107.6570366563665,RUS,24
5210.0,197.56040906666667,0.0,1.0,4.333333333333333,-3542.047126083304,-4038.9752871294313,RUS,24
5220.0,185.1374976,0.0,1.0,4.0,-3645.143679046489,-3981.0643129668897,RUS,24
5230.0,176.19165653333334,0.0,1.0,4.0,-3721.0,-3929.0,RUS,24
5240.0,162.4906208,0.0,1.0,3.0,-3813.208935333628,-3850.4817231989073,RUS,24
5250.0,151.1156208,0.0,1.0,3.0,-3886.5963423243893,-3768.638278858589,RUS,24
5260.0,143.89249664,0.0,1.0,2.5,-3934.492540188468,-3702.855816833062,RUS,24
5270.0,134.38749760000002,0.0,1.0,2.0,-3975.4353428994227,-3635.5393960907877,RUS,24
5280.0,128.45403695526917,0.0,1.0,2.0,-4017.53562635112,-3544.728414646567,RUS,24
5290.0,120.132812,0.0,0.0,2.0,-4046.9904188878395,-3415.4753855651306,RUS,25
5300.0,114.06428525714286,0.0,0.0,2.0,-4045.6975131262875,-3312.1441095156642,RUS,25
5310.0,111.49285668571429,0.0,0.0,2.0,-4034.905342927529,-3256.908197259012,RUS,25
5320.0,107.68027162706889,14.108845584957182,0.0,2.0,-3983.7831556687233,-3134.3918074573417,RUS,25
5330.0,106.43125002666667,34.76875338666667,0.0,2.0,-3924.4396111720066,-3061.252646580078,RUS,25
5340.0,110.90000128,43.92500096,0.0,2.0,-3808.2248438221777,-2972.9689965227644,RUS,25
5350.0,117.1125024,55.9734396,0.0,2.0,-3697.5754550569955,-2927.4294316213836,RUS,25
5360.0,125.43036022857143,63.1125024,0.0,2.0,-3630.764380584804,-2907.130267658521,RUS,25
5370.0,132.50178879999999,68.6125024,0.0,2.0,-3556.218941032512,-2888.6445697805243,RUS,25
5380.0,141.4046908,76.64062799999999,0.0,2.0,-3457.4643359195406,-2866.524106032738,RUS,25
5390.0,148.01500672,84.23250816000001,0.0,3.0,-3339.2142746721065,-2841.276140113072,RUS,25
5400.0,160.61500672,99.53250815999999,0.0,3.0,-3260.6070701447134,-2825.5332750714088,RUS,25
5410.0,171.2062544,100.0,0.0,3.0,-3181.5523875414483,-2810.4790679360526,RUS,25
5420.0,183.32917546666667,100.0,0.0,3.0,-3006.0,-2778.0,RUS,25
5440.0,193.0,100.0,0.0,4.0,-2922.450700970773,-2764.0068827875198,RUS,25
5450.0,193.0,100.0,0.0,4.0,-2845.873595139054,-2751.519171722427,RUS,25
5460.0,203.7250048,100.0,0.0,4.0,-2716.8159807925913,-2730.58526881519,RUS,25
5470.0,213.1000192,100.0,0.0,4.0,-2638.055172370874,-2718.220362399897,RUS,25
0.0,272.4499986285714,100.0,0.0,7.0,82.71675686462137,-2262.8408716616923,BOT,1
10.0,273.94090821818185,100.0,0.0,7.0,198.0,-2241.0,BOT,1
30.0,276.0,100.0,0.0,7.0,424.85412022440437,-2199.7996414550257,BOT,1
40.0,276.4833322666667,100.0,0.0,7.0,469.5,-2192.5,BOT,1
50.0,278.0,100.0,0.0,7.0,640.893663797819,-2162.076703784831,BOT,1
70.0,279.98999936,100.0,0.0,7.0,835.7713011061826,-2124.8536918082336,BOT,1
80.0,280.0,100.0,0.0,7.0,932.4131720011919,-2106.7048095156824,BOT,1
100.0,280.85357120000003,100.0,0.0,7.0,1063.3553921578628,-2082.5725801432513,BOT,1
120.0,281.9937496,100.0,0.0,7.0,1218.74601008822,-2053.8627439031534,BOT,1
130.0,282.79750016,100.0,0.0,7.0,1354.1637341609662,-2029.228254288918,BOT,1
140.0,283.0,100.0,0.0,7.0,1590.0,-1987.0,BOT,1
150.0,283.0,100.0,0.0,7.0,1664.4132216225785,-1973.6857910476083,BOT,1
170.0,284.0,100.0,0.0,7.0,1773.4404503379897,-1954.1214534934975,BOT,1
180.0,286.0,100.0,0.0,7.0,1887.1542561066326,-1932.4952136652944,BOT,1
200.0,286.07202205524305,100.0,0.0,7.0,2046.522084482668,-1902.239515632314,BOT,1
220.0,286.8808862281904,100.0,0.0,7.0,2318.0,-1853.0,BOT,1
230.0,287.0,100.0,0.0,7.0,2356.311516160452,-1846.318457684118,BOT,2
250.0,287.0,100.0,0.0,7.0,2538.0,-1817.0,BOT,2
260.0,287.0,100.0,0.5,7.0,2663.4825268431914,-1797.6392849041872,BOT,2
280.0,281.06667093333334,62.916693333333335,1.0,7.0,2819.0,-1774.0,BOT,2
300.0,269.90715062857146,0.0,1.0,7.0,3060.671665080956,-1736.1613965908045,BOT,2
320.0,235.23000192,0.0,1.0,7.0,3330.135093733501,-1693.2967312801488,BOT,2
330.0,231.0,0.0,1.0,7.0,3411.90726355633,-1680.487901483886,BOT,2
350.0,214.2875024,0.0,1.0,7.0,3536.29358792123,-1661.9116702261827,BOT,2
360.0,203.7875024,0.0,1.0,6.5,3758.298747450069,-1628.2789870557858,BOT,2
380.0,201.56001024,0.0,1.0,5.0,3834.884435759079,-1616.4807899097466,BOT,2
390.0,165.437504,0.0,1.0,4.0,3966.0686363511595,-1596.661602347182,BOT,2
410.0,148.6625024,0.0,1.0,4.0,4155.623845465792,-1568.5353210450899,BOT,2
420.0,138.18166976,0.0,1.0,3.3333333333333335,4271.991933199449,-1546.5992464665349,BOT,2
430.0,133.0,0.0,1.0,3.0,4347.300591340395,-1529.721095852598,BOT,2
440.0,113.24562712,0.0,1.0,2.25,4466.296309739039,-1497.886635639393,BOT,2
450.0,101.7333376,0.0,1.0,2.0,4592.0,-1452.0,BOT,3
460.0,91.43000192,0.0,1.0,2.0,4646.878537849177,-1414.8563840669951,BOT,3
470.0,80.96306981818182,0.0,1.0,1.0,4714.785897632809,-1346.218553797994,BOT,3
480.0,72.21785782857143,0.0,0.6666666666666666,1.0,4773.584733913459,-1238.50284528018,BOT,3
490.0,67.6622400724714,2.507787266350109,0.0,1.0,4790.9537228636145,-1159.3918031082108,BOT,3
500.0,67.0,0.4215050961422001,0.0,1.0,4795.443004899879,-1059.8076308866343,BOT,3
510.0,65.717000448,0.6899993600000001,0.0,1.0,4780.9429353484065,-970.4606642646706,BOT,3
520.0,63.88057137371429,10.032855588571428,0.0,1.0,4750.219043175972,-893.2555768964688,BOT,3
530.0,68.84999954285713,14.466666057142858,0.0,1.0,4698.775953695261,-822.5970836746578,BOT,3
540.0,75.54245973333333,23.7190464,0.0,1.0,4620.596570306274,-759.6555161055152,BOT,3
550.0,82.39333290666667,31.149998933333336,0.0,1.0,4505.115945968256,-718.773395255765,BOT,3
560.0,88.98333226666666,36.0,0.0,1.0,4435.314069188263,-712.2811737839899,BOT,3
570.0,94.76190323809523,38.761903238095236,0.0,2.0,4374.956678430434,-712.2762598256637,BOT,3
580.0,101.65555484444444,44.16111075555555,0.0,2.0,4281.4168196262535,-714.2007899038755,BOT,3
590.0,107.4156236,47.2374992,0.0,2.0,4204.279799608257,-718.5639519184913,BOT,3
600.0,114.9749984,51.389999360000004,0.0,2.0,4085.1849471111123,-728.7502929970013,BOT,3
610.0,124.0,55.0,0.0,2.0,3973.9189131301114,-740.165108474529,BOT,3
620.0,130.0537481066667,59.2312488,0.0,2.0,3908.741414357291,-748.1905253248652,BOT,3
630.0,133.3343744,60.7781248,0.0,2.0,3810.7201139726963,-759.3069277373829,BOT,3
640.0,143.97500159999998,62.99500032,0.0,2.5,3685.7638003127818,-773.0254950098821,BOT,3
650.0,146.0,63.0,0.0,3.0,3591.736004509002,-782.9706692175278,BOT,3
660.0,149.78999808,68.68499711999999,0.0,3.0,3516.4760667839846,-790.3168755848487,BOT,3
670.0,158.5734060628753,75.85872485030025,0.0,3.0,3411.513780385998,-798.9240712031783,BOT,4
680.0,161.9249984,77.0,0.0,3.0,3353.0,-804.0,BOT,4
690.0,167.4624992,77.0,0.0,3.5,3252.057038483843,-812.8418350317384,BOT,4
700.0,177.36110933333333,79.8083328,0.0,4.0,3080.0,-827.0,BOT,4
710.0,180.84261671886497,81.53063977169653,0.0,4.0,3028.8263910169435,-831.4936900078893,BOT,4
720.0,191.0,87.0,0.0,4.0,2875.005819005935,-844.2931298852188,BOT,4
730.0,192.69166293333333,90.14165973333333,0.0,4.0,2843.0,-847.0,BOT,4
740.0,198.0,100.0,0.0,4.0,2749.612314196461,-855.5914831623382,BOT,4
750.0,204.5187472,100.0,0.0,4.5,2672.007075738451,-862.5000869442761,BOT,4
760.0,212.16666311111112,100.0,0.0,5.0,2516.0,-875.0,BOT,4
770.0,216.71499776000002,100.0,0.0,5.0,2424.652536793945,-883.3264003742268,BOT,4
780.0,220.91499776,100.0,0.0,5.0,2352.30866367868,-889.6033756904935,BOT,4
790.0,226.43571017142858,100.0,0.0,5.0,2246.0,-899.0,BOT,4
800.0,231.0,100.0,0.0,6.0,2141.377913019439,-908.0278092775695,BOT,4
810.0,235.4749984,100.0,0.0,6.0,1975.563174387593,-921.9546076001394,BOT,4
830.0,242.0,100.0,0.0,6.0,1829.736352054746,-934.02039787282,BOT,4
840.0,243.51666417777778,100.0,0.0,6.0,1784.0,-938.0,BOT,4
850.0,247.01666417777778,100.0,0.0,6.0,1662.0,-949.0,BOT,4
860.0,249.0,100.0,0.0,6.0,1588.2511178450538,-955.5251550110279,BOT,4
870.0,249.4749984,100.0,0.0,6.0,1455.140889170941,-966.8410359276602,BOT,4
880.0,253.9749984,100.0,0.0,6.0,1327.4073789899173,-977.0478566097847,BOT,4
900.0,258.9791653333333,100.0,0.0,6.0,1176.8302481538149,-990.1041866248397,BOT,5
910.0,261.06999808,100.0,0.0,6.0,976.0,-1008.0,BOT,5
930.0,265.0,100.0,0.0,6.0,748.8631107836278,-1027.833174457859,BOT,5
940.0,267.7374992,100.0,0.0,6.5,642.7992416849337,-1036.8801597672145,BOT,5
960.0,270.0,100.0,0.0,7.0,534.886657038277,-1046.2977313235397,BOT,5
970.0,271.97999872,100.0,0.0,7.0,414.0,-1057.0,BOT,5
980.0,272.3687496,100.0,0.0,7.0,368.288464251566,-1061.0631764577245,BOT,5
990.0,273.0,100.0,0.0,7.0,292.9558332802811,-1067.7615988902533,BOT,5
1060.0,281.29499904,100.0,0.0,7.0,-423.9496883443768,-1130.964951232454,BOT,5
1070.0,283.0,100.0,0.0,7.0,-638.096548970047,-1149.4694396984146,BOT,5
1080.0,283.0,100.0,0.0,7.0,-679.0,-1153.0,BOT,5
1090.0,283.0,100.0,0.0,7.0,-764.8785570536782,-1160.4130739288562,BOT,5
1100.0,284.2398760353647,100.0,0.0,7.0,-852.0,-1168.0,BOT,5
1110.0,285.0,100.0,0.0,7.0,-943.1284920366087,-1176.0042851700055,BOT,6
1120.0,285.68499968,100.0,0.0,7.0,-1057.0,-1186.0,BOT,6
1130.0,286.0,100.0,0.0,7.0,-1103.4748331377216,-1190.0610383213805,BOT,6
1150.0,286.9232141714286,100.0,0.0,7.0,-1321.4285564593797,-1209.3940126336286,BOT,6
1160.0,288.1214281142857,100.0,0.0,7.0,-1549.0,-1230.0,BOT,6
1170.0,289.0,100.0,0.0,7.0,-1617.060564888762,-1235.6719604170962,BOT,6
1180.0,289.0,100.0,0.0,7.0,-1661.0,-1239.0,BOT,6
1190.0,289.0,100.0,0.0,7.0,-1727.1703519815621,-1244.7862852743892,BOT,6
1210.0,290.01874986666667,100.0,0.0,7.0,-1909.781584111594,-1261.3465828258381,BOT,6
1220.0,290.3291664,100.0,0.0,7.0,-2029.0,-1272.0,BOT,6
1240.0,290.87083306666665,100.0,0.0,7.0,-2335.0,-1298.0,BOT,6
1250.0,291.0,100.0,0.0,7.0,-2389.5025084214753,-1302.726904073069,BOT,6
1260.0,291.0,100.0,0.0,7.0,-2476.319466923034,-1310.6681219386467,BOT,6
1270.0,291.78999936,90.52000768,0.0,7.0,-2556.0,-1318.0,BOT,6
1280.0,292.0,88.0,0.0,7.0,-2581.9827271162703,-1320.320819599198,BOT,6
1300.0,281.7000021333333,12.46668231111111,0.5,7.0,-2857.959944967488,-1344.2157913598044,BOT,6
1310.0,275.406256,0.0,1.0,7.0,-3030.0,-1359.0,BOT,6
1330.0,265.0,0.0,1.0,7.0,-3166.7280371038587,-1371.482201965497,BOT,7
1340.0,254.32000768,0.0,1.0,7.0,-3250.0,-1379.0,BOT,7
1360.0,240.50500352,0.0,1.0,7.0,-3409.7615668206663,-1392.4378955727495,BOT,7
1370.0,228.60667135999998,0.0,1.0,7.0,-3551.427233631719,-1405.3687145972106,BOT,7
1380.0,219.0,0.0,1.0,7.0,-3660.94534003156,-1414.520922723278,BOT,7
1390.0,211.83572205714285,0.0,1.0,7.0,-3732.0,-1421.0,BOT,7
1400.0,200.0500032,0.0,1.0,6.0,-3847.2431197963674,-1431.1494010407619,BOT,7
1410.0,192.0,0.0,1.0,6.0,-3950.628290400585,-1439.69953381086,BOT,7
1420.0,187.9031288,0.0,1.0,5.0,-4073.6205107824835,-1450.9014742004456,BOT,7
1430.0,176.0281288,0.0,1.0,4.5,-4164.984182153128,-1458.7646199652727,BOT,7
1440.0,161.97500373333332,0.0,1.0,4.0,-4243.523767083183,-1466.6099768181334,BOT,7
1450.0,159.0,0.0,1.0,3.5,-4315.5968692297665,-1472.7457896381502,BOT,7
1460.0,138.91500416,0.0,1.0,3.0,-4484.851286954221,-1485.5488898802384,BOT,7
1470.0,124.68500224,0.0,1.0,2.0,-4558.203490257545,-1487.021965174548,BOT,7
1480.0,117.91363723636363,0.0,1.0,2.0,-4663.713887838094,-1486.0750309828336,BOT,7
1490.0,114.2772736,0.0,1.0,2.0,-4748.05961974578,-1480.4552786601234,BOT,7
1500.0,103.929168,0.0,1.0,2.0,-4853.100471952307,-1459.0767821651943,BOT,7
1510.0,96.81111182222222,0.0,1.0,2.0,-4952.235412115333,-1419.0068168867049,BOT,7
1520.0,90.01500032,0.0,1.0,1.75,-5012.11319886631,-1367.655909598808,BOT,7
1530.0,83.59791534861024,0.0,1.0,1.0,-5070.7432900763215,-1292.554036157532,BOT,7
1540.0,81.0583335111111,0.0,0.5,1.0,-5117.292103103713,-1180.7754174077359,BOT,7
1550.0,76.58906286666667,0.0,0.0,1.0,-5125.776262312016,-1110.1301473973506,BOT,8
1560.0,73.97000021333334,0.0,0.0,1.0,-5112.768012891222,-995.5768497203027,BOT,8
1570.0,71.76499989333334,12.594997546666667,0.0,1.0,-5070.6124776712,-908.0664531415974,BOT,8
1580.0,74.5527776,22.105555199999998,0.0,1.0,-5018.015620104156,-845.8112007146073,BOT,8
1590.0,76.524749344,26.844832575999998,0.0,1.0,-4934.945987544373,-799.061343772922,BOT,8
1600.0,83.56666560000001,28.433334399999996,0.0,1.0,-4736.898823227442,-804.3911014604546,BOT,8
1610.0,86.06904746666667,25.997623466666667,0.0,1.0,-4656.641786283033,-835.3877685021222,BOT,8
1620.0,84.00932599365079,0.051789028571429085,0.75,1.0,-4547.620149112213,-872.9483610418731,BOT,8
1630.0,75.0410242293472,0.0,1.0,1.0,-4452.91355391403,-896.932345465343,BOT,8
1640.0,72.0,0.0,0.0,1.0,-4344.539540193338,-908.780366107083,BOT,8
1650.0,67.80100642749113,0.0,0.0,1.0,-4252.718179036582,-890.2057163561902,BOT,8
1660.0,64.34261383434344,0.8937495111111111,0.0,1.0,-4175.798018085533,-809.5966836204325,BOT,8
1670.0,63.20609279860237,11.603046399301185,0.0,1.0,-4147.874358098817,-721.3913893296366,BOT,8
1680.0,64.57916639999999,12.274998933333332,0.0,1.0,-4139.922776813683,-625.0575051463969,BOT,8
1690.0,69.90999904,23.33499824,0.0,1.0,-4151.749320669474,-530.7493734695176,BOT,8
1700.0,75.91999914666667,34.10999850666666,0.0,1.0,-4188.694056470947,-438.5710281520281,BOT,8
1710.0,86.85416533333334,43.37083306666667,0.0,1.0,-4246.720468817537,-353.0342132512257,BOT,8
1720.0,93.98571337142857,47.985713371428574,0.0,1.0,-4302.208925926125,-289.75064537810624,BOT,8
1730.0,102.7249984,48.724998400000004,0.0,1.0,-4367.301862467262,-208.44153925747324,BOT,8
1740.0,116.70059321904762,58.71339222857143,0.0,2.0,-4421.702621995213,-118.85837565637243,BOT,8
1750.0,127.0,62.0,0.0,2.0,-4474.797084131221,-4.18557641172567,BOT,8
1760.0,134.30571190857142,60.93190588952381,0.0,2.0,-4494.04307630115,55.396279050923454,BOT,8
1770.0,138.66785645714288,55.664287085714285,0.0,2.5,-4520.523392960011,157.81664426472366,BOT,9
1780.0,140.32221973333333,52.544449066666665,0.0,3.0,-4537.467623134876,249.9737434201567,BOT,9
1790.0,146.65833386666668,42.9875008,0.0,3.0,-4550.177157445676,343.96965472363917,BOT,9
1800.0,150.29250048,48.87750144,0.0,3.0,-4560.268909423289,434.8266436832802,BOT,9
1810.0,155.38500096,57.79500032,0.0,3.0,-4565.350605076128,545.5861074941421,BOT,9
1820.0,160.19000064,60.33875072,0.0,3.0,-4566.083670224052,624.5278969209686,BOT,9
1830.0,166.78999808,67.76374784000001,0.0,3.0,-4560.791399309275,773.9625502104465,BOT,9
1840.0,171.44388811074523,68.0,0.0,3.0,-4557.0,873.0,BOT,9
1850.0,176.0,68.0531248,0.0,4.0,-4551.375431785112,973.5927105596561,BOT,9
1860.0,176.55499903999998,68.90750016,0.0,4.0,-4541.231896362766,1104.1001260948256,BOT,9
1870.0,182.0,68.0,0.0,4.0,-4528.96805510772,1216.923634520398,BOT,9
1880.0,188.0,65.0,0.0,4.0,-4513.0541266372475,1315.5819002248459,BOT,9
1890.0,188.25499904,65.16999936,0.0,4.0,-4512.0,1322.0,BOT,9
1900.0,191.0,67.0,0.0,4.0,-4501.295181696317,1387.117294560429,BOT,9
1910.0,193.987446898759,71.97907816459832,0.0,4.0,-4474.817379109526,1499.651362094193,BOT,9
1920.0,197.98333226666665,62.04166933333333,0.0,4.0,-4420.79228486059,1676.6336478761687,BOT,9
1940.0,201.97999872,69.85749888000001,0.0,5.0,-4351.204310723932,1834.5863808838228,BOT,9
1960.0,209.0,76.0,0.0,5.0,-4200.70701794373,2041.8558194597783,BOT,9
1970.0,210.67142582857142,76.83571291428571,0.0,5.0,-4171.0,2079.0,BOT,9
1980.0,215.0,79.0,0.0,5.0,-4121.676899891875,2133.2992367633806,BOT,9
1990.0,216.37999872,80.37999872,0.0,5.0,-4088.0,2164.0,BOT,10
2000.0,219.0,83.0,0.0,5.0,-3974.743963447443,2259.190985976496,BOT,10
2010.0,219.9499968,82.8416672,0.0,5.0,-3947.0,2279.0,BOT,10
2020.0,224.7249984,82.04583360000001,0.0,5.0,-3785.146129369995,2386.4972739389777,BOT,10
2040.0,227.69249952,82.0,0.0,5.0,-3632.2383227766372,2464.460040207022,BOT,10
2060.0,232.62499885714286,81.07500022857143,0.0,5.5,-3317.630239760988,2594.239294819821,BOT,10
2080.0,238.01666417777778,86.7333304888889,0.0,6.0,-3217.0,2626.0,BOT,10
2090.0,240.0,89.0,0.0,6.0,-3139.5890775410735,2649.221415669822,BOT,10
2100.0,244.9749984,98.1208304,0.0,6.0,-2972.9245925487658,2699.8286148223074,BOT,10
2120.0,253.0,100.0,0.0,6.0,-2789.651601387898,2755.0668189499297,BOT,10
2130.0,253.26999808,100.0,0.0,6.0,-2774.0,2760.0,BOT,10
2140.0,256.4749984,100.0,0.0,6.0,-2561.6945638065927,2827.6650319776536,BOT,10
2150.0,261.0,100.0,0.0,6.0,-2465.3351791888226,2858.4347045701115,BOT,10
2160.0,263.19444266666665,100.0,0.0,6.0,-2407.0,2878.0,BOT,10
2180.0,265.8541653333333,100.0,0.0,6.5,-2274.606590964981,2923.5564489844896,BOT,10
2200.0,267.99583359999997,100.0,0.0,7.0,-2099.6010248456278,2985.144946672349,BOT,10
2210.0,270.0,100.0,0.0,7.0,-1921.941457307968,3051.074323507075,BOT,11
2220.0,270.84642925714286,100.0,0.0,7.0,-1861.0,3074.0,BOT,11
2230.0,273.0,100.0,0.0,7.0,-1753.4634114512528,3114.9329896692702,BOT,11
2240.0,273.6168213566248,100.0,0.0,7.0,-1691.0,3139.0,BOT,11
2260.0,275.2406248,100.0,0.0,7.0,-1453.2938030819005,3231.2564083384696,BOT,11
2270.0,275.9812496,100.0,0.0,7.0,-1364.0,3267.0,BOT,11
2280.0,277.0,100.0,1.0,7.0,-1238.9327841859435,3319.3438471959867,BOT,11
2290.0,270.26389333333333,73.05557333333334,1.0,7.0,-1181.0,3344.0,BOT,11
2300.0,259.15278222222224,28.6111288888889,1.0,7.0,-1125.0,3368.0,BOT,11
2310.0,252.0,0.0,1.0,7.0,-1069.0827072622847,3391.6021024237543,BOT,11
2320.0,239.74750208,0.0,1.0,7.0,-938.5974449244158,3447.2389361900778,BOT,11
2330.0,239.0,0.0,1.0,7.0,-836.321231760367,3493.159572252869,BOT,11
2340.0,225.5062568,0.0,1.0,7.0,-765.0,3526.0,BOT,11
2350.0,205.0,0.0,1.0,7.0,-659.4637392861936,3573.785195834355,BOT,11
2360.0,198.43609560924781,0.0,1.0,7.0,-609.0,3596.0,BOT,11
2370.0,178.48075738454065,0.0,1.0,6.333333333333333,-466.70532570991776,3658.491892923672,BOT,11
2380.0,164.0,0.0,1.0,5.0,-378.7820968330164,3697.6054417954997,BOT,11
2390.0,153.44000256,0.0,1.0,3.6666666666666665,-266.23299623015106,3748.1514250448304,BOT,11
2400.0,141.0500032,0.0,1.0,3.0,-162.35536197175,3794.122196479332,BOT,11
2410.0,137.0,0.0,1.0,2.5,-98.32535417047956,3819.625628329819,BOT,11
2420.0,113.97778346666666,0.0,1.0,2.0,8.220787101228716,3853.544324628192,BOT,11
2430.0,103.5588254117647,0.0,1.0,2.0,64.0,3866.0,BOT,12
2440.0,95.30882447058823,0.0,0.5,2.0,210.1725422211518,3865.8601049174167,BOT,12
2450.0,94.0,20.9749984,0.0,2.0,308.54840230107595,3825.7446705302864,BOT,12
2460.0,95.42142811428572,24.0,0.0,2.0,375.90153613901145,3774.3575539442118,BOT,12
2470.0,96.7370368,26.948147200000005,0.0,2.0,438.23856026535776,3706.527846155955,BOT,12
2480.0,98.5333328,34.1333312,0.0,2.0,488.3993778617284,3628.1419467306127,BOT,12
2490.0,104.35178605714286,46.94142692571428,0.0,2.0,530.9909080028547,3526.2455241729754,BOT,12
2500.0,110.6468672,57.4749952,0.0,2.0,555.0,3438.0,BOT,12
2510.0,122.35452992585066,66.67226400292533,0.0,2.0,571.3194116730915,3335.1190484606086,BOT,12
2520.0,134.9624992,74.72187439999999,0.0,2.0,583.6903005831361,3215.490195024752,BOT,12
2530.0,140.3546864,77.8562496,0.0,3.0,590.3795650286619,3138.83449275516,BOT,12
2540.0,149.0,81.0,0.0,3.0,603.6799837995493,3006.279102934068,BOT,12
2550.0,154.47222044444445,79.35833386666667,0.0,3.0,616.0,2899.0,BOT,12
2560.0,161.56874879999998,79.99791573333334,0.0,3.0,626.7603969454161,2816.2502776990596,BOT,12
2570.0,169.44374879999998,86.44374880000001,0.0,3.0,638.5055133936037,2726.7058863410384,BOT,12
2580.0,178.3874976,95.3874976,0.0,3.0,655.0,2611.0,BOT,12
2590.0,183.0,100.0,0.0,4.0,663.0713192076546,2553.560789847683,BOT,12
2600.0,185.79245170618296,100.0,0.0,4.0,675.1183723274036,2471.789209803416,BOT,12
2610.0,194.67142582857144,100.0,0.0,4.0,705.0424120583434,2287.7887353186616,BOT,12
2620.0,205.0,100.0,0.0,5.0,721.0432909071649,2194.6633392779268,BOT,12
2630.0,205.0,100.0,0.0,5.0,733.8393182730642,2129.966486608193,BOT,12
2640.0,208.24999466666668,96.1000064,0.0,5.0,750.0,2050.0,BOT,12
2650.0,215.0,88.0,0.0,5.0,766.8327602185993,1967.2796711504475,BOT,13
2660.0,216.88999936,62.485008640000004,0.5,5.0,798.7693411669511,1842.2403375192625,BOT,13
2670.0,214.5125008,44.416672,1.0,5.0,855.8333926373525,1651.9254109678468,BOT,13
2690.0,209.30555733333333,27.855560533333332,1.0,5.0,908.0,1515.0,BOT,13
2700.0,209.0,27.0,1.0,5.0,911.9533697399419,1505.7969373783644,BOT,13
2710.0,205.51666773333335,22.645834666666666,1.0,5.0,966.0687074440665,1389.7931579075066,BOT,13
2720.0,201.281252,19.0250016,1.0,5.0,1075.0,1198.0,BOT,13
2730.0,200.0,18.0,1.0,5.0,1096.870041465984,1162.4631149428437,BOT,13
2740.0,195.82000127999999,18.0,1.0,5.0,1148.4834676256146,1097.8655163429012,BOT,13
2750.0,191.7750016,17.887500799999998,1.0,5.0,1218.77780612051,1019.4128123999295,BOT,13
2760.0,187.62000128,15.715000960000001,1.0,5.0,1281.7832881056743,959.5702052849869,BOT,13
2770.0,184.0,13.0,1.0,5.0,1401.8337192529227,870.9123010188403,BOT,13
2780.0,181.35000106666666,13.0,1.0,5.0,1471.1987935955285,824.4200259963588,BOT,13
2790.0,178.30714422857142,11.307144228571428,1.0,5.0,1527.0,796.0,BOT,13
2800.0,176.27102908830489,9.757009696101623,1.0,5.0,1596.7170347970082,765.095183621801,BOT,13
2810.0,170.9548875460832,8.135337361750398,0.0,5.0,1732.86552153995,716.6426917976528,BOT,13
2820.0,170.20801953555576,10.37594139333271,0.0,5.0,1753.0,712.0,BOT,13
2830.0,169.05263205170814,13.842103844875574,0.0,5.0,1859.2015693501182,687.9888718622396,BOT,13
2840.0,166.0,16.0,0.0,5.0,1955.3449368384356,673.8995171355389,BOT,13
2850.0,165.79460615292447,18.25933231783099,0.0,5.0,2032.3387811579553,667.4584821588917,BOT,13
2860.0,165.08713668704044,26.041496442555072,0.0,5.0,2110.5893428015356,664.0121752436662,BOT,13
2870.0,166.0,40.8218752,0.0,5.0,2241.1113530616212,676.8194421072956,BOT,14
2880.0,166.0,39.1968752,0.0,5.0,2359.218521548796,702.9245823098714,BOT,14
2890.0,168.1107136,48.8499968,0.0,5.0,2461.0,736.0,BOT,14
2900.0,169.0,54.049999542857144,0.0,5.0,2540.019950689934,768.7325201364769,BOT,14
2910.0,169.0,56.0,0.0,5.0,2619.6349427602654,805.7416403487653,BOT,14
2920.0,171.8545442909091,57.78409018181818,0.0,5.0,2685.0,842.0,BOT,14
2930.0,177.27749952,61.184999680000004,0.0,5.0,2805.874654045652,925.2378879359776,BOT,14
2940.0,180.11838393432708,63.02367678686542,0.0,5.0,2876.0815391779984,988.1192332327923,BOT,14
2950.0,183.02228269240643,63.60445653848129,0.0,5.0,2950.0,1067.0,BOT,14
2960.0,184.2750016,64.0,1.0,5.0,3043.267201974001,1165.7660584523219,BOT,14
2970.0,181.0,64.0,1.0,5.0,3087.179918724583,1209.579675848061,BOT,14
2980.0,173.17857371428573,16.289299657142855,1.0,5.0,3135.6462873452456,1244.7980629607962,BOT,14
2990.0,169.0250016,2.7562504,1.0,5.0,3241.241955203862,1315.0120329090348,BOT,14
3000.0,164.46389013333334,2.2194442666666667,1.0,4.0,3324.6987687060673,1358.2462103336952,BOT,14
3010.0,159.9916679111111,2.8583331555555556,0.5,4.0,3425.610093907962,1397.12406677917,BOT,14
3020.0,157.66500096,5.2249984000000005,0.0,4.0,3552.0,1430.0,BOT,14
3030.0,156.0,8.0,0.0,4.0,3631.148181322597,1443.3818818029924,BOT,14
3040.0,152.8800008533333,10.6166656,0.0,4.0,3715.5645446475696,1447.792369022104,BOT,14
3050.0,151.5,18.5,0.0,4.0,3826.6905547849674,1446.6431641053937,BOT,14
3060.0,151.1035712,25.553568,0.0,4.0,3893.0,1442.0,BOT,14
3080.0,151.98035702857143,38.70535542857143,0.0,4.0,4094.230840173018,1402.8192357528533,BOT,14
3090.0,152.8093748,45.474998400000004,0.0,4.0,4210.148183213554,1361.2818327568007,BOT,15
3100.0,153.0,48.8624992,0.0,4.0,4323.44782708005,1308.129919976408,BOT,15
3120.0,158.99250048,53.993750399999996,0.0,4.0,4474.128277789208,1210.9062144073187,BOT,15
3130.0,163.44374720000002,59.0,0.0,4.0,4541.94958521219,1155.6642460446133,BOT,15
3140.0,169.0,59.0,0.0,4.0,4652.445901957063,1050.0139368112896,BOT,15
3150.0,169.0,59.0,0.0,4.0,4695.259710163178,1007.7357615503105,BOT,15
3160.0,175.7763882666667,70.6166656,0.0,4.0,4776.346354328707,918.0810374791839,BOT,15
3170.0,180.33999871999998,83.0,0.0,4.0,4853.720027084157,826.0002789173107,BOT,15
3180.0,188.0,83.0,0.0,4.0,4931.094553920646,729.3612246716494,BOT,15
3190.0,191.62045323636363,89.8386338909091,0.0,4.0,4994.0,649.0,BOT,15
3210.0,197.0,100.0,0.0,4.0,5048.0344470455175,579.641846424939,BOT,15
3220.0,200.53999872,100.0,0.0,4.0,5118.0,497.0,BOT,15
3230.0,204.36999936,100.0,0.0,4.5,5237.545420151734,359.22347514507686,BOT,15
3240.0,206.0,100.0,0.0,5.0,5307.67064880517,280.25390671521257,BOT,15
3250.0,208.76999935999999,100.0,0.0,5.0,5352.233177109936,229.56067021419184,BOT,15
3260.0,214.70999808,100.0,0.0,5.0,5439.0,130.0,BOT,15
3270.0,216.0,100.0,0.0,5.0,5456.296387824431,110.2115123234752,BOT,15
3280.0,217.66818094545454,100.0,0.0,5.0,5538.480412830301,16.936358635306473,BOT,15
3290.0,221.06363461818182,100.0,0.0,5.0,5640.0,-96.0,BOT,15
3300.0,222.84999912727272,100.0,0.5,5.0,5694.515933970593,-157.1039035320277,BOT,15
3310.0,223.0,42.3625232,1.0,5.0,5764.431403382307,-236.48593907433528,BOT,16
3330.0,211.2863674181818,0.0,1.0,5.0,5884.740048610538,-370.39163197197115,BOT,16
3350.0,188.83182196363634,0.0,1.0,5.0,6006.375800316814,-510.32518993340835,BOT,16
3360.0,182.7125056,0.0,1.0,5.0,6111.096766840679,-631.2982888762815,BOT,16
3370.0,167.5,0.0,1.0,4.5,6161.754118083177,-690.439095541678,BOT,16
3380.0,161.1714304,0.0,1.0,4.0,6193.0,-728.0,BOT,16
3390.0,153.27666944,0.0,1.0,4.0,6297.612609726993,-863.2711539215896,BOT,16
3410.0,136.8875008,0.0,1.0,3.0,6375.981603764819,-1004.6491091224385,BOT,16
3420.0,131.82000127999999,0.0,1.0,3.0,6407.411530966212,-1101.2219673485,BOT,16
3430.0,127.60666709333333,3.146663253333333,0.0,3.0,6421.752218011472,-1196.506355552383,BOT,16
3440.0,125.8781248,17.218752000000002,0.0,3.0,6420.836684331936,-1347.7019394142985,BOT,16
3450.0,125.8257266259191,29.71576981663597,0.0,3.0,6405.372796681068,-1441.3240999786576,BOT,16
3460.0,127.0,37.0,0.0,3.0,6390.919293135649,-1500.7391483442652,BOT,16
3470.0,127.0,43.270463606084235,0.0,3.0,6369.782850579686,-1566.3659629306887,BOT,16
3480.0,127.0,45.0,0.0,3.0,6330.007075859679,-1659.7813643881307,BOT,16
3490.0,135.8859364,38.537500800000004,0.0,3.0,6261.249500957132,-1780.5309041068672,BOT,16
3500.0,139.0,36.010000213333335,0.0,3.0,6206.908475314786,-1851.4097476414547,BOT,16
3510.0,139.5343744,35.890624,0.0,3.0,6168.0,-1896.0,BOT,16
3520.0,142.0,41.18499968,0.0,3.0,6032.762409210293,-2007.7366945586193,BOT,16
3530.0,144.9812496,44.98749973333334,0.0,3.0,5899.593415211684,-2076.180441469197,BOT,17
3540.0,148.0,45.0,0.0,3.0,5864.554505312832,-2091.4912332161725,BOT,17
3550.0,148.74755836048647,52.12133754072969,0.0,3.0,5807.05940729922,-2109.53002536851,BOT,17
3560.0,152.0,57.0,0.0,3.0,5733.256654198549,-2128.559612296146,BOT,17
3570.0,159.02916497777778,58.71666631111111,0.0,3.0,5633.204455220686,-2151.474843556081,BOT,17
3580.0,161.0,60.618180654545455,0.0,3.0,5521.231981144159,-2172.1939771621164,BOT,17
3600.0,161.42749695999998,67.74249472,0.0,3.0,5320.109314228161,-2203.337373309085,BOT,17
3620.0,180.84444159999998,100.0,0.0,4.0,5126.2031045525855,-2219.5665839403373,BOT,17
3640.0,198.2458304,100.0,0.0,4.0,4949.822750165318,-2226.2936000385666,BOT,17
3650.0,207.84583146666665,100.0,0.0,5.0,4815.607282334922,-2229.507054617485,BOT,17
3660.0,214.0,100.0,0.0,5.0,4701.745212356013,-2234.034856768782,BOT,17
3670.0,215.13999616,100.0,0.0,5.0,4681.0,-2235.0,BOT,17
3680.0,222.2124976,100.0,0.0,5.0,4546.704082413557,-2241.235763924813,BOT,17
3690.0,226.0,100.0,0.0,5.0,4484.513112847309,-2244.2963987920793,BOT,17
3750.0,245.11008048015276,100.0,0.0,5.0,3874.0,-2284.0,BOT,18
3760.0,248.15041673084494,100.0,0.0,6.0,3730.343132643467,-2293.52659858076,BOT,18
3780.0,252.9804983655936,100.0,0.0,6.0,3570.0,-2303.0,BOT,18
3790.0,254.73880477255477,100.0,0.0,6.0,3493.817988419486,-2307.737809399583,BOT,18
3800.0,257.0,100.0,0.0,6.0,3388.188260636398,-2314.5249405568425,BOT,18
3810.0,259.3819107113453,100.0,0.0,6.0,3273.0,-2323.0,BOT,18
3820.0,260.0,100.0,0.0,6.0,3237.4087395578695,-2325.977274919762,BOT,18
3830.0,251.26185165276436,45.386572829777215,0.0,6.0,3029.0,-2345.0,BOT,18
3840.0,244.0,0.0,1.0,6.0,2892.736748840596,-2358.294023075562,BOT,18
3860.0,227.69821622857143,0.0,1.0,6.0,2745.358577755787,-2373.590187848232,BOT,18
3870.0,215.0,0.0,1.0,6.0,2667.3537786809075,-2381.790879593339,BOT,18
3880.0,212.7875008,0.0,1.0,6.0,2570.0,-2392.0,BOT,18
3900.0,209.1437504,0.0,1.0,6.0,2353.6766406299453,-2414.6865309667646,BOT,18
3910.0,183.42500551111112,0.0,1.0,6.0,2249.0,-2427.0,BOT,18
3920.0,178.0,0.0,1.0,6.0,2225.452524070288,-2429.8133556460607,BOT,18
3930.0,161.37291973333333,0.0,1.0,6.0,2078.5,-2448.0,BOT,18
3940.0,152.20846581397552,0.0,1.0,3.0,1973.0576222564102,-2461.923649752028,BOT,18
3950.0,142.0,0.0,1.0,3.0,1861.514916202715,-2475.9271364546385,BOT,18
3960.0,130.72667050666666,0.0,1.0,3.0,1797.4785154559552,-2484.6943305745262,BOT,18
3970.0,115.10750208,0.0,1.0,2.0,1663.637800322867,-2506.1632750856734,BOT,19
3980.0,102.86944675555556,0.0,1.0,2.0,1564.7660877362905,-2523.4793815378343,BOT,19
3990.0,90.16527946666666,0.0,1.0,1.25,1467.6845234770208,-2545.9595480153766,BOT,19
4000.0,80.2177096,0.0,1.0,1.0,1359.7801563257706,-2583.769388239689,BOT,19
4010.0,72.53250048,0.0,0.8,1.0,1278.5191721730566,-2638.272751974892,BOT,19
4020.0,63.66916816,0.7349990399999999,0.0,1.0,1228.3650782020961,-2729.4189720083405,BOT,19
4030.0,60.63583317333333,10.897331541333333,0.0,1.0,1233.1198597519954,-2828.068002611623,BOT,19
4040.0,63.582860986987924,20.937148752578263,0.0,1.0,1278.7119106446742,-2920.1934625384183,BOT,19
4050.0,71.86857106285714,34.16714276571429,0.0,1.0,1342.993306668789,-2988.1330305314823,BOT,19
4060.0,83.3015616,43.97499946666667,0.0,1.0,1430.0518451269888,-3052.673327733715,BOT,19
4070.0,91.7124992,49.23749973333334,0.0,1.0,1481.9253099594557,-3084.842087553581,BOT,19
4080.0,101.3083328,52.547222044444446,0.0,1.3333333333333333,1724.1571811316237,-3226.943634180631,BOT,19
4090.0,110.59305457777778,60.411110400000005,0.0,2.0,1779.4600419614017,-3259.716960399584,BOT,19
4100.0,116.80208266666666,55.904171733333335,0.0,2.0,1857.5031677697607,-3307.8440962379123,BOT,19
4110.0,121.0,26.46540781266604,0.0,3.0,1956.5192444916163,-3377.0117084404415,BOT,19
4120.0,123.34642788571429,30.0,0.0,3.0,2037.0645360181527,-3444.9522225022365,BOT,19
4130.0,125.49166613333334,34.4749984,0.0,3.0,2107.9191283926866,-3519.8430570714413,BOT,19
4140.0,126.79499967999999,37.58999936,0.0,3.0,2156.6704571823184,-3587.056682581419,BOT,19
4150.0,130.96374954666666,47.85374890666667,0.0,3.0,2212.302208713391,-3694.205583070365,BOT,19
4160.0,133.87083306666665,52.87083306666666,0.0,3.0,2249.9429820812543,-3800.418917275578,BOT,19
4170.0,139.0562496,50.0,0.0,3.0,2267.2051562009083,-3875.473536188241,BOT,19
4180.0,141.71999914666665,51.28999936,0.0,3.0,2285.2157884122557,-4001.013365047842,BOT,19
4190.0,146.53499904,56.37999872,0.0,3.0,2291.367583022621,-4078.774084047219,BOT,20
4200.0,150.98333226666665,53.983332266666665,0.0,3.0,2293.585678319837,-4200.854746241495,BOT,20
4210.0,153.3166656,56.3166656,0.0,3.0,2290.663174645819,-4261.349742058752,BOT,20
4220.0,156.0,59.49166613333333,0.0,3.0,2278.76327171766,-4364.491688637219,BOT,20
4230.0,161.2428544,61.2071424,0.0,3.0,2266.0,-4442.0,BOT,20
4240.0,166.82916693333334,61.58541653333333,0.0,3.3333333333333335,2232.4245087825407,-4574.706965226061,BOT,20
4250.0,170.796872,61.0,0.0,4.0,2177.0,-4745.0,BOT,20
4260.0,173.0,61.0,1.0,4.0,2150.8324016925835,-4814.140971376448,BOT,20
4270.0,169.63523544717106,13.425271669812766,1.0,4.0,2120.4923694371823,-4884.050421034376,BOT,20
4280.0,158.0,0.0,1.0,4.0,2084.646731591532,-4959.14165533126,BOT,20
4290.0,150.29000192,0.0,1.0,4.0,2039.5,-5042.0,BOT,20
4300.0,146.0,0.0,1.0,4.0,2009.0335554736316,-5093.713906877394,BOT,20
4310.0,140.8472231111111,0.0,1.0,3.3333333333333335,1930.5464494900755,-5206.910160499716,BOT,20
4320.0,134.02500053333333,0.0,1.0,3.0,1846.1538763978533,-5310.26487893165,BOT,20
4330.0,129.63194488888888,0.0,0.0,3.0,1765.7233197566886,-5394.394440189093,BOT,20
4340.0,126.0,0.0,0.0,2.0,1713.668603602244,-5438.178748678723,BOT,20
4350.0,124.71500032,14.99749888,0.0,2.0,1636.9077152342402,-5475.959354060162,BOT,20
4360.0,121.9229168,24.918753600000002,0.0,2.0,1542.3324046301323,-5501.07043905645,BOT,20
4370.0,120.65233005824686,1.3906797670125266,0.0,2.0,1449.959241310426,-5507.6392900577985,BOT,20
4380.0,119.5166664,22.9833256,0.0,2.0,1316.655499927443,-5494.688323081849,BOT,20
4390.0,123.0,37.0,0.0,2.0,1224.4229365070792,-5471.609257729263,BOT,20
4400.0,125.10999921777778,37.0,0.0,2.0,1166.3586961841472,-5445.023449618858,BOT,20
4410.0,128.513888,41.2388864,0.0,2.0,1048.2623192574047,-5373.044295999871,BOT,21
4420.0,133.55999744000002,52.9499968,0.0,3.0,979.7233592039793,-5320.573401228172,BOT,21
4430.0,140.0,61.0,0.0,3.0,948.1716286974813,-5291.61569780294,BOT,21
4440.0,142.48181410909092,73.53636111515152,0.0,3.0,852.9365640846672,-5205.049383504208,BOT,21
4450.0,157.08635752727272,82.57726894545455,0.0,3.0,756.0,-5117.0,BOT,21
4460.0,161.0,85.0,0.0,3.0,728.5667408832534,-5092.588751121465,BOT,21
4470.0,170.35356891428572,86.44999680000001,0.0,3.0,656.2164684521306,-5027.867413530525,BOT,21
4480.0,180.1749974857143,98.94999680000001,0.0,3.5,564.1650534985974,-4946.016227336493,BOT,21
4490.0,182.1062464,100.0,0.0,4.0,480.16766665725476,-4870.195984705363,BOT,21
4510.0,198.4093696,100.0,0.0,4.0,381.1655576803245,-4781.504263276942,BOT,21
4530.0,213.8909056,100.0,0.0,4.5,258.7942677016261,-4673.00502899252,BOT,21
4540.0,216.57142575186225,100.0,0.0,5.0,200.0,-4620.0,BOT,21
4560.0,221.82539578418442,100.0,0.0,5.0,2.084651095248482,-4442.58108831501,BOT,21
4570.0,229.0,100.0,0.0,5.0,-52.50743832789879,-4393.238847473993,BOT,21
4580.0,227.63000064,79.10750976,0.0,5.0,-96.0,-4354.0,BOT,21
4590.0,225.23000064000001,42.507509760000005,0.0,5.0,-210.0,-4252.0,BOT,21
4600.0,225.0,39.0,1.0,5.0,-220.39170093046653,-4242.713839441309,BOT,21
4610.0,223.8803584,0.0,1.0,5.0,-304.4924218336575,-4167.754678961049,BOT,21
4620.0,212.843752,0.0,1.0,5.0,-485.93737726198594,-4007.791965860623,BOT,21
4640.0,197.76250026666665,0.0,1.0,5.0,-574.1131483185534,-3936.5172454957606,BOT,22
4660.0,189.55000106666668,0.0,1.0,5.0,-724.4339786413029,-3839.079210320455,BOT,22
4680.0,181.03333404444444,0.0,1.0,5.0,-898.097753985224,-3760.7114903998036,BOT,22
4690.0,178.7875008,0.8849996800000001,1.0,5.0,-1042.0,-3729.0,BOT,22
4700.0,176.09633019002075,3.6055031670123414,0.0,5.0,-1123.1896422732395,-3719.7746786636244,BOT,22
4750.0,178.79482871487153,48.58047858119213,0.0,5.0,-1632.0,-3787.0,BOT,22
4760.0,179.21071405714287,52.63214217142857,0.0,5.0,-1696.8334525209684,-3812.7651347739256,BOT,22
4770.0,180.0,55.0,0.0,5.0,-1826.7070392572316,-3874.5364249443883,BOT,22
4780.0,183.37999872,55.84499968,0.0,5.0,-1921.8418547587382,-3923.2061779642445,BOT,22
4800.0,189.93249888,65.32249824,0.0,5.0,-2053.7887902801963,-3993.5339144482623,BOT,22
4810.0,191.0,53.968756,0.0,5.0,-2148.616885531108,-4041.633593406285,BOT,22
4820.0,192.18499904,50.42000128,0.0,5.0,-2237.0,-4080.0,BOT,22
4830.0,194.0,48.0,0.0,5.0,-2427.340881083719,-4143.80635186037,BOT,22
4840.0,194.35513906146076,48.59189843576791,0.0,5.0,-2451.0,-4151.0,BOT,22
4850.0,197.14499968,53.0,0.0,5.0,-2548.1995415116057,-4171.527829769163,BOT,23
4860.0,198.0,53.0,0.0,5.0,-2624.665491215631,-4183.854130650512,BOT,23
4870.0,198.0,51.73571291428571,0.0,5.0,-2700.0,-4192.0,BOT,23
4880.0,196.7750016,45.28846769230769,1.0,5.0,-2863.8237493626393,-4195.974687951799,BOT,23
4900.0,186.52499840000002,5.865378461538462,1.0,5.0,-3042.4711494086055,-4180.422112811037,BOT,23
4910.0,180.5500032,0.0,1.0,5.0,-3205.0,-4152.0,BOT,23
4920.0,176.0,0.0,1.0,4.0,-3259.611412512971,-4139.995881801241,BOT,23
4930.0,171.55625120000002,0.0,1.0,4.0,-3295.993162777911,-4129.6452537068235,BOT,23
4940.0,161.1520848,0.0,1.0,4.0,-3430.968999813902,-4086.962353191541,BOT,23
4950.0,151.5270848,0.0,1.0,3.5,-3514.3621931369617,-4051.985206144057,BOT,23
4960.0,147.50203794962962,0.0,1.0,3.0,-3596.1179732873857,-4010.177167557846,BOT,23
4970.0,139.43055644444445,0.0,1.0,3.0,-3696.240683420586,-3945.6682561844673,BOT,23
4980.0,128.491072,0.0,1.0,2.0,-3794.72855649335,-3867.1810393453334,BOT,23
4990.0,124.0,0.0,1.0,2.0,-3847.5834895911335,-3815.793799569123,BOT,23
5000.0,116.4938899437037,0.0,1.0,2.0,-3894.5140103540766,-3756.436594074357,BOT,23
5010.0,109.12777813333332,0.0,0.6666666666666666,2.0,-3965.295226477809,-3650.228640112043,BOT,23
5020.0,106.53634172850659,0.0,0.0,2.0,-3997.0,-3592.0,BOT,23
5030.0,101.61212160000001,0.0,0.0,2.0,-4033.346129615815,-3493.225445397205,BOT,23
5040.0,99.61335261818182,0.0,0.0,2.0,-4048.537279729837,-3381.5740883156777,BOT,23
5050.0,97.86428617142857,1.0178537142857143,0.0,2.0,-4036.484864550229,-3265.407764401598,BOT,23
5060.0,96.19749984,16.38249888,0.0,2.0,-3998.820809258683,-3163.6404727379627,BOT,23
5070.0,97.0,24.24999923809524,0.0,2.0,-3953.4895329543288,-3093.863863301971,BOT,24
5080.0,100.5773798095238,35.705950323809525,0.0,2.0,-3876.507833978265,-3017.4120054060527,BOT,24
5090.0,104.49583360000001,39.0,0.0,2.0,-3801.251090488146,-2970.8905738435874,BOT,24
5100.0,109.48750079999999,48.5906272,0.0,2.0,-3725.1429986236844,-2936.8133135766757,BOT,24
5110.0,117.46249813333333,54.549998933333335,0.0,2.0,-3637.7445863737375,-2910.3799826600884,BOT,24
5120.0,126.58094994285715,60.599998780952376,0.0,2.0,-3511.029710922889,-2878.8762904107375,BOT,24
5130.0,134.9714304,63.9892864,0.0,2.0,-3406.624979050378,-2855.9179151954886,BOT,24
5140.0,141.59749888,71.53999872,0.0,2.5,-3334.838937905843,-2840.1385746869346,BOT,24
5150.0,152.2214272,82.2214272,0.0,3.0,-3223.890681824505,-2818.73155876149,BOT,24
5160.0,161.66110862222223,92.75555271111111,0.0,3.0,-3081.5,-2791.5,BOT,24
5170.0,170.7281232,100.0,0.0,4.0,-2984.5103064066825,-2774.1162048852993,BOT,24
5180.0,179.94374879999998,100.0,0.0,4.0,-2891.715934051431,-2758.393470321287,BOT,24
5190.0,187.93999872,100.0,0.0,4.0,-2784.593887806949,-2741.0521510825965,BOT,24
5210.0,201.93999872,100.0,0.0,4.5,-2595.150499575797,-2711.8709720140173,BOT,24
5230.0,210.94374879999998,100.0,0.0,5.0,-2458.1892722593275,-2690.8713131048753,BOT,24
5240.0,213.8562496,100.0,0.0,5.0,-2320.3284633283865,-2668.444298031619,BOT,24
5250.0,219.89999786666667,100.0,0.0,5.0,-2135.0,-2639.0,BOT,24
5260.0,226.0,100.0,0.0,5.0,-1998.4015319394825,-2617.929958714323,BOT,24
5270.0,228.9249984,100.0,0.0,5.0,-1934.0,-2608.0,BOT,24
5280.0,232.0,100.0,0.0,6.0,-1880.402233247651,-2599.4559296238895,BOT,24
5300.0,239.5789461527505,100.0,0.0,6.0,-1694.8330227660795,-2567.9366247378125,BOT,25
5320.0,243.8499975111111,100.0,0.0,6.0,-1487.0,-2533.0,BOT,25
5330.0,247.0,100.0,0.0,6.0,-1399.0233642164462,-2518.2439615459894,BOT,25
5340.0,249.59583146666665,100.0,0.0,6.0,-1324.0,-2506.0,BOT,25
5360.0,253.69374906666667,100.0,0.0,6.0,-1128.9794833016288,-2474.4833722678336,BOT,25
5380.0,257.4142848,100.0,0.0,6.0,-945.7124563106172,-2442.9495300364047,BOT,25
5390.0,259.2249984,100.0,0.0,6.0,-848.0,-2426.0,BOT,25
5410.0,261.9874992,100.0,0.0,6.0,-689.0211831836249,-2397.8320471418083,BOT,25
5420.0,264.1214272,100.0,0.0,6.0,-458.0,-2359.0,BOT,25
5430.0,265.0,100.0,0.0,7.0,-380.02406401827903,-2345.9611615567947,BOT,25
5450.0,270.13571428571424,100.0,0.0,7.0,-243.24312762467088,-2323.056833774211,BOT,25
0.0,215.24000256,100.0,0.0,5.5,-2574.629494786772,-2708.711827113902,PIA,1
10.0,220.6125024,100.0,0.0,6.0,-2448.0,-2689.0,PIA,1
20.0,228.0,100.0,0.0,6.0,-2360.890179140822,-2675.1782039426853,PIA,1
30.0,233.77291893333333,100.0,0.0,6.0,-2296.0,-2665.0,PIA,1
40.0,239.4395856,100.0,0.0,6.0,-2192.0,-2649.0,PIA,1
50.0,245.0,100.0,0.0,6.0,-2084.0634168110682,-2631.8650774662365,PIA,1
60.0,251.0482153142857,100.0,0.0,7.0,-1949.9543578248004,-2610.153721199047,PIA,1
80.0,258.11964388571425,100.0,0.0,7.0,-1771.629468386811,-2580.88689912889,PIA,1
90.0,262.5750016,100.0,0.0,7.0,-1594.0,-2551.0,PIA,1
100.0,265.0,100.0,0.0,7.0,-1530.8266731709798,-2540.3247016187534,PIA,1
120.0,270.2687512,100.0,0.0,7.0,-1395.4016411492607,-2518.0553733594033,PIA,1
140.0,275.5250016,100.0,0.0,7.0,-1155.5550026627045,-2478.9529542137066,PIA,1
150.0,280.0,100.0,0.0,7.0,-1013.7825739222892,-2455.0853956509936,PIA,1
170.0,285.05625,100.0,0.0,8.0,-832.5885823764838,-2423.2773427989455,PIA,1
200.0,294.48,100.0,0.0,8.0,-519.4943005615767,-2369.14324138947,PIA,1
220.0,297.0,100.0,0.0,8.0,-412.158208651999,-2351.3678123887403,PIA,1
230.0,299.17793643910295,100.0,0.0,8.0,-300.0,-2333.0,PIA,2
240.0,300.0,100.0,0.0,8.0,-243.68854974947118,-2323.3177681711277,PIA,2
250.0,300.85833386666667,100.0,0.0,8.0,-152.0,-2307.0,PIA,2
270.0,303.2687504,100.0,0.0,8.0,186.0776955966096,-2243.6525697289285,PIA,2
290.0,306.0,100.0,0.0,8.0,403.7555891812199,-2203.801961605952,PIA,2
310.0,309.11500032000004,100.0,0.0,8.0,605.5335718938393,-2167.723075662023,PIA,2
330.0,311.0,100.0,0.0,8.0,764.0845092321431,-2138.4900855165843,PIA,2
340.0,311.0,100.0,0.0,8.0,884.749974361038,-2116.0789315860143,PIA,2
370.0,311.0,100.0,0.0,8.0,1217.086893846243,-2054.809958931066,PIA,2
400.0,311.0,100.0,0.0,8.0,1451.1442763883483,-2012.4047740387873,PIA,2
410.0,312.0,100.0,0.0,8.0,1578.6370752529629,-1989.3239448970646,PIA,2
420.0,312.0,100.0,0.0,8.0,1635.0,-1979.0,PIA,2
440.0,312.0,100.0,0.0,8.0,1766.6430043187975,-1954.3924656268737,PIA,2
450.0,312.0,100.0,0.0,8.0,1822.0,-1944.0,PIA,3
470.0,312.0,100.0,0.0,8.0,2017.5100641608838,-1907.622351139758,PIA,3
490.0,312.4645834666667,100.0,0.0,8.0,2214.0,-1872.0,PIA,3
510.0,312.96145839999997,100.0,0.0,8.0,2426.4321407976877,-1835.067482209006,PIA,3
520.0,312.0531248,100.0,0.0,8.0,2673.1920279217193,-1796.4196064841603,PIA,3
540.0,313.0,100.0,0.0,8.0,2820.8224265700655,-1773.7622400660682,PIA,3
560.0,312.1374998857143,100.0,0.0,8.0,2952.251365063387,-1752.9462204164981,PIA,3
570.0,312.0,100.0,0.0,8.0,3058.0,-1736.0,PIA,3
580.0,312.0,100.0,0.0,8.0,3160.4179315751926,-1720.398986226782,PIA,3
590.0,309.9249984,70.35712,0.0,8.0,3229.0,-1710.0,PIA,3
600.0,305.0,0.0,1.0,8.0,3373.9781911642967,-1686.9565027651176,PIA,3
620.0,291.593744,0.0,1.0,8.0,3514.0,-1665.0,PIA,3
630.0,274.52083200000004,0.0,1.0,8.0,3759.440525863643,-1627.7433506998148,PIA,3
650.0,257.9874912,0.0,1.0,7.0,3875.04064328803,-1610.5996397343633,PIA,3
670.0,218.2874944,0.0,1.0,6.0,4074.8189645592665,-1581.2034039857956,PIA,4
680.0,193.0,0.0,1.0,6.0,4205.739276172249,-1559.668613430283,PIA,4
690.0,193.0,0.0,1.0,6.0,4251.304596588488,-1550.7223850319192,PIA,4
700.0,166.84924306356004,0.0,1.0,6.0,4347.336204635483,-1530.1561471726684,PIA,4
710.0,145.089551630504,0.0,1.0,4.0,4441.684842613173,-1505.4885755515293,PIA,4
720.0,129.68817127344218,0.0,1.0,2.6666666666666665,4539.298216610641,-1473.7676941592788,PIA,4
730.0,116.71443367099819,0.0,1.0,2.0,4632.688780678914,-1426.7210684067602,PIA,4
740.0,108.28333226666666,0.0,1.0,2.0,4698.815751893319,-1370.165890776383,PIA,4
750.0,100.6180551111111,0.0,1.0,1.6666666666666667,4764.605501329744,-1264.1145858849677,PIA,4
760.0,93.43314735407408,0.0,1.0,1.0,4787.201870039413,-1191.600772498363,PIA,4
770.0,85.36666636190476,0.0,0.6666666666666666,1.0,4797.2141508706645,-1084.5501286670276,PIA,4
780.0,79.15245508571428,1.9484384,0.0,1.0,4773.405537773845,-944.9564887859761,PIA,4
790.0,78.44083349333333,13.405000106666668,0.0,1.0,4741.389761929096,-876.2368436003532,PIA,4
800.0,81.8165282488889,17.00708384,0.0,1.0,4685.9633648914705,-806.3314813277544,PIA,4
810.0,87.12604213333333,23.5906256,0.0,1.0,4596.4245461412065,-745.2841220790511,PIA,4
820.0,94.19259354074075,30.915278933333337,0.0,1.0,4533.306744304173,-724.7587680579348,PIA,4
830.0,101.05694506666666,41.383334399999995,0.0,1.5,4414.085619428713,-709.2815393807464,PIA,4
840.0,115.9678589968254,51.94067596190476,0.0,2.0,4310.2313006966615,-712.0793676033896,PIA,4
870.0,144.6678595047619,78.68928792380953,0.0,2.5,4026.5851531015387,-734.5824363159381,PIA,4
880.0,154.9158896951688,84.17134165452461,0.0,4.0,3864.6055469603325,-752.5586379681505,PIA,4
890.0,168.0,99.0,0.0,4.0,3783.0006200828616,-762.0227926352298,PIA,5
900.0,177.02830171971027,99.82075470179184,0.0,4.0,3733.8599638330743,-767.5780800504881,PIA,5
920.0,188.48000000000002,100.0,0.0,4.0,3559.199602301147,-786.3921712366318,PIA,5
930.0,198.1,100.0,0.0,4.0,3464.2560056600273,-794.3016959559717,PIA,5
940.0,208.0,100.0,0.0,4.0,3318.8202813829994,-806.627408701994,PIA,5
950.0,213.6199388151903,100.0,0.0,4.0,3187.0,-818.0,PIA,5
960.0,219.0,100.0,0.0,6.0,3122.1896248915264,-823.1797990929124,PIA,5
970.0,225.79166933333335,100.0,0.0,6.0,3063.0,-828.0,PIA,5
980.0,233.22916800000002,100.0,0.0,6.0,2949.625809860592,-838.0811413352837,PIA,5
1000.0,244.3640636,100.0,0.0,6.5,2739.3882770019227,-856.0207992672332,PIA,5
1020.0,249.5843768,100.0,0.0,7.0,2615.0,-867.0,PIA,5
1030.0,254.0,100.0,0.0,7.0,2446.9755590708633,-881.1002020713406,PIA,5
1040.0,258.84500096,100.0,0.0,7.0,2285.067477167928,-894.7431444256167,PIA,5
1060.0,268.0,100.0,0.0,7.0,2103.0321666574605,-911.0482125124457,PIA,5
1070.0,269.29000192,100.0,0.0,7.0,2081.0,-913.0,PIA,5
1080.0,274.0,100.0,0.0,7.0,1995.822062756943,-920.3493840919568,PIA,5
1090.0,276.0027790222222,100.0,0.0,7.0,1929.0,-926.0,PIA,5
1110.0,282.2875008,100.0,0.0,7.0,1671.5976889326719,-947.5340335912498,PIA,6
1130.0,288.0,100.0,0.0,8.0,1508.1755378940984,-961.1346596965656,PIA,6
1140.0,290.0750016,100.0,0.0,8.0,1451.0,-966.0,PIA,6
1150.0,295.10750016,100.0,0.0,8.0,1285.5768794419446,-980.5305636611224,PIA,6
1170.0,296.0375008,100.0,0.0,8.0,1146.1968239769558,-992.8942652020601,PIA,6
1190.0,303.5750016,100.0,0.0,8.0,895.0,-1015.0,PIA,6
1200.0,305.1125001142857,100.0,0.0,8.0,821.5021710186024,-1021.5539078102667,PIA,6
1220.0,306.0,100.0,0.0,8.0,528.1027375982584,-1047.0522643405493,PIA,6
1230.0,309.0642870857143,100.0,0.0,8.0,367.0,-1061.0,PIA,6
1250.0,312.0,100.0,0.0,8.0,266.52225477692855,-1069.865816906372,PIA,6
1260.0,314.0,100.0,0.0,8.0,176.85949925078097,-1078.1091660769432,PIA,6
1270.0,315.0375008,100.0,0.0,8.0,123.0,-1083.0,PIA,6
1280.0,316.0,100.0,0.0,8.0,61.595667240867805,-1088.5384386811033,PIA,6
1290.0,316.81500031999997,100.0,0.0,8.0,-85.5,-1101.5,PIA,6
1300.0,317.0,100.0,0.0,8.0,-117.4162943884646,-1104.242399450186,PIA,6
1310.0,320.6250011428571,100.0,0.0,8.0,-297.0,-1120.0,PIA,6
1320.0,322.0,100.0,0.0,8.0,-400.7529734055727,-1128.9216665755368,PIA,6
1330.0,322.01071497142857,100.0,0.0,8.0,-634.8690775562696,-1148.90313553462,PIA,7
1360.0,325.0,100.0,0.0,8.0,-796.3582687382959,-1163.025329502871,PIA,7
1370.0,325.51000064,100.0,0.0,8.0,-851.0,-1168.0,PIA,7
1380.0,326.0,100.0,0.0,8.0,-923.7970971850208,-1174.6265872586987,PIA,7
1390.0,327.0,100.0,0.0,8.0,-1077.752241178795,-1188.5322984471748,PIA,7
1400.0,327.4291669333333,100.0,0.0,8.0,-1176.0,-1197.0,PIA,7
1410.0,328.0,100.0,0.0,8.0,-1300.073405519241,-1207.2221859833041,PIA,7
1420.0,328.09603365731493,100.0,0.0,8.0,-1321.0,-1209.0,PIA,7
1440.0,329.01461391036474,100.0,0.0,8.0,-1521.0,-1227.0,PIA,7
1460.0,330.0,100.0,0.0,8.0,-1736.3255637297987,-1245.7665934514112,PIA,7
1470.0,330.0,100.0,0.0,8.0,-1984.0944128402675,-1267.4726793324437,PIA,7
1480.0,330.0,100.0,0.0,8.0,-2013.0,-1270.0,PIA,7
1500.0,330.0,100.0,0.0,8.0,-2141.0,-1281.0,PIA,7
1510.0,330.0,100.0,0.0,8.0,-2301.374280660339,-1294.9874555430774,PIA,7
1520.0,329.65833315555557,100.0,0.0,8.0,-2449.0,-1308.0,PIA,7
1550.0,329.0,100.0,0.0,8.0,-2711.212363623856,-1331.4664929206517,PIA,8
1560.0,329.0,100.0,0.0,8.0,-2864.1050245654837,-1344.6641263001907,PIA,8
1570.0,328.7312496,100.0,0.0,8.0,-2903.0,-1348.0,PIA,8
1590.0,327.1156248,100.0,0.0,8.0,-3137.9111220486625,-1368.5027821075032,PIA,8
1610.0,324.73611022222224,54.72220444444445,0.0,8.0,-3302.0,-1383.0,PIA,8
1620.0,323.06944355555555,21.388871111111115,0.0,8.0,-3410.0,-1392.0,PIA,8
1630.0,322.0,0.0,1.0,8.0,-3500.370303218376,-1399.787087848524,PIA,8
1640.0,294.0874912,0.0,1.0,8.0,-3762.0,-1423.0,PIA,8
1650.0,289.0,0.0,1.0,8.0,-3794.581476295548,-1425.9215415448007,PIA,8
1670.0,243.49124608,0.0,1.0,7.5,-3952.5227797952384,-1440.3997890090025,PIA,8
1680.0,217.6999936,0.0,1.0,7.0,-4117.0,-1455.0,PIA,8
1690.0,201.84999679999999,0.0,1.0,6.5,-4207.7075721489055,-1462.8634088884794,PIA,8
1700.0,186.2749952,0.0,1.0,6.0,-4306.0,-1472.0,PIA,8
1710.0,172.30178377142857,0.0,1.0,4.0,-4398.496576039161,-1480.572169767645,PIA,8
1720.0,157.12321234285713,0.0,1.0,3.5,-4510.752762620368,-1486.212189665057,PIA,8
1730.0,148.359372,0.0,1.0,3.0,-4587.0,-1487.0,PIA,8
1740.0,139.39658967272726,0.0,1.0,3.0,-4684.044053533482,-1484.7010766522121,PIA,8
1750.0,123.56999936,0.0,1.0,2.0,-4814.94271553904,-1471.4095709512917,PIA,8
1760.0,119.7035712,0.0,1.0,2.0,-4881.4368781241155,-1451.612684210544,PIA,8
1770.0,114.24322813333333,0.0,1.0,2.0,-4970.474286160868,-1404.2428714126327,PIA,9
1780.0,105.37954356363636,0.0,1.0,2.0,-5061.244523457093,-1310.0734331371605,PIA,9
1790.0,93.06406754632035,0.0,1.0,1.3333333333333333,-5101.571064227746,-1231.1162819024082,PIA,9
1800.0,87.16999936,0.0,1.0,1.0,-5125.40487704893,-1128.4586162854678,PIA,9
1810.0,79.74791573333333,0.0,0.6666666666666666,1.0,-5121.801214657123,-1025.908809425105,PIA,9
1820.0,73.08676499510221,2.6554940509748186,0.0,1.0,-5089.024648771232,-938.5479427655998,PIA,9
1830.0,70.73200025599999,10.464000512,0.0,1.0,-5043.922512719904,-870.8003443014254,PIA,9
1850.0,80.370643328,26.222536255999998,0.0,1.0,-4822.164010745539,-791.9084908745901,PIA,9
1860.0,89.11838747089946,32.66177334179894,0.0,1.0,-4689.133740492153,-821.5939659163129,PIA,9
1870.0,100.3407416888889,29.36897848888889,0.0,1.0,-4581.606100111378,-861.5392935261619,PIA,9
1880.0,101.0,0.5,0.5,1.0,-4487.312351140605,-891.0715861347104,PIA,9
1890.0,91.84833258666666,0.0,1.0,1.0,-4417.446537792837,-904.4672960930653,PIA,9
1900.0,83.16722140444445,0.0,1.0,1.0,-4304.660620206844,-906.1249407986115,PIA,9
1910.0,76.02499956363636,0.0,0.0,1.0,-4207.945373332214,-860.6613350299142,PIA,9
1920.0,69.3895832,2.5312506666666668,0.0,1.0,-4160.9791916478725,-772.3499810564758,PIA,9
1930.0,70.49958410666666,15.982084586666666,0.0,1.0,-4140.977879513239,-652.5692900121354,PIA,9
1940.0,77.60740835555555,22.87963022222222,0.0,1.0,-4141.014632127323,-578.3413240507293,PIA,9
1950.0,85.31250057142857,30.175000685714288,0.0,1.0,-4159.812249836286,-498.7695324810772,PIA,9
1960.0,97.30625119999999,37.78375072,0.0,1.0,-4197.742234735502,-418.510608367709,PIA,9
1970.0,109.32666794666666,43.90404851809524,0.0,1.6666666666666667,-4265.986006113454,-329.3772016021432,PIA,9
1980.0,121.5,54.5,0.0,2.0,-4345.171886531085,-239.01235634058077,PIA,9
1990.0,134.46000128,66.88250176,0.0,2.5,-4392.538831133604,-168.32034795553955,PIA,10
2000.0,140.93125120000002,75.57500160000001,0.0,3.0,-4438.043477049562,-88.54766635737015,PIA,10
2010.0,158.15178742857142,87.92142994285715,0.0,3.0,-4473.795874303616,-5.602656711726038,PIA,10
2020.0,172.0,99.0,0.0,4.0,-4504.958845802585,82.5015416775392,PIA,10
2030.0,176.3729184,99.7979168,0.0,4.0,-4530.607309204498,211.28061934116738,PIA,10
2040.0,187.0,100.0,0.0,5.0,-4558.716987330043,369.7019286897484,PIA,10
2050.0,191.0,100.0,0.0,5.0,-4559.327368840222,389.16113107146424,PIA,10
2060.0,199.17143222857143,100.0,0.0,5.0,-4561.0,445.0,PIA,10
2070.0,208.7703136,100.0,0.0,5.0,-4565.968446415636,578.911522055191,PIA,10
2080.0,218.0,100.0,0.0,5.0,-4564.029405454959,722.2099329051049,PIA,10
2090.0,220.0750016,100.0,0.0,5.0,-4562.0,761.0,PIA,10
2100.0,224.0,100.0,0.0,6.0,-4558.30541878794,846.0863162522204,PIA,10
2110.0,227.38250176,100.0,0.0,6.0,-4553.0,936.0,PIA,10
2120.0,234.53250176,100.0,0.0,6.0,-4533.0,1182.0,PIA,10
2130.0,235.0,100.0,0.0,6.0,-4531.971288520457,1193.9419139578984,PIA,10
2140.0,243.0,100.0,0.0,6.0,-4522.8361829437035,1283.543240618281,PIA,10
2150.0,245.86000128,100.0,0.0,6.0,-4504.0,1368.0,PIA,10
2160.0,247.0,100.0,0.0,6.0,-4491.339702318481,1421.2963938019273,PIA,10
2170.0,250.5656264,100.0,0.0,6.0,-4448.0,1596.0,PIA,10
2180.0,254.0,100.0,0.0,7.0,-4419.185651009351,1695.7734308941508,PIA,10
2200.0,259.8178578285714,100.0,0.0,7.0,-4369.532619500595,1797.6752291670978,PIA,10
2210.0,262.57250048000003,100.0,0.0,7.0,-4305.477973073053,1909.642736627774,PIA,11
2220.0,264.53214354285717,100.0,0.0,7.0,-4231.0,2011.0,PIA,11
2230.0,266.0,100.0,0.0,7.0,-4166.543284152537,2085.7716691920923,PIA,11
2240.0,266.5375008,100.0,0.0,7.0,-4142.0,2111.0,PIA,11
2250.0,269.15357165714283,100.0,0.0,7.0,-3979.176919836378,2255.4345544236166,PIA,11
2270.0,271.0,100.0,0.0,7.0,-3772.3194067616605,2392.97267523002,PIA,11
2290.0,272.3772736,100.0,0.0,7.0,-3618.0,2473.0,PIA,11
2310.0,274.0,100.0,0.0,7.0,-3451.6037933725884,2546.2486370070865,PIA,11
2320.0,274.4468752,100.0,0.0,7.0,-3342.0,2586.0,PIA,11
2330.0,275.0,100.0,0.0,7.0,-3186.14991278454,2635.065575639162,PIA,11
2340.0,276.5187504,100.0,0.0,7.0,-3093.876608432456,2662.835849094635,PIA,11
2360.0,279.1437504,100.0,0.0,7.0,-2908.11838632489,2718.881151128591,PIA,11
2380.0,282.0,100.0,0.0,8.0,-2658.447582529971,2796.6715634691336,PIA,11
2390.0,282.3134328548303,100.0,0.0,8.0,-2600.0,2815.0,PIA,11
2400.0,283.0,100.0,0.0,8.0,-2514.2396583996106,2842.041160811646,PIA,11
2410.0,283.7956990135276,100.0,0.0,8.0,-2421.0,2873.0,PIA,11
2420.0,284.0,100.0,0.0,8.0,-2384.5465492993253,2885.4615083944195,PIA,11
2430.0,284.56388906666666,100.0,0.0,8.0,-2227.0,2940.0,PIA,12
2450.0,285.0,100.0,0.0,8.0,-2093.985060874588,2987.1642190394664,PIA,12
2460.0,285.0,100.0,0.0,8.0,-1996.6553093965465,3023.360188144006,PIA,12
2470.0,285.53823548235295,87.08234842352941,0.0,8.0,-1854.0,3076.0,PIA,12
2570.0,286.63749759999996,3.549999542857143,0.0,8.0,-890.8399911558196,3468.63817315714,PIA,12
2590.0,268.0,0.0,1.0,8.0,-758.0687797703849,3529.078717157176,PIA,12
2600.0,260.52916373333335,0.0,1.0,8.0,-670.0,3569.0,PIA,12
2610.0,247.11606628571428,0.0,1.0,8.0,-585.1132679985383,3606.3126569137116,PIA,12
2620.0,212.0,0.0,1.0,8.0,-460.36938039896984,3661.5524372450946,PIA,12
2630.0,205.6999936,0.0,1.0,8.0,-428.0,3676.0,PIA,12
2640.0,177.84999679999999,0.0,1.0,7.0,-294.27653819815055,3734.7103635701956,PIA,12
2670.0,131.41575930434783,0.0,1.0,4.5,89.11237435462837,3870.3463769851905,PIA,13
2680.0,121.66071314285713,0.0,1.0,2.5,151.1892003390618,3872.7465389699064,PIA,13
2690.0,117.36999936000001,0.0,1.0,2.0,213.74195413127063,3865.799570783305,PIA,13
2700.0,112.62499885714286,0.0,1.0,2.0,305.4181491802037,3829.264116865056,PIA,13
2710.0,107.30392768,1.4325004799999999,0.25,2.0,386.2753834803442,3765.103141044086,PIA,13
2720.0,103.01363665454545,16.02727330909091,0.0,2.0,454.7343396232309,3685.368472481473,PIA,13
2730.0,106.28636392727273,22.572727854545455,0.0,2.0,500.30343157191373,3604.921849344111,PIA,13
2740.0,110.28179500389534,24.820448750973835,0.0,2.0,542.4279258817614,3488.9763441121263,PIA,13
2750.0,117.32258040837075,36.85483826569515,0.0,2.5,563.4126434641506,3389.088613459547,PIA,13
2760.0,123.84500096,51.30500224,0.0,3.0,577.6057910106018,3285.821904298563,PIA,13
2770.0,137.2484388,76.6125024,0.0,3.0,584.4833097644355,3205.719826849091,PIA,13
2780.0,143.12500266666666,83.4666695111111,0.0,3.0,589.0,3150.0,PIA,13
2790.0,155.25312639999999,94.96562560000001,0.0,3.0,602.675775446683,3014.9464446918723,PIA,13
2800.0,166.19062639999999,99.65312560000001,0.0,3.5,621.0797286908436,2856.161130082459,PIA,13
2820.0,180.4000014222222,100.0,0.0,4.0,638.242819558019,2731.6694682189845,PIA,13
2830.0,190.75250112,100.0,0.0,5.0,663.0709667942058,2554.642883668219,PIA,13
2840.0,197.0,100.0,0.0,5.0,675.3980691827543,2468.736250250764,PIA,13
2850.0,198.86750144,100.0,0.0,5.0,685.3747066039042,2404.474545570631,PIA,13
2860.0,206.38392914285714,100.0,0.0,5.0,700.3308866385375,2313.4128792721463,PIA,13
2870.0,210.33928685714287,100.0,0.0,5.0,739.0,2101.0,PIA,14
2880.0,211.0,100.0,0.0,5.0,744.6189161057031,2071.2419988899146,PIA,14
2890.0,218.0,100.0,0.0,6.0,763.3877427362495,1978.5246641717806,PIA,14
2900.0,221.2687504,100.0,0.0,6.0,781.425577569391,1908.9323410405332,PIA,14
2920.0,224.6437504,100.0,0.0,6.0,824.1554320704138,1750.7428317548756,PIA,14
2930.0,226.5888896,100.0,0.0,6.0,857.0,1649.0,PIA,14
2940.0,229.0,100.0,0.0,6.0,905.6381421238252,1519.8742968829627,PIA,14
2960.0,229.00750016,100.0,0.0,6.0,957.5794579837692,1404.8609652849336,PIA,14
2970.0,229.81500032,100.0,0.0,6.0,1005.0,1313.0,PIA,14
2980.0,230.75750016,100.0,0.0,6.0,1072.1090233822133,1204.507765251244,PIA,14
3000.0,232.00833351111112,100.0,0.0,6.0,1221.4014239641074,1015.6786383713113,PIA,14
3020.0,233.7833336888889,100.0,0.0,6.0,1325.7791706612015,922.0388547201269,PIA,14
3030.0,234.0,94.47499306666667,0.0,6.0,1401.0,867.0,PIA,14
3040.0,234.0,87.0,0.0,6.0,1495.3226826359316,813.358865407773,PIA,14
3050.0,234.0,67.70833066666667,0.0,6.0,1650.2213404592453,742.2297315114004,PIA,14
3060.0,234.0,53.0,0.0,6.0,1711.6200761254836,719.5964833274654,PIA,14
3070.0,234.0093752,52.821871200000004,0.0,6.0,1773.2346054543045,705.1664783631976,PIA,14
3080.0,235.0,34.0,0.0,6.0,1872.0603276049399,684.9386302176409,PIA,14
3090.0,234.2124992,32.16249813333334,0.0,6.0,1914.0,678.0,PIA,15
3100.0,232.1062496,27.247915733333333,0.0,6.0,2021.306610480783,666.6445773255148,PIA,15
3120.0,227.73566129364846,31.26433870635154,0.0,6.0,2238.1089472176286,675.21521386281,PIA,15
3130.0,225.61250080000002,35.468748000000005,0.0,6.0,2344.1662839782184,697.8328358708119,PIA,15
3140.0,225.0,39.050250661548375,0.0,6.0,2436.0,725.0,PIA,15
3150.0,225.0,41.0,0.0,6.0,2493.707856909993,746.5194454551884,PIA,15
3160.0,225.0,50.1500032,0.0,6.0,2599.0,794.0,PIA,15
3170.0,225.0,59.5750016,0.0,6.0,2701.2987445859567,850.296511982001,PIA,15
3180.0,225.35833386666667,65.65834026666667,0.0,6.0,2739.0,874.0,PIA,15
3200.0,228.11500031999998,100.0,0.0,6.0,2894.653534233894,1004.4837521499998,PIA,15
3210.0,230.3937504,97.7359352,0.0,6.0,3027.6291247786635,1149.365824871631,PIA,15
3230.0,234.0,77.0,0.0,6.0,3141.265117396503,1253.273329777596,PIA,15
3240.0,232.57083306666667,67.71041493333334,0.0,6.0,3218.6044678187154,1302.7497337998734,PIA,15
3250.0,232.0,58.749994666666666,0.0,6.0,3294.0,1345.0,PIA,15
3260.0,231.86874986666666,45.44375146666667,0.0,6.0,3450.434201642618,1406.4883068100146,PIA,15
3280.0,231.0,55.0,0.0,6.0,3575.826116724126,1439.715161676321,PIA,15
3290.0,231.0,58.73571474285714,0.0,6.0,3712.414617455701,1449.2683666738076,PIA,15
3300.0,231.5958336,54.8291648,0.0,6.0,3818.0,1449.0,PIA,15
3310.0,231.9229168,52.5395824,0.0,6.0,3868.952681078101,1446.0417867026335,PIA,16
3320.0,232.0,54.0,0.0,6.0,4008.586560622705,1425.4979736801781,PIA,16
3330.0,232.0,62.3687552,0.0,6.0,4073.0,1410.0,PIA,16
3340.0,232.0,77.6843776,0.0,6.0,4188.1293505588965,1372.4250820145976,PIA,16
3350.0,232.40750016,86.92750272,0.0,6.0,4301.0,1322.0,PIA,16
3360.0,232.80750016,93.72750272,0.0,6.0,4391.0,1270.0,PIA,16
3370.0,233.0,97.0,0.0,6.0,4432.865180835014,1242.334182068675,PIA,16
3380.0,234.0,97.0718752,0.0,6.0,4522.224836466483,1174.8017501425106,PIA,16
3390.0,234.0984376,98.1968752,0.0,6.0,4609.196580315607,1095.420527514139,PIA,16
3410.0,235.00681832727273,100.0,0.0,6.0,4741.338127987257,957.730134255019,PIA,16
3420.0,235.83181847272726,100.0,0.0,6.0,4820.0,868.0,PIA,16
3430.0,236.19545483636364,100.0,0.0,6.0,4854.0,827.0,PIA,16
3440.0,237.0,100.0,0.0,6.0,4927.081387398355,735.0540151983566,PIA,16
3450.0,239.2625008,100.0,0.0,6.0,5001.337518179389,639.8805069405948,PIA,16
3460.0,240.23333404444443,100.0,0.0,6.0,5043.0,587.0,PIA,16
3480.0,241.8972224,100.0,0.0,6.0,5171.967165973464,433.7237025968086,PIA,16
3490.0,243.81500032,100.0,0.0,6.0,5277.441865524682,314.18067782847135,PIA,16
3500.0,244.50833351111112,100.0,0.0,6.0,5391.0,185.0,PIA,16
3520.0,245.0479168,100.0,0.0,6.0,5474.996548281579,87.69159125328969,PIA,16
3530.0,245.9229168,100.0,0.0,6.0,5569.4733892322965,-17.46292156873308,PIA,17
3550.0,248.0041664,100.0,0.0,6.0,5688.556022275385,-151.5055708422196,PIA,17
3560.0,248.42499946666666,100.0,0.0,6.0,5735.0,-203.0,PIA,17
3570.0,249.2541664,100.0,0.0,6.0,5862.186950170477,-345.34252223332396,PIA,17
3580.0,250.0,100.0,0.0,6.0,5953.577831576338,-448.84490135907504,PIA,17
3600.0,246.07242308051596,22.233976994216107,0.0,6.0,6037.0,-546.0,PIA,17
3610.0,245.0,1.0,1.0,6.0,6068.395609160229,-582.1540415454654,PIA,17
3620.0,228.84999679999999,0.19249983999999998,1.0,6.0,6139.216289721112,-663.7977451658504,PIA,17
3630.0,214.7062464,0.0,1.0,6.0,6227.0,-768.0,PIA,17
3640.0,208.0406232,0.0,1.0,5.5,6269.20217030933,-822.2264149497855,PIA,17
3650.0,204.2194432,0.0,1.0,5.0,6320.0,-896.0,PIA,17
3660.0,197.406248,0.0,1.0,5.0,6395.653849970273,-1058.790903094805,PIA,17
3670.0,190.0,0.0,1.0,4.0,6417.169941620265,-1134.924342916449,PIA,17
3680.0,180.0,0.0,0.0,4.0,6424.434475627529,-1329.1881363000664,PIA,17
3690.0,178.88499968000002,3.34500096,0.0,4.0,6421.672684443834,-1363.6532883384416,PIA,17
3700.0,176.47499946666667,28.875007999999998,0.0,4.0,6407.0,-1445.0,PIA,17
3710.0,176.30750016000002,36.92250048,0.0,4.0,6391.74906525363,-1500.5267014831115,PIA,17
3720.0,177.51500032,38.87124992,0.0,4.0,6361.283706604887,-1591.3347303640282,PIA,17
3740.0,181.0,37.9484364,0.0,5.0,6283.403129763894,-1746.3604346727,PIA,17
3750.0,181.0,29.3546864,0.0,5.0,6213.320742615935,-1845.594422514388,PIA,18
3760.0,182.5281256,36.678128799999996,0.0,5.0,6111.0,-1948.5,PIA,18
3770.0,184.0,46.0,0.0,5.0,6026.275141894578,-2019.1264499157548,PIA,18
3780.0,187.32857234285714,62.24642925714286,0.0,5.0,5941.943337062274,-2060.1075905150287,PIA,18
3800.0,194.75714377142856,67.81785782857142,0.0,5.0,5799.654082516629,-2112.4444788503906,PIA,18
3810.0,197.55625120000002,83.34583359999999,0.0,5.0,5671.942987442797,-2144.952698957411,PIA,18
3820.0,205.3833344,85.479168,0.0,5.0,5468.733294898038,-2181.3114107266606,PIA,18
3840.0,214.35555697777778,95.8472231111111,0.0,5.0,5360.1622654366565,-2198.9228619979094,PIA,18
3860.0,221.8892864,100.0,0.0,6.0,5151.110530543883,-2217.8654543692287,PIA,18
3880.0,227.0,100.0,0.0,6.0,5008.290741117687,-2224.8914736703373,PIA,18
3890.0,232.3250016,100.0,0.0,6.0,4887.0,-2227.5,PIA,18
3900.0,234.0,100.0,0.0,6.0,4844.160895536374,-2228.7025108311473,PIA,18
3910.0,239.31856027378512,100.0,0.0,6.0,4704.666477306208,-2233.709475828761,PIA,18
3920.0,244.62326748014584,100.0,0.0,6.0,4576.0,-2239.0,PIA,18
3930.0,249.0,100.0,0.0,7.0,4467.798408624308,-2245.3308750930605,PIA,18
3940.0,250.1624976,100.0,0.0,7.0,4425.0,-2248.0,PIA,18
3960.0,255.84999893333335,100.0,0.0,7.0,4195.996937388126,-2262.362295253303,PIA,18
3970.0,257.0,100.0,0.0,7.0,4130.488354448592,-2266.858172078599,PIA,19
3980.0,259.8960575055306,100.0,0.0,7.0,3985.0,-2277.0,PIA,19
3990.0,261.0,100.0,0.0,7.0,3906.047319686388,-2282.033614912476,PIA,19
4000.0,264.33750034285714,100.0,0.0,7.0,3690.0702540501693,-2295.3078579254006,PIA,19
4020.0,267.0,100.0,0.0,7.0,3579.418484215982,-2302.7551967179365,PIA,19
4030.0,267.75454603636365,100.0,0.0,7.0,3545.0,-2305.0,PIA,19
4050.0,270.6500002909091,100.0,0.0,7.0,3307.351540315807,-2320.206792965995,PIA,19
4060.0,271.7687504,100.0,0.0,7.0,3187.0,-2330.0,PIA,19
4070.0,272.0,100.0,0.0,7.0,3160.4678888724566,-2332.3998196789776,PIA,19
4080.0,273.71500032,100.0,0.0,7.0,3023.455246417681,-2345.7430387655804,PIA,19
4100.0,275.11500032000004,100.0,0.0,7.0,2771.4929269381264,-2371.0532646458787,PIA,19
4110.0,277.0,100.0,0.0,7.0,2669.96333308959,-2380.952666872302,PIA,19
4120.0,278.0,87.0,0.0,7.0,2583.5889693331274,-2389.8049470623755,PIA,19
4130.0,277.4968736,80.7468576,0.0,7.0,2563.0,-2392.0,PIA,19
4140.0,272.6843736,20.9343576,0.0,7.0,2306.0,-2420.0,PIA,19
4150.0,271.0,0.0,1.0,7.0,2239.069284211252,-2427.546725267027,PIA,19
4160.0,237.0,0.0,1.0,7.0,2140.490733018769,-2439.9375178063465,PIA,19
4170.0,221.62749312,0.0,1.0,7.0,2079.0,-2448.0,PIA,19
4180.0,204.42749312,0.0,1.0,7.0,1985.0,-2460.0,PIA,19
4190.0,191.26406079999998,0.0,1.0,7.0,1904.6417931530652,-2470.492299745475,PIA,20
4200.0,172.2749952,0.0,1.0,5.0,1758.7497557396468,-2490.0272502167577,PIA,20
4210.0,151.4624992,0.0,1.0,5.0,1679.5455057313452,-2502.4899191032996,PIA,20
4220.0,139.1374976,0.0,1.0,3.0,1542.7250204082363,-2527.5373982719216,PIA,20
4230.0,114.804686,0.0,1.0,2.5,1445.846381470705,-2551.1098216151704,PIA,20
4240.0,106.38458101333333,0.0,1.0,2.0,1390.2399356415606,-2569.6784742829673,PIA,20
4250.0,92.46090726787878,0.0,1.0,1.3333333333333333,1292.174703934077,-2624.936346954278,PIA,20
4260.0,83.17166580363637,0.0,1.0,1.0,1233.7318235017553,-2705.225008876432,PIA,20
4270.0,75.32333312,2.36833408,0.0,1.0,1226.111654492374,-2811.762928179311,PIA,20
4280.0,73.46975302200647,15.71913111326863,0.0,1.0,1263.86343792772,-2899.8983016240304,PIA,20
4290.0,78.59247503998498,27.460813919988315,0.0,1.0,1334.3147694060506,-2981.5737024128193,PIA,20
4300.0,90.49285851428571,35.940476952380955,0.0,1.0,1401.2090852621193,-3033.5918957915587,PIA,20
4310.0,99.1916672,42.191667200000005,0.0,1.3333333333333333,1461.92369700332,-3072.981964738526,PIA,20
4320.0,114.343752,54.31875146666667,0.0,2.0,1630.2535468888907,-3172.3767291466706,PIA,20
4330.0,127.05833457777777,64.09583537777777,0.0,2.0,1739.541711465914,-3236.728421081084,PIA,20
4340.0,137.22778026666666,80.80278186666666,0.0,2.0,1854.0,-3306.0,PIA,20
4350.0,141.0,87.0,0.0,3.0,1899.0896908914078,-3336.6972049702226,PIA,20
4360.0,154.1857152,88.77678399999999,0.0,3.0,2011.7145144914243,-3422.411077851272,PIA,20
4370.0,163.30625120000002,74.4624992,0.0,4.0,2073.725007063853,-3478.378340088963,PIA,20
4380.0,167.0,72.0,0.0,4.0,2099.9932602946546,-3512.341164939909,PIA,20
4390.0,174.75714377142856,65.2124992,0.0,4.0,2201.9233797793086,-3663.1458331972804,PIA,20
4400.0,179.2687504,72.4781272,0.0,5.0,2224.9878901637567,-3716.4363545168803,PIA,20
4410.0,182.5375008,83.5375008,0.0,5.0,2251.988725533867,-3807.860326084621,PIA,21
4420.0,189.023438,90.02812560000001,0.0,5.0,2278.892144870094,-3943.253129031501,PIA,21
4440.0,193.710938,95.65312560000001,0.0,5.0,2293.2032460082783,-4106.2428454767,PIA,21
4450.0,197.01607177142859,98.01071451428572,0.0,5.0,2290.0455829080583,-4277.01818030508,PIA,21
4470.0,200.0,100.0,0.0,5.0,2277.0880620726407,-4394.637855044827,PIA,21
4480.0,202.57250048,100.0,0.0,5.0,2260.5940678048773,-4468.895130398498,PIA,21
4490.0,205.1535721142857,100.0,0.0,5.0,2226.983246908052,-4597.303985588775,PIA,21
4500.0,206.6833344,100.0,0.0,5.0,2199.0,-4685.0,PIA,21
4510.0,208.63000064,94.32999423999999,0.0,5.0,2160.784995564358,-4788.773234905853,PIA,21
4520.0,211.19374879999998,58.26665813333334,0.0,5.0,2117.2002470457423,-4891.593969621084,PIA,21
4530.0,202.9249984,0.0,1.0,5.0,2061.398057293257,-5004.263177682691,PIA,21
4540.0,192.92176707260933,0.0,1.0,5.0,2006.4238350622254,-5098.328180017168,PIA,21
4550.0,183.455783130362,0.0,1.0,5.0,1954.0,-5176.0,PIA,21
4560.0,170.93878177721973,0.0,1.0,5.0,1882.0,-5269.0,PIA,21
4570.0,164.87000192000002,0.0,1.0,3.6666666666666665,1840.3703763624571,-5316.646524578857,PIA,21
4580.0,155.4500032,0.0,1.0,3.0,1721.0,-5432.0,PIA,21
4590.0,153.0,0.0,1.0,3.0,1691.9500902214313,-5453.608385604714,PIA,21
4600.0,150.6778258834417,0.0,1.0,3.0,1641.1680607349745,-5476.8328751977015,PIA,21
4610.0,143.76041600000002,0.0,1.0,3.0,1550.9075334627773,-5501.207786463439,PIA,21
4620.0,138.82083306666667,2.0305585777777777,0.0,3.0,1398.1507725678282,-5507.070004593062,PIA,21
4630.0,136.91964342857142,35.83928685714285,0.0,3.0,1295.0307727397221,-5494.111962224248,PIA,22
4640.0,141.35833386666667,44.62708426666667,0.0,3.0,1209.170939689826,-5465.177163887291,PIA,22
4650.0,144.69166719999998,50.4604176,0.0,3.0,1136.3878244057732,-5431.43432169574,PIA,22
4660.0,153.68125120000002,56.787500800000004,0.0,3.0,1048.0710024084876,-5375.8921591194185,PIA,22
4670.0,154.0,65.04166933333333,0.0,3.0,980.0,-5321.0,PIA,22
4680.0,157.60500224,75.09000191999999,0.0,4.0,908.7572274903463,-5255.489131391889,PIA,22
4690.0,180.81000448,94.98000384,0.0,4.0,795.0,-5152.0,PIA,22
4700.0,182.0,96.0,0.0,4.0,788.6192919655507,-5146.2827513598595,PIA,22
4710.0,189.47916800000002,100.0,0.0,5.0,706.3395928354001,-5072.8847557773715,PIA,22
4720.0,198.64583466666667,100.0,0.0,5.0,617.4708686623937,-4992.9262824619045,PIA,22
4730.0,204.94750208,100.0,0.0,5.0,504.0,-4891.0,PIA,22
4740.0,212.0,100.0,0.0,5.0,449.9886785918496,-4842.657136791409,PIA,22
4750.0,216.046876,100.0,0.0,5.0,411.54582061679145,-4808.485628270024,PIA,22
4760.0,221.0375008,100.0,0.0,5.0,338.7159234991632,-4743.63823766177,PIA,22
4770.0,225.5750016,100.0,0.0,5.0,254.0,-4668.0,PIA,22
4780.0,228.0,100.0,0.0,6.0,208.4301582129872,-4627.268741594605,PIA,22
4790.0,229.7687504,100.0,0.0,6.0,141.16430680787994,-4567.0895770811185,PIA,22
4800.0,233.0562512,100.0,0.0,6.0,54.0,-4489.0,PIA,22
4820.0,238.6437512,100.0,0.0,6.0,-91.43702443992096,-4358.510481987276,PIA,22
4840.0,240.67250048,100.0,0.0,6.0,-211.0,-4251.0,PIA,22
4850.0,242.01500032,100.0,0.0,6.0,-300.0686993495746,-4171.825986411577,PIA,23
4860.0,244.0,100.0,0.0,6.0,-451.7385751546622,-4037.4252465167447,PIA,23
4870.0,244.0,100.0,0.0,6.0,-516.2006517021657,-3980.640244822198,PIA,23
4890.0,246.07142861289276,100.0,0.0,6.0,-624.9206734138884,-3898.5335320018503,PIA,23
4910.0,246.6417232217441,100.0,0.0,6.0,-818.0,-3790.0,PIA,23
4920.0,247.0,100.0,0.0,7.0,-943.8803734343941,-3745.7300196916017,PIA,23
4930.0,246.0,100.0,0.0,7.0,-1057.8589285755177,-3726.7483020957397,PIA,23
4940.0,246.42499946666666,100.0,0.0,7.0,-1119.0,-3719.0,PIA,23
4950.0,247.0,100.0,0.0,7.0,-1186.941391490775,-3712.8671447304123,PIA,23
4960.0,247.0,100.0,0.0,7.0,-1289.027629472027,-3713.3710214634702,PIA,23
4980.0,247.0,100.0,0.0,7.0,-1434.319264339742,-3727.876801231742,PIA,23
4990.0,247.0,100.0,0.0,7.0,-1547.685333714186,-3756.7940686440406,PIA,23
5000.0,247.0,100.0,0.0,7.0,-1638.2833002838336,-3787.096645178242,PIA,23
5020.0,247.8796876,100.0,0.0,7.0,-1856.702852293557,-3887.5666630159267,PIA,23
5040.0,248.82678582857142,100.0,0.0,7.0,-2066.8544510388215,-4000.3233467803016,PIA,23
5060.0,250.7964288,100.0,0.0,7.0,-2206.7516777524525,-4067.5148611689524,PIA,23
5070.0,251.0,100.0,0.0,7.0,-2266.0,-4092.0,PIA,24
5080.0,251.0,100.0,0.0,7.0,-2348.7548539951986,-4123.482677207773,PIA,24
5090.0,251.95750016,100.0,0.0,7.0,-2485.8113874674955,-4159.532661536772,PIA,24
5100.0,253.0,100.0,0.0,7.0,-2697.4144650843314,-4192.665422621687,PIA,24
5110.0,252.9812496,100.0,0.0,7.0,-2700.0,-4193.0,PIA,24
5120.0,252.0,100.0,0.0,7.0,-2803.2329677564685,-4203.467831060427,PIA,24
5130.0,252.9520832,99.23333120000001,0.0,7.0,-2916.928724085449,-4196.743802049332,PIA,24
5150.0,251.5968744,72.71248320000001,0.0,7.0,-3103.143777606919,-4172.537659331932,PIA,24
5160.0,249.0,0.0,1.0,7.0,-3197.836002181529,-4155.131941282636,PIA,24
5170.0,239.0,0.0,1.0,7.0,-3292.791812316086,-4131.696709490675,PIA,24
5180.0,229.79499776,0.0,1.0,7.0,-3370.665465821943,-4107.8842619109255,PIA,24
5190.0,219.2937456,0.0,1.0,7.0,-3459.0,-4077.0,PIA,24
5200.0,201.9937472,0.0,1.0,6.0,-3588.469484501461,-4016.0448971066644,PIA,24
5210.0,186.2437472,0.0,1.0,6.0,-3669.7110027651133,-3965.896653404636,PIA,24
5220.0,177.12187360000001,0.0,1.0,5.0,-3734.7264390606383,-3918.313736800474,PIA,24
5230.0,166.11749824,0.0,1.0,4.0,-3809.3061285145623,-3854.2456164120076,PIA,24
5240.0,156.4249984,0.0,1.0,3.5,-3868.0795052977815,-3790.7617847350575,PIA,24
5250.0,144.9249952,0.0,1.0,3.0,-3952.0,-3676.0,PIA,24
5260.0,134.0458325333333,0.0,1.0,3.0,-3997.0887371599733,-3591.984584073641,PIA,24
5270.0,123.69374880000001,0.0,1.0,3.0,-4030.835513841838,-3504.819029541707,PIA,24
5290.0,111.93035557079071,0.0,0.5,2.5,-4040.171268650679,-3278.808872708686,PIA,25
5300.0,104.30000213333334,0.0,0.0,2.0,-4015.588509531284,-3199.54163561932,PIA,25
5310.0,101.59500032,11.94249728,0.0,2.0,-3953.304571731742,-3093.9180036040993,PIA,25
5320.0,102.76374935999972,23.994199513332845,0.0,2.0,-3887.4630945303775,-3026.0536771202096,PIA,25
5330.0,108.02500053333334,32.02500053333333,0.0,2.0,-3816.4199399734207,-2978.659679270719,PIA,25
5340.0,112.6437504,38.406250666666665,0.0,2.0,-3734.515053589987,-2940.7967286275853,PIA,25
5350.0,120.83000064,52.32666794666667,0.0,2.6666666666666665,-3643.08474547719,-2911.988520556925,PIA,25
5360.0,131.8699424,59.3818464,0.0,3.0,-3542.3142181476906,-2885.753288318945,PIA,25
5370.0,145.25555626666667,69.958336,0.0,3.0,-3431.563099614945,-2861.0156307855173,PIA,25
5380.0,151.0666680888889,91.75000533333333,0.0,3.0,-3325.0,-2838.5,PIA,25
5390.0,153.0,99.0,0.0,4.0,-3287.756679942144,-2832.872252490515,PIA,25
5400.0,169.50500224,100.0,0.0,4.0,-3155.6329271802215,-2805.112469446066,PIA,25
5410.0,182.06136494545456,100.0,0.0,4.0,-3068.7378357556563,-2789.1309861777713,PIA,25
5420.0,190.30454807272727,100.0,0.0,4.0,-2966.0,-2771.0,PIA,25
5430.0,200.0,100.0,0.0,5.0,-2842.1716619952567,-2750.215177467887,PIA,25
5440.0,201.6125024,100.0,0.0,5.0,-2816.0,-2746.0,PIA,25
5450.0,209.26250240000002,100.0,0.0,5.0,-2669.1098796180095,-2723.012095018607,PIA,25
0.0,204.09647690994169,100.0,0.0,4.666666666666667,-2687.321196497383,-2726.2599670736054,BEA,1
10.0,213.52763941489653,100.0,0.0,5.0,-2552.244644252906,-2705.0962697053333,BEA,1
20.0,220.0,100.0,0.0,5.0,-2442.7807500835697,-2689.034502756494,BEA,1
30.0,226.5,100.0,0.0,5.0,-2267.0,-2661.0,BEA,1
40.0,230.0,100.0,0.0,5.0,-2175.743020420851,-2646.4190496287642,BEA,1
50.0,237.0,100.0,0.0,6.0,-2023.345787835945,-2622.095198814904,BEA,1
70.0,241.25,100.0,0.0,6.0,-1914.5278663128777,-2604.674201245508,BEA,1
90.0,251.0,100.0,0.0,6.0,-1809.367262038675,-2587.396917932173,BEA,1
100.0,251.0,100.0,0.0,6.0,-1689.403003575281,-2567.1860444257018,BEA,1
110.0,254.7,100.0,0.0,6.0,-1570.0,-2547.0,BEA,1
120.0,258.0,100.0,0.0,6.0,-1496.0583196809052,-2534.4810691429293,BEA,1
130.0,260.3625,100.0,0.0,6.0,-1427.0,-2523.0,BEA,1
140.0,265.0,100.0,0.0,6.0,-1210.785867955145,-2487.742127359112,BEA,1
150.0,267.68888888888887,100.0,0.0,6.0,-1133.0,-2475.0,BEA,1
170.0,276.0,100.0,0.0,7.0,-1001.1028573849737,-2452.526389938968,BEA,1
180.0,277.1333333333333,100.0,0.0,7.0,-952.0,-2444.0,BEA,1
190.0,280.0,100.0,0.0,7.0,-758.9353431854225,-2410.6192912521765,BEA,1
200.0,283.0,100.0,0.0,7.0,-582.0,-2380.0,BEA,1
210.0,285.0,100.0,0.0,7.0,-527.7997068157132,-2370.5123055859467,BEA,1
220.0,285.1,100.0,0.0,7.0,-473.30622041718357,-2361.373420705074,BEA,1
240.0,290.35,100.0,0.0,7.0,-306.5975984081071,-2334.485190581845,BEA,2
260.0,295.45833333333337,100.0,0.0,7.0,-113.39534740659832,-2300.9681699700895,BEA,2
280.0,298.675,100.0,0.0,7.0,89.5085717365859,-2261.9424562642866,BEA,2
300.0,300.05454545454546,100.0,0.0,7.0,287.04524232473,-2225.7170019944315,BEA,2
320.0,303.0954554181818,100.0,0.0,7.0,523.0,-2183.0,BEA,2
340.0,306.0,100.0,0.0,8.0,674.7190165135916,-2155.315704460661,BEA,2
350.0,306.5250002285714,100.0,0.0,8.0,774.0,-2137.0,BEA,2
360.0,307.39166720000003,100.0,0.0,8.0,904.8045602908575,-2112.7570346155935,BEA,2
380.0,311.0,100.0,0.0,8.0,1088.2133992406696,-2078.4415699259507,BEA,2
390.0,311.0,100.0,0.0,8.0,1128.0,-2071.0,BEA,2
400.0,311.0,100.0,0.0,8.0,1258.6213538822785,-2046.6752002823703,BEA,2
410.0,311.0,100.0,0.0,8.0,1367.0,-2027.0,BEA,2
420.0,311.0,100.0,0.0,8.0,1449.2301345540852,-2012.4869010968935,BEA,2
430.0,313.0,100.0,0.0,8.0,1604.1901350992493,-1984.8992339541035,BEA,2
440.0,313.36250026666664,100.0,0.0,8.0,1675.0,-1972.0,BEA,2
450.0,314.0,100.0,0.0,8.0,1792.9455546317124,-1949.9100761081554,BEA,3
460.0,314.23500032,100.0,0.0,8.0,1846.0,-1940.0,BEA,3
470.0,315.0,100.0,0.0,8.0,2102.6181186154427,-1892.4056543209563,BEA,3
490.0,315.0,100.0,0.0,8.0,2243.925971319582,-1866.2083922326515,BEA,3
500.0,315.0,100.0,0.0,8.0,2332.6211031456914,-1850.7956054295385,BEA,3
510.0,314.9003558491914,100.0,0.0,8.0,2350.0,-1848.0,BEA,3
530.0,314.0,100.0,0.0,8.0,2568.1164571034137,-1814.1034377054782,BEA,3
540.0,314.0,100.0,0.0,8.0,2672.5,-1796.5,BEA,3
550.0,314.0,100.0,0.0,8.0,2813.176800683994,-1773.883264248067,BEA,3
560.0,314.0,100.0,0.0,8.0,2905.0,-1760.0,BEA,3
580.0,314.0,100.0,0.0,8.0,3124.6762543352056,-1725.6713244616353,BEA,3
600.0,314.0,100.0,0.0,8.0,3421.0,-1680.0,BEA,3
610.0,314.0,100.0,1.0,8.0,3451.036772334357,-1675.3420676456524,BEA,3
630.0,314.0,100.0,1.0,8.0,3589.1801083292835,-1653.5626075669493,BEA,3
640.0,314.0,101.46666666666667,1.0,8.0,3645.0,-1645.0,BEA,3
650.0,314.0,104.0,1.0,8.0,3772.808514365954,-1625.8344513228901,BEA,3
660.0,314.0,104.0,1.0,8.0,3852.0,-1614.0,BEA,3
670.0,314.0,104.0,1.0,8.0,4007.0,-1591.0,BEA,4
680.0,314.0,104.0,1.0,8.0,4051.379653629305,-1584.7434193767763,BEA,4
690.0,314.0,104.0,1.0,8.0,4144.0,-1571.0,BEA,4
700.0,314.0,104.0,1.0,8.0,4259.299920268029,-1548.8476805923767,BEA,4
710.0,248.9,49.4,1.0,8.0,4387.0,-1520.0,BEA,4
720.0,190.0,0.0,1.0,8.0,4457.543785370467,-1502.9569194846872,BEA,4
730.0,164.24821428571428,0.0,1.0,8.0,4555.502142242457,-1468.240995922224,BEA,4
740.0,145.0,0.0,1.0,7.0,4647.32890518332,-1422.3197203977354,BEA,4
750.0,131.61666666666667,0.0,1.0,5.0,4715.431168350388,-1347.3970597088494,BEA,4
760.0,116.65,0.0,1.0,2.0,4765.791313222046,-1270.0844293197147,BEA,4
770.0,109.54666666666667,0.0,1.0,2.0,4792.396523157649,-1159.176362089738,BEA,4
780.0,102.05166592,0.0,0.0,2.0,4798.597118100062,-1066.620492230186,BEA,4
790.0,95.76071405714286,0.0,0.0,2.0,4779.232801819996,-959.3469060072904,BEA,4
800.0,92.96850612640692,0.46287941818181816,0.0,2.0,4735.275726880832,-865.1780101472399,BEA,4
810.0,88.66363578181819,9.395455806060605,0.0,2.0,4683.6780422903,-804.6602818288133,BEA,4
820.0,87.5734376,24.0875008,0.0,2.0,4697.372421751466,-821.4583369652822,BEA,4
830.0,90.10903448902867,36.03011496342895,0.0,2.0,4630.75894516113,-763.382962037237,BEA,4
840.0,95.33487062484949,49.30235616630544,0.0,2.0,4512.023349159962,-720.1685167253108,BEA,4
850.0,102.5,56.0,0.0,2.0,4396.881101620636,-709.7941626008881,BEA,4
860.0,110.51596614226906,63.032862899313905,0.0,2.0,4379.355130933214,-710.990993804647,BEA,4
870.0,119.90833333333335,70.675,0.0,2.0,4336.909197673438,-712.720370163111,BEA,4
880.0,131.62222222222223,74.87407407407407,0.0,2.0,4193.863429144943,-720.1671439233369,BEA,4
890.0,143.0,80.0,0.0,3.0,4100.712415293292,-726.2866262470916,BEA,5
900.0,153.725,90.725,0.0,3.0,4024.750115966349,-734.3785622354796,BEA,5
910.0,166.95454545454544,95.66363636363636,0.0,3.0,3876.0,-752.0,BEA,5
920.0,179.0,100.0,0.0,4.0,3810.4334335404365,-758.6980200313942,BEA,5
930.0,181.26666666666668,100.0,0.0,4.0,3788.0,-761.0,BEA,5
940.0,189.84444444444443,100.0,0.0,4.0,3669.5777763583305,-774.0956322704808,BEA,5
950.0,201.57777777777778,100.0,0.0,4.0,3525.0,-789.0,BEA,5
960.0,204.42222222222222,100.0,0.0,5.0,3471.047799520591,-793.8270916518337,BEA,5
980.0,211.55,100.0,0.0,5.0,3278.8051143110033,-810.3844544444247,BEA,5
990.0,214.6,100.0,0.0,5.0,3099.578470214094,-825.5297431368798,BEA,5
1000.0,218.0,100.0,0.0,5.0,3024.419807405766,-831.7152244511337,BEA,5
1010.0,218.0,100.0,0.0,5.0,2961.0,-837.0,BEA,5
1020.0,219.05714285714288,100.0,0.0,5.0,2874.3749036638646,-844.7598197974189,BEA,5
1030.0,222.0,100.0,0.0,5.0,2744.871356607276,-855.7472920967504,BEA,5
1040.0,222.47000064,100.0,0.0,5.0,2717.0,-858.0,BEA,5
1050.0,224.0,100.0,0.0,5.0,2632.442273134462,-864.9219408654694,BEA,5
1060.0,254.02916693333333,100.0,0.0,5.0,2481.6390524001417,-877.6882112127599,BEA,5
1070.0,255.3916672,100.0,0.0,5.0,2292.0,-894.0,BEA,5
1090.0,257.0,100.0,0.0,6.0,2157.9690674885983,-905.4767512921267,BEA,5
1100.0,267.0,100.0,0.0,7.0,2047.6213272866166,-915.149961533016,BEA,5
1110.0,268.1687504,100.0,0.0,7.0,1966.0983288450257,-922.4564781411402,BEA,6
1120.0,270.21500288,100.0,0.0,7.0,1881.0,-930.0,BEA,6
1130.0,278.1687504,100.0,0.0,7.0,1731.4391821534073,-942.0609808941035,BEA,6
1150.0,281.8375008,100.0,0.0,7.0,1456.0,-966.0,BEA,6
1160.0,282.0,100.0,0.0,7.0,1445.357319822644,-966.9322423011236,BEA,6
1170.0,282.53499392000003,100.0,0.0,6.0,1304.6495010818096,-979.1301335779211,BEA,6
1180.0,252.07999999999998,100.0,0.0,6.0,1090.5297843574517,-997.6497374355552,BEA,6
1200.0,293.0,100.0,0.0,7.0,918.5303518087674,-1012.766153845336,BEA,6
1220.0,296.3090909090909,100.0,0.0,7.0,781.0,-1025.0,BEA,6
1240.0,300.0,100.0,0.0,7.0,652.738754651365,-1036.1204150990495,BEA,6
1250.0,302.3416370884868,100.0,0.0,8.0,532.7510557485327,-1046.391555112522,BEA,6
1270.0,306.0,100.0,0.0,8.0,298.02443001832194,-1066.7297610257692,BEA,6
1290.0,306.32729843747325,100.0,0.0,8.0,126.96423050758115,-1082.3945261292004,BEA,6
1310.0,309.71866318107396,100.0,0.0,8.0,-78.0,-1100.0,BEA,6
1320.0,311.0,100.0,0.0,8.0,-179.34207729311558,-1108.9415400352964,BEA,6
1340.0,312.55,100.0,0.0,8.0,-458.0,-1134.0,BEA,7
1350.0,313.0,100.0,0.0,8.0,-506.0541218928572,-1138.2285968034855,BEA,7
1360.0,313.94,100.0,0.0,8.0,-597.0,-1146.0,BEA,7
1370.0,314.0,100.0,0.0,8.0,-604.7010777020204,-1146.665920574609,BEA,7
1390.0,315.8222222222222,100.0,0.0,8.0,-894.0,-1172.0,BEA,7
1400.0,316.0,100.0,0.0,8.0,-922.8231206815249,-1174.5344321424188,BEA,7
1410.0,317.0,100.0,0.0,8.0,-1074.7258489622936,-1187.9161547029366,BEA,7
1430.0,317.1,100.0,0.0,8.0,-1259.6008616960557,-1204.2232181112727,BEA,7
1450.0,317.93333333333334,100.0,0.0,8.0,-1438.1173432565165,-1219.5610843898667,BEA,7
1470.0,317.43,100.0,0.0,8.0,-1754.0,-1247.0,BEA,7
1490.0,317.0,100.0,0.0,8.0,-1863.2947252629606,-1256.6883660717265,BEA,7
1500.0,316.3,100.0,0.0,8.0,-1947.0,-1264.0,BEA,7
1510.0,316.0,100.0,0.0,8.0,-2004.2318348605531,-1268.8557137857326,BEA,7
1520.0,315.18,100.0,0.0,8.0,-2153.1202313384665,-1281.8451708522093,BEA,7
1540.0,315.0,100.0,0.0,8.0,-2296.0,-1295.0,BEA,7
1550.0,315.0,100.0,0.0,8.0,-2520.0,-1314.0,BEA,8
1560.0,315.0,100.0,0.0,8.0,-2568.432956102322,-1318.2326875644635,BEA,8
1570.0,314.06666666666666,100.0,0.0,8.0,-2711.0,-1331.0,BEA,8
1590.0,313.0,100.0,0.0,8.0,-2881.5553916081362,-1345.6960513707045,BEA,8
1600.0,313.0,100.0,0.0,8.0,-3053.46569554745,-1361.273010426239,BEA,8
1610.0,312.3312496,100.0,0.0,8.0,-3161.0,-1371.0,BEA,8
1630.0,311.0,100.0,0.0,8.0,-3299.807231622989,-1382.7222225778569,BEA,8
1640.0,311.0,99.1083328,0.0,8.0,-3385.0,-1390.0,BEA,8
1650.0,311.0,98.0,1.0,8.0,-3537.28985264686,-1403.4796644535177,BEA,8
1670.0,293.85832746666665,47.09442702222222,1.0,8.0,-3755.0,-1423.0,BEA,8
1680.0,278.0,0.0,1.0,8.0,-3847.376160606277,-1431.1737931813846,BEA,8
1690.0,269.74499584,0.0,1.0,8.0,-3892.0,-1435.0,BEA,8
1700.0,265.0,0.0,1.0,8.0,-3922.118652274663,-1437.5564363293245,BEA,8
1740.0,164.0,0.0,1.0,6.0,-4554.50806800758,-1485.3346822799779,BEA,8
1750.0,164.0,0.0,1.0,5.0,-4620.766349948262,-1487.141172783106,BEA,8
1760.0,138.69528903185181,0.0,1.0,3.5,-4740.667467564343,-1479.8977279413123,BEA,8
1770.0,127.57749888,0.0,1.0,3.0,-4846.368503985612,-1463.8855065627736,BEA,9
1780.0,116.2553558857143,0.0,1.0,2.5,-4908.449478060924,-1441.2502279385008,BEA,9
1790.0,113.2,0.0,1.0,2.0,-4967.483548784527,-1406.301361613558,BEA,9
1800.0,97.90666666666667,0.0,1.0,2.0,-5051.524320447923,-1321.5144964495764,BEA,9
1810.0,88.24444444444444,0.0,1.0,2.0,-5102.90442735767,-1227.0393160459776,BEA,9
1820.0,81.02142857142857,0.0,0.75,1.0,-5124.432090402292,-1136.3132376030137,BEA,9
1830.0,74.745625,0.0,0.0,1.0,-5121.049016396975,-1030.730269570777,BEA,9
1840.0,72.62946428571428,17.0,0.0,1.0,-5081.952836390728,-924.8730189998884,BEA,9
1850.0,75.78333333333333,23.070833333333333,0.0,1.0,-5032.6714591341515,-857.3623967425299,BEA,9
1860.0,80.05833386666667,47.813022266666664,0.0,1.0,-4941.243329366619,-799.088319882384,BEA,9
1870.0,89.01785752380952,57.621429028571434,0.0,1.0,-4759.220355083049,-802.7010980227482,BEA,9
1880.0,97.671876,49.64062,0.0,1.0,-4649.561064625171,-836.632035665484,BEA,9
1890.0,105.864584,6.010413333333332,0.3333333333333333,1.6666666666666667,-4527.069215815736,-880.9982938007447,BEA,9
1900.0,99.14166613333333,0.0,1.0,2.0,-4457.400415027467,-896.954913206066,BEA,9
1910.0,90.95,0.0,1.0,2.0,-4364.106475694218,-910.976904074605,BEA,9
1920.0,85.4375,0.0,0.25,2.0,-4273.689253263829,-898.4087755354667,BEA,9
1930.0,79.66355133478906,1.693334186666667,0.0,2.0,-4193.586852525451,-841.319677093877,BEA,9
1940.0,78.59030954150528,16.00170963526848,0.0,2.0,-4157.6643146152255,-766.6572874358822,BEA,9
1950.0,80.0,27.95,0.0,2.0,-4139.081486876,-660.9181091190416,BEA,9
1960.0,86.01785714285714,40.02142857142857,0.0,2.0,-4143.543565438908,-563.7687539690975,BEA,9
1970.0,92.40119047619048,49.93809523809524,0.0,2.0,-4167.346169237629,-478.68231595903063,BEA,9
1980.0,100.15555555555557,55.15555555555555,0.0,2.0,-4226.355693896188,-377.93691394514804,BEA,9
1990.0,112.98888888888888,67.98888888888888,0.0,2.0,-4273.746700825486,-319.64405185892406,BEA,10
2000.0,124.45,71.85,0.0,2.0,-4346.502660032898,-235.60858606306513,BEA,10
2010.0,135.715,79.3425,0.0,2.25,-4401.125996906228,-155.15059532855537,BEA,10
2020.0,147.6,82.08,0.0,3.0,-4453.0544991440165,-57.04534462852113,BEA,10
2030.0,152.91,90.0,0.0,3.0,-4498.117219288433,68.36273250492403,BEA,10
2040.0,165.0,90.0,0.0,3.0,-4521.698062389676,145.79361083940063,BEA,10
2050.0,176.96562640000002,98.546876,0.0,3.5,-4534.2117031135385,227.22909517553813,BEA,10
2060.0,184.99722524444445,100.0,0.0,4.0,-4547.0,316.0,BEA,10
2070.0,196.0,100.0,0.0,4.0,-4560.04427715202,439.5861880722836,BEA,10
2080.0,197.64500224,100.0,0.0,4.0,-4562.0,465.0,BEA,10
2090.0,203.42954647272728,100.0,0.0,5.0,-4566.811168004764,557.3330816800271,BEA,10
2100.0,209.58636567272728,100.0,0.0,5.0,-4566.0,669.0,BEA,10
2110.0,216.79318283636366,100.0,0.0,5.0,-4559.758478988806,804.7765331909342,BEA,10
2120.0,223.734376,100.0,0.0,5.0,-4551.229037038771,965.0857892684066,BEA,10
2130.0,228.0,100.0,0.0,5.0,-4543.381979966847,1074.8833697938303,BEA,10
2140.0,234.0,100.0,0.0,5.0,-4527.949942949763,1219.5244441073864,BEA,10
2150.0,235.0,100.0,0.0,5.0,-4523.0,1254.0,BEA,10
2160.0,239.0,100.0,0.0,6.0,-4498.07061601929,1392.400826159087,BEA,10
2170.0,243.0,100.0,0.0,6.0,-4475.2299503008435,1496.0959013352535,BEA,10
2180.0,243.85,100.0,0.0,6.0,-4467.0,1531.0,BEA,10
2200.0,248.55,100.0,0.0,6.0,-4417.671711121974,1683.0063104763212,BEA,10
2220.0,253.7981375595081,100.0,0.0,6.0,-4363.938577586655,1807.1562484481542,BEA,11
2230.0,256.04166755555553,100.0,0.0,6.0,-4311.0,1901.0,BEA,11
2240.0,259.0,100.0,0.0,6.0,-4217.272852239286,2026.598971654593,BEA,11
2250.0,259.0,100.0,0.0,6.0,-4163.893893196746,2089.0786439406675,BEA,11
2270.0,261.609376,100.0,0.0,6.0,-4054.0,2194.0,BEA,11
2280.0,264.01949878203925,100.0,0.0,6.0,-3892.8098368675955,2317.886867449499,BEA,11
2300.0,265.79944293268983,100.0,0.0,6.5,-3763.6022222685424,2396.3157952441616,BEA,11
2320.0,267.16875,100.0,0.0,7.0,-3504.425028658331,2523.88429026602,BEA,11
2340.0,267.91875,100.0,0.0,7.0,-3319.8119498528085,2593.5140421446345,BEA,11
2350.0,269.6,100.0,0.0,7.0,-3207.0,2629.0,BEA,11
2360.0,271.0,100.0,0.0,7.0,-3087.728454609862,2665.118990856978,BEA,11
2370.0,271.0,100.0,0.0,7.0,-2933.9390546489067,2711.2249263520885,BEA,11
2390.0,272.0,100.0,0.0,7.0,-2792.872996480826,2753.9609462861094,BEA,11
2400.0,272.97,100.0,0.0,7.0,-2699.3720920568403,2783.13763240488,BEA,11
2420.0,273.0,100.0,0.0,7.0,-2552.8187248388704,2829.683228904663,BEA,11
2430.0,273.8666666666667,100.0,0.0,7.0,-2356.0,2895.0,BEA,12
2440.0,274.0,100.0,0.0,7.0,-2330.766032159729,2903.560497771107,BEA,12
2460.0,274.0,100.0,0.0,7.0,-2139.5321514875964,2971.1316538065794,BEA,12
2470.0,274.07,100.0,0.0,7.0,-2022.1559508907476,3013.289462546567,BEA,12
2490.0,274.9125,100.0,0.0,7.0,-1879.0285403685305,3067.1979503389507,BEA,12
2500.0,274.0,100.0,0.0,7.0,-1773.7548985383291,3106.8706323735187,BEA,12
2510.0,274.27916693333333,100.0,0.0,7.0,-1726.0,3125.0,BEA,12
2520.0,275.06750016,100.0,0.0,7.0,-1594.112292659935,3176.073214789777,BEA,12
2530.0,276.0,100.0,0.0,7.0,-1445.8113639200935,3233.746250716923,BEA,12
2540.0,276.0,100.0,0.0,7.0,-1425.0,3242.0,BEA,12
2550.0,276.0,100.0,0.0,7.0,-1312.0,3288.0,BEA,12
2560.0,276.0,100.0,0.0,7.0,-1254.6852051163032,3311.887950591773,BEA,12
2570.0,275.13958346666664,100.0,0.0,7.0,-1143.7814492223738,3359.1090328731784,BEA,12
2590.0,274.9124992,84.46427428571428,0.0,7.0,-971.2173624966169,3433.3850124435407,BEA,12
2600.0,269.8249984,11.785691428571425,0.0,7.0,-828.0,3497.0,BEA,12
2610.0,264.31874719999996,0.0,1.0,7.0,-769.6286220859006,3523.6788912825823,BEA,12
2620.0,248.0,0.0,1.0,7.0,-657.6555137175548,3574.1568998028347,BEA,12
2630.0,227.3,0.0,1.0,7.0,-561.0202505052712,3616.7279406636,BEA,12
2640.0,209.72727272727272,0.0,1.0,7.0,-402.0,3687.0,BEA,12
2660.0,178.29375,0.0,1.0,6.0,-282.83741920944874,3740.0769438982616,BEA,13
2670.0,155.31464160790364,0.0,1.0,4.0,-173.55870763489895,3788.9008928624025,BEA,13
2680.0,152.19158852417965,0.0,1.0,3.5,-95.26385652169128,3820.797611835398,BEA,13
2690.0,138.61041386666668,0.0,1.0,3.0,-1.118893600586091,3851.2216084143606,BEA,13
2700.0,123.92999936,0.0,1.0,3.0,90.50893826031671,3869.7516791412436,BEA,13
2710.0,117.12999936,0.0,1.0,2.5,200.08110775373908,3868.2386415497867,BEA,13
2720.0,111.76884408104176,0.0,0.6666666666666666,2.0,301.8740265574213,3832.1214441610537,BEA,13
2730.0,106.68518518518518,15.911111111111111,0.0,2.0,379.64814343498847,3769.747260787302,BEA,13
2740.0,104.14166666666667,40.84166666666667,0.0,2.0,453.90537858922596,3685.834407884871,BEA,13
2750.0,106.71000000000001,54.85,0.0,2.0,501.5039634585541,3603.1673036157513,BEA,13
2760.0,112.85,63.15625,0.0,2.0,534.363910522877,3518.486122506243,BEA,13
2770.0,119.42777777777778,67.3111111111111,0.0,2.0,553.9515421514652,3441.3756994101523,BEA,13
2780.0,129.81666666666666,74.86666666666667,0.0,2.0,577.2930246717956,3280.458698902378,BEA,13
2790.0,138.0,79.0,0.0,2.0,584.098899445895,3208.0711721940706,BEA,13
2800.0,141.05714285714288,73.65,0.0,2.5,590.1844489941126,3136.175964276087,BEA,13
2810.0,152.0,74.0,0.0,3.0,600.4261066980788,3032.99217264424,BEA,13
2820.0,156.61818414545453,77.75227461818181,0.0,3.0,606.0,2982.0,BEA,13
2850.0,183.40000116363638,99.51250094545455,0.0,3.5,651.6308110769702,2633.618465625958,BEA,13
2870.0,194.0972231111111,100.0,0.0,4.0,686.7329979414101,2393.7730626591983,BEA,14
2890.0,203.54166755555556,100.0,0.0,4.5,706.3396578308034,2274.432788872131,BEA,14
2910.0,208.875,100.0,0.0,5.0,732.7001819296252,2131.465930708624,BEA,14
2920.0,213.38666666666668,100.0,0.0,5.0,764.824106038381,1979.3761853041954,BEA,14
2930.0,217.0,100.0,0.0,5.0,790.2920721068066,1872.9810373246853,BEA,14
2940.0,217.9142857142857,100.0,0.0,5.0,810.0,1800.0,BEA,14
2950.0,219.0,100.0,0.0,5.0,831.4815232729907,1723.2352073301852,BEA,14
2960.0,220.19626192075003,100.0,0.0,5.0,861.0,1637.0,BEA,14
2970.0,221.8457946608438,100.0,0.0,5.0,923.8359842474061,1476.1665496899575,BEA,14
2980.0,223.0,100.0,0.0,5.0,962.4289786321846,1392.3956553819733,BEA,14
2990.0,223.76750016,100.0,0.0,5.0,995.4972180123603,1332.0518931215274,BEA,14
3000.0,224.7937504,100.0,0.0,5.0,1050.0,1236.0,BEA,14
3010.0,226.0,100.0,0.0,5.0,1123.0923606079493,1129.6818470383182,BEA,14
3020.0,226.0,100.0,0.0,5.0,1181.8864538908422,1058.2719885591473,BEA,14
3040.0,228.0,100.0,0.0,5.0,1292.1500329886528,951.052590500349,BEA,14
3050.0,228.0,100.0,0.0,5.0,1368.7690568470073,889.4791226326838,BEA,14
3060.0,228.2125,96.175,0.0,5.0,1442.0,841.0,BEA,14
3070.0,228.98125,82.3375,0.0,5.0,1665.0767273255965,736.2610832832711,BEA,14
3090.0,228.0,54.0,0.0,5.0,1780.1150777156677,702.7936309057134,BEA,15
3100.0,227.9,54.05,0.0,5.0,1784.0,702.0,BEA,15
3110.0,224.95,55.525,0.0,5.0,1930.7200060597283,675.7884758903801,BEA,15
3120.0,223.52,56.6,0.0,5.0,2008.0,667.0,BEA,15
3130.0,221.52,59.1,0.0,5.0,2130.0,663.0,BEA,15
3140.0,220.0,61.0,0.0,5.0,2221.7091963731473,671.9395701047126,BEA,15
3150.0,219.07999999999998,61.92,0.0,5.0,2331.480506651157,694.3284652680219,BEA,15
3160.0,218.03,62.0,0.0,5.0,2454.4487581580734,731.2696990933167,BEA,15
3170.0,218.0,70.87777777777778,0.0,5.0,2564.0,778.0,BEA,15
3180.0,218.0,78.43333333333334,0.0,5.0,2651.0,821.0,BEA,15
3190.0,218.0,79.0,0.0,5.0,2657.1513138914497,824.262288145991,BEA,15
3200.0,219.02916693333336,89.8062528,0.0,5.0,2781.503629035993,906.2219724007946,BEA,15
3210.0,219.1031248,100.0,0.0,5.0,2916.2101550507614,1027.1370520803698,BEA,15
3230.0,221.7937504,94.17916373333333,0.0,5.0,3008.1503207100327,1129.37162958684,BEA,15
3240.0,224.0,77.9562496,0.0,5.0,3081.229257549813,1201.4693734990528,BEA,15
3260.0,224.0,74.23625056,0.0,5.0,3277.921433220552,1336.9579571893,BEA,15
3280.0,224.0,79.37250112,0.0,5.0,3410.0,1394.0,BEA,15
3290.0,224.0,86.01562799999999,0.0,5.0,3496.8984522104,1418.4868738408688,BEA,15
3300.0,224.0,96.0,0.0,5.0,3561.154154731583,1433.779288989629,BEA,15
3310.0,224.80833333333334,99.23333333333333,0.0,5.0,3690.30103980279,1446.7301049002103,BEA,16
3320.0,224.0,100.0,0.0,5.0,3882.116984711372,1439.9513594813975,BEA,16
3330.0,224.8375,100.0,0.0,5.0,3981.8247793910173,1431.2561828593643,BEA,16
3350.0,226.22857142857143,100.0,0.0,5.0,4108.907084630173,1400.7601497087198,BEA,16
3360.0,227.01108033437436,100.0,0.0,5.0,4227.614842287782,1356.001906340025,BEA,16
3380.0,227.63157905933812,100.0,0.0,5.0,4354.0,1293.0,BEA,16
3390.0,228.0,100.0,0.0,5.0,4447.543405554732,1232.1300502385916,BEA,16
3400.0,228.0,100.0,0.0,5.5,4556.899565804188,1143.9771101235983,BEA,16
3420.0,229.13500032000002,100.0,0.0,6.0,4668.5,1035.5,BEA,16
3430.0,230.1861112888889,100.0,0.0,6.0,4758.564777174884,938.0664070296631,BEA,16
3450.0,232.0,100.0,0.0,6.0,4893.871893588216,778.2604581856019,BEA,16
3460.0,232.72803381341353,100.0,0.0,6.0,4929.0,734.0,BEA,16
3470.0,234.07,100.0,0.0,6.0,4994.738980352945,648.8455244337642,BEA,16
3480.0,235.14,100.0,0.0,6.0,5081.0,540.0,BEA,16
3500.0,236.15454545454546,100.0,0.0,6.0,5226.131345342973,372.61131952758524,BEA,16
3510.0,237.3090909090909,100.0,0.0,6.0,5289.0,300.0,BEA,16
3520.0,238.0,100.0,0.0,6.0,5357.316796119026,223.4126434548677,BEA,16
3530.0,238.98181818181817,100.0,0.0,6.0,5413.0,160.0,BEA,17
3540.0,240.43636363636364,100.0,0.0,6.0,5482.0,79.0,BEA,17
3550.0,242.0,100.0,0.0,6.0,5558.069311117902,-5.888808064266922,BEA,17
3560.0,242.0,100.0,0.0,6.0,5614.417770439983,-68.3076037880488,BEA,17
3580.0,243.28181818181818,100.0,0.0,6.0,5715.0,-181.0,BEA,17
3590.0,244.75454545454545,100.0,0.0,6.0,5818.417896596599,-296.2726095505337,BEA,17
3610.0,246.04444444444445,100.0,0.0,6.0,5967.0,-465.0,BEA,17
3620.0,247.0,100.0,1.0,6.0,6020.918472267655,-526.8095521463304,BEA,17
3630.0,245.9124974222222,0.0,1.0,6.0,6084.134038593556,-600.8243917572781,BEA,17
3650.0,224.1624974222222,0.0,1.0,6.0,6248.486082770476,-793.150009700092,BEA,17
3660.0,208.81499648,0.0,1.0,6.0,6288.0,-848.0,BEA,17
3670.0,207.0,0.0,1.0,6.0,6292.900865263771,-856.909381298384,BEA,17
3690.0,194.0,8.0,0.0,5.0,6412.425208569071,-1115.9972409130867,BEA,17
3700.0,191.1624992,19.3500032,0.0,4.5,6421.972151755152,-1173.5939852002198,BEA,17
3710.0,187.88642533166544,34.31025645389588,0.0,4.0,6428.0,-1256.0,BEA,17
3720.0,183.00974939101962,62.019498782039214,0.0,4.0,6401.517008564169,-1467.6609088346827,BEA,17
3740.0,184.0,64.0,0.0,4.0,6333.062117301858,-1656.8146020055133,BEA,17
3750.0,184.67000000000002,60.65,0.0,4.0,6310.969996756915,-1701.4156347150579,BEA,18
3760.0,185.0,62.542857142857144,0.0,4.0,6257.0,-1787.0,BEA,18
3770.0,185.55361604845743,64.66084814537227,0.0,4.0,6224.082086848328,-1830.000514165605,BEA,18
3780.0,187.45386572829779,70.36159718489331,0.0,4.0,6137.0,-1929.0,BEA,18
3790.0,188.87000064,73.30500096,0.0,4.0,6091.561354134749,-1968.0024198029791,BEA,18
3800.0,193.27000064,79.27000064,0.0,4.0,5995.767831973448,-2032.248057955558,BEA,18
3810.0,196.0,82.0,0.0,4.0,5928.695584876939,-2066.125685782561,BEA,18
3820.0,199.01875093333334,80.27499946666667,0.0,4.0,5822.0,-2105.0,BEA,18
3830.0,202.51875093333334,78.27499946666667,0.0,4.0,5720.0,-2133.0,BEA,18
3840.0,203.41250097777777,78.71250168888889,0.0,5.0,5694.566862552996,-2139.1948443237575,BEA,18
3850.0,211.7694464,93.1472256,0.0,5.0,5538.0,-2170.0,BEA,18
3860.0,214.0,97.0,0.0,5.0,5494.959476115656,-2177.174145266813,BEA,18
3870.0,217.8913661697843,98.06128168266845,0.0,5.0,5419.0,-2189.0,BEA,18
3880.0,224.81615602163237,99.94986073317246,0.0,5.0,5281.287946803333,-2207.398669168876,BEA,18
3890.0,227.925,100.0,0.0,5.5,5130.1532354962665,-2219.2120917951124,BEA,18
3910.0,233.70833333333331,100.0,0.0,6.0,5001.435676830319,-2224.3630543305017,BEA,18
3920.0,237.45833333333331,100.0,0.0,6.0,4878.104306731477,-2227.7086393365394,BEA,18
3930.0,242.0,100.0,0.0,6.0,4677.823426692999,-2234.7769839098355,BEA,18
3940.0,243.7,100.0,0.0,6.0,4619.0,-2237.0,BEA,18
3950.0,247.0,100.0,0.0,6.0,4551.947281754812,-2239.7048021874525,BEA,18
3960.0,251.56666666666666,100.0,0.0,6.0,4488.150082354812,-2243.656582139262,BEA,18
3970.0,255.0,100.0,0.0,6.0,4288.172844273736,-2256.3373204457553,BEA,19
3980.0,257.4,100.0,0.0,6.0,4169.0,-2264.0,BEA,19
4000.0,261.6375,100.0,0.0,6.0,4084.0855260910635,-2269.906404565707,BEA,19
4010.0,264.0,100.0,0.0,6.0,3999.4289349148175,-2275.4929932069936,BEA,19
4030.0,267.7642861714286,100.0,0.0,6.5,3747.726827492098,-2291.7418593878074,BEA,19
4050.0,270.96666737777775,100.0,0.0,7.0,3595.0,-2302.0,BEA,19
4060.0,272.0,100.0,0.0,7.0,3508.8788140309653,-2307.610962463807,BEA,19
4070.0,274.13958346666664,100.0,0.0,7.0,3293.217947322428,-2321.829823469542,BEA,19
4090.0,275.0,100.0,0.0,7.0,3155.6615163821325,-2332.4652944711706,BEA,19
4100.0,275.9458336,100.0,0.0,7.0,3049.0,-2343.0,BEA,19
4110.0,276.0,100.0,0.0,7.0,3040.309389885357,-2343.8146216833416,BEA,19
4120.0,276.0,100.0,0.0,7.0,2911.0,-2356.0,BEA,19
4130.0,276.0,100.0,0.0,7.0,2763.4699099153418,-2371.8025890210934,BEA,19
4140.0,275.88749973333336,94.37498666666667,0.0,7.0,2743.0,-2374.0,BEA,19
4150.0,274.8833333333333,44.166666666666664,0.0,7.0,2559.0,-2393.0,BEA,19
4170.0,272.25,0.0,1.0,7.0,2385.4371383919097,-2410.8690722435913,BEA,19
4180.0,248.0,0.0,1.0,7.0,2245.0,-2427.0,BEA,19
4190.0,228.5422884114749,0.0,1.0,7.0,2133.7330024867974,-2440.6628576667144,BEA,20
4200.0,211.32089355491138,0.0,1.0,7.0,2039.4182669579468,-2452.2704982765777,BEA,20
4220.0,188.9749952,0.0,1.0,7.0,1887.0,-2472.0,BEA,20
4230.0,170.48749759999998,0.0,1.0,7.0,1713.8476285967263,-2497.4730176317644,BEA,20
4240.0,150.06374784000002,0.0,1.0,5.0,1653.1968373564805,-2507.162831782598,BEA,20
4250.0,127.64166399999999,0.0,1.0,3.6666666666666665,1537.0799415093154,-2529.2375144242437,BEA,20
4260.0,102.82520650666667,0.0,1.0,2.3333333333333335,1402.6301717655558,-2565.17308189394,BEA,20
4270.0,91.43718568184313,0.0,0.6666666666666666,1.6666666666666667,1296.9778746429902,-2619.5323153398617,BEA,20
4280.0,84.93333333333334,1.5466666666666669,0.0,1.0,1242.9596177720325,-2678.969796458832,BEA,20
4290.0,79.5675,3.9000000000000004,0.0,1.0,1221.960287477347,-2768.628139450498,BEA,20
4300.0,75.55833333333334,35.025,0.0,1.0,1247.5416949762114,-2872.004353203476,BEA,20
4310.0,79.10952380952381,51.490476190476194,0.0,1.0,1298.4472662210567,-2946.3237808880367,BEA,20
4320.0,87.8437504,59.8958336,0.0,1.0,1361.636996886481,-3004.3535341360994,BEA,20
4330.0,95.66093839999999,61.5875008,0.0,1.0,1453.1016157333202,-3067.801607377729,BEA,20
4340.0,107.66145999999999,76.2218776,0.0,1.6666666666666667,1553.8935484231063,-3128.1198515775573,BEA,20
4350.0,120.0,100.0,0.0,2.0,1687.8476044548092,-3206.9878390340405,BEA,20
4360.0,130.0339645472374,100.0,0.0,2.0,1799.4231864405651,-3272.6821255576906,BEA,20
4380.0,143.53007582474976,100.0,0.0,3.0,1932.2315199663542,-3359.023306507297,BEA,20
4390.0,150.73684230787492,100.0,0.0,3.0,2031.2419702442019,-3438.4314965281346,BEA,20
4400.0,155.23333333333335,100.0,0.0,3.0,2108.5835378923966,-3522.552740374984,BEA,20
4410.0,157.84,100.0,0.0,3.0,2186.822986728973,-3634.0871724172403,BEA,21
4420.0,166.07476796506276,100.0,0.0,3.0,2225.0,-3719.0,BEA,21
4430.0,167.0,100.0,0.0,3.0,2228.874435075354,-3731.0408759893444,BEA,21
4440.0,172.1888896,100.0,0.0,3.3333333333333335,2267.308824216089,-3875.2366696287586,BEA,21
4460.0,179.20250048,100.0,0.0,4.0,2289.4923554057914,-4038.718592752343,BEA,21
4470.0,182.03500032,100.0,0.0,4.0,2293.972183147468,-4207.46089991483,BEA,21
4480.0,184.0,100.0,0.0,4.0,2292.1889946633105,-4281.656220557599,BEA,21
4490.0,186.5437504,100.0,0.0,4.0,2282.5566681236983,-4340.040941979462,BEA,21
4500.0,188.486112,100.0,0.0,4.0,2271.0,-4416.0,BEA,21
4510.0,191.63194488888888,100.0,0.0,4.0,2244.4710200611235,-4532.51883989503,BEA,21
4520.0,194.3978496004933,100.0,0.0,4.0,2206.213324064351,-4661.358928335656,BEA,21
4530.0,198.05,99.75,0.0,4.0,2165.7345187651645,-4775.032912764222,BEA,21
4550.0,200.925,85.375,0.0,4.0,2117.1788547097626,-4892.8149253782185,BEA,21
4560.0,197.28,32.3,0.0,4.0,2022.0,-5074.0,BEA,21
4570.0,195.0,0.0,1.0,4.0,1983.8803862795098,-5138.253798584642,BEA,21
4580.0,180.23333333333335,0.26666666666666666,1.0,4.0,1945.9125269108545,-5187.837099333352,BEA,21
4610.0,157.7,8.1,1.0,4.0,1726.8426610498643,-5427.385824669706,BEA,21
4620.0,152.56785645714285,9.810714514285714,0.5,3.5,1642.0481743839307,-5476.068300196859,BEA,21
4630.0,148.0,1.4656263999999999,1.0,3.0,1537.8941435439506,-5503.010000325978,BEA,22
4640.0,147.007812,12.754690400000001,0.0,3.0,1458.4843274503428,-5508.574071889508,BEA,22
4650.0,143.257812,34.5046904,0.0,3.0,1361.4782935564324,-5505.228086245572,BEA,22
4660.0,145.4187504,63.72083306666667,0.0,3.0,1279.0606607948534,-5488.557422975413,BEA,22
4670.0,149.43500032,63.43500032,0.0,3.0,1162.9381619314884,-5444.409228710552,BEA,22
4680.0,153.26368263122234,67.26368263122232,0.0,3.0,1069.5146316729904,-5390.7890500551985,BEA,22
4690.0,158.0,73.53999999999999,0.0,3.0,981.2292833923681,-5321.684311323613,BEA,22
4700.0,158.0,75.0,0.0,3.0,925.9646885508423,-5272.4546293328085,BEA,22
4710.0,167.4,86.75,0.0,3.0,852.0,-5204.0,BEA,22
4720.0,178.0,100.0,0.0,4.0,791.4124281523254,-5149.076655218222,BEA,22
4730.0,185.4522830744652,100.0,0.0,4.0,702.794246895251,-5069.7264876428035,BEA,22
4740.0,192.03055786666667,100.0,0.0,4.0,593.0,-4971.0,BEA,22
4750.0,199.0,100.0,0.0,5.0,535.2394026164085,-4919.555008080597,BEA,22
4760.0,199.2843776,100.0,0.0,5.0,469.95325832731083,-4861.74055880725,BEA,22
4770.0,212.40500096,100.0,0.0,5.0,354.3614825079739,-4758.488604994896,BEA,22
4780.0,218.0,100.0,0.0,5.0,274.41167450946654,-4686.465685023686,BEA,22
4800.0,223.27000064,100.0,0.0,5.0,216.16723519785498,-4633.635727215778,BEA,22
4810.0,227.05000045714286,100.0,0.0,5.0,128.67955544863432,-4555.499018740658,BEA,22
4820.0,229.95714377142858,100.0,0.0,5.0,33.0,-4470.0,BEA,22
4830.0,232.5875008,100.0,0.0,5.0,-32.62510118137334,-4411.224185226147,BEA,22
4840.0,235.0,100.0,0.0,6.0,-77.9002034505342,-4370.626234337013,BEA,22
4850.0,238.69642971428573,100.0,0.0,6.0,-180.0,-4279.0,BEA,23
4860.0,240.9245283322653,100.0,0.0,6.0,-291.9429660949638,-4178.907913479283,BEA,23
4870.0,242.0,100.0,0.0,6.0,-357.62006893730876,-4120.168622496849,BEA,23
4880.0,242.0,100.0,0.0,6.0,-428.97713027224415,-4055.8305511062913,BEA,23
4890.0,242.88571428571427,100.0,0.0,6.0,-501.0,-3994.0,BEA,23
4900.0,243.0,100.0,0.0,6.0,-514.8938129341813,-3982.704029822304,BEA,23
4910.0,244.67142857142858,100.0,0.0,6.0,-646.9923483194452,-3885.7030050613434,BEA,23
4930.0,245.0,100.0,0.0,6.0,-803.0,-3797.0,BEA,23
4940.0,245.0,100.0,0.0,6.0,-892.8935595212037,-3759.5227957454845,BEA,23
4950.0,245.9,100.0,0.0,6.0,-973.0238132110474,-3738.9272396877723,BEA,23
4960.0,246.0,100.0,0.0,6.0,-1071.0,-3723.0,BEA,23
4970.0,245.75454545454545,100.0,0.0,6.0,-1189.0847193475859,-3714.74040033248,BEA,23
5000.0,244.12553025939394,100.0,0.0,6.0,-1501.9043785278457,-3746.583037787795,BEA,23
5020.0,245.0,100.0,0.0,6.0,-1727.7180735450615,-3822.096469290074,BEA,23
5030.0,245.0,100.0,0.0,6.0,-1752.0,-3835.0,BEA,23
5040.0,245.0,100.0,0.0,6.0,-1824.6856764420734,-3872.6125103337063,BEA,23
5050.0,245.83500032,100.0,0.0,6.0,-1937.0,-3931.0,BEA,23
5060.0,246.81750016,100.0,0.0,6.0,-2053.620105188001,-3993.183664091551,BEA,23
5080.0,248.15000035555556,100.0,0.0,6.0,-2171.0,-4051.0,BEA,24
5090.0,249.0,100.0,0.0,6.0,-2238.5297342654526,-4081.665464546477,BEA,24
5100.0,249.0,100.0,0.0,6.0,-2332.5725332131306,-4117.1690034305375,BEA,24
5120.0,249.89166666666665,100.0,0.0,6.0,-2487.11642902405,-4159.886050203849,BEA,24
5130.0,250.0,100.0,0.0,6.0,-2565.0,-4175.0,BEA,24
5150.0,250.0,100.0,0.0,6.0,-2802.403883240844,-4197.67747663801,BEA,24
5160.0,250.0,85.5625,0.0,6.0,-2998.5018759095756,-4188.65906973623,BEA,24
5180.0,247.0,0.0,1.0,6.0,-3110.1060996558876,-4176.035599621084,BEA,24
5190.0,240.19642514285715,0.0,1.0,6.0,-3170.0,-4160.0,BEA,24
5200.0,232.0,0.0,1.0,6.0,-3297.95967363446,-4125.88711363299,BEA,24
5210.0,220.72249792,0.0,1.0,6.0,-3429.4825995461215,-4088.8056144340057,BEA,24
5220.0,204.21606948571429,0.0,1.0,6.0,-3518.6693174217016,-4050.4315038221894,BEA,24
5240.0,189.25681512727272,0.0,1.0,6.0,-3667.0,-3968.0,BEA,24
5250.0,179.70749824,0.0,1.0,5.0,-3746.3395644020347,-3910.180979309046,BEA,24
5260.0,169.02083199999998,0.0,1.0,4.0,-3848.2011362755957,-3812.9217322878085,BEA,24
5270.0,158.6839273142857,0.0,1.0,4.0,-3897.8625627878027,-3755.3882457439768,BEA,24
5280.0,146.73941048900798,0.0,1.0,3.3333333333333335,-3964.324975741125,-3654.1038623267555,BEA,24
5290.0,135.0,0.0,1.0,3.0,-4016.0582099487665,-3548.3438659868616,BEA,25
5300.0,130.095,0.0,1.0,3.0,-4038.0,-3474.0,BEA,25
5310.0,123.41333333333334,0.0,0.3333333333333333,2.0,-4044.924782309172,-3330.9806596394033,BEA,25
5320.0,116.3,0.0,0.5,2.0,-4030.5224760326546,-3241.7674927150447,BEA,25
5330.0,111.74000000000001,5.68,0.0,2.0,-3970.4136828976066,-3112.647205113349,BEA,25
5340.0,109.0,37.229168,0.0,2.0,-3909.456104380958,-3043.8834935973177,BEA,25
5350.0,109.64500010666666,47.580000426666665,0.0,2.0,-3854.1342683012226,-3001.1327354054615,BEA,25
5360.0,112.22500053333334,57.1687504,0.0,2.0,-3780.7856698020805,-2959.7710150986063,BEA,25
5370.0,115.55833386666666,59.6687504,0.0,2.0,-3719.833919244546,-2935.569796795402,BEA,25
5380.0,121.86071497142856,63.90714331428572,0.0,2.0,-3586.7327115091966,-2896.39831672429,BEA,25
5390.0,129.68750079999998,69.04861155555555,0.0,2.0,-3493.3346024318457,-2874.9621324417512,BEA,25
5400.0,139.10666666666665,76.62,0.0,2.3333333333333335,-3407.779705174102,-2856.21280841354,BEA,25
5410.0,150.6375,92.1625,0.0,3.0,-3297.0,-2833.0,BEA,25
5420.0,158.31578988423976,100.0,0.0,3.0,-3222.3856478663147,-2818.518803231573,BEA,25
5430.0,169.05263389298773,100.0,0.0,3.0,-3142.0,-2803.0,BEA,25
5440.0,175.0,100.0,0.0,4.0,-3100.0401406683336,-2794.9950856493165,BEA,25
5450.0,184.10000091428572,100.0,0.0,4.0,-3018.610472321068,-2780.2765425859484,BEA,25
5460.0,191.24285805714285,100.0,0.0,4.0,-2889.9847459050984,-2758.52890732372,BEA,25
5470.0,195.0571446857143,100.0,0.0,4.0,-2819.0,-2746.0,BEA,25
5480.0,203.81000192,100.0,0.0,5.0,-2687.1889575548494,-2725.445898088004,BEA,25
5490.0,213.625,100.0,0.0,5.0,-2578.2658277660325,-2708.931364607561,BEA,25
